snapshot_id,factory_id,snapshot_at,work_date,line_id,order_id,style_id,day_in_order,complexity_band,sam_minutes,planned_workers,present_workers,attendance_rate,target_to_snapshot,output_to_snapshot,progress_ratio,downtime_to_snapshot,inspected_to_snapshot,defects_to_snapshot,defect_rate_to_snapshot,material_status,changeover_minutes,root_cause_signal,rolling_3d_efficiency,rolling_3d_downtime,previous_day_miss,daily_target,daily_actual_output,label_daily_target_missed,label_high_defect,data_split,dataset_provenance
SNAP-000001,FAC-001,2025-01-04T13:00:00+00:00,2025-01-04,LINE-01,ORD-01-001,STY-007,1,medium,17.9,50,46,0.92,570,270,0.4737,0,115,4,0.0348,available,86,planning,0.92,0.0,0,1140,631,1,0,train,synthetic
SNAP-000002,FAC-001,2025-01-05T13:00:00+00:00,2025-01-05,LINE-01,ORD-01-001,STY-007,2,medium,17.9,50,47,0.94,570,405,0.7105,55,166,9,0.0542,available,0,machine,0.5535,21.0,1,1140,890,1,0,train,synthetic
SNAP-000003,FAC-001,2025-01-06T13:00:00+00:00,2025-01-06,LINE-01,ORD-01-001,STY-007,3,medium,17.9,49,48,0.9796,570,575,1.0088,0,266,5,0.0188,available,0,none,0.6671,38.0,1,1140,1149,0,0,train,synthetic
SNAP-000004,FAC-001,2025-01-07T13:00:00+00:00,2025-01-07,LINE-01,ORD-01-001,STY-007,4,medium,17.9,49,46,0.9388,570,550,0.9649,0,299,5,0.0167,available,0,none,0.7807,25.33,0,1140,1095,1,0,train,synthetic
SNAP-000005,FAC-001,2025-01-08T13:00:00+00:00,2025-01-08,LINE-01,ORD-01-001,STY-007,5,medium,17.9,46,43,0.9348,420,427,1.0167,0,231,5,0.0216,available,0,none,0.9164,18.33,1,835,835,0,0,train,synthetic
SNAP-000006,FAC-001,2025-01-09T13:00:00+00:00,2025-01-09,LINE-01,ORD-01-002,STY-023,1,medium,17.7,46,44,0.9565,575,305,0.5304,0,150,8,0.0533,available,128,method,0.9895,0.0,0,1150,769,1,1,train,synthetic
SNAP-000007,FAC-001,2025-01-11T13:00:00+00:00,2025-01-11,LINE-01,ORD-01-002,STY-023,2,medium,17.7,46,45,0.9783,575,428,0.7443,0,213,18,0.0845,minor,0,quality,0.8764,0.0,1,1150,828,1,1,train,synthetic
SNAP-000008,FAC-001,2025-01-12T13:00:00+00:00,2025-01-12,LINE-01,ORD-01-002,STY-023,3,medium,17.7,47,41,0.8723,575,506,0.88,0,271,16,0.059,available,0,manpower,0.7962,0.0,1,1150,1010,1,0,train,synthetic
SNAP-000009,FAC-001,2025-01-13T13:00:00+00:00,2025-01-13,LINE-01,ORD-01-002,STY-023,4,medium,17.7,50,47,0.94,575,463,0.8052,0,221,22,0.0995,minor,0,quality,0.7557,0.0,1,1150,919,1,1,train,synthetic
SNAP-000010,FAC-001,2025-01-14T13:00:00+00:00,2025-01-14,LINE-01,ORD-01-002,STY-023,5,medium,17.7,49,48,0.9796,264,272,1.0303,0,139,0,0.0,available,0,none,0.7991,0.0,1,524,524,0,0,train,synthetic
SNAP-000011,FAC-001,2025-01-15T13:00:00+00:00,2025-01-15,LINE-01,ORD-01-003,STY-019,1,medium,16.5,48,47,0.9792,615,203,0.3301,55,110,6,0.0545,critical,46,material,0.8925,0.0,0,1230,490,1,0,train,synthetic
SNAP-000012,FAC-001,2025-01-16T13:00:00+00:00,2025-01-16,LINE-01,ORD-01-003,STY-019,2,medium,16.5,49,47,0.9592,615,539,0.8764,0,280,10,0.0357,available,0,none,0.7325,18.33,1,1230,1093,1,0,train,synthetic
SNAP-000013,FAC-001,2025-01-18T13:00:00+00:00,2025-01-18,LINE-01,ORD-01-003,STY-019,3,medium,16.5,47,45,0.9574,615,601,0.9772,0,309,6,0.0194,available,0,none,0.7623,18.33,1,1230,1202,1,0,train,synthetic
SNAP-000014,FAC-001,2025-01-19T13:00:00+00:00,2025-01-19,LINE-01,ORD-01-003,STY-019,4,medium,16.5,50,48,0.96,615,640,1.0407,0,312,5,0.016,available,0,none,0.7547,18.33,1,1230,1265,0,0,train,synthetic
SNAP-000015,FAC-001,2025-01-20T13:00:00+00:00,2025-01-20,LINE-01,ORD-01-003,STY-019,5,medium,16.5,46,43,0.9348,615,609,0.9902,0,286,6,0.021,available,0,none,0.9648,0.0,0,1230,1203,1,0,train,synthetic
SNAP-000016,FAC-001,2025-01-21T13:00:00+00:00,2025-01-21,LINE-01,ORD-01-003,STY-019,6,medium,16.5,48,47,0.9792,615,635,1.0325,0,250,2,0.008,available,0,none,0.9946,0.0,1,1230,1296,0,0,train,synthetic
SNAP-000017,FAC-001,2025-01-22T13:00:00+00:00,2025-01-22,LINE-01,ORD-01-003,STY-019,7,medium,16.5,50,48,0.96,615,587,0.9545,0,270,16,0.0593,available,0,quality,1.0201,0.0,0,1230,1163,1,0,train,synthetic
SNAP-000018,FAC-001,2025-01-23T13:00:00+00:00,2025-01-23,LINE-01,ORD-01-003,STY-019,8,medium,16.5,48,45,0.9375,615,611,0.9935,0,299,11,0.0368,available,0,none,0.9924,0.0,1,1230,1233,0,0,train,synthetic
SNAP-000019,FAC-001,2025-01-25T13:00:00+00:00,2025-01-25,LINE-01,ORD-01-003,STY-019,9,medium,16.5,46,44,0.9565,30,30,1.0,0,14,0,0.0,available,0,none,1.0005,0.0,0,55,54,1,0,train,synthetic
SNAP-000020,FAC-001,2025-01-26T13:00:00+00:00,2025-01-26,LINE-01,ORD-01-003,STY-019,10,medium,16.5,49,48,0.9796,1,1,1.0,0,1,0,0.0,available,0,none,0.9766,0.0,1,1,1,0,0,train,synthetic
SNAP-000021,FAC-001,2025-01-27T13:00:00+00:00,2025-01-27,LINE-01,ORD-01-004,STY-033,1,low,8.0,49,47,0.9592,1150,713,0.62,0,382,6,0.0157,available,75,planning,0.9948,0.0,0,2300,1627,1,0,train,synthetic
SNAP-000022,FAC-001,2025-01-28T13:00:00+00:00,2025-01-28,LINE-01,ORD-01-004,STY-033,2,low,8.0,49,48,0.9796,1150,1024,0.8904,10,491,9,0.0183,available,0,none,0.8964,0.0,1,2300,2078,1,0,train,synthetic
SNAP-000023,FAC-001,2025-01-29T13:00:00+00:00,2025-01-29,LINE-01,ORD-01-004,STY-033,3,low,8.0,48,47,0.9792,1150,1110,0.9652,0,550,10,0.0182,available,0,none,0.8703,3.33,1,2300,2198,1,0,train,synthetic
SNAP-000024,FAC-001,2025-01-30T13:00:00+00:00,2025-01-30,LINE-01,ORD-01-004,STY-033,4,low,8.0,48,47,0.9792,1150,1163,1.0113,0,485,16,0.033,available,0,none,0.8555,3.33,1,2300,2305,0,0,train,synthetic
SNAP-000025,FAC-001,2025-02-01T13:00:00+00:00,2025-02-01,LINE-01,ORD-01-004,STY-033,5,low,8.0,50,44,0.88,1150,1077,0.9365,0,515,7,0.0136,available,0,manpower,0.9538,6.0,0,2300,1914,1,0,train,synthetic
SNAP-000026,FAC-001,2025-02-02T13:00:00+00:00,2025-02-02,LINE-01,ORD-01-004,STY-033,6,low,8.0,50,43,0.86,1150,994,0.8643,17,505,6,0.0119,available,0,manpower,0.93,20.67,1,2300,1990,1,0,train,synthetic
SNAP-000027,FAC-001,2025-02-03T13:00:00+00:00,2025-02-03,LINE-01,ORD-01-004,STY-033,7,low,8.0,50,44,0.88,1150,1135,0.987,0,505,8,0.0158,available,0,manpower,0.8999,26.33,1,2300,2202,1,0,train,synthetic
SNAP-000028,FAC-001,2025-02-04T13:00:00+00:00,2025-02-04,LINE-01,ORD-01-004,STY-033,8,low,8.0,46,44,0.9565,1150,1178,1.0243,0,558,10,0.0179,available,0,none,0.8849,23.67,1,2300,2349,0,0,train,synthetic
SNAP-000029,FAC-001,2025-02-05T13:00:00+00:00,2025-02-05,LINE-01,ORD-01-004,STY-033,9,low,8.0,50,49,0.98,1150,1132,0.9843,8,603,13,0.0216,available,0,none,0.948,5.67,0,2300,2361,0,0,train,synthetic
SNAP-000030,FAC-001,2025-02-06T13:00:00+00:00,2025-02-06,LINE-01,ORD-01-004,STY-033,10,low,8.0,46,43,0.9348,490,485,0.9898,0,215,2,0.0093,available,0,none,1.0017,2.67,0,976,967,1,0,train,synthetic
SNAP-000031,FAC-001,2025-02-08T13:00:00+00:00,2025-02-08,LINE-01,ORD-01-004,STY-033,11,low,8.0,50,48,0.96,5,5,1.0,0,2,0,0.0,minor,0,none,1.0129,2.67,1,9,9,0,0,train,synthetic
SNAP-000032,FAC-001,2025-02-09T13:00:00+00:00,2025-02-09,LINE-01,ORD-01-005,STY-023,1,medium,17.7,47,46,0.9787,575,320,0.5565,0,153,11,0.0719,available,137,quality,1.0058,2.67,0,1150,790,1,1,train,synthetic
SNAP-000033,FAC-001,2025-02-10T13:00:00+00:00,2025-02-10,LINE-01,ORD-01-005,STY-023,2,medium,17.7,46,45,0.9783,575,534,0.9287,0,236,8,0.0339,available,0,none,0.8926,0.0,1,1150,1052,1,0,train,synthetic
SNAP-000034,FAC-001,2025-02-11T13:00:00+00:00,2025-02-11,LINE-01,ORD-01-005,STY-023,3,medium,17.7,48,46,0.9583,575,563,0.9791,0,276,8,0.029,available,0,none,0.8672,0.0,1,1150,1121,1,0,train,synthetic
SNAP-000035,FAC-001,2025-02-12T13:00:00+00:00,2025-02-12,LINE-01,ORD-01-005,STY-023,4,medium,17.7,47,44,0.9362,575,559,0.9722,0,255,6,0.0235,available,0,none,0.8588,0.0,1,1150,1116,1,0,train,synthetic
SNAP-000036,FAC-001,2025-02-13T13:00:00+00:00,2025-02-13,LINE-01,ORD-01-005,STY-023,5,medium,17.7,50,48,0.96,575,433,0.753,0,166,11,0.0663,minor,0,quality,0.9533,0.0,1,1150,847,1,1,train,synthetic
SNAP-000037,FAC-001,2025-02-15T13:00:00+00:00,2025-02-15,LINE-01,ORD-01-005,STY-023,6,medium,17.7,50,48,0.96,575,591,1.0278,0,275,15,0.0545,available,0,none,0.8939,0.0,1,1150,1165,0,0,train,synthetic
SNAP-000038,FAC-001,2025-02-16T13:00:00+00:00,2025-02-16,LINE-01,ORD-01-005,STY-023,7,medium,17.7,47,40,0.8511,575,500,0.8696,0,261,13,0.0498,available,0,manpower,0.9067,0.0,0,1150,1004,1,0,train,synthetic
SNAP-000039,FAC-001,2025-02-17T13:00:00+00:00,2025-02-17,LINE-01,ORD-01-005,STY-023,8,medium,17.7,46,45,0.9783,575,585,1.0174,0,310,9,0.029,available,0,none,0.8742,0.0,1,1150,1200,0,0,train,synthetic
SNAP-000040,FAC-001,2025-02-18T13:00:00+00:00,2025-02-18,LINE-01,ORD-01-005,STY-023,9,medium,17.7,50,44,0.88,575,523,0.9096,8,241,9,0.0373,available,0,manpower,0.9765,0.0,0,1150,1040,1,0,train,synthetic
SNAP-000041,FAC-001,2025-02-19T13:00:00+00:00,2025-02-19,LINE-01,ORD-01-005,STY-023,10,medium,17.7,48,44,0.9167,385,364,0.9455,0,183,9,0.0492,available,0,none,0.9403,2.67,1,765,733,1,0,train,synthetic
SNAP-000042,FAC-001,2025-02-20T13:00:00+00:00,2025-02-20,LINE-01,ORD-01-005,STY-023,11,medium,17.7,48,44,0.9167,17,17,1.0,0,8,1,0.125,available,0,quality,0.9687,2.67,1,32,32,0,1,train,synthetic
SNAP-000043,FAC-001,2025-02-22T13:00:00+00:00,2025-02-22,LINE-01,ORD-01-006,STY-007,1,medium,17.9,50,49,0.98,570,380,0.6667,0,195,4,0.0205,available,61,planning,0.9542,2.67,0,1140,851,1,0,train,synthetic
SNAP-000044,FAC-001,2025-02-23T13:00:00+00:00,2025-02-23,LINE-01,ORD-01-006,STY-007,2,medium,17.9,50,49,0.98,570,475,0.8333,28,247,6,0.0243,available,0,none,0.9016,0.0,1,1140,988,1,0,train,synthetic
SNAP-000045,FAC-001,2025-02-24T13:00:00+00:00,2025-02-24,LINE-01,ORD-01-006,STY-007,3,medium,17.9,47,45,0.9574,570,539,0.9456,8,235,8,0.034,available,0,none,0.8711,9.33,1,1140,1100,1,0,train,synthetic
SNAP-000046,FAC-001,2025-02-25T13:00:00+00:00,2025-02-25,LINE-01,ORD-01-006,STY-007,4,medium,17.9,50,47,0.94,570,546,0.9579,0,260,5,0.0192,available,0,none,0.8594,12.0,1,1140,1109,1,0,train,synthetic
SNAP-000047,FAC-001,2025-02-26T13:00:00+00:00,2025-02-26,LINE-01,ORD-01-006,STY-007,5,medium,17.9,47,44,0.9362,570,551,0.9667,0,260,3,0.0115,available,0,none,0.9348,12.0,1,1140,1100,1,0,train,synthetic
SNAP-000048,FAC-001,2025-02-27T13:00:00+00:00,2025-02-27,LINE-01,ORD-01-006,STY-007,6,medium,17.9,50,48,0.96,570,503,0.8825,40,225,6,0.0267,available,0,machine,0.9675,2.67,1,1140,1067,1,0,train,synthetic
SNAP-000049,FAC-001,2025-03-01T13:00:00+00:00,2025-03-01,LINE-01,ORD-01-006,STY-007,7,medium,17.9,48,45,0.9375,420,416,0.9905,0,187,5,0.0267,available,0,none,0.9579,13.33,1,835,827,1,0,train,synthetic
SNAP-000050,FAC-001,2025-03-02T13:00:00+00:00,2025-03-02,LINE-01,ORD-01-006,STY-007,8,medium,17.9,48,45,0.9375,5,5,1.0,0,1,0,0.0,available,0,none,0.9638,13.33,1,8,8,0,0,train,synthetic
SNAP-000051,FAC-001,2025-03-03T13:00:00+00:00,2025-03-03,LINE-01,ORD-01-007,STY-017,1,low,7.8,47,45,0.9574,1150,619,0.5383,0,274,0,0.0,available,107,method,0.9755,13.33,0,2300,1531,1,0,train,synthetic
SNAP-000052,FAC-001,2025-03-04T13:00:00+00:00,2025-03-04,LINE-01,ORD-01-007,STY-017,2,low,7.8,47,40,0.8511,1150,886,0.7704,0,415,3,0.0072,available,0,manpower,0.8854,0.0,1,2300,1806,1,0,train,synthetic
SNAP-000053,FAC-001,2025-03-05T13:00:00+00:00,2025-03-05,LINE-01,ORD-01-007,STY-017,3,low,7.8,46,41,0.8913,1150,1026,0.8922,0,514,9,0.0175,available,0,manpower,0.817,0.0,1,2300,2081,1,0,train,synthetic
SNAP-000054,FAC-001,2025-03-06T13:00:00+00:00,2025-03-06,LINE-01,ORD-01-007,STY-017,4,low,7.8,50,48,0.96,1150,851,0.74,0,390,5,0.0128,critical,0,material,0.7852,0.0,1,2300,1697,1,0,train,synthetic
SNAP-000055,FAC-001,2025-03-08T13:00:00+00:00,2025-03-08,LINE-01,ORD-01-007,STY-017,5,low,7.8,49,45,0.9184,1150,1058,0.92,8,550,9,0.0164,available,0,none,0.8093,0.0,1,2300,2204,1,0,train,synthetic
SNAP-000056,FAC-001,2025-03-09T13:00:00+00:00,2025-03-09,LINE-01,ORD-01-007,STY-017,6,low,7.8,47,44,0.9362,1150,1131,0.9835,0,533,5,0.0094,available,0,none,0.867,2.67,1,2300,2187,1,0,train,synthetic
SNAP-000057,FAC-001,2025-03-10T13:00:00+00:00,2025-03-10,LINE-01,ORD-01-007,STY-017,7,low,7.8,46,45,0.9783,1150,1256,1.0922,0,679,20,0.0295,available,0,none,0.8823,8.0,1,2300,2296,1,0,train,synthetic
SNAP-000058,FAC-001,2025-03-11T13:00:00+00:00,2025-03-11,LINE-01,ORD-01-007,STY-017,8,low,7.8,47,45,0.9574,775,721,0.9303,0,328,13,0.0396,available,0,none,0.9691,19.33,1,1548,1329,1,0,train,synthetic
SNAP-000059,FAC-001,2025-03-12T13:00:00+00:00,2025-03-12,LINE-01,ORD-01-007,STY-017,9,low,7.8,48,45,0.9375,110,111,1.0091,0,52,1,0.0192,available,0,none,0.9359,31.67,1,219,217,1,0,train,synthetic
SNAP-000060,FAC-001,2025-03-13T13:00:00+00:00,2025-03-13,LINE-01,ORD-01-007,STY-017,10,low,7.8,48,43,0.8958,2,2,1.0,0,1,0,0.0,available,0,manpower,0.9492,26.33,1,2,2,0,0,train,synthetic
SNAP-000061,FAC-001,2025-03-15T13:00:00+00:00,2025-03-15,LINE-01,ORD-01-008,STY-033,1,low,8.0,47,45,0.9574,1150,778,0.6765,0,398,9,0.0226,available,49,planning,0.9498,15.0,0,2300,1694,1,0,train,synthetic
SNAP-000062,FAC-001,2025-03-16T13:00:00+00:00,2025-03-16,LINE-01,ORD-01-008,STY-033,2,low,8.0,50,42,0.84,1150,913,0.7939,0,458,8,0.0175,available,0,manpower,0.9091,0.0,1,2300,1758,1,0,train,synthetic
SNAP-000063,FAC-001,2025-03-17T13:00:00+00:00,2025-03-17,LINE-01,ORD-01-008,STY-033,3,low,8.0,50,45,0.9,1150,1053,0.9157,0,447,13,0.0291,available,0,manpower,0.8336,0.0,1,2300,2143,1,0,train,synthetic
SNAP-000064,FAC-001,2025-03-18T13:00:00+00:00,2025-03-18,LINE-01,ORD-01-008,STY-033,4,low,8.0,47,46,0.9787,1150,1200,1.0435,0,582,17,0.0292,available,0,none,0.8109,0.0,1,2300,2366,0,0,train,synthetic
SNAP-000065,FAC-001,2025-03-19T13:00:00+00:00,2025-03-19,LINE-01,ORD-01-008,STY-033,5,low,8.0,46,45,0.9783,1150,1156,1.0052,15,582,7,0.012,available,0,none,0.9083,0.0,0,2300,2363,0,0,train,synthetic
SNAP-000066,FAC-001,2025-03-20T13:00:00+00:00,2025-03-20,LINE-01,ORD-01-008,STY-033,6,low,8.0,47,45,0.9574,1150,458,0.3983,90,214,2,0.0093,critical,0,material,0.9959,5.0,0,2300,1128,1,0,train,synthetic
SNAP-000067,FAC-001,2025-03-22T13:00:00+00:00,2025-03-22,LINE-01,ORD-01-008,STY-033,7,low,8.0,50,48,0.96,950,950,1.0,0,485,10,0.0206,available,0,none,0.8488,35.0,1,1898,1898,0,0,train,synthetic
SNAP-000068,FAC-001,2025-03-23T13:00:00+00:00,2025-03-23,LINE-01,ORD-01-009,STY-034,1,low,10.1,47,42,0.8936,1010,648,0.6416,0,316,1,0.0032,available,45,manpower,0.8393,35.0,0,2020,1380,1,0,train,synthetic
SNAP-000069,FAC-001,2025-03-24T13:00:00+00:00,2025-03-24,LINE-01,ORD-01-009,STY-034,2,low,10.1,49,41,0.8367,1010,775,0.7673,0,354,8,0.0226,available,0,manpower,0.7245,30.0,1,2020,1560,1,0,train,synthetic
SNAP-000070,FAC-001,2025-03-25T13:00:00+00:00,2025-03-25,LINE-01,ORD-01-009,STY-034,3,low,10.1,47,44,0.9362,1010,975,0.9653,0,517,6,0.0116,available,0,none,0.8185,0.0,1,2020,1913,1,0,train,synthetic
SNAP-000071,FAC-001,2025-03-26T13:00:00+00:00,2025-03-26,LINE-01,ORD-01-009,STY-034,4,low,10.1,50,47,0.94,1010,1011,1.001,0,515,2,0.0039,available,0,none,0.8008,0.0,1,2020,2038,0,0,train,synthetic
SNAP-000072,FAC-001,2025-03-27T13:00:00+00:00,2025-03-27,LINE-01,ORD-01-009,STY-034,5,low,10.1,50,49,0.98,1010,1058,1.0475,0,491,4,0.0081,available,0,none,0.9094,0.0,0,2020,2122,0,0,train,synthetic
SNAP-000073,FAC-001,2025-03-29T13:00:00+00:00,2025-03-29,LINE-01,ORD-01-009,STY-034,6,low,10.1,46,43,0.9348,1010,992,0.9822,0,500,7,0.014,available,0,none,1.0021,0.0,0,2020,2006,1,0,train,synthetic
SNAP-000074,FAC-001,2025-03-30T13:00:00+00:00,2025-03-30,LINE-01,ORD-01-009,STY-034,7,low,10.1,47,44,0.9362,491,507,1.0326,8,241,5,0.0207,available,0,none,1.0175,0.0,1,981,957,1,0,train,synthetic
SNAP-000075,FAC-001,2025-03-31T13:00:00+00:00,2025-03-31,LINE-01,ORD-01-009,STY-034,8,low,10.1,46,43,0.9348,14,13,0.9286,0,7,0,0.0,available,0,none,1.0064,12.0,1,24,23,1,0,train,synthetic
SNAP-000076,FAC-001,2025-04-01T13:00:00+00:00,2025-04-01,LINE-01,ORD-01-009,STY-034,9,low,10.1,49,44,0.898,1,1,1.0,0,0,0,0.0,available,0,manpower,0.9756,12.0,1,1,1,0,0,train,synthetic
SNAP-000077,FAC-001,2025-04-02T13:00:00+00:00,2025-04-02,LINE-01,ORD-01-010,STY-008,1,low,8.1,48,45,0.9375,1150,712,0.6191,0,339,7,0.0206,available,74,planning,0.978,12.0,0,2300,1591,1,0,train,synthetic
SNAP-000078,FAC-001,2025-04-03T13:00:00+00:00,2025-04-03,LINE-01,ORD-01-010,STY-008,2,low,8.1,50,46,0.92,1150,959,0.8339,24,487,12,0.0246,available,0,none,0.8834,0.0,1,2300,1929,1,0,train,synthetic
SNAP-000079,FAC-001,2025-04-05T13:00:00+00:00,2025-04-05,LINE-01,ORD-01-010,STY-008,3,low,8.1,50,47,0.94,1150,1071,0.9313,0,599,11,0.0184,available,0,none,0.8435,8.0,1,2300,2126,1,0,train,synthetic
SNAP-000080,FAC-001,2025-04-06T13:00:00+00:00,2025-04-06,LINE-01,ORD-01-010,STY-008,4,low,8.1,46,45,0.9783,1150,1185,1.0304,0,667,12,0.018,available,0,none,0.8183,11.67,1,2300,2275,1,0,train,synthetic
SNAP-000081,FAC-001,2025-04-07T13:00:00+00:00,2025-04-07,LINE-01,ORD-01-010,STY-008,5,low,8.1,50,49,0.98,1150,1153,1.0026,0,521,13,0.025,available,0,none,0.9174,18.33,1,2300,2391,0,0,train,synthetic
SNAP-000082,FAC-001,2025-04-08T13:00:00+00:00,2025-04-08,LINE-01,ORD-01-010,STY-008,6,low,8.1,47,45,0.9574,470,486,1.034,0,227,4,0.0176,available,0,none,0.9843,10.33,0,938,938,0,0,train,synthetic
SNAP-000083,FAC-001,2025-04-09T13:00:00+00:00,2025-04-09,LINE-01,ORD-01-011,STY-020,1,medium,20.3,46,43,0.9348,500,291,0.582,0,138,8,0.058,available,63,quality,1.0096,6.67,0,1000,641,1,1,train,synthetic
SNAP-000084,FAC-001,2025-04-10T13:00:00+00:00,2025-04-10,LINE-01,ORD-01-011,STY-020,2,medium,20.3,46,45,0.9783,500,344,0.688,0,168,2,0.0119,critical,0,material,0.8935,0.0,1,1000,675,1,0,train,synthetic
SNAP-000085,FAC-001,2025-04-12T13:00:00+00:00,2025-04-12,LINE-01,ORD-01-011,STY-020,3,medium,20.3,50,46,0.92,500,379,0.758,13,199,3,0.0151,minor,0,none,0.772,0.0,1,1000,770,1,0,train,synthetic
SNAP-000086,FAC-001,2025-04-13T13:00:00+00:00,2025-04-13,LINE-01,ORD-01-011,STY-020,4,medium,20.3,48,47,0.9792,500,480,0.96,0,196,7,0.0357,available,0,none,0.6953,10.0,1,1000,947,1,0,train,synthetic
SNAP-000087,FAC-001,2025-04-14T13:00:00+00:00,2025-04-14,LINE-01,ORD-01-011,STY-020,5,medium,20.3,49,48,0.9796,500,539,1.078,0,262,11,0.042,available,0,none,0.7973,10.0,1,1000,1043,0,0,train,synthetic
SNAP-000088,FAC-001,2025-04-15T13:00:00+00:00,2025-04-15,LINE-01,ORD-01-011,STY-020,6,medium,20.3,47,45,0.9574,500,509,1.018,0,241,3,0.0124,available,0,none,0.92,10.0,0,1000,911,1,0,train,synthetic
SNAP-000089,FAC-001,2025-04-16T13:00:00+00:00,2025-04-16,LINE-01,ORD-01-011,STY-020,7,medium,20.3,49,47,0.9592,500,506,1.012,0,258,11,0.0426,available,0,none,0.967,18.33,1,1000,1013,0,0,train,synthetic
SNAP-000090,FAC-001,2025-04-17T13:00:00+00:00,2025-04-17,LINE-01,ORD-01-012,STY-008,1,low,8.1,47,44,0.9362,1150,572,0.4974,55,275,6,0.0218,available,58,machine,0.989,18.33,0,2300,1425,1,0,train,synthetic
SNAP-000091,FAC-001,2025-04-19T13:00:00+00:00,2025-04-19,LINE-01,ORD-01-012,STY-008,2,low,8.1,50,47,0.94,1150,980,0.8522,0,497,10,0.0201,available,0,none,0.8479,41.67,1,2300,1924,1,0,train,synthetic
SNAP-000092,FAC-001,2025-04-20T13:00:00+00:00,2025-04-20,LINE-01,ORD-01-012,STY-008,3,low,8.1,48,46,0.9583,1150,1029,0.8948,0,438,21,0.0479,available,0,none,0.823,28.67,1,2300,1893,1,0,train,synthetic
SNAP-000093,FAC-001,2025-04-21T13:00:00+00:00,2025-04-21,LINE-01,ORD-01-012,STY-008,4,low,8.1,50,44,0.88,1150,730,0.6348,0,360,7,0.0194,critical,0,material,0.7597,39.33,1,2300,1434,1,0,train,synthetic
SNAP-000094,FAC-001,2025-04-22T13:00:00+00:00,2025-04-22,LINE-01,ORD-01-012,STY-008,5,low,8.1,46,43,0.9348,1150,1031,0.8965,35,499,12,0.024,available,0,machine,0.761,16.0,1,2300,2174,1,0,train,synthetic
SNAP-000095,FAC-001,2025-04-23T13:00:00+00:00,2025-04-23,LINE-01,ORD-01-012,STY-008,6,low,8.1,47,46,0.9787,1150,1119,0.973,18,469,11,0.0235,available,0,none,0.7972,22.33,1,2300,2322,0,0,train,synthetic
SNAP-000096,FAC-001,2025-04-24T13:00:00+00:00,2025-04-24,LINE-01,ORD-01-012,STY-008,7,low,8.1,47,46,0.9787,990,998,1.0081,0,471,14,0.0297,available,0,none,0.8594,17.67,0,1978,1978,0,0,train,synthetic
SNAP-000097,FAC-001,2025-04-26T13:00:00+00:00,2025-04-26,LINE-01,ORD-01-013,STY-006,1,medium,13.8,48,45,0.9375,740,439,0.5932,0,192,2,0.0104,available,78,planning,0.9849,17.67,0,1480,1015,1,0,train,synthetic
SNAP-000098,FAC-001,2025-04-27T13:00:00+00:00,2025-04-27,LINE-01,ORD-01-013,STY-006,2,medium,13.8,47,45,0.9574,740,643,0.8689,0,291,5,0.0172,available,0,none,0.8985,6.0,1,1480,1260,1,0,train,synthetic
SNAP-000099,FAC-001,2025-04-28T13:00:00+00:00,2025-04-28,LINE-01,ORD-01-013,STY-006,3,medium,13.8,50,45,0.9,740,659,0.8905,0,338,4,0.0118,available,0,manpower,0.8457,5.67,1,1480,1316,1,0,train,synthetic
SNAP-000100,FAC-001,2025-04-29T13:00:00+00:00,2025-04-29,LINE-01,ORD-01-013,STY-006,4,medium,13.8,48,47,0.9792,740,750,1.0135,0,365,10,0.0274,available,0,none,0.8088,5.67,1,1480,1537,0,0,train,synthetic
SNAP-000101,FAC-001,2025-04-30T13:00:00+00:00,2025-04-30,LINE-01,ORD-01-013,STY-006,5,medium,13.8,49,46,0.9388,740,646,0.873,0,333,18,0.0541,available,0,none,0.9264,5.67,0,1480,1292,1,0,train,synthetic
SNAP-000102,FAC-001,2025-05-01T13:00:00+00:00,2025-05-01,LINE-01,ORD-01-013,STY-006,6,medium,13.8,48,45,0.9375,740,732,0.9892,0,310,8,0.0258,available,0,none,0.9336,4.67,1,1480,1429,1,0,validation,synthetic
SNAP-000103,FAC-001,2025-05-03T13:00:00+00:00,2025-05-03,LINE-01,ORD-01-013,STY-006,7,medium,13.8,47,46,0.9787,740,688,0.9297,34,380,10,0.0263,available,0,none,0.959,4.67,1,1480,1453,1,0,validation,synthetic
SNAP-000104,FAC-001,2025-05-04T13:00:00+00:00,2025-05-04,LINE-01,ORD-01-013,STY-006,8,medium,13.8,47,40,0.8511,740,679,0.9176,0,283,10,0.0353,available,0,manpower,0.9401,16.0,1,1480,1340,1,0,validation,synthetic
SNAP-000105,FAC-001,2025-05-05T13:00:00+00:00,2025-05-05,LINE-01,ORD-01-013,STY-006,9,medium,13.8,46,44,0.9565,80,71,0.8875,0,33,0,0.0,minor,0,none,0.9509,11.33,1,158,131,1,0,validation,synthetic
SNAP-000106,FAC-001,2025-05-06T13:00:00+00:00,2025-05-06,LINE-01,ORD-01-013,STY-006,10,medium,13.8,46,44,0.9565,15,14,0.9333,0,8,0,0.0,minor,0,none,0.9054,21.67,1,27,24,1,0,validation,synthetic
SNAP-000107,FAC-001,2025-05-07T13:00:00+00:00,2025-05-07,LINE-01,ORD-01-013,STY-006,11,medium,13.8,50,47,0.94,3,3,1.0,0,1,0,0.0,available,0,none,0.8745,17.33,1,3,3,0,0,validation,synthetic
SNAP-000108,FAC-001,2025-05-08T13:00:00+00:00,2025-05-08,LINE-01,ORD-01-014,STY-036,1,medium,19.7,48,47,0.9792,515,286,0.5553,0,150,10,0.0667,available,96,quality,0.906,17.33,0,1030,705,1,0,validation,synthetic
SNAP-000109,FAC-001,2025-05-10T13:00:00+00:00,2025-05-10,LINE-01,ORD-01-014,STY-036,2,medium,19.7,48,47,0.9792,515,461,0.8951,8,245,5,0.0204,available,0,none,0.8578,7.0,1,1030,928,1,0,validation,synthetic
SNAP-000110,FAC-001,2025-05-11T13:00:00+00:00,2025-05-11,LINE-01,ORD-01-014,STY-036,3,medium,19.7,48,47,0.9792,515,525,1.0194,0,255,5,0.0196,available,0,none,0.8618,2.67,1,1030,1036,0,0,validation,synthetic
SNAP-000111,FAC-001,2025-05-12T13:00:00+00:00,2025-05-12,LINE-01,ORD-01-014,STY-036,4,medium,19.7,48,46,0.9583,515,453,0.8796,0,215,9,0.0419,available,0,none,0.8638,2.67,0,1030,917,1,0,validation,synthetic
SNAP-000112,FAC-001,2025-05-13T13:00:00+00:00,2025-05-13,LINE-01,ORD-01-014,STY-036,5,medium,19.7,49,45,0.9184,515,516,1.0019,0,233,5,0.0215,available,0,none,0.9324,2.67,1,1030,1006,1,0,validation,synthetic
SNAP-000113,FAC-001,2025-05-14T13:00:00+00:00,2025-05-14,LINE-01,ORD-01-014,STY-036,6,medium,19.7,46,45,0.9783,515,515,1.0,0,211,7,0.0332,available,0,none,0.9576,0.0,1,1030,1045,0,0,validation,synthetic
SNAP-000114,FAC-001,2025-05-15T13:00:00+00:00,2025-05-15,LINE-01,ORD-01-014,STY-036,7,medium,19.7,46,45,0.9783,515,539,1.0466,0,235,4,0.017,available,0,none,0.9605,0.0,0,1030,968,1,0,validation,synthetic
SNAP-000115,FAC-001,2025-05-17T13:00:00+00:00,2025-05-17,LINE-01,ORD-01-014,STY-036,8,medium,19.7,49,43,0.8776,515,485,0.9417,0,239,4,0.0167,available,0,manpower,0.977,16.33,1,1030,988,1,0,validation,synthetic
SNAP-000116,FAC-001,2025-05-18T13:00:00+00:00,2025-05-18,LINE-01,ORD-01-014,STY-036,9,medium,19.7,49,47,0.9592,515,428,0.8311,55,214,8,0.0374,available,0,machine,0.9712,16.33,1,1030,942,1,0,validation,synthetic
SNAP-000117,FAC-001,2025-05-19T13:00:00+00:00,2025-05-19,LINE-01,ORD-01-014,STY-036,10,medium,19.7,46,43,0.9348,410,404,0.9854,0,216,2,0.0093,available,0,none,0.9379,34.67,1,815,808,1,0,validation,synthetic
SNAP-000118,FAC-001,2025-05-20T13:00:00+00:00,2025-05-20,LINE-01,ORD-01-014,STY-036,11,medium,19.7,47,44,0.9362,5,4,0.8,55,0,0,0.0,available,0,machine,0.9551,18.33,1,7,6,1,0,validation,synthetic
SNAP-000119,FAC-001,2025-05-21T13:00:00+00:00,2025-05-21,LINE-01,ORD-01-014,STY-036,12,medium,19.7,49,46,0.9388,1,1,1.0,0,1,0,0.0,available,0,none,0.921,36.67,1,1,1,0,0,validation,synthetic
SNAP-000120,FAC-001,2025-05-22T13:00:00+00:00,2025-05-22,LINE-01,ORD-01-015,STY-017,1,low,7.8,50,49,0.98,1150,755,0.6565,0,377,4,0.0106,available,60,planning,0.9495,18.33,0,2300,1713,1,0,validation,synthetic
SNAP-000121,FAC-001,2025-05-24T13:00:00+00:00,2025-05-24,LINE-01,ORD-01-015,STY-017,2,low,7.8,50,46,0.92,1150,862,0.7496,0,448,7,0.0156,minor,0,none,0.8673,18.33,1,2300,1680,1,0,validation,synthetic
SNAP-000122,FAC-001,2025-05-25T13:00:00+00:00,2025-05-25,LINE-01,ORD-01-015,STY-017,3,low,7.8,48,47,0.9792,1150,1146,0.9965,0,560,13,0.0232,available,0,none,0.8251,0.0,1,2300,2117,1,0,validation,synthetic
SNAP-000123,FAC-001,2025-05-26T13:00:00+00:00,2025-05-26,LINE-01,ORD-01-015,STY-017,4,low,7.8,49,46,0.9388,1150,1143,0.9939,0,526,7,0.0133,available,0,none,0.7986,11.0,1,2300,2302,0,0,validation,synthetic
SNAP-000124,FAC-001,2025-05-27T13:00:00+00:00,2025-05-27,LINE-01,ORD-01-015,STY-017,5,low,7.8,46,43,0.9348,1150,1137,0.9887,8,502,7,0.0139,available,0,none,0.8839,11.0,0,2300,2278,1,0,validation,synthetic
SNAP-000125,FAC-001,2025-05-28T13:00:00+00:00,2025-05-28,LINE-01,ORD-01-015,STY-017,6,low,7.8,46,44,0.9565,80,71,0.8875,0,34,2,0.0588,available,0,quality,0.9706,13.67,1,160,146,1,1,validation,synthetic
SNAP-000126,FAC-001,2025-05-29T13:00:00+00:00,2025-05-29,LINE-01,ORD-01-015,STY-017,7,low,7.8,50,46,0.92,9,9,1.0,0,5,0,0.0,available,0,none,0.9679,2.67,1,14,14,0,0,validation,synthetic
SNAP-000127,FAC-001,2025-05-31T13:00:00+00:00,2025-05-31,LINE-01,ORD-01-016,STY-022,1,medium,13.3,47,45,0.9574,765,472,0.617,0,211,9,0.0427,available,71,planning,0.9676,5.33,0,1530,1066,1,0,validation,synthetic
SNAP-000128,FAC-001,2025-06-01T13:00:00+00:00,2025-06-01,LINE-01,ORD-01-016,STY-022,2,medium,13.3,48,46,0.9583,765,619,0.8092,18,284,11,0.0387,available,0,none,0.8697,2.67,1,1530,1307,1,0,test,synthetic
SNAP-000129,FAC-001,2025-06-02T13:00:00+00:00,2025-06-02,LINE-01,ORD-01-016,STY-022,3,medium,13.3,50,49,0.98,765,707,0.9242,28,327,8,0.0245,available,0,none,0.8503,8.67,1,1530,1453,1,0,test,synthetic
SNAP-000130,FAC-001,2025-06-03T13:00:00+00:00,2025-06-03,LINE-01,ORD-01-016,STY-022,4,medium,13.3,46,44,0.9565,765,605,0.7908,16,296,5,0.0169,minor,0,none,0.8336,15.33,1,1530,1225,1,0,test,synthetic
SNAP-000131,FAC-001,2025-06-04T13:00:00+00:00,2025-06-04,LINE-01,ORD-01-016,STY-022,5,medium,13.3,47,44,0.9362,765,765,1.0,0,341,6,0.0176,available,0,none,0.8682,20.67,1,1530,1493,1,0,test,synthetic
SNAP-000132,FAC-001,2025-06-05T13:00:00+00:00,2025-06-05,LINE-01,ORD-01-016,STY-022,6,medium,13.3,50,47,0.94,765,723,0.9451,0,356,14,0.0393,available,0,none,0.9087,14.67,1,1530,1467,1,0,test,synthetic
SNAP-000133,FAC-001,2025-06-07T13:00:00+00:00,2025-06-07,LINE-01,ORD-01-016,STY-022,7,medium,13.3,50,49,0.98,765,788,1.0301,0,421,8,0.019,available,0,none,0.9118,5.33,1,1530,1568,0,0,test,synthetic
SNAP-000134,FAC-001,2025-06-08T13:00:00+00:00,2025-06-08,LINE-01,ORD-01-016,STY-022,8,medium,13.3,48,45,0.9375,765,628,0.8209,32,265,13,0.0491,available,0,none,0.9865,0.0,0,1530,1333,1,0,test,synthetic
SNAP-000135,FAC-001,2025-06-09T13:00:00+00:00,2025-06-09,LINE-01,ORD-01-016,STY-022,9,medium,13.3,47,44,0.9362,765,794,1.0379,0,346,13,0.0376,available,0,none,0.9516,10.67,1,1530,1538,0,0,test,synthetic
SNAP-000136,FAC-001,2025-06-10T13:00:00+00:00,2025-06-10,LINE-01,ORD-01-017,STY-007,1,medium,17.9,47,40,0.8511,570,296,0.5193,32,150,5,0.0333,available,64,manpower,0.9671,10.67,0,1140,694,1,0,test,synthetic
SNAP-000137,FAC-001,2025-06-11T13:00:00+00:00,2025-06-11,LINE-01,ORD-01-017,STY-007,2,medium,17.9,46,44,0.9565,570,509,0.893,0,239,4,0.0167,available,0,none,0.8284,21.33,1,1140,1024,1,0,test,synthetic
SNAP-000138,FAC-001,2025-06-12T13:00:00+00:00,2025-06-12,LINE-01,ORD-01-017,STY-007,3,medium,17.9,47,41,0.8723,570,502,0.8807,0,246,9,0.0366,available,0,manpower,0.8374,10.67,1,1140,1021,1,0,test,synthetic
SNAP-000139,FAC-001,2025-06-14T13:00:00+00:00,2025-06-14,LINE-01,ORD-01-017,STY-007,4,medium,17.9,46,43,0.9348,570,526,0.9228,16,291,6,0.0206,available,0,none,0.8009,10.67,1,1140,1102,1,0,test,synthetic
SNAP-000140,FAC-001,2025-06-15T13:00:00+00:00,2025-06-15,LINE-01,ORD-01-017,STY-007,5,medium,17.9,49,47,0.9592,570,601,1.0544,0,311,5,0.0161,available,0,none,0.9202,5.33,1,1140,1164,0,0,test,synthetic
SNAP-000141,FAC-001,2025-06-16T13:00:00+00:00,2025-06-16,LINE-01,ORD-01-017,STY-007,6,medium,17.9,50,46,0.92,570,550,0.9649,0,260,4,0.0154,available,0,none,0.9611,5.33,0,1140,1043,1,0,test,synthetic
SNAP-000142,FAC-001,2025-06-17T13:00:00+00:00,2025-06-17,LINE-01,ORD-01-017,STY-007,7,medium,17.9,49,46,0.9388,570,560,0.9825,0,239,8,0.0335,available,0,none,0.9675,15.33,1,1140,1122,1,0,test,synthetic
SNAP-000143,FAC-001,2025-06-18T13:00:00+00:00,2025-06-18,LINE-01,ORD-01-017,STY-007,8,medium,17.9,49,48,0.9796,570,511,0.8965,50,261,7,0.0268,available,0,machine,0.9734,10.0,1,1140,1092,1,0,test,synthetic
SNAP-000144,FAC-001,2025-06-19T13:00:00+00:00,2025-06-19,LINE-01,ORD-01-017,STY-007,9,medium,17.9,46,45,0.9783,570,563,0.9877,0,302,6,0.0199,available,0,none,0.9523,26.67,1,1140,1164,0,0,test,synthetic
SNAP-000145,FAC-001,2025-06-21T13:00:00+00:00,2025-06-21,LINE-01,ORD-01-017,STY-007,10,medium,17.9,48,45,0.9375,570,479,0.8404,40,214,7,0.0327,available,0,machine,0.9877,16.67,0,1140,1048,1,0,test,synthetic
SNAP-000146,FAC-001,2025-06-22T13:00:00+00:00,2025-06-22,LINE-01,ORD-01-017,STY-007,11,medium,17.9,47,46,0.9787,215,225,1.0465,0,121,3,0.0248,available,0,none,0.9661,30.0,1,426,426,0,0,test,synthetic
SNAP-000147,FAC-001,2025-06-23T13:00:00+00:00,2025-06-23,LINE-01,ORD-01-018,STY-005,1,high,25.0,49,47,0.9592,405,202,0.4988,10,95,0,0.0,minor,123,method,0.9801,13.33,0,810,493,1,0,test,synthetic
SNAP-000148,FAC-001,2025-06-24T13:00:00+00:00,2025-06-24,LINE-01,ORD-01-018,STY-005,2,high,25.0,50,47,0.94,405,351,0.8667,0,157,4,0.0255,available,0,none,0.8426,16.67,1,810,714,1,0,test,synthetic
SNAP-000149,FAC-001,2025-06-25T13:00:00+00:00,2025-06-25,LINE-01,ORD-01-018,STY-005,3,high,25.0,47,45,0.9574,405,387,0.9556,0,198,7,0.0354,available,0,none,0.83,3.33,1,810,758,1,0,test,synthetic
SNAP-000150,FAC-001,2025-06-26T13:00:00+00:00,2025-06-26,LINE-01,ORD-01-018,STY-005,4,high,25.0,50,47,0.94,405,400,0.9877,0,196,7,0.0357,available,0,none,0.8086,3.33,1,810,810,0,0,test,synthetic
SNAP-000151,FAC-001,2025-06-28T13:00:00+00:00,2025-06-28,LINE-01,ORD-01-018,STY-005,5,high,25.0,50,49,0.98,405,409,1.0099,0,198,5,0.0253,available,0,none,0.9391,0.0,0,810,778,1,0,test,synthetic
SNAP-000152,FAC-001,2025-06-29T13:00:00+00:00,2025-06-29,LINE-01,ORD-01-018,STY-005,6,high,25.0,47,46,0.9787,225,216,0.96,0,90,7,0.0778,available,0,quality,0.9654,12.67,1,447,422,1,1,test,synthetic
SNAP-000153,FAC-001,2025-06-30T13:00:00+00:00,2025-06-30,LINE-01,ORD-01-018,STY-005,7,high,25.0,49,46,0.9388,15,15,1.0,0,8,1,0.125,available,0,quality,0.9682,12.67,1,25,25,0,1,test,synthetic
SNAP-000154,FAC-001,2025-01-04T13:00:00+00:00,2025-01-04,LINE-02,ORD-02-001,STY-033,1,low,8.0,54,52,0.963,1150,671,0.5835,0,275,6,0.0218,available,89,planning,0.92,0.0,0,2300,1613,1,0,train,synthetic
SNAP-000155,FAC-001,2025-01-05T13:00:00+00:00,2025-01-05,LINE-02,ORD-02-001,STY-033,2,low,8.0,51,48,0.9412,1150,878,0.7635,43,424,7,0.0165,available,0,machine,0.7013,0.0,1,2300,1876,1,0,train,synthetic
SNAP-000156,FAC-001,2025-01-06T13:00:00+00:00,2025-01-06,LINE-02,ORD-02-001,STY-033,3,low,8.0,51,50,0.9804,1150,1201,1.0443,0,594,10,0.0168,available,0,none,0.7585,21.5,1,2300,2374,0,0,train,synthetic
SNAP-000157,FAC-001,2025-01-07T13:00:00+00:00,2025-01-07,LINE-02,ORD-02-001,STY-033,4,low,8.0,53,52,0.9811,1150,1135,0.987,0,535,13,0.0243,available,0,none,0.8497,14.33,0,2300,2362,0,0,train,synthetic
SNAP-000158,FAC-001,2025-01-08T13:00:00+00:00,2025-01-08,LINE-02,ORD-02-001,STY-033,5,low,8.0,51,49,0.9608,565,579,1.0248,0,253,5,0.0198,available,0,none,0.9583,14.33,0,1125,1125,0,0,train,synthetic
SNAP-000159,FAC-001,2025-01-09T13:00:00+00:00,2025-01-09,LINE-02,ORD-02-002,STY-021,1,high,24.0,53,50,0.9434,470,322,0.6851,0,160,5,0.0312,available,47,planning,1.0197,0.0,0,940,691,1,0,train,synthetic
SNAP-000160,FAC-001,2025-01-11T13:00:00+00:00,2025-01-11,LINE-02,ORD-02-002,STY-021,2,high,24.0,53,52,0.9811,470,437,0.9298,0,231,15,0.0649,available,0,quality,0.9207,0.0,1,940,869,1,0,train,synthetic
SNAP-000161,FAC-001,2025-01-12T13:00:00+00:00,2025-01-12,LINE-02,ORD-02-002,STY-021,3,high,24.0,53,52,0.9811,470,336,0.7149,0,149,6,0.0403,critical,0,material,0.8865,0.0,1,940,657,1,0,train,synthetic
SNAP-000162,FAC-001,2025-01-13T13:00:00+00:00,2025-01-13,LINE-02,ORD-02-002,STY-021,4,high,24.0,53,49,0.9245,470,434,0.9234,0,202,11,0.0545,available,0,none,0.7862,0.0,1,940,891,1,0,train,synthetic
SNAP-000163,FAC-001,2025-01-14T13:00:00+00:00,2025-01-14,LINE-02,ORD-02-002,STY-021,5,high,24.0,54,53,0.9815,470,416,0.8851,27,209,22,0.1053,available,0,quality,0.8571,0.0,1,940,857,1,1,train,synthetic
SNAP-000164,FAC-001,2025-01-15T13:00:00+00:00,2025-01-15,LINE-02,ORD-02-002,STY-021,6,high,24.0,53,51,0.9623,470,483,1.0277,0,242,14,0.0579,available,0,quality,0.8528,9.0,1,940,959,0,1,train,synthetic
SNAP-000165,FAC-001,2025-01-16T13:00:00+00:00,2025-01-16,LINE-02,ORD-02-002,STY-021,7,high,24.0,52,51,0.9808,470,438,0.9319,0,185,9,0.0486,minor,0,none,0.9599,9.0,0,940,887,1,0,train,synthetic
SNAP-000166,FAC-001,2025-01-18T13:00:00+00:00,2025-01-18,LINE-02,ORD-02-002,STY-021,8,high,24.0,51,47,0.9216,45,42,0.9333,25,20,1,0.05,available,0,none,0.9585,9.0,1,89,85,1,1,train,synthetic
SNAP-000167,FAC-001,2025-01-19T13:00:00+00:00,2025-01-19,LINE-02,ORD-02-002,STY-021,9,high,24.0,54,51,0.9444,4,4,1.0,0,3,1,0.3333,available,0,quality,0.973,8.33,1,4,4,0,1,train,synthetic
SNAP-000168,FAC-001,2025-01-20T13:00:00+00:00,2025-01-20,LINE-02,ORD-02-003,STY-018,1,low,10.2,53,52,0.9811,1115,661,0.5928,0,364,16,0.044,available,110,method,0.9662,8.33,0,2230,1571,1,0,train,synthetic
SNAP-000169,FAC-001,2025-01-21T13:00:00+00:00,2025-01-21,LINE-02,ORD-02-003,STY-018,2,low,10.2,52,51,0.9808,1115,1027,0.9211,0,570,10,0.0175,available,0,none,0.8865,8.33,1,2230,2002,1,0,train,synthetic
SNAP-000170,FAC-001,2025-01-22T13:00:00+00:00,2025-01-22,LINE-02,ORD-02-003,STY-018,3,low,10.2,54,51,0.9444,1115,1098,0.9848,0,496,12,0.0242,available,0,none,0.8674,5.67,1,2230,2169,1,0,train,synthetic
SNAP-000171,FAC-001,2025-01-23T13:00:00+00:00,2025-01-23,LINE-02,ORD-02-003,STY-018,4,low,10.2,54,53,0.9815,1115,1172,1.0511,0,559,9,0.0161,available,0,none,0.8583,5.67,1,2230,2191,1,0,train,synthetic
SNAP-000172,FAC-001,2025-01-25T13:00:00+00:00,2025-01-25,LINE-02,ORD-02-003,STY-018,5,low,10.2,53,52,0.9811,1115,1169,1.0484,0,582,10,0.0172,available,0,none,0.951,15.33,1,2230,2303,0,0,train,synthetic
SNAP-000173,FAC-001,2025-01-26T13:00:00+00:00,2025-01-26,LINE-02,ORD-02-003,STY-018,6,low,10.2,54,52,0.963,1115,1135,1.0179,0,545,7,0.0128,available,0,none,0.996,9.67,0,2230,2216,1,0,train,synthetic
SNAP-000174,FAC-001,2025-01-27T13:00:00+00:00,2025-01-27,LINE-02,ORD-02-003,STY-018,7,low,10.2,50,47,0.94,750,755,1.0067,0,361,6,0.0166,available,0,none,1.003,9.67,1,1498,1493,1,0,train,synthetic
SNAP-000175,FAC-001,2025-01-28T13:00:00+00:00,2025-01-28,LINE-02,ORD-02-003,STY-018,8,low,10.2,50,47,0.94,5,5,1.0,0,3,0,0.0,available,0,none,1.0077,0.0,1,5,5,0,0,train,synthetic
SNAP-000176,FAC-001,2025-01-29T13:00:00+00:00,2025-01-29,LINE-02,ORD-02-004,STY-001,1,low,8.8,54,51,0.9444,1150,594,0.5165,0,264,6,0.0227,available,134,method,0.9968,0.0,0,2300,1494,1,0,train,synthetic
SNAP-000177,FAC-001,2025-01-30T13:00:00+00:00,2025-01-30,LINE-02,ORD-02-004,STY-001,2,low,8.8,54,52,0.963,1150,708,0.6157,0,347,7,0.0202,critical,0,material,0.8821,0.0,1,2300,1397,1,0,train,synthetic
SNAP-000178,FAC-001,2025-02-01T13:00:00+00:00,2025-02-01,LINE-02,ORD-02-004,STY-001,3,low,8.8,51,49,0.9608,1150,978,0.8504,0,483,18,0.0373,available,0,none,0.7523,0.0,1,2300,1955,1,0,train,synthetic
SNAP-000179,FAC-001,2025-02-02T13:00:00+00:00,2025-02-02,LINE-02,ORD-02-004,STY-001,4,low,8.8,50,49,0.98,1150,1065,0.9261,0,462,27,0.0584,available,0,quality,0.7023,0.0,1,2300,2097,1,0,train,synthetic
SNAP-000180,FAC-001,2025-02-03T13:00:00+00:00,2025-02-03,LINE-02,ORD-02-004,STY-001,5,low,8.8,54,52,0.963,1150,1197,1.0409,0,552,8,0.0145,available,0,none,0.7897,0.0,1,2300,2337,0,0,train,synthetic
SNAP-000181,FAC-001,2025-02-04T13:00:00+00:00,2025-02-04,LINE-02,ORD-02-004,STY-001,6,low,8.8,50,48,0.96,1150,1083,0.9417,0,510,29,0.0569,available,0,quality,0.9259,0.0,0,2300,2116,1,0,train,synthetic
SNAP-000182,FAC-001,2025-02-05T13:00:00+00:00,2025-02-05,LINE-02,ORD-02-004,STY-001,7,low,8.8,53,50,0.9434,1150,1150,1.0,0,554,13,0.0235,available,0,none,0.9493,0.0,1,2300,2303,0,0,train,synthetic
SNAP-000183,FAC-001,2025-02-06T13:00:00+00:00,2025-02-06,LINE-02,ORD-02-004,STY-001,8,low,8.8,54,50,0.9259,1150,1113,0.9678,0,542,10,0.0185,available,0,none,0.9791,0.0,0,2300,2265,1,0,train,synthetic
SNAP-000184,FAC-001,2025-02-08T13:00:00+00:00,2025-02-08,LINE-02,ORD-02-004,STY-001,9,low,8.8,51,46,0.902,1150,1081,0.94,0,500,9,0.018,available,0,none,0.9687,0.0,1,2300,2235,1,0,train,synthetic
SNAP-000185,FAC-001,2025-02-09T13:00:00+00:00,2025-02-09,LINE-02,ORD-02-004,STY-001,10,low,8.8,51,49,0.9608,1150,1196,1.04,0,603,10,0.0166,available,0,none,0.9859,0.0,1,2300,2236,1,0,train,synthetic
SNAP-000186,FAC-001,2025-02-10T13:00:00+00:00,2025-02-10,LINE-02,ORD-02-004,STY-001,11,low,8.8,51,43,0.8431,435,385,0.8851,0,202,3,0.0149,available,0,manpower,0.9762,8.67,1,865,663,1,0,train,synthetic
SNAP-000187,FAC-001,2025-02-11T13:00:00+00:00,2025-02-11,LINE-02,ORD-02-004,STY-001,12,low,8.8,50,49,0.98,102,109,1.0686,0,55,0,0.0,available,0,none,0.9035,40.0,1,202,202,0,0,train,synthetic
SNAP-000188,FAC-001,2025-02-12T13:00:00+00:00,2025-02-12,LINE-02,ORD-02-005,STY-008,1,low,8.1,52,49,0.9423,1150,627,0.5452,17,312,10,0.0321,available,106,method,0.9129,40.0,0,2300,1581,1,0,train,synthetic
SNAP-000189,FAC-001,2025-02-13T13:00:00+00:00,2025-02-13,LINE-02,ORD-02-005,STY-008,2,low,8.1,50,47,0.94,1150,897,0.78,36,379,9,0.0237,available,0,machine,0.818,37.0,1,2300,1863,1,0,train,synthetic
SNAP-000190,FAC-001,2025-02-15T13:00:00+00:00,2025-02-15,LINE-02,ORD-02-005,STY-008,3,low,8.1,54,53,0.9815,1150,1124,0.9774,0,532,13,0.0244,available,0,none,0.8325,17.67,1,2300,2287,1,0,train,synthetic
SNAP-000191,FAC-001,2025-02-16T13:00:00+00:00,2025-02-16,LINE-02,ORD-02-005,STY-008,4,low,8.1,50,49,0.98,1150,931,0.8096,0,431,22,0.051,minor,0,none,0.8306,17.67,1,2300,1845,1,0,train,synthetic
SNAP-000192,FAC-001,2025-02-17T13:00:00+00:00,2025-02-17,LINE-02,ORD-02-005,STY-008,5,low,8.1,50,47,0.94,1150,1073,0.933,0,555,20,0.036,available,0,none,0.8688,12.0,1,2300,2235,1,0,train,synthetic
SNAP-000193,FAC-001,2025-02-18T13:00:00+00:00,2025-02-18,LINE-02,ORD-02-005,STY-008,6,low,8.1,50,48,0.96,1150,1183,1.0287,0,557,15,0.0269,available,0,none,0.9228,0.0,1,2300,2212,1,0,train,synthetic
SNAP-000194,FAC-001,2025-02-19T13:00:00+00:00,2025-02-19,LINE-02,ORD-02-005,STY-008,7,low,8.1,53,50,0.9434,1150,908,0.7896,55,387,8,0.0207,available,0,machine,0.9119,9.0,1,2300,2080,1,0,train,synthetic
SNAP-000195,FAC-001,2025-02-20T13:00:00+00:00,2025-02-20,LINE-02,ORD-02-005,STY-008,8,low,8.1,51,50,0.9804,725,743,1.0248,0,377,9,0.0239,available,0,none,0.9459,27.33,1,1447,1447,0,0,train,synthetic
SNAP-000196,FAC-001,2025-02-22T13:00:00+00:00,2025-02-22,LINE-02,ORD-02-006,STY-005,1,high,25.0,50,48,0.96,455,254,0.5582,0,124,5,0.0403,available,101,method,0.9554,27.33,0,910,598,1,0,train,synthetic
SNAP-000197,FAC-001,2025-02-23T13:00:00+00:00,2025-02-23,LINE-02,ORD-02-006,STY-005,2,high,25.0,54,51,0.9444,455,370,0.8132,28,179,9,0.0503,available,0,none,0.8538,18.33,1,910,793,1,0,train,synthetic
SNAP-000198,FAC-001,2025-02-24T13:00:00+00:00,2025-02-24,LINE-02,ORD-02-006,STY-005,3,high,25.0,51,50,0.9804,455,361,0.7934,55,180,6,0.0333,available,0,machine,0.8429,9.33,1,910,812,1,0,train,synthetic
SNAP-000199,FAC-001,2025-02-25T13:00:00+00:00,2025-02-25,LINE-02,ORD-02-006,STY-005,4,high,25.0,54,53,0.9815,455,484,1.0637,0,227,10,0.0441,available,0,none,0.807,27.67,1,910,946,0,0,train,synthetic
SNAP-000200,FAC-001,2025-02-26T13:00:00+00:00,2025-02-26,LINE-02,ORD-02-006,STY-005,5,high,25.0,52,50,0.9615,455,461,1.0132,0,210,10,0.0476,available,0,none,0.9344,27.67,0,910,925,0,0,train,synthetic
SNAP-000201,FAC-001,2025-02-27T13:00:00+00:00,2025-02-27,LINE-02,ORD-02-006,STY-005,6,high,25.0,52,51,0.9808,455,479,1.0527,0,240,11,0.0458,available,0,none,0.9828,18.33,0,910,935,0,0,train,synthetic
SNAP-000202,FAC-001,2025-03-01T13:00:00+00:00,2025-03-01,LINE-02,ORD-02-006,STY-005,7,high,25.0,54,51,0.9444,455,451,0.9912,0,211,5,0.0237,available,0,none,1.0278,0.0,0,910,904,1,0,train,synthetic
SNAP-000203,FAC-001,2025-03-02T13:00:00+00:00,2025-03-02,LINE-02,ORD-02-006,STY-005,8,high,25.0,51,48,0.9412,455,447,0.9824,0,235,7,0.0298,available,0,none,1.0125,0.0,1,910,907,1,0,train,synthetic
SNAP-000204,FAC-001,2025-03-03T13:00:00+00:00,2025-03-03,LINE-02,ORD-02-006,STY-005,9,high,25.0,53,49,0.9245,455,448,0.9846,0,227,8,0.0352,available,0,none,1.0059,0.0,1,910,892,1,0,train,synthetic
SNAP-000205,FAC-001,2025-03-04T13:00:00+00:00,2025-03-04,LINE-02,ORD-02-006,STY-005,10,high,25.0,53,50,0.9434,420,389,0.9262,0,182,10,0.0549,available,0,none,0.9901,0.0,1,838,819,1,0,train,synthetic
SNAP-000206,FAC-001,2025-03-05T13:00:00+00:00,2025-03-05,LINE-02,ORD-02-006,STY-005,11,high,25.0,50,48,0.96,10,10,1.0,8,5,0,0.0,available,0,none,0.9848,0.0,1,19,19,0,0,train,synthetic
SNAP-000207,FAC-001,2025-03-06T13:00:00+00:00,2025-03-06,LINE-02,ORD-02-007,STY-033,1,low,8.0,52,50,0.9615,1150,645,0.5609,20,339,6,0.0177,available,84,planning,0.9858,2.67,0,2300,1552,1,0,train,synthetic
SNAP-000208,FAC-001,2025-03-08T13:00:00+00:00,2025-03-08,LINE-02,ORD-02-007,STY-033,2,low,8.0,54,53,0.9815,1150,996,0.8661,16,427,10,0.0234,available,0,none,0.884,9.33,1,2300,2004,1,0,train,synthetic
SNAP-000209,FAC-001,2025-03-09T13:00:00+00:00,2025-03-09,LINE-02,ORD-02-007,STY-033,3,low,8.0,54,51,0.9444,1150,941,0.8183,8,474,15,0.0316,available,0,none,0.8487,14.67,1,2300,1886,1,0,train,synthetic
SNAP-000210,FAC-001,2025-03-10T13:00:00+00:00,2025-03-10,LINE-02,ORD-02-007,STY-033,4,low,8.0,50,48,0.96,1150,1150,1.0,0,523,13,0.0249,available,0,none,0.7887,14.67,1,2300,2307,0,0,train,synthetic
SNAP-000211,FAC-001,2025-03-11T13:00:00+00:00,2025-03-11,LINE-02,ORD-02-007,STY-033,5,low,8.0,50,46,0.92,1150,934,0.8122,26,455,9,0.0198,minor,0,none,0.8981,8.0,0,2300,1937,1,0,train,synthetic
SNAP-000212,FAC-001,2025-03-12T13:00:00+00:00,2025-03-12,LINE-02,ORD-02-007,STY-033,6,low,8.0,52,51,0.9808,1150,1085,0.9435,0,560,20,0.0357,available,0,none,0.8884,11.33,1,2300,2140,1,0,train,synthetic
SNAP-000213,FAC-001,2025-03-13T13:00:00+00:00,2025-03-13,LINE-02,ORD-02-007,STY-033,7,low,8.0,52,51,0.9808,1150,1227,1.067,0,527,11,0.0209,available,0,none,0.9252,8.67,1,2300,2419,0,0,train,synthetic
SNAP-000214,FAC-001,2025-03-15T13:00:00+00:00,2025-03-15,LINE-02,ORD-02-007,STY-033,8,low,8.0,51,48,0.9412,530,546,1.0302,0,262,5,0.0191,available,0,none,0.9414,8.67,0,1055,1055,0,0,train,synthetic
SNAP-000215,FAC-001,2025-03-16T13:00:00+00:00,2025-03-16,LINE-02,ORD-02-008,STY-002,1,low,9.4,54,52,0.963,1150,365,0.3174,0,172,4,0.0233,critical,117,material,0.9941,0.0,0,2300,894,1,0,train,synthetic
SNAP-000216,FAC-001,2025-03-17T13:00:00+00:00,2025-03-17,LINE-02,ORD-02-008,STY-002,2,low,9.4,54,51,0.9444,1150,1009,0.8774,0,464,2,0.0043,available,0,none,0.8135,0.0,1,2300,2016,1,0,train,synthetic
SNAP-000217,FAC-001,2025-03-18T13:00:00+00:00,2025-03-18,LINE-02,ORD-02-008,STY-002,3,low,9.4,53,51,0.9623,1150,1128,0.9809,0,506,5,0.0099,available,0,none,0.7551,0.0,1,2300,2245,1,0,train,synthetic
SNAP-000218,FAC-001,2025-03-19T13:00:00+00:00,2025-03-19,LINE-02,ORD-02-008,STY-002,4,low,9.4,50,49,0.98,1150,1231,1.0704,0,661,12,0.0182,available,0,none,0.7471,0.0,1,2300,2444,0,0,train,synthetic
SNAP-000219,FAC-001,2025-03-20T13:00:00+00:00,2025-03-20,LINE-02,ORD-02-008,STY-002,5,low,9.4,51,49,0.9608,1150,1026,0.8922,35,514,9,0.0175,available,0,machine,0.9717,0.0,0,2300,2182,1,0,train,synthetic
SNAP-000220,FAC-001,2025-03-22T13:00:00+00:00,2025-03-22,LINE-02,ORD-02-008,STY-002,6,low,9.4,50,44,0.88,685,566,0.8263,0,267,6,0.0225,available,0,manpower,0.9958,11.67,1,1369,1124,1,0,train,synthetic
SNAP-000221,FAC-001,2025-03-23T13:00:00+00:00,2025-03-23,LINE-02,ORD-02-008,STY-002,7,low,9.4,54,53,0.9815,125,127,1.016,0,59,0,0.0,available,0,none,0.9441,11.67,1,245,245,0,0,train,synthetic
SNAP-000222,FAC-001,2025-03-24T13:00:00+00:00,2025-03-24,LINE-02,ORD-02-009,STY-006,1,medium,13.8,54,51,0.9444,825,402,0.4873,8,179,8,0.0447,available,129,method,0.9232,11.67,0,1650,985,1,0,train,synthetic
SNAP-000223,FAC-001,2025-03-25T13:00:00+00:00,2025-03-25,LINE-02,ORD-02-009,STY-006,2,medium,13.8,50,49,0.98,825,764,0.9261,0,354,2,0.0056,available,0,none,0.806,2.67,1,1650,1486,1,0,train,synthetic
SNAP-000224,FAC-001,2025-03-26T13:00:00+00:00,2025-03-26,LINE-02,ORD-02-009,STY-006,3,medium,13.8,53,49,0.9245,825,755,0.9152,0,426,7,0.0164,available,0,none,0.8325,10.0,1,1650,1441,1,0,train,synthetic
SNAP-000225,FAC-001,2025-03-27T13:00:00+00:00,2025-03-27,LINE-02,ORD-02-009,STY-006,4,medium,13.8,54,45,0.8333,825,703,0.8521,0,326,11,0.0337,available,0,manpower,0.7903,22.67,1,1650,1417,1,0,train,synthetic
SNAP-000226,FAC-001,2025-03-29T13:00:00+00:00,2025-03-29,LINE-02,ORD-02-009,STY-006,5,medium,13.8,50,48,0.96,825,649,0.7867,39,258,6,0.0233,minor,0,machine,0.8776,20.0,1,1650,1273,1,0,train,synthetic
SNAP-000227,FAC-001,2025-03-30T13:00:00+00:00,2025-03-30,LINE-02,ORD-02-009,STY-006,6,medium,13.8,53,52,0.9811,600,631,1.0517,0,282,3,0.0106,available,0,none,0.8345,44.0,1,1198,1198,0,0,train,synthetic
SNAP-000228,FAC-001,2025-03-31T13:00:00+00:00,2025-03-31,LINE-02,ORD-02-010,STY-007,1,medium,17.9,53,51,0.9623,635,353,0.5559,0,155,5,0.0323,available,128,method,0.8768,31.33,0,1270,840,1,0,train,synthetic
SNAP-000229,FAC-001,2025-04-01T13:00:00+00:00,2025-04-01,LINE-02,ORD-02-010,STY-007,2,medium,17.9,51,49,0.9608,635,551,0.8677,0,273,8,0.0293,available,0,none,0.811,31.33,1,1270,1101,1,0,train,synthetic
SNAP-000230,FAC-001,2025-04-02T13:00:00+00:00,2025-04-02,LINE-02,ORD-02-010,STY-007,3,medium,17.9,50,49,0.98,635,635,1.0,0,320,9,0.0281,available,0,none,0.8428,2.67,1,1270,1261,1,0,train,synthetic
SNAP-000231,FAC-001,2025-04-03T13:00:00+00:00,2025-04-03,LINE-02,ORD-02-010,STY-007,4,medium,17.9,50,49,0.98,635,645,1.0157,0,328,4,0.0122,available,0,none,0.8404,2.67,1,1270,1309,0,0,train,synthetic
SNAP-000232,FAC-001,2025-04-05T13:00:00+00:00,2025-04-05,LINE-02,ORD-02-010,STY-007,5,medium,17.9,54,51,0.9444,635,636,1.0016,0,295,7,0.0237,available,0,none,0.9635,2.67,0,1270,1277,0,0,train,synthetic
SNAP-000233,FAC-001,2025-04-06T13:00:00+00:00,2025-04-06,LINE-02,ORD-02-010,STY-007,6,medium,17.9,53,51,0.9623,635,666,1.0488,0,347,7,0.0202,available,0,none,1.0097,0.0,0,1270,1335,0,0,train,synthetic
SNAP-000234,FAC-001,2025-04-07T13:00:00+00:00,2025-04-07,LINE-02,ORD-02-010,STY-007,7,medium,17.9,51,48,0.9412,635,548,0.863,0,273,5,0.0183,available,0,none,1.0291,0.0,0,1270,1134,1,0,train,synthetic
SNAP-000235,FAC-001,2025-04-08T13:00:00+00:00,2025-04-08,LINE-02,ORD-02-010,STY-007,8,medium,17.9,50,44,0.88,635,609,0.9591,0,291,8,0.0275,available,0,manpower,0.9832,0.0,1,1270,1210,1,0,train,synthetic
SNAP-000236,FAC-001,2025-04-09T13:00:00+00:00,2025-04-09,LINE-02,ORD-02-010,STY-007,9,medium,17.9,52,45,0.8654,635,597,0.9402,0,271,5,0.0185,available,0,manpower,0.9656,0.0,1,1270,1172,1,0,train,synthetic
SNAP-000237,FAC-001,2025-04-10T13:00:00+00:00,2025-04-10,LINE-02,ORD-02-010,STY-007,10,medium,17.9,53,50,0.9434,635,391,0.6157,0,183,5,0.0273,critical,0,material,0.9228,0.0,1,1270,763,1,0,train,synthetic
SNAP-000238,FAC-001,2025-04-12T13:00:00+00:00,2025-04-12,LINE-02,ORD-02-010,STY-007,11,medium,17.9,54,50,0.9259,525,509,0.9695,0,253,4,0.0158,available,0,none,0.8255,0.0,1,1048,1002,1,0,train,synthetic
SNAP-000239,FAC-001,2025-04-13T13:00:00+00:00,2025-04-13,LINE-02,ORD-02-010,STY-007,12,medium,17.9,50,49,0.98,25,25,1.0,0,14,0,0.0,available,0,none,0.8266,0.0,1,46,46,0,0,train,synthetic
SNAP-000240,FAC-001,2025-04-14T13:00:00+00:00,2025-04-14,LINE-02,ORD-02-011,STY-024,1,low,7.6,53,52,0.9811,1150,448,0.3896,0,181,6,0.0331,minor,109,method,0.8523,0.0,0,2300,998,1,0,train,synthetic
SNAP-000241,FAC-001,2025-04-15T13:00:00+00:00,2025-04-15,LINE-02,ORD-02-011,STY-024,2,low,7.6,51,47,0.9216,1150,969,0.8426,8,453,14,0.0309,available,0,none,0.7967,18.0,1,2300,1944,1,0,train,synthetic
SNAP-000242,FAC-001,2025-04-16T13:00:00+00:00,2025-04-16,LINE-02,ORD-02-011,STY-024,3,low,7.6,53,52,0.9811,1150,1070,0.9304,0,520,16,0.0308,available,0,none,0.7597,20.67,1,2300,2176,1,0,train,synthetic
SNAP-000243,FAC-001,2025-04-17T13:00:00+00:00,2025-04-17,LINE-02,ORD-02-011,STY-024,4,low,7.6,51,49,0.9608,1150,1167,1.0148,0,541,8,0.0148,available,0,none,0.7417,20.67,1,2300,2317,0,0,train,synthetic
SNAP-000244,FAC-001,2025-04-19T13:00:00+00:00,2025-04-19,LINE-02,ORD-02-011,STY-024,5,low,7.6,51,47,0.9216,1150,1105,0.9609,0,517,10,0.0193,available,0,none,0.9329,2.67,0,2300,2219,1,0,train,synthetic
SNAP-000245,FAC-001,2025-04-20T13:00:00+00:00,2025-04-20,LINE-02,ORD-02-011,STY-024,6,low,7.6,51,49,0.9608,550,590,1.0727,0,296,4,0.0135,available,0,none,0.9728,0.0,1,1096,1096,0,0,train,synthetic
SNAP-000246,FAC-001,2025-04-21T13:00:00+00:00,2025-04-21,LINE-02,ORD-02-012,STY-005,1,high,25.0,53,51,0.9623,455,251,0.5516,55,110,5,0.0455,available,95,machine,0.9907,0.0,0,910,614,1,0,train,synthetic
SNAP-000247,FAC-001,2025-04-22T13:00:00+00:00,2025-04-22,LINE-02,ORD-02-012,STY-005,2,high,25.0,50,48,0.96,455,304,0.6681,29,146,7,0.0479,minor,0,planning,0.8798,18.33,1,910,618,1,0,train,synthetic
SNAP-000248,FAC-001,2025-04-23T13:00:00+00:00,2025-04-23,LINE-02,ORD-02-012,STY-005,3,high,25.0,54,51,0.9444,455,383,0.8418,41,179,7,0.0391,available,0,machine,0.7846,28.0,1,910,809,1,0,train,synthetic
SNAP-000249,FAC-001,2025-04-24T13:00:00+00:00,2025-04-24,LINE-02,ORD-02-012,STY-005,4,high,25.0,50,47,0.94,455,437,0.9604,0,237,12,0.0506,available,0,none,0.7476,41.67,1,910,890,1,0,train,synthetic
SNAP-000250,FAC-001,2025-04-26T13:00:00+00:00,2025-04-26,LINE-02,ORD-02-012,STY-005,5,high,25.0,52,45,0.8654,455,422,0.9275,0,189,3,0.0159,available,0,manpower,0.8487,23.33,1,910,843,1,0,train,synthetic
SNAP-000251,FAC-001,2025-04-27T13:00:00+00:00,2025-04-27,LINE-02,ORD-02-012,STY-005,6,high,25.0,50,48,0.96,455,480,1.0549,0,227,5,0.022,available,0,none,0.9311,13.67,1,910,889,1,0,train,synthetic
SNAP-000252,FAC-001,2025-04-28T13:00:00+00:00,2025-04-28,LINE-02,ORD-02-012,STY-005,7,high,25.0,50,49,0.98,455,460,1.011,9,228,5,0.0219,available,0,none,0.9604,9.33,1,910,870,1,0,train,synthetic
SNAP-000253,FAC-001,2025-04-29T13:00:00+00:00,2025-04-29,LINE-02,ORD-02-012,STY-005,8,high,25.0,53,47,0.8868,455,415,0.9121,0,222,9,0.0405,available,0,manpower,0.9531,23.0,1,910,828,1,0,train,synthetic
SNAP-000254,FAC-001,2025-04-30T13:00:00+00:00,2025-04-30,LINE-02,ORD-02-012,STY-005,9,high,25.0,51,48,0.9412,245,244,0.9959,0,123,5,0.0407,available,0,none,0.9476,23.0,1,489,478,1,0,train,synthetic
SNAP-000255,FAC-001,2025-05-01T13:00:00+00:00,2025-05-01,LINE-02,ORD-02-012,STY-005,10,high,25.0,53,50,0.9434,6,6,1.0,0,1,0,0.0,minor,0,none,0.9478,13.67,1,11,11,0,0,validation,synthetic
SNAP-000256,FAC-001,2025-05-03T13:00:00+00:00,2025-05-03,LINE-02,ORD-02-013,STY-001,1,low,8.8,53,49,0.9245,1150,501,0.4357,80,230,5,0.0217,available,122,machine,0.9625,0.0,0,2300,1397,1,0,validation,synthetic
SNAP-000257,FAC-001,2025-05-04T13:00:00+00:00,2025-05-04,LINE-02,ORD-02-013,STY-001,2,low,8.8,53,50,0.9434,1150,1057,0.9191,0,459,12,0.0261,available,0,none,0.8616,26.67,1,2300,2064,1,0,validation,synthetic
SNAP-000258,FAC-001,2025-05-05T13:00:00+00:00,2025-05-05,LINE-02,ORD-02-013,STY-001,3,low,8.8,54,51,0.9444,1150,1061,0.9226,0,553,11,0.0199,available,0,none,0.8349,26.67,1,2300,1944,1,0,validation,synthetic
SNAP-000259,FAC-001,2025-05-06T13:00:00+00:00,2025-05-06,LINE-02,ORD-02-013,STY-001,4,low,8.8,51,50,0.9804,1150,1219,1.06,0,552,13,0.0236,available,0,none,0.7833,45.0,1,2300,2359,0,0,validation,synthetic
SNAP-000260,FAC-001,2025-05-07T13:00:00+00:00,2025-05-07,LINE-02,ORD-02-013,STY-001,5,low,8.8,53,50,0.9434,1150,1146,0.9965,0,513,10,0.0195,available,0,none,0.9228,18.33,0,2300,2317,0,0,validation,synthetic
SNAP-000261,FAC-001,2025-05-08T13:00:00+00:00,2025-05-08,LINE-02,ORD-02-013,STY-001,6,low,8.8,54,53,0.9815,1150,1206,1.0487,0,583,13,0.0223,available,0,none,0.9594,18.33,0,2300,2412,0,0,validation,synthetic
SNAP-000262,FAC-001,2025-05-10T13:00:00+00:00,2025-05-10,LINE-02,ORD-02-013,STY-001,7,low,8.8,54,51,0.9444,55,55,1.0,0,28,1,0.0357,available,0,none,1.0272,0.0,0,107,107,0,0,validation,synthetic
SNAP-000263,FAC-001,2025-05-11T13:00:00+00:00,2025-05-11,LINE-02,ORD-02-014,STY-036,1,medium,19.7,50,49,0.98,575,309,0.5374,32,147,1,0.0068,available,71,planning,1.0187,0.0,0,1150,781,1,0,validation,synthetic
SNAP-000264,FAC-001,2025-05-12T13:00:00+00:00,2025-05-12,LINE-02,ORD-02-014,STY-036,2,medium,19.7,52,49,0.9423,575,512,0.8904,0,252,3,0.0119,available,0,none,0.9093,10.67,1,1150,1019,1,0,validation,synthetic
SNAP-000265,FAC-001,2025-05-13T13:00:00+00:00,2025-05-13,LINE-02,ORD-02-014,STY-036,3,medium,19.7,54,52,0.963,575,588,1.0226,0,285,3,0.0105,available,0,none,0.8551,10.67,1,1150,1073,1,0,validation,synthetic
SNAP-000266,FAC-001,2025-05-14T13:00:00+00:00,2025-05-14,LINE-02,ORD-02-014,STY-036,4,medium,19.7,52,45,0.8654,575,528,0.9183,0,239,10,0.0418,available,0,manpower,0.8328,21.0,1,1150,1042,1,0,validation,synthetic
SNAP-000267,FAC-001,2025-05-15T13:00:00+00:00,2025-05-15,LINE-02,ORD-02-014,STY-036,5,medium,19.7,51,50,0.9804,575,526,0.9148,35,238,9,0.0378,available,0,machine,0.9084,10.33,1,1150,1122,1,0,validation,synthetic
SNAP-000268,FAC-001,2025-05-17T13:00:00+00:00,2025-05-17,LINE-02,ORD-02-014,STY-036,6,medium,19.7,52,44,0.8462,408,381,0.9338,0,183,3,0.0164,available,0,manpower,0.9383,22.0,1,813,731,1,0,validation,synthetic
SNAP-000269,FAC-001,2025-05-18T13:00:00+00:00,2025-05-18,LINE-02,ORD-02-014,STY-036,7,medium,19.7,52,48,0.9231,42,36,0.8571,0,15,0,0.0,minor,0,none,0.927,14.67,1,82,71,1,0,validation,synthetic
SNAP-000270,FAC-001,2025-05-19T13:00:00+00:00,2025-05-19,LINE-02,ORD-02-014,STY-036,8,medium,19.7,51,49,0.9608,6,5,0.8333,36,3,1,0.3333,available,0,machine,0.9135,14.67,1,11,10,1,1,validation,synthetic
SNAP-000271,FAC-001,2025-05-20T13:00:00+00:00,2025-05-20,LINE-02,ORD-02-014,STY-036,9,medium,19.7,51,49,0.9608,1,1,1.0,0,1,0,0.0,available,0,none,0.8914,15.0,1,1,1,0,0,validation,synthetic
SNAP-000272,FAC-001,2025-05-21T13:00:00+00:00,2025-05-21,LINE-02,ORD-02-015,STY-001,1,low,8.8,50,48,0.96,1150,695,0.6043,0,337,11,0.0326,available,88,planning,0.925,21.33,0,2300,1626,1,0,validation,synthetic
SNAP-000273,FAC-001,2025-05-22T13:00:00+00:00,2025-05-22,LINE-02,ORD-02-015,STY-001,2,low,8.8,53,51,0.9623,1150,1047,0.9104,0,522,15,0.0287,available,0,none,0.872,21.33,1,2300,2010,1,0,validation,synthetic
SNAP-000274,FAC-001,2025-05-24T13:00:00+00:00,2025-05-24,LINE-02,ORD-02-015,STY-001,3,low,8.8,53,51,0.9623,1150,1059,0.9209,0,470,14,0.0298,available,0,none,0.8603,14.33,1,2300,2197,1,0,validation,synthetic
SNAP-000275,FAC-001,2025-05-25T13:00:00+00:00,2025-05-25,LINE-02,ORD-02-015,STY-001,4,low,8.8,51,49,0.9608,1150,1170,1.0174,0,534,7,0.0131,available,0,none,0.8454,5.0,1,2300,2298,1,0,validation,synthetic
SNAP-000276,FAC-001,2025-05-26T13:00:00+00:00,2025-05-26,LINE-02,ORD-02-015,STY-001,5,low,8.8,54,52,0.963,1150,1187,1.0322,0,567,8,0.0141,available,0,none,0.9428,5.0,1,2300,2297,1,0,validation,synthetic
SNAP-000277,FAC-001,2025-05-27T13:00:00+00:00,2025-05-27,LINE-02,ORD-02-015,STY-001,6,low,8.8,51,50,0.9804,1150,1136,0.9878,20,483,11,0.0228,available,0,none,0.9843,0.0,1,2300,2322,0,0,validation,synthetic
SNAP-000278,FAC-001,2025-05-28T13:00:00+00:00,2025-05-28,LINE-02,ORD-02-015,STY-001,7,low,8.8,50,48,0.96,1150,946,0.8226,55,475,14,0.0295,available,0,machine,1.0025,6.67,0,2300,2045,1,0,validation,synthetic
SNAP-000279,FAC-001,2025-05-29T13:00:00+00:00,2025-05-29,LINE-02,ORD-02-015,STY-001,8,low,8.8,53,52,0.9811,680,736,1.0824,0,389,8,0.0206,available,0,none,0.9658,25.0,1,1355,1355,0,0,validation,synthetic
SNAP-000280,FAC-001,2025-05-31T13:00:00+00:00,2025-05-31,LINE-02,ORD-02-016,STY-019,1,medium,16.5,50,48,0.96,690,382,0.5536,0,180,5,0.0278,available,113,method,0.9662,29.0,0,1380,944,1,0,validation,synthetic
SNAP-000281,FAC-001,2025-06-01T13:00:00+00:00,2025-06-01,LINE-02,ORD-02-016,STY-019,2,medium,16.5,52,49,0.9423,690,616,0.8928,0,307,11,0.0358,available,0,none,0.8577,22.33,1,1380,1217,1,0,test,synthetic
SNAP-000282,FAC-001,2025-06-02T13:00:00+00:00,2025-06-02,LINE-02,ORD-02-016,STY-019,3,medium,16.5,53,50,0.9434,690,660,0.9565,0,323,7,0.0217,available,0,none,0.8553,4.0,1,1380,1295,1,0,test,synthetic
SNAP-000283,FAC-001,2025-06-03T13:00:00+00:00,2025-06-03,LINE-02,ORD-02-016,STY-019,4,medium,16.5,54,46,0.8519,690,510,0.7391,55,256,7,0.0273,available,0,machine,0.8348,0.0,1,1380,1115,1,0,test,synthetic
SNAP-000284,FAC-001,2025-06-04T13:00:00+00:00,2025-06-04,LINE-02,ORD-02-016,STY-019,5,medium,16.5,52,50,0.9615,690,694,1.0058,0,308,8,0.026,available,0,none,0.8761,21.0,1,1380,1419,0,0,test,synthetic
SNAP-000285,FAC-001,2025-06-05T13:00:00+00:00,2025-06-05,LINE-02,ORD-02-016,STY-019,6,medium,16.5,52,51,0.9808,205,213,1.039,0,95,3,0.0316,available,0,none,0.9249,21.0,0,410,384,1,0,test,synthetic
SNAP-000286,FAC-001,2025-06-07T13:00:00+00:00,2025-06-07,LINE-02,ORD-02-016,STY-019,7,medium,16.5,50,45,0.9,15,11,0.7333,0,6,0,0.0,minor,0,manpower,0.9243,39.33,1,26,16,1,0,test,synthetic
SNAP-000287,FAC-001,2025-06-08T13:00:00+00:00,2025-06-08,LINE-02,ORD-02-016,STY-019,8,medium,16.5,53,52,0.9811,5,4,0.8,32,2,1,0.5,available,0,quality,0.8601,35.33,1,10,8,1,1,test,synthetic
SNAP-000288,FAC-001,2025-06-09T13:00:00+00:00,2025-06-09,LINE-02,ORD-02-016,STY-019,9,medium,16.5,52,43,0.8269,2,2,1.0,0,1,0,0.0,minor,0,manpower,0.784,58.33,1,2,2,0,0,test,synthetic
SNAP-000289,FAC-001,2025-06-10T13:00:00+00:00,2025-06-10,LINE-02,ORD-02-017,STY-022,1,medium,13.3,51,50,0.9804,855,563,0.6585,0,273,5,0.0183,available,54,planning,0.8051,58.33,0,1710,1213,1,0,test,synthetic
SNAP-000290,FAC-001,2025-06-11T13:00:00+00:00,2025-06-11,LINE-02,ORD-02-017,STY-022,2,medium,13.3,51,47,0.9216,855,731,0.855,0,326,8,0.0245,available,0,none,0.8365,47.67,1,1710,1443,1,0,test,synthetic
SNAP-000291,FAC-001,2025-06-12T13:00:00+00:00,2025-06-12,LINE-02,ORD-02-017,STY-022,3,medium,13.3,52,44,0.8462,855,490,0.5731,0,228,10,0.0439,critical,0,material,0.8511,24.67,1,1710,983,1,0,test,synthetic
SNAP-000292,FAC-001,2025-06-14T13:00:00+00:00,2025-06-14,LINE-02,ORD-02-017,STY-022,4,medium,13.3,53,51,0.9623,855,777,0.9088,32,423,13,0.0307,available,0,none,0.7094,6.33,1,1710,1659,1,0,test,synthetic
SNAP-000293,FAC-001,2025-06-15T13:00:00+00:00,2025-06-15,LINE-02,ORD-02-017,STY-022,5,medium,13.3,52,49,0.9423,855,854,0.9988,0,376,13,0.0346,available,0,none,0.7963,10.67,1,1710,1591,1,0,test,synthetic
SNAP-000294,FAC-001,2025-06-16T13:00:00+00:00,2025-06-16,LINE-02,ORD-02-017,STY-022,6,medium,13.3,53,51,0.9623,855,879,1.0281,0,490,15,0.0306,available,0,none,0.8251,22.67,1,1710,1725,0,0,test,synthetic
SNAP-000295,FAC-001,2025-06-17T13:00:00+00:00,2025-06-17,LINE-02,ORD-02-017,STY-022,7,medium,13.3,51,49,0.9608,855,896,1.048,0,467,13,0.0278,available,0,none,0.9698,22.67,0,1710,1752,0,0,test,synthetic
SNAP-000296,FAC-001,2025-06-18T13:00:00+00:00,2025-06-18,LINE-02,ORD-02-017,STY-022,8,medium,13.3,51,49,0.9608,594,610,1.0269,0,294,6,0.0204,available,0,none,0.9879,12.0,0,1184,1184,0,0,test,synthetic
SNAP-000297,FAC-001,2025-06-19T13:00:00+00:00,2025-06-19,LINE-02,ORD-02-018,STY-023,1,medium,17.7,50,48,0.96,640,353,0.5516,0,174,2,0.0115,available,100,method,1.0111,0.0,0,1280,903,1,0,test,synthetic
SNAP-000298,FAC-001,2025-06-21T13:00:00+00:00,2025-06-21,LINE-02,ORD-02-018,STY-023,2,medium,17.7,54,51,0.9444,640,470,0.7344,0,232,10,0.0431,minor,0,none,0.91,0.0,1,1280,932,1,0,test,synthetic
SNAP-000299,FAC-001,2025-06-22T13:00:00+00:00,2025-06-22,LINE-02,ORD-02-018,STY-023,3,medium,17.7,51,47,0.9216,640,480,0.75,0,239,14,0.0586,minor,0,quality,0.8112,2.67,1,1280,931,1,0,test,synthetic
SNAP-000300,FAC-001,2025-06-23T13:00:00+00:00,2025-06-23,LINE-02,ORD-02-018,STY-023,4,medium,17.7,53,49,0.9245,640,611,0.9547,0,286,10,0.035,available,0,none,0.7203,7.67,1,1280,1241,1,0,test,synthetic
SNAP-000301,FAC-001,2025-06-24T13:00:00+00:00,2025-06-24,LINE-02,ORD-02-018,STY-023,5,medium,17.7,51,49,0.9608,640,665,1.0391,0,274,12,0.0438,available,0,none,0.8083,7.67,1,1280,1209,1,0,test,synthetic
SNAP-000302,FAC-001,2025-06-25T13:00:00+00:00,2025-06-25,LINE-02,ORD-02-018,STY-023,6,medium,17.7,53,51,0.9623,640,664,1.0375,0,287,6,0.0209,available,0,none,0.8805,21.67,1,1280,1282,0,0,test,synthetic
SNAP-000303,FAC-001,2025-06-26T13:00:00+00:00,2025-06-26,LINE-02,ORD-02-018,STY-023,7,medium,17.7,52,50,0.9615,640,645,1.0078,0,346,22,0.0636,available,0,quality,0.9719,16.67,0,1280,1289,0,1,test,synthetic
SNAP-000304,FAC-001,2025-06-28T13:00:00+00:00,2025-06-28,LINE-02,ORD-02-018,STY-023,8,medium,17.7,50,46,0.92,640,626,0.9781,0,268,14,0.0522,available,0,none,0.9844,16.67,0,1280,1273,1,0,test,synthetic
SNAP-000305,FAC-001,2025-06-29T13:00:00+00:00,2025-06-29,LINE-02,ORD-02-018,STY-023,9,medium,17.7,53,44,0.8302,640,557,0.8703,0,233,9,0.0386,available,0,manpower,1.001,0.0,1,1280,1144,1,0,test,synthetic
SNAP-000306,FAC-001,2025-06-30T13:00:00+00:00,2025-06-30,LINE-02,ORD-02-018,STY-023,10,medium,17.7,50,49,0.98,640,664,1.0375,0,361,12,0.0332,available,0,none,0.9651,0.0,1,1280,1312,0,0,test,synthetic
SNAP-000307,FAC-001,2025-01-04T13:00:00+00:00,2025-01-04,LINE-03,ORD-03-001,STY-035,1,medium,14.5,51,49,0.9608,720,467,0.6486,0,238,6,0.0252,available,64,planning,0.92,0.0,0,1440,946,1,0,train,synthetic
SNAP-000308,FAC-001,2025-01-05T13:00:00+00:00,2025-01-05,LINE-03,ORD-03-001,STY-035,2,medium,14.5,48,45,0.9375,720,618,0.8583,0,302,5,0.0166,available,0,none,0.6569,47.0,1,1440,1249,1,0,train,synthetic
SNAP-000309,FAC-001,2025-01-06T13:00:00+00:00,2025-01-06,LINE-03,ORD-03-001,STY-035,3,medium,14.5,52,44,0.8462,720,597,0.8292,0,253,5,0.0198,available,0,manpower,0.7622,23.5,1,1440,1221,1,0,train,synthetic
SNAP-000310,FAC-001,2025-01-07T13:00:00+00:00,2025-01-07,LINE-03,ORD-03-001,STY-035,4,medium,14.5,49,47,0.9592,720,659,0.9153,0,336,19,0.0565,available,0,quality,0.7907,15.67,1,1440,1299,1,1,train,synthetic
SNAP-000311,FAC-001,2025-01-08T13:00:00+00:00,2025-01-08,LINE-03,ORD-03-001,STY-035,5,medium,14.5,48,46,0.9583,720,741,1.0292,0,399,12,0.0301,available,0,none,0.8725,0.0,1,1440,1461,0,0,train,synthetic
SNAP-000312,FAC-001,2025-01-09T13:00:00+00:00,2025-01-09,LINE-03,ORD-03-001,STY-035,6,medium,14.5,52,49,0.9423,389,342,0.8792,0,166,1,0.006,minor,0,none,0.9215,0.0,0,774,678,1,0,train,synthetic
SNAP-000313,FAC-001,2025-01-11T13:00:00+00:00,2025-01-11,LINE-03,ORD-03-001,STY-035,7,medium,14.5,49,46,0.9388,50,49,0.98,0,26,0,0.0,available,0,none,0.9309,0.0,1,96,94,1,0,train,synthetic
SNAP-000314,FAC-001,2025-01-12T13:00:00+00:00,2025-01-12,LINE-03,ORD-03-001,STY-035,8,medium,14.5,49,45,0.9184,2,2,1.0,0,1,1,1.0,available,0,quality,0.9566,0.0,1,2,2,0,1,train,synthetic
SNAP-000315,FAC-001,2025-01-13T13:00:00+00:00,2025-01-13,LINE-03,ORD-03-002,STY-018,1,low,10.2,49,45,0.9184,1025,587,0.5727,0,253,1,0.004,available,87,planning,0.9517,14.33,0,2050,1402,1,0,train,synthetic
SNAP-000316,FAC-001,2025-01-14T13:00:00+00:00,2025-01-14,LINE-03,ORD-03-002,STY-018,2,low,10.2,49,47,0.9592,1025,766,0.7473,49,388,7,0.018,available,0,machine,0.8877,14.33,1,2050,1649,1,0,train,synthetic
SNAP-000317,FAC-001,2025-01-15T13:00:00+00:00,2025-01-15,LINE-03,ORD-03-002,STY-018,3,low,10.2,51,49,0.9608,1025,980,0.9561,0,415,6,0.0145,available,0,none,0.8294,30.67,1,2050,1814,1,0,train,synthetic
SNAP-000318,FAC-001,2025-01-16T13:00:00+00:00,2025-01-16,LINE-03,ORD-03-002,STY-018,4,low,10.2,50,47,0.94,1025,681,0.6644,106,302,3,0.0099,available,0,machine,0.7911,29.67,1,2050,1704,1,0,train,synthetic
SNAP-000319,FAC-001,2025-01-18T13:00:00+00:00,2025-01-18,LINE-03,ORD-03-002,STY-018,5,low,10.2,52,49,0.9423,441,449,1.0181,0,219,2,0.0091,available,0,none,0.8402,65.0,1,881,877,1,0,train,synthetic
SNAP-000320,FAC-001,2025-01-19T13:00:00+00:00,2025-01-19,LINE-03,ORD-03-002,STY-018,6,low,10.2,48,45,0.9375,4,3,0.75,50,2,0,0.0,available,0,machine,0.9039,48.67,1,4,3,1,0,train,synthetic
SNAP-000321,FAC-001,2025-01-20T13:00:00+00:00,2025-01-20,LINE-03,ORD-03-002,STY-018,7,low,10.2,52,48,0.9231,1,1,1.0,0,0,0,0.0,available,0,none,0.8589,52.0,1,1,1,0,0,train,synthetic
SNAP-000322,FAC-001,2025-01-21T13:00:00+00:00,2025-01-21,LINE-03,ORD-03-003,STY-017,1,low,7.8,48,47,0.9792,1150,663,0.5765,0,369,14,0.0379,minor,58,planning,0.9152,16.67,0,2300,1445,1,0,train,synthetic
SNAP-000323,FAC-001,2025-01-22T13:00:00+00:00,2025-01-22,LINE-03,ORD-03-003,STY-017,2,low,7.8,51,48,0.9412,1150,899,0.7817,12,394,15,0.0381,available,0,none,0.7928,16.67,1,2300,1828,1,0,train,synthetic
SNAP-000324,FAC-001,2025-01-23T13:00:00+00:00,2025-01-23,LINE-03,ORD-03-003,STY-017,3,low,7.8,49,48,0.9796,1150,1041,0.9052,0,478,22,0.046,available,0,none,0.8077,4.0,1,2300,2116,1,0,train,synthetic
SNAP-000325,FAC-001,2025-01-25T13:00:00+00:00,2025-01-25,LINE-03,ORD-03-003,STY-017,4,low,7.8,48,46,0.9583,1150,1137,0.9887,0,599,6,0.01,available,0,none,0.781,4.0,1,2300,2076,1,0,train,synthetic
SNAP-000326,FAC-001,2025-01-26T13:00:00+00:00,2025-01-26,LINE-03,ORD-03-003,STY-017,5,low,7.8,48,47,0.9792,1150,1214,1.0557,0,612,16,0.0261,available,0,none,0.8725,22.33,1,2300,2412,0,0,train,synthetic
SNAP-000327,FAC-001,2025-01-27T13:00:00+00:00,2025-01-27,LINE-03,ORD-03-003,STY-017,6,low,7.8,50,49,0.98,1150,1212,1.0539,0,584,9,0.0154,available,0,none,0.9571,18.33,0,2300,2417,0,0,train,synthetic
SNAP-000328,FAC-001,2025-01-28T13:00:00+00:00,2025-01-28,LINE-03,ORD-03-003,STY-017,7,low,7.8,51,49,0.9608,1005,942,0.9373,0,403,5,0.0124,available,0,none,1.0007,18.33,0,2006,1943,1,0,train,synthetic
SNAP-000329,FAC-001,2025-01-29T13:00:00+00:00,2025-01-29,LINE-03,ORD-03-003,STY-017,8,low,7.8,52,50,0.9615,33,29,0.8788,30,16,0,0.0,available,0,none,1.0227,0.0,1,63,58,1,0,train,synthetic
SNAP-000330,FAC-001,2025-01-30T13:00:00+00:00,2025-01-30,LINE-03,ORD-03-003,STY-017,9,low,7.8,52,49,0.9423,5,5,1.0,0,0,0,0.0,available,0,none,0.98,10.0,1,5,5,0,0,train,synthetic
SNAP-000331,FAC-001,2025-02-01T13:00:00+00:00,2025-02-01,LINE-03,ORD-03-004,STY-007,1,medium,17.9,52,49,0.9423,585,309,0.5282,0,140,2,0.0143,available,118,method,0.9631,10.0,0,1170,787,1,0,train,synthetic
SNAP-000332,FAC-001,2025-02-02T13:00:00+00:00,2025-02-02,LINE-03,ORD-03-004,STY-007,2,medium,17.9,52,50,0.9615,585,527,0.9009,0,203,4,0.0197,available,0,none,0.8644,10.0,1,1170,1053,1,0,train,synthetic
SNAP-000333,FAC-001,2025-02-03T13:00:00+00:00,2025-02-03,LINE-03,ORD-03-004,STY-007,3,medium,17.9,48,45,0.9375,585,523,0.894,0,227,8,0.0352,available,0,none,0.8575,0.0,1,1170,1082,1,0,train,synthetic
SNAP-000334,FAC-001,2025-02-04T13:00:00+00:00,2025-02-04,LINE-03,ORD-03-004,STY-007,4,medium,17.9,50,48,0.96,585,610,1.0427,0,290,6,0.0207,available,0,none,0.8325,0.0,1,1170,1201,0,0,train,synthetic
SNAP-000335,FAC-001,2025-02-05T13:00:00+00:00,2025-02-05,LINE-03,ORD-03-004,STY-007,5,medium,17.9,48,45,0.9375,585,552,0.9436,0,253,9,0.0356,available,0,none,0.9504,0.0,0,1170,1103,1,0,train,synthetic
SNAP-000336,FAC-001,2025-02-06T13:00:00+00:00,2025-02-06,LINE-03,ORD-03-004,STY-007,6,medium,17.9,50,49,0.98,585,604,1.0325,0,283,6,0.0212,available,0,none,0.9647,0.0,1,1170,1200,0,0,train,synthetic
SNAP-000337,FAC-001,2025-02-08T13:00:00+00:00,2025-02-08,LINE-03,ORD-03-004,STY-007,7,medium,17.9,51,48,0.9412,585,255,0.4359,55,123,8,0.065,critical,0,material,0.9983,0.0,0,1170,557,1,1,train,synthetic
SNAP-000338,FAC-001,2025-02-09T13:00:00+00:00,2025-02-09,LINE-03,ORD-03-004,STY-007,8,medium,17.9,52,50,0.9615,585,497,0.8496,47,219,5,0.0228,available,0,machine,0.8148,18.33,1,1170,1089,1,0,train,synthetic
SNAP-000339,FAC-001,2025-02-10T13:00:00+00:00,2025-02-10,LINE-03,ORD-03-004,STY-007,9,medium,17.9,52,50,0.9615,585,590,1.0085,0,268,4,0.0149,available,0,none,0.8108,34.0,1,1170,1079,1,0,train,synthetic
SNAP-000340,FAC-001,2025-02-11T13:00:00+00:00,2025-02-11,LINE-03,ORD-03-004,STY-007,10,medium,17.9,50,48,0.96,585,487,0.8325,55,266,11,0.0414,available,0,machine,0.7764,50.0,1,1170,1086,1,0,train,synthetic
SNAP-000341,FAC-001,2025-02-12T13:00:00+00:00,2025-02-12,LINE-03,ORD-03-004,STY-007,11,medium,17.9,52,50,0.9615,408,298,0.7304,55,141,5,0.0355,available,0,machine,0.9271,50.0,1,813,666,1,1,train,synthetic
SNAP-000342,FAC-001,2025-02-13T13:00:00+00:00,2025-02-13,LINE-03,ORD-03-004,STY-007,12,medium,17.9,49,43,0.8776,75,68,0.9067,0,34,0,0.0,available,0,manpower,0.8899,52.67,1,147,137,1,0,train,synthetic
SNAP-000343,FAC-001,2025-02-15T13:00:00+00:00,2025-02-15,LINE-03,ORD-03-004,STY-007,13,medium,17.9,50,49,0.98,5,5,1.0,0,4,0,0.0,available,0,none,0.8931,36.67,1,10,10,0,0,train,synthetic
SNAP-000344,FAC-001,2025-02-16T13:00:00+00:00,2025-02-16,LINE-03,ORD-03-005,STY-035,1,medium,14.5,52,49,0.9423,720,468,0.65,0,227,7,0.0308,available,55,planning,0.9171,18.33,0,1440,1049,1,0,train,synthetic
SNAP-000345,FAC-001,2025-02-17T13:00:00+00:00,2025-02-17,LINE-03,ORD-03-005,STY-035,2,medium,14.5,48,47,0.9792,720,643,0.8931,8,303,6,0.0198,available,0,none,0.8868,0.0,1,1440,1146,1,0,train,synthetic
SNAP-000346,FAC-001,2025-02-18T13:00:00+00:00,2025-02-18,LINE-03,ORD-03-005,STY-035,3,medium,14.5,50,47,0.94,720,726,1.0083,0,372,4,0.0108,available,0,none,0.8414,23.0,1,1440,1403,1,0,train,synthetic
SNAP-000347,FAC-001,2025-02-19T13:00:00+00:00,2025-02-19,LINE-03,ORD-03-005,STY-035,4,medium,14.5,49,47,0.9592,720,740,1.0278,0,363,12,0.0331,available,0,none,0.8329,23.0,1,1440,1482,0,0,train,synthetic
SNAP-000348,FAC-001,2025-02-20T13:00:00+00:00,2025-02-20,LINE-03,ORD-03-005,STY-035,5,medium,14.5,49,43,0.8776,160,149,0.9313,0,72,1,0.0139,available,0,manpower,0.9331,23.0,0,320,293,1,0,train,synthetic
SNAP-000349,FAC-001,2025-02-22T13:00:00+00:00,2025-02-22,LINE-03,ORD-03-005,STY-035,6,medium,14.5,49,48,0.9796,15,14,0.9333,20,7,0,0.0,available,0,none,0.973,0.0,1,27,26,1,1,train,synthetic
SNAP-000350,FAC-001,2025-02-23T13:00:00+00:00,2025-02-23,LINE-03,ORD-03-005,STY-035,7,medium,14.5,52,50,0.9615,1,1,1.0,0,1,0,0.0,available,0,none,0.9693,6.67,1,1,1,0,0,train,synthetic
SNAP-000351,FAC-001,2025-02-24T13:00:00+00:00,2025-02-24,LINE-03,ORD-03-006,STY-034,1,low,10.1,48,45,0.9375,1035,574,0.5546,0,256,3,0.0117,available,134,method,0.9595,6.67,0,2070,1309,1,0,train,synthetic
SNAP-000352,FAC-001,2025-02-25T13:00:00+00:00,2025-02-25,LINE-03,ORD-03-006,STY-034,2,low,10.1,52,49,0.9423,1035,880,0.8502,0,355,10,0.0282,available,0,none,0.8651,22.33,1,2070,1568,1,0,train,synthetic
SNAP-000353,FAC-001,2025-02-26T13:00:00+00:00,2025-02-26,LINE-03,ORD-03-006,STY-034,3,low,10.1,48,47,0.9792,1035,994,0.9604,0,447,9,0.0201,available,0,none,0.7966,29.0,1,2070,2000,1,0,train,synthetic
SNAP-000354,FAC-001,2025-02-27T13:00:00+00:00,2025-02-27,LINE-03,ORD-03-006,STY-034,4,low,10.1,50,48,0.96,1035,950,0.9179,0,466,14,0.03,available,0,none,0.7853,29.0,1,2070,1913,1,0,train,synthetic
SNAP-000355,FAC-001,2025-03-01T13:00:00+00:00,2025-03-01,LINE-03,ORD-03-006,STY-034,5,low,10.1,51,49,0.9608,1035,1037,1.0019,0,465,8,0.0172,available,0,none,0.8826,13.33,1,2070,2070,0,0,train,synthetic
SNAP-000356,FAC-001,2025-03-02T13:00:00+00:00,2025-03-02,LINE-03,ORD-03-006,STY-034,6,low,10.1,49,46,0.9388,1035,1027,0.9923,0,513,7,0.0136,available,0,none,0.9634,0.0,0,2070,2059,1,0,train,synthetic
SNAP-000357,FAC-001,2025-03-03T13:00:00+00:00,2025-03-03,LINE-03,ORD-03-006,STY-034,7,low,10.1,50,48,0.96,1035,968,0.9353,0,435,19,0.0437,available,0,none,0.9729,0.0,1,2070,1891,1,0,train,synthetic
SNAP-000358,FAC-001,2025-03-04T13:00:00+00:00,2025-03-04,LINE-03,ORD-03-006,STY-034,8,low,10.1,50,49,0.98,1035,1094,1.057,0,609,8,0.0131,available,0,none,0.9694,0.0,1,2070,2175,0,0,train,synthetic
SNAP-000359,FAC-001,2025-03-05T13:00:00+00:00,2025-03-05,LINE-03,ORD-03-006,STY-034,9,low,10.1,49,47,0.9592,185,195,1.0541,0,98,3,0.0306,available,0,none,0.9863,0.0,0,365,365,0,0,train,synthetic
SNAP-000360,FAC-001,2025-03-06T13:00:00+00:00,2025-03-06,LINE-03,ORD-03-007,STY-005,1,high,25.0,49,48,0.9796,420,239,0.569,0,106,1,0.0094,available,110,method,0.9881,0.0,0,840,594,1,0,train,synthetic
SNAP-000361,FAC-001,2025-03-08T13:00:00+00:00,2025-03-08,LINE-03,ORD-03-007,STY-005,2,high,25.0,50,47,0.94,420,370,0.881,0,185,3,0.0162,available,0,none,0.9193,0.0,1,840,732,1,0,train,synthetic
SNAP-000362,FAC-001,2025-03-09T13:00:00+00:00,2025-03-09,LINE-03,ORD-03-007,STY-005,3,high,25.0,49,48,0.9796,420,262,0.6238,0,113,3,0.0265,critical,0,material,0.8595,0.0,1,840,469,1,0,train,synthetic
SNAP-000363,FAC-001,2025-03-10T13:00:00+00:00,2025-03-10,LINE-03,ORD-03-007,STY-005,4,high,25.0,50,48,0.96,420,437,1.0405,0,215,7,0.0326,available,0,none,0.7123,16.0,1,840,852,0,0,train,synthetic
SNAP-000364,FAC-001,2025-03-11T13:00:00+00:00,2025-03-11,LINE-03,ORD-03-007,STY-005,5,high,25.0,48,46,0.9583,420,412,0.981,0,211,5,0.0237,available,0,none,0.8147,16.0,0,840,831,1,0,train,synthetic
SNAP-000365,FAC-001,2025-03-12T13:00:00+00:00,2025-03-12,LINE-03,ORD-03-007,STY-005,6,high,25.0,48,47,0.9792,420,427,1.0167,0,191,1,0.0052,available,0,none,0.854,16.0,1,840,847,0,0,train,synthetic
SNAP-000366,FAC-001,2025-03-13T13:00:00+00:00,2025-03-13,LINE-03,ORD-03-007,STY-005,7,high,25.0,51,49,0.9608,365,355,0.9726,0,147,3,0.0204,available,0,none,1.004,5.0,0,725,723,1,0,train,synthetic
SNAP-000367,FAC-001,2025-03-15T13:00:00+00:00,2025-03-15,LINE-03,ORD-03-007,STY-005,8,high,25.0,51,48,0.9412,2,2,1.0,0,0,0,0.0,available,0,none,0.9983,5.0,1,2,2,0,0,train,synthetic
SNAP-000368,FAC-001,2025-03-16T13:00:00+00:00,2025-03-16,LINE-03,ORD-03-008,STY-008,1,low,8.1,49,41,0.8367,1150,551,0.4791,0,226,12,0.0531,available,119,manpower,1.0019,5.0,0,2300,1353,1,0,train,synthetic
SNAP-000369,FAC-001,2025-03-17T13:00:00+00:00,2025-03-17,LINE-03,ORD-03-008,STY-008,2,low,8.1,48,46,0.9583,1150,869,0.7557,55,405,9,0.0222,available,0,machine,0.8618,0.0,1,2300,1882,1,0,train,synthetic
SNAP-000370,FAC-001,2025-03-18T13:00:00+00:00,2025-03-18,LINE-03,ORD-03-008,STY-008,3,low,8.1,50,43,0.86,1150,966,0.84,0,452,13,0.0288,available,0,manpower,0.8022,18.33,1,2300,1975,1,0,train,synthetic
SNAP-000371,FAC-001,2025-03-19T13:00:00+00:00,2025-03-19,LINE-03,ORD-03-008,STY-008,4,low,8.1,52,48,0.9231,1150,1077,0.9365,0,503,15,0.0298,available,0,none,0.7551,18.33,1,2300,2228,1,0,train,synthetic
SNAP-000372,FAC-001,2025-03-20T13:00:00+00:00,2025-03-20,LINE-03,ORD-03-008,STY-008,5,low,8.1,48,44,0.9167,1150,1104,0.96,0,544,20,0.0368,available,0,none,0.8819,18.33,1,2300,2187,1,0,train,synthetic
SNAP-000373,FAC-001,2025-03-22T13:00:00+00:00,2025-03-22,LINE-03,ORD-03-008,STY-008,6,low,8.1,50,49,0.98,1150,1208,1.0504,0,550,16,0.0291,available,0,none,0.9261,0.0,1,2300,2388,0,0,train,synthetic
SNAP-000374,FAC-001,2025-03-23T13:00:00+00:00,2025-03-23,LINE-03,ORD-03-008,STY-008,7,low,8.1,52,48,0.9231,1150,1022,0.8887,0,465,25,0.0538,available,0,none,0.9859,0.0,0,2300,1872,1,0,train,synthetic
SNAP-000375,FAC-001,2025-03-24T13:00:00+00:00,2025-03-24,LINE-03,ORD-03-008,STY-008,8,low,8.1,51,48,0.9412,1150,1139,0.9904,0,564,10,0.0177,available,0,none,0.9343,16.0,1,2300,2269,1,0,train,synthetic
SNAP-000376,FAC-001,2025-03-25T13:00:00+00:00,2025-03-25,LINE-03,ORD-03-008,STY-008,9,low,8.1,50,49,0.98,1150,1160,1.0087,0,563,18,0.032,available,0,none,0.9462,16.0,1,2300,2370,0,0,train,synthetic
SNAP-000377,FAC-001,2025-03-26T13:00:00+00:00,2025-03-26,LINE-03,ORD-03-008,STY-008,10,low,8.1,48,44,0.9167,340,314,0.9235,0,176,5,0.0284,available,0,none,0.9436,16.0,0,676,632,1,0,train,synthetic
SNAP-000378,FAC-001,2025-03-27T13:00:00+00:00,2025-03-27,LINE-03,ORD-03-008,STY-008,11,low,8.1,50,49,0.98,24,26,1.0833,0,10,0,0.0,available,0,none,0.984,2.67,1,44,44,0,0,train,synthetic
SNAP-000379,FAC-001,2025-03-29T13:00:00+00:00,2025-03-29,LINE-03,ORD-03-009,STY-018,1,low,10.2,52,50,0.9615,1025,585,0.5707,0,295,5,0.0169,available,129,method,0.9884,2.67,0,2050,1402,1,0,train,synthetic
SNAP-000380,FAC-001,2025-03-30T13:00:00+00:00,2025-03-30,LINE-03,ORD-03-009,STY-018,2,low,10.2,48,47,0.9792,1025,964,0.9405,0,512,15,0.0293,available,0,none,0.8729,2.67,1,2050,1876,1,0,train,synthetic
SNAP-000381,FAC-001,2025-03-31T13:00:00+00:00,2025-03-31,LINE-03,ORD-03-009,STY-018,3,low,10.2,50,48,0.96,1025,1016,0.9912,0,512,3,0.0059,available,0,none,0.8663,0.0,1,2050,2032,1,0,train,synthetic
SNAP-000382,FAC-001,2025-04-01T13:00:00+00:00,2025-04-01,LINE-03,ORD-03-009,STY-018,4,low,10.2,49,48,0.9796,1025,1026,1.001,0,472,11,0.0233,available,0,none,0.8634,0.0,1,2050,2020,1,0,train,synthetic
SNAP-000383,FAC-001,2025-04-02T13:00:00+00:00,2025-04-02,LINE-03,ORD-03-009,STY-018,5,low,10.2,52,49,0.9423,1025,874,0.8527,0,391,9,0.023,minor,0,none,0.9639,0.0,1,2050,1708,1,0,train,synthetic
SNAP-000384,FAC-001,2025-04-03T13:00:00+00:00,2025-04-03,LINE-03,ORD-03-009,STY-018,6,low,10.2,50,48,0.96,332,347,1.0452,0,165,6,0.0364,available,0,none,0.9366,0.0,1,662,662,0,0,train,synthetic
SNAP-000385,FAC-001,2025-04-05T13:00:00+00:00,2025-04-05,LINE-03,ORD-03-010,STY-005,1,high,25.0,50,47,0.94,420,211,0.5024,21,90,3,0.0333,available,112,method,0.9395,0.0,0,840,532,1,0,train,synthetic
SNAP-000386,FAC-001,2025-04-06T13:00:00+00:00,2025-04-06,LINE-03,ORD-03-010,STY-005,2,high,25.0,50,49,0.98,420,386,0.919,0,203,7,0.0345,available,0,none,0.8222,9.67,1,840,764,1,0,train,synthetic
SNAP-000387,FAC-001,2025-04-07T13:00:00+00:00,2025-04-07,LINE-03,ORD-03-010,STY-005,3,high,25.0,52,50,0.9615,420,324,0.7714,55,157,3,0.0191,available,0,machine,0.8476,9.67,1,840,723,1,0,train,synthetic
SNAP-000388,FAC-001,2025-04-08T13:00:00+00:00,2025-04-08,LINE-03,ORD-03-010,STY-005,4,high,25.0,52,49,0.9423,420,346,0.8238,0,170,4,0.0235,minor,0,none,0.8012,28.0,1,840,636,1,0,train,synthetic
SNAP-000389,FAC-001,2025-04-09T13:00:00+00:00,2025-04-09,LINE-03,ORD-03-010,STY-005,5,high,25.0,49,46,0.9388,420,432,1.0286,0,202,8,0.0396,available,0,none,0.8425,29.0,1,840,824,1,0,train,synthetic
SNAP-000390,FAC-001,2025-04-10T13:00:00+00:00,2025-04-10,LINE-03,ORD-03-010,STY-005,6,high,25.0,50,41,0.82,161,146,0.9068,0,70,2,0.0286,available,0,manpower,0.8663,34.33,1,321,283,1,0,train,synthetic
SNAP-000391,FAC-001,2025-04-12T13:00:00+00:00,2025-04-12,LINE-03,ORD-03-010,STY-005,7,high,25.0,49,45,0.9184,20,19,0.95,0,9,1,0.1111,available,0,quality,0.8732,16.0,1,38,36,1,1,train,synthetic
SNAP-000392,FAC-001,2025-04-13T13:00:00+00:00,2025-04-13,LINE-03,ORD-03-010,STY-005,8,high,25.0,50,47,0.94,2,1,0.5,0,1,0,0.0,critical,0,material,0.9366,5.33,1,2,1,1,0,train,synthetic
SNAP-000393,FAC-001,2025-04-14T13:00:00+00:00,2025-04-14,LINE-03,ORD-03-010,STY-005,9,high,25.0,49,46,0.9388,1,1,1.0,0,1,0,0.0,available,0,none,0.7763,15.67,1,1,1,0,0,train,synthetic
SNAP-000394,FAC-001,2025-04-15T13:00:00+00:00,2025-04-15,LINE-03,ORD-03-011,STY-034,1,low,10.1,51,50,0.9804,1035,668,0.6454,0,247,3,0.0121,available,71,planning,0.8158,34.0,0,2070,1536,1,0,train,synthetic
SNAP-000395,FAC-001,2025-04-16T13:00:00+00:00,2025-04-16,LINE-03,ORD-03-011,STY-034,2,low,10.1,51,48,0.9412,1035,910,0.8792,0,403,5,0.0124,available,0,none,0.7473,34.0,1,2070,1784,1,0,train,synthetic
SNAP-000396,FAC-001,2025-04-17T13:00:00+00:00,2025-04-17,LINE-03,ORD-03-011,STY-034,3,low,10.1,52,49,0.9423,1035,917,0.886,0,387,7,0.0181,available,0,none,0.868,18.33,1,2070,1870,1,0,train,synthetic
SNAP-000397,FAC-001,2025-04-19T13:00:00+00:00,2025-04-19,LINE-03,ORD-03-011,STY-034,4,low,10.1,49,48,0.9796,1035,872,0.8425,0,382,5,0.0131,minor,0,none,0.8357,4.0,1,2070,1791,1,0,train,synthetic
SNAP-000398,FAC-001,2025-04-20T13:00:00+00:00,2025-04-20,LINE-03,ORD-03-011,STY-034,5,low,10.1,50,48,0.96,585,370,0.6325,0,171,0,0.0,critical,0,material,0.8768,4.0,1,1169,727,1,0,train,synthetic
SNAP-000399,FAC-001,2025-04-21T13:00:00+00:00,2025-04-21,LINE-03,ORD-03-011,STY-034,6,low,10.1,50,47,0.94,222,195,0.8784,49,80,0,0.0,available,0,machine,0.7968,12.0,1,442,417,1,0,train,synthetic
SNAP-000400,FAC-001,2025-04-22T13:00:00+00:00,2025-04-22,LINE-03,ORD-03-011,STY-034,7,low,10.1,52,50,0.9615,15,16,1.0667,0,8,1,0.125,available,0,quality,0.8102,24.33,1,25,25,0,1,train,synthetic
SNAP-000401,FAC-001,2025-04-23T13:00:00+00:00,2025-04-23,LINE-03,ORD-03-012,STY-007,1,medium,17.9,50,49,0.98,585,341,0.5829,0,156,6,0.0385,available,113,method,0.8551,24.33,0,1170,826,1,0,train,synthetic
SNAP-000402,FAC-001,2025-04-24T13:00:00+00:00,2025-04-24,LINE-03,ORD-03-012,STY-007,2,medium,17.9,51,47,0.9216,585,385,0.6581,27,199,2,0.0101,minor,0,planning,0.8831,16.33,1,1170,798,1,0,train,synthetic
SNAP-000403,FAC-001,2025-04-26T13:00:00+00:00,2025-04-26,LINE-03,ORD-03-012,STY-007,3,medium,17.9,50,48,0.96,585,517,0.8838,0,243,8,0.0329,available,0,none,0.796,9.0,1,1170,1081,1,0,train,synthetic
SNAP-000404,FAC-001,2025-04-27T13:00:00+00:00,2025-04-27,LINE-03,ORD-03-012,STY-007,4,medium,17.9,51,49,0.9608,585,573,0.9795,0,287,6,0.0209,available,0,none,0.7707,9.0,1,1170,1141,1,0,train,synthetic
SNAP-000405,FAC-001,2025-04-28T13:00:00+00:00,2025-04-28,LINE-03,ORD-03-012,STY-007,5,medium,17.9,50,46,0.92,585,575,0.9829,0,268,2,0.0075,available,0,none,0.8604,16.33,1,1170,1162,1,0,train,synthetic
SNAP-000406,FAC-001,2025-04-29T13:00:00+00:00,2025-04-29,LINE-03,ORD-03-012,STY-007,6,medium,17.9,51,49,0.9608,585,593,1.0137,0,315,7,0.0222,available,0,none,0.9641,7.33,1,1170,1196,0,0,train,synthetic
SNAP-000407,FAC-001,2025-04-30T13:00:00+00:00,2025-04-30,LINE-03,ORD-03-012,STY-007,7,medium,17.9,52,49,0.9423,585,540,0.9231,16,284,5,0.0176,available,0,none,0.9969,7.33,0,1170,1131,1,0,train,synthetic
SNAP-000408,FAC-001,2025-05-01T13:00:00+00:00,2025-05-01,LINE-03,ORD-03-012,STY-007,8,medium,17.9,49,47,0.9592,585,597,1.0205,0,318,5,0.0157,available,0,none,0.994,5.33,1,1170,1168,1,0,validation,synthetic
SNAP-000409,FAC-001,2025-05-03T13:00:00+00:00,2025-05-03,LINE-03,ORD-03-012,STY-007,9,medium,17.9,51,48,0.9412,585,587,1.0034,0,295,10,0.0339,available,0,none,0.9957,5.33,1,1170,1148,1,0,validation,synthetic
SNAP-000410,FAC-001,2025-05-04T13:00:00+00:00,2025-05-04,LINE-03,ORD-03-012,STY-007,10,medium,17.9,50,47,0.94,585,585,1.0,0,297,5,0.0168,available,0,none,0.9821,5.33,1,1170,1173,0,0,validation,synthetic
SNAP-000411,FAC-001,2025-05-05T13:00:00+00:00,2025-05-05,LINE-03,ORD-03-012,STY-007,11,medium,17.9,51,50,0.9804,40,39,0.975,34,19,0,0.0,available,0,none,0.994,0.0,0,76,74,1,0,validation,synthetic
SNAP-000412,FAC-001,2025-05-06T13:00:00+00:00,2025-05-06,LINE-03,ORD-03-012,STY-007,12,medium,17.9,50,48,0.96,2,2,1.0,0,1,0,0.0,available,0,none,0.9858,11.33,1,2,2,0,0,validation,synthetic
SNAP-000413,FAC-001,2025-05-07T13:00:00+00:00,2025-05-07,LINE-03,ORD-03-013,STY-005,1,high,25.0,48,45,0.9375,420,232,0.5524,0,103,5,0.0485,available,95,method,0.9921,11.33,0,840,551,1,0,validation,synthetic
SNAP-000414,FAC-001,2025-05-08T13:00:00+00:00,2025-05-08,LINE-03,ORD-03-013,STY-005,2,high,25.0,50,46,0.92,420,365,0.869,0,188,4,0.0213,available,0,none,0.8765,11.33,1,840,741,1,0,validation,synthetic
SNAP-000415,FAC-001,2025-05-10T13:00:00+00:00,2025-05-10,LINE-03,ORD-03-013,STY-005,3,high,25.0,51,50,0.9804,420,430,1.0238,0,209,9,0.0431,available,0,none,0.846,0.0,1,840,847,0,0,validation,synthetic
SNAP-000416,FAC-001,2025-05-11T13:00:00+00:00,2025-05-11,LINE-03,ORD-03-013,STY-005,4,high,25.0,52,50,0.9615,420,432,1.0286,0,216,7,0.0324,available,0,none,0.8488,0.0,0,840,868,0,0,validation,synthetic
SNAP-000417,FAC-001,2025-05-12T13:00:00+00:00,2025-05-12,LINE-03,ORD-03-013,STY-005,5,high,25.0,52,50,0.9615,420,374,0.8905,31,189,5,0.0265,available,0,none,0.9746,0.0,0,840,801,1,0,validation,synthetic
SNAP-000418,FAC-001,2025-05-13T13:00:00+00:00,2025-05-13,LINE-03,ORD-03-013,STY-005,6,high,25.0,50,49,0.98,420,440,1.0476,0,223,7,0.0314,available,0,none,0.9984,10.33,1,840,896,0,0,validation,synthetic
SNAP-000419,FAC-001,2025-05-14T13:00:00+00:00,2025-05-14,LINE-03,ORD-03-013,STY-005,7,high,25.0,49,46,0.9388,420,417,0.9929,0,204,5,0.0245,available,0,none,1.0179,10.33,0,840,828,1,0,validation,synthetic
SNAP-000420,FAC-001,2025-05-15T13:00:00+00:00,2025-05-15,LINE-03,ORD-03-013,STY-005,8,high,25.0,52,51,0.9808,420,346,0.8238,55,147,4,0.0272,available,0,machine,1.002,10.33,1,840,753,1,0,validation,synthetic
SNAP-000421,FAC-001,2025-05-17T13:00:00+00:00,2025-05-17,LINE-03,ORD-03-013,STY-005,9,high,25.0,50,48,0.96,420,411,0.9786,0,154,5,0.0325,available,0,none,0.9829,21.0,1,840,841,0,0,validation,synthetic
SNAP-000422,FAC-001,2025-05-18T13:00:00+00:00,2025-05-18,LINE-03,ORD-03-013,STY-005,10,high,25.0,49,47,0.9592,420,330,0.7857,30,142,4,0.0282,minor,0,none,0.9611,21.0,0,840,599,1,0,validation,synthetic
SNAP-000423,FAC-001,2025-05-19T13:00:00+00:00,2025-05-19,LINE-03,ORD-03-013,STY-005,11,high,25.0,48,45,0.9375,390,344,0.8821,24,175,3,0.0171,available,0,none,0.8702,48.67,1,775,713,1,0,validation,synthetic
SNAP-000424,FAC-001,2025-05-20T13:00:00+00:00,2025-05-20,LINE-03,ORD-03-013,STY-005,12,high,25.0,51,50,0.9804,32,32,1.0,0,15,2,0.1333,available,0,quality,0.8781,35.67,1,62,62,0,1,validation,synthetic
SNAP-000425,FAC-001,2025-05-21T13:00:00+00:00,2025-05-21,LINE-03,ORD-03-014,STY-002,1,low,9.4,50,49,0.98,1115,558,0.5004,0,280,6,0.0214,minor,104,method,0.8777,35.67,0,2230,1367,1,0,validation,synthetic
SNAP-000426,FAC-001,2025-05-22T13:00:00+00:00,2025-05-22,LINE-03,ORD-03-014,STY-002,2,low,9.4,49,47,0.9592,1115,999,0.896,0,543,7,0.0129,available,0,none,0.8443,8.0,1,2230,2017,1,0,validation,synthetic
SNAP-000427,FAC-001,2025-05-24T13:00:00+00:00,2025-05-24,LINE-03,ORD-03-014,STY-002,3,low,9.4,51,48,0.9412,1115,1066,0.9561,0,494,6,0.0121,available,0,none,0.8392,0.0,1,2230,2137,1,0,validation,synthetic
SNAP-000428,FAC-001,2025-05-25T13:00:00+00:00,2025-05-25,LINE-03,ORD-03-014,STY-002,4,low,9.4,49,46,0.9388,1115,1055,0.9462,0,525,9,0.0171,available,0,none,0.8253,0.0,1,2230,2127,1,0,validation,synthetic
SNAP-000429,FAC-001,2025-05-26T13:00:00+00:00,2025-05-26,LINE-03,ORD-03-014,STY-002,5,low,9.4,52,49,0.9423,1115,1127,1.0108,0,542,7,0.0129,available,0,none,0.9389,0.0,1,2230,2227,1,0,validation,synthetic
SNAP-000430,FAC-001,2025-05-27T13:00:00+00:00,2025-05-27,LINE-03,ORD-03-014,STY-002,6,low,9.4,52,49,0.9423,1115,1122,1.0063,0,546,8,0.0147,available,0,none,0.9703,0.0,1,2230,2248,0,0,validation,synthetic
SNAP-000431,FAC-001,2025-05-28T13:00:00+00:00,2025-05-28,LINE-03,ORD-03-014,STY-002,7,low,9.4,49,48,0.9796,1115,1159,1.0395,0,651,6,0.0092,available,0,none,0.9868,0.0,0,2230,2317,0,0,validation,synthetic
SNAP-000432,FAC-001,2025-05-29T13:00:00+00:00,2025-05-29,LINE-03,ORD-03-014,STY-002,8,low,9.4,48,40,0.8333,1115,970,0.87,0,458,5,0.0109,available,0,manpower,1.0152,0.0,0,2230,1908,1,0,validation,synthetic
SNAP-000433,FAC-001,2025-05-31T13:00:00+00:00,2025-05-31,LINE-03,ORD-03-014,STY-002,9,low,9.4,48,46,0.9583,1115,1132,1.0152,0,588,10,0.017,available,0,none,0.9676,0.0,1,2230,2315,0,0,validation,synthetic
SNAP-000434,FAC-001,2025-06-01T13:00:00+00:00,2025-06-01,LINE-03,ORD-03-014,STY-002,10,low,9.4,51,49,0.9608,345,344,0.9971,0,154,4,0.026,available,0,none,0.9776,0.0,0,687,687,0,0,test,synthetic
SNAP-000435,FAC-001,2025-06-02T13:00:00+00:00,2025-06-02,LINE-03,ORD-03-015,STY-017,1,low,7.8,52,50,0.9615,1150,577,0.5017,0,281,7,0.0249,available,114,method,0.9646,0.0,0,2300,1403,1,0,test,synthetic
SNAP-000436,FAC-001,2025-06-03T13:00:00+00:00,2025-06-03,LINE-03,ORD-03-015,STY-017,2,low,7.8,49,47,0.9592,1150,1027,0.893,0,505,6,0.0119,available,0,none,0.8827,0.0,1,2300,1965,1,0,test,synthetic
SNAP-000437,FAC-001,2025-06-04T13:00:00+00:00,2025-06-04,LINE-03,ORD-03-015,STY-017,3,low,7.8,50,42,0.84,1150,1003,0.8722,0,480,8,0.0167,available,0,manpower,0.8214,6.0,1,2300,1927,1,0,test,synthetic
SNAP-000438,FAC-001,2025-06-05T13:00:00+00:00,2025-06-05,LINE-03,ORD-03-015,STY-017,4,low,7.8,51,49,0.9608,1150,964,0.8383,55,491,4,0.0081,available,0,machine,0.7674,6.0,1,2300,2086,1,0,test,synthetic
SNAP-000439,FAC-001,2025-06-07T13:00:00+00:00,2025-06-07,LINE-03,ORD-03-015,STY-017,5,low,7.8,50,47,0.94,1150,974,0.847,42,427,10,0.0234,available,0,machine,0.8664,24.33,1,2300,2067,1,0,test,synthetic
SNAP-000440,FAC-001,2025-06-08T13:00:00+00:00,2025-06-08,LINE-03,ORD-03-015,STY-017,6,low,7.8,52,51,0.9808,1150,1170,1.0174,0,599,11,0.0184,available,0,none,0.8812,35.0,1,2300,2349,0,0,test,synthetic
SNAP-000441,FAC-001,2025-06-09T13:00:00+00:00,2025-06-09,LINE-03,ORD-03-015,STY-017,7,low,7.8,49,46,0.9388,1150,1119,0.973,0,547,10,0.0183,available,0,none,0.9423,35.0,0,2300,2247,1,0,test,synthetic
SNAP-000442,FAC-001,2025-06-10T13:00:00+00:00,2025-06-10,LINE-03,ORD-03-015,STY-017,8,low,7.8,51,50,0.9804,1150,1240,1.0783,0,622,10,0.0161,available,0,none,0.9657,16.67,1,2300,2455,0,0,test,synthetic
SNAP-000443,FAC-001,2025-06-11T13:00:00+00:00,2025-06-11,LINE-03,ORD-03-015,STY-017,9,low,7.8,50,49,0.98,1150,1225,1.0652,0,486,8,0.0165,available,0,none,1.0219,0.0,0,2300,2454,0,0,test,synthetic
SNAP-000444,FAC-001,2025-06-12T13:00:00+00:00,2025-06-12,LINE-03,ORD-03-015,STY-017,10,low,7.8,51,50,0.9804,375,224,0.5973,45,130,3,0.0231,critical,0,material,1.0371,0.0,0,747,492,1,0,test,synthetic
SNAP-000445,FAC-001,2025-06-14T13:00:00+00:00,2025-06-14,LINE-03,ORD-03-015,STY-017,11,low,7.8,50,49,0.98,130,138,1.0615,0,59,1,0.0169,available,0,none,0.931,15.0,1,255,255,0,0,test,synthetic
SNAP-000446,FAC-001,2025-06-15T13:00:00+00:00,2025-06-15,LINE-03,ORD-03-016,STY-005,1,high,25.0,52,48,0.9231,420,283,0.6738,0,133,4,0.0301,available,53,planning,0.9085,15.0,0,840,607,1,0,test,synthetic
SNAP-000447,FAC-001,2025-06-16T13:00:00+00:00,2025-06-16,LINE-03,ORD-03-016,STY-005,2,high,25.0,50,48,0.96,420,320,0.7619,0,158,8,0.0506,available,0,none,0.7938,15.0,1,840,649,1,0,test,synthetic
SNAP-000448,FAC-001,2025-06-17T13:00:00+00:00,2025-06-17,LINE-03,ORD-03-016,STY-005,3,high,25.0,51,50,0.9804,420,413,0.9833,0,199,5,0.0251,available,0,none,0.8317,0.0,1,840,841,0,0,test,synthetic
SNAP-000449,FAC-001,2025-06-18T13:00:00+00:00,2025-06-18,LINE-03,ORD-03-016,STY-005,4,high,25.0,48,45,0.9375,420,304,0.7238,0,145,11,0.0759,minor,0,quality,0.8321,0.0,0,840,569,1,1,test,synthetic
SNAP-000450,FAC-001,2025-06-19T13:00:00+00:00,2025-06-19,LINE-03,ORD-03-016,STY-005,5,high,25.0,51,50,0.9804,420,445,1.0595,0,222,7,0.0315,available,0,none,0.8171,11.33,1,840,862,0,0,test,synthetic
SNAP-000451,FAC-001,2025-06-21T13:00:00+00:00,2025-06-21,LINE-03,ORD-03-016,STY-005,6,high,25.0,52,49,0.9423,420,420,1.0,0,205,7,0.0341,available,0,none,0.9016,11.33,0,840,851,0,0,test,synthetic
SNAP-000452,FAC-001,2025-06-22T13:00:00+00:00,2025-06-22,LINE-03,ORD-03-016,STY-005,7,high,25.0,50,49,0.98,420,435,1.0357,0,201,8,0.0398,available,0,none,0.9056,11.33,0,840,889,0,0,test,synthetic
SNAP-000453,FAC-001,2025-06-23T13:00:00+00:00,2025-06-23,LINE-03,ORD-03-016,STY-005,8,high,25.0,51,48,0.9412,420,424,1.0095,0,196,3,0.0153,available,0,none,1.0325,0.0,0,840,827,1,0,test,synthetic
SNAP-000454,FAC-001,2025-06-24T13:00:00+00:00,2025-06-24,LINE-03,ORD-03-016,STY-005,9,high,25.0,48,45,0.9375,420,359,0.8548,39,177,2,0.0113,available,0,machine,1.0187,6.0,1,840,773,1,0,test,synthetic
SNAP-000455,FAC-001,2025-06-25T13:00:00+00:00,2025-06-25,LINE-03,ORD-03-016,STY-005,10,high,25.0,48,47,0.9792,342,229,0.6696,104,102,5,0.049,available,0,machine,0.9877,19.0,1,682,581,1,0,test,synthetic
SNAP-000456,FAC-001,2025-06-26T13:00:00+00:00,2025-06-26,LINE-03,ORD-03-016,STY-005,11,high,25.0,52,49,0.9423,51,47,0.9216,16,24,0,0.0,available,0,none,0.9189,53.67,1,101,97,1,1,test,synthetic
SNAP-000457,FAC-001,2025-06-28T13:00:00+00:00,2025-06-28,LINE-03,ORD-03-016,STY-005,12,high,25.0,48,47,0.9792,4,4,1.0,0,1,0,0.0,available,0,none,0.9108,53.0,1,4,4,0,0,test,synthetic
SNAP-000458,FAC-001,2025-06-29T13:00:00+00:00,2025-06-29,LINE-03,ORD-03-017,STY-017,1,low,7.8,50,49,0.98,1150,521,0.453,0,254,6,0.0236,minor,142,method,0.9374,40.0,0,2300,1272,1,0,test,synthetic
SNAP-000459,FAC-001,2025-06-30T13:00:00+00:00,2025-06-30,LINE-03,ORD-03-017,STY-017,2,low,7.8,49,47,0.9592,1150,1012,0.88,0,501,5,0.01,available,0,none,0.8378,5.33,1,2300,1999,1,0,test,synthetic
SNAP-000460,FAC-001,2025-01-04T13:00:00+00:00,2025-01-04,LINE-04,ORD-04-001,STY-009,1,high,28.8,55,47,0.8545,380,178,0.4684,0,90,3,0.0333,available,142,manpower,0.92,0.0,0,760,433,1,0,train,synthetic
SNAP-000461,FAC-001,2025-01-05T13:00:00+00:00,2025-01-05,LINE-04,ORD-04-001,STY-009,2,high,28.8,55,51,0.9273,380,328,0.8632,0,167,3,0.018,available,0,none,0.5697,0.0,1,760,659,1,0,train,synthetic
SNAP-000462,FAC-001,2025-01-06T13:00:00+00:00,2025-01-06,LINE-04,ORD-04-001,STY-009,3,high,28.8,56,55,0.9821,380,386,1.0158,0,174,9,0.0517,available,0,none,0.7184,0.0,1,760,749,1,0,train,synthetic
SNAP-000463,FAC-001,2025-01-07T13:00:00+00:00,2025-01-07,LINE-04,ORD-04-001,STY-009,4,high,28.8,54,52,0.963,380,388,1.0211,0,159,7,0.044,available,0,none,0.8075,0.0,1,760,780,0,0,train,synthetic
SNAP-000464,FAC-001,2025-01-08T13:00:00+00:00,2025-01-08,LINE-04,ORD-04-001,STY-009,5,high,28.8,52,44,0.8462,380,352,0.9263,0,157,4,0.0255,available,0,manpower,0.9596,0.0,0,760,684,1,0,train,synthetic
SNAP-000465,FAC-001,2025-01-09T13:00:00+00:00,2025-01-09,LINE-04,ORD-04-001,STY-009,6,high,28.8,53,51,0.9623,380,388,1.0211,0,212,5,0.0236,available,0,none,0.9706,0.0,1,760,770,0,0,train,synthetic
SNAP-000466,FAC-001,2025-01-11T13:00:00+00:00,2025-01-11,LINE-04,ORD-04-001,STY-009,7,high,28.8,56,53,0.9464,380,371,0.9763,0,177,7,0.0395,available,0,none,0.9798,0.0,0,760,687,1,0,train,synthetic
SNAP-000467,FAC-001,2025-01-12T13:00:00+00:00,2025-01-12,LINE-04,ORD-04-001,STY-009,8,high,28.8,56,53,0.9464,380,376,0.9895,0,175,12,0.0686,available,0,quality,0.939,16.33,1,760,748,1,0,train,synthetic
SNAP-000468,FAC-001,2025-01-13T13:00:00+00:00,2025-01-13,LINE-04,ORD-04-001,STY-009,9,high,28.8,55,54,0.9818,195,173,0.8872,45,92,3,0.0326,available,0,machine,0.9671,16.33,1,390,379,1,0,train,synthetic
SNAP-000469,FAC-001,2025-01-14T13:00:00+00:00,2025-01-14,LINE-04,ORD-04-001,STY-009,10,high,28.8,52,50,0.9615,6,6,1.0,0,2,0,0.0,available,0,none,0.9533,31.33,1,11,11,0,0,train,synthetic
SNAP-000470,FAC-001,2025-01-15T13:00:00+00:00,2025-01-15,LINE-04,ORD-04-002,STY-016,1,medium,17.7,56,54,0.9643,620,246,0.3968,0,119,3,0.0252,critical,107,material,0.9853,15.0,0,1240,595,1,0,train,synthetic
SNAP-000471,FAC-001,2025-01-16T13:00:00+00:00,2025-01-16,LINE-04,ORD-04-002,STY-016,2,medium,17.7,53,49,0.9245,620,548,0.8839,0,262,8,0.0305,available,0,none,0.8172,15.0,1,1240,1095,1,0,train,synthetic
SNAP-000472,FAC-001,2025-01-18T13:00:00+00:00,2025-01-18,LINE-04,ORD-04-002,STY-016,3,medium,17.7,52,51,0.9808,620,636,1.0258,0,315,14,0.0444,available,0,none,0.7876,0.0,1,1240,1235,1,0,train,synthetic
SNAP-000473,FAC-001,2025-01-19T13:00:00+00:00,2025-01-19,LINE-04,ORD-04-002,STY-016,4,medium,17.7,56,53,0.9464,620,642,1.0355,0,306,17,0.0556,available,0,quality,0.7863,0.0,1,1240,1249,0,0,train,synthetic
SNAP-000474,FAC-001,2025-01-20T13:00:00+00:00,2025-01-20,LINE-04,ORD-04-002,STY-016,5,medium,17.7,53,51,0.9623,620,642,1.0355,0,316,19,0.0601,available,0,quality,0.9621,0.0,0,1240,1269,0,0,train,synthetic
SNAP-000475,FAC-001,2025-01-21T13:00:00+00:00,2025-01-21,LINE-04,ORD-04-002,STY-016,6,medium,17.7,56,53,0.9464,580,597,1.0293,0,278,7,0.0252,available,0,none,1.0089,0.0,0,1157,1157,0,0,train,synthetic
SNAP-000476,FAC-001,2025-01-22T13:00:00+00:00,2025-01-22,LINE-04,ORD-04-003,STY-025,1,high,26.4,54,53,0.9815,415,219,0.5277,12,118,4,0.0339,available,132,method,1.0102,0.0,0,830,558,1,0,train,synthetic
SNAP-000477,FAC-001,2025-01-23T13:00:00+00:00,2025-01-23,LINE-04,ORD-04-003,STY-025,2,high,26.4,56,53,0.9464,415,259,0.6241,0,130,14,0.1077,minor,0,quality,0.8986,4.0,1,830,531,1,1,train,synthetic
SNAP-000478,FAC-001,2025-01-25T13:00:00+00:00,2025-01-25,LINE-04,ORD-04-003,STY-025,3,high,26.4,53,51,0.9623,415,410,0.988,0,174,5,0.0287,available,0,none,0.7707,4.0,1,830,799,1,0,train,synthetic
SNAP-000479,FAC-001,2025-01-26T13:00:00+00:00,2025-01-26,LINE-04,ORD-04-003,STY-025,4,high,26.4,56,48,0.8571,415,352,0.8482,15,167,2,0.012,available,0,manpower,0.7582,7.0,1,830,721,1,0,train,synthetic
SNAP-000480,FAC-001,2025-01-27T13:00:00+00:00,2025-01-27,LINE-04,ORD-04-003,STY-025,5,high,26.4,56,55,0.9821,221,237,1.0724,0,117,4,0.0342,available,0,none,0.8237,8.0,1,441,441,0,0,train,synthetic
SNAP-000481,FAC-001,2025-01-28T13:00:00+00:00,2025-01-28,LINE-04,ORD-04-004,STY-011,1,high,26.3,52,51,0.9808,415,215,0.5181,0,104,6,0.0577,minor,81,quality,0.9438,8.0,0,830,484,1,0,train,synthetic
SNAP-000482,FAC-001,2025-01-29T13:00:00+00:00,2025-01-29,LINE-04,ORD-04-004,STY-011,2,high,26.3,52,50,0.9615,415,379,0.9133,0,188,7,0.0372,available,0,none,0.8173,5.0,1,830,765,1,0,train,synthetic
SNAP-000483,FAC-001,2025-01-30T13:00:00+00:00,2025-01-30,LINE-04,ORD-04-004,STY-011,3,high,26.3,55,53,0.9636,415,401,0.9663,0,205,8,0.039,available,0,none,0.8349,0.0,1,830,738,1,0,train,synthetic
SNAP-000484,FAC-001,2025-02-01T13:00:00+00:00,2025-02-01,LINE-04,ORD-04-004,STY-011,4,high,26.3,53,51,0.9623,415,435,1.0482,0,206,12,0.0583,available,0,quality,0.798,18.33,1,830,857,0,0,train,synthetic
SNAP-000485,FAC-001,2025-02-02T13:00:00+00:00,2025-02-02,LINE-04,ORD-04-004,STY-011,5,high,26.3,55,54,0.9818,415,377,0.9084,0,180,11,0.0611,minor,0,quality,0.9478,18.33,0,830,757,1,0,train,synthetic
SNAP-000486,FAC-001,2025-02-03T13:00:00+00:00,2025-02-03,LINE-04,ORD-04-004,STY-011,6,high,26.3,56,53,0.9464,415,428,1.0313,0,216,12,0.0556,available,0,quality,0.9446,18.33,1,830,844,0,0,train,synthetic
SNAP-000487,FAC-001,2025-02-04T13:00:00+00:00,2025-02-04,LINE-04,ORD-04-004,STY-011,7,high,26.3,54,52,0.963,415,409,0.9855,0,204,9,0.0441,available,0,none,0.9871,0.0,0,830,821,1,0,train,synthetic
SNAP-000488,FAC-001,2025-02-05T13:00:00+00:00,2025-02-05,LINE-04,ORD-04-004,STY-011,8,high,26.3,55,54,0.9818,244,156,0.6393,0,74,3,0.0405,critical,0,material,0.9727,0.0,1,484,282,1,0,train,synthetic
SNAP-000489,FAC-001,2025-02-06T13:00:00+00:00,2025-02-06,LINE-04,ORD-04-004,STY-011,9,high,26.3,52,50,0.9615,102,104,1.0196,0,53,6,0.1132,available,0,quality,0.8629,18.33,1,202,202,0,1,train,synthetic
SNAP-000490,FAC-001,2025-02-08T13:00:00+00:00,2025-02-08,LINE-04,ORD-04-005,STY-009,1,high,28.8,53,52,0.9811,380,212,0.5579,0,107,7,0.0654,available,102,quality,0.8573,18.33,0,760,517,1,0,train,synthetic
SNAP-000491,FAC-001,2025-02-09T13:00:00+00:00,2025-02-09,LINE-04,ORD-04-005,STY-009,2,high,28.8,52,50,0.9615,380,344,0.9053,0,169,10,0.0592,available,0,quality,0.7543,18.33,1,760,679,1,0,train,synthetic
SNAP-000492,FAC-001,2025-02-10T13:00:00+00:00,2025-02-10,LINE-04,ORD-04-005,STY-009,3,high,28.8,52,49,0.9423,380,364,0.9579,0,184,5,0.0272,available,0,none,0.8579,0.0,1,760,711,1,0,train,synthetic
SNAP-000493,FAC-001,2025-02-11T13:00:00+00:00,2025-02-11,LINE-04,ORD-04-005,STY-009,4,high,28.8,54,52,0.963,380,321,0.8447,55,174,8,0.046,available,0,machine,0.8364,0.0,1,760,701,1,0,train,synthetic
SNAP-000494,FAC-001,2025-02-12T13:00:00+00:00,2025-02-12,LINE-04,ORD-04-005,STY-009,5,high,28.8,55,52,0.9455,380,337,0.8868,40,144,7,0.0486,available,0,machine,0.9171,18.33,1,760,687,1,0,train,synthetic
SNAP-000495,FAC-001,2025-02-13T13:00:00+00:00,2025-02-13,LINE-04,ORD-04-005,STY-009,6,high,28.8,54,52,0.963,380,331,0.8711,0,139,6,0.0432,available,0,none,0.9206,38.0,1,760,663,1,0,train,synthetic
SNAP-000496,FAC-001,2025-02-15T13:00:00+00:00,2025-02-15,LINE-04,ORD-04-005,STY-009,7,high,28.8,54,51,0.9444,380,360,0.9474,35,156,6,0.0385,available,0,machine,0.8996,38.0,1,760,746,1,0,train,synthetic
SNAP-000497,FAC-001,2025-02-16T13:00:00+00:00,2025-02-16,LINE-04,ORD-04-005,STY-009,8,high,28.8,52,51,0.9808,380,413,1.0868,0,216,7,0.0324,available,0,none,0.9193,31.33,1,760,807,0,0,train,synthetic
SNAP-000498,FAC-001,2025-02-17T13:00:00+00:00,2025-02-17,LINE-04,ORD-04-005,STY-009,9,high,28.8,52,50,0.9615,380,395,1.0395,0,197,9,0.0457,available,0,none,0.9719,11.67,0,760,777,0,0,train,synthetic
SNAP-000499,FAC-001,2025-02-18T13:00:00+00:00,2025-02-18,LINE-04,ORD-04-005,STY-009,10,high,28.8,55,53,0.9636,32,30,0.9375,35,16,1,0.0625,available,0,machine,1.0219,11.67,0,62,60,1,1,train,synthetic
SNAP-000500,FAC-001,2025-02-19T13:00:00+00:00,2025-02-19,LINE-04,ORD-04-005,STY-009,11,high,28.8,53,52,0.9811,2,2,1.0,0,1,1,1.0,available,0,quality,1.0173,11.67,1,2,2,0,1,train,synthetic
SNAP-000501,FAC-001,2025-02-20T13:00:00+00:00,2025-02-20,LINE-04,ORD-04-006,STY-028,1,high,32.6,55,51,0.9273,335,125,0.3731,55,67,2,0.0299,available,111,machine,0.9967,11.67,0,670,388,1,0,train,synthetic
SNAP-000502,FAC-001,2025-02-22T13:00:00+00:00,2025-02-22,LINE-04,ORD-04-006,STY-028,2,high,32.6,52,50,0.9615,335,287,0.8567,0,146,5,0.0342,available,0,none,0.8489,30.0,1,670,595,1,0,train,synthetic
SNAP-000503,FAC-001,2025-02-23T13:00:00+00:00,2025-02-23,LINE-04,ORD-04-006,STY-028,3,high,32.6,54,51,0.9444,335,321,0.9582,0,156,11,0.0705,available,0,quality,0.8224,18.33,1,670,644,1,0,train,synthetic
SNAP-000504,FAC-001,2025-02-24T13:00:00+00:00,2025-02-24,LINE-04,ORD-04-006,STY-028,4,high,32.6,56,52,0.9286,335,335,1.0,13,143,7,0.049,available,0,none,0.8095,18.33,1,670,671,0,0,train,synthetic
SNAP-000505,FAC-001,2025-02-25T13:00:00+00:00,2025-02-25,LINE-04,ORD-04-006,STY-028,5,high,32.6,52,48,0.9231,335,320,0.9552,0,155,5,0.0323,available,0,none,0.9502,4.33,0,670,618,1,0,train,synthetic
SNAP-000506,FAC-001,2025-02-26T13:00:00+00:00,2025-02-26,LINE-04,ORD-04-006,STY-028,6,high,32.6,54,52,0.963,335,346,1.0328,0,182,12,0.0659,available,0,quality,0.9617,9.33,1,670,679,0,1,train,synthetic
SNAP-000507,FAC-001,2025-02-27T13:00:00+00:00,2025-02-27,LINE-04,ORD-04-006,STY-028,7,high,32.6,52,44,0.8462,335,302,0.9015,0,160,9,0.0563,available,0,manpower,0.9791,9.33,0,670,589,1,1,train,synthetic
SNAP-000508,FAC-001,2025-03-01T13:00:00+00:00,2025-03-01,LINE-04,ORD-04-006,STY-028,8,high,32.6,53,50,0.9434,335,346,1.0328,0,160,7,0.0437,available,0,none,0.9383,5.0,1,670,674,0,0,train,synthetic
SNAP-000509,FAC-001,2025-03-02T13:00:00+00:00,2025-03-02,LINE-04,ORD-04-006,STY-028,9,high,32.6,53,52,0.9811,247,260,1.0526,0,119,7,0.0588,available,0,quality,0.9662,0.0,0,492,492,0,1,train,synthetic
SNAP-000510,FAC-001,2025-03-03T13:00:00+00:00,2025-03-03,LINE-04,ORD-04-007,STY-015,1,medium,18.7,54,51,0.9444,585,223,0.3812,55,112,1,0.0089,available,139,machine,0.9617,0.0,0,1170,681,1,0,train,synthetic
SNAP-000511,FAC-001,2025-03-04T13:00:00+00:00,2025-03-04,LINE-04,ORD-04-007,STY-015,2,medium,18.7,52,49,0.9423,585,457,0.7812,0,194,8,0.0412,minor,0,none,0.8627,22.33,1,1170,900,1,0,train,synthetic
SNAP-000512,FAC-001,2025-03-05T13:00:00+00:00,2025-03-05,LINE-04,ORD-04-007,STY-015,3,medium,18.7,55,54,0.9818,585,573,0.9795,0,294,18,0.0612,available,0,quality,0.7838,22.33,1,1170,1144,1,0,train,synthetic
SNAP-000513,FAC-001,2025-03-06T13:00:00+00:00,2025-03-06,LINE-04,ORD-04-007,STY-015,4,medium,18.7,52,50,0.9615,585,592,1.012,0,301,16,0.0532,available,0,none,0.7764,22.33,1,1170,1179,0,0,train,synthetic
SNAP-000514,FAC-001,2025-03-08T13:00:00+00:00,2025-03-08,LINE-04,ORD-04-007,STY-015,5,medium,18.7,52,48,0.9231,375,377,1.0053,0,184,5,0.0272,available,0,none,0.9182,0.0,0,746,741,1,0,train,synthetic
SNAP-000515,FAC-001,2025-03-09T13:00:00+00:00,2025-03-09,LINE-04,ORD-04-007,STY-015,6,medium,18.7,53,51,0.9623,5,5,1.0,0,1,0,0.0,available,0,none,0.9929,0.0,1,5,5,0,0,train,synthetic
SNAP-000516,FAC-001,2025-03-10T13:00:00+00:00,2025-03-10,LINE-04,ORD-04-008,STY-011,1,high,26.3,53,50,0.9434,415,244,0.588,0,119,7,0.0588,available,96,quality,1.0003,0.0,0,830,526,1,0,train,synthetic
SNAP-000517,FAC-001,2025-03-11T13:00:00+00:00,2025-03-11,LINE-04,ORD-04-008,STY-011,2,high,26.3,56,55,0.9821,415,383,0.9229,0,186,6,0.0323,available,0,none,0.8757,8.67,1,830,755,1,0,train,synthetic
SNAP-000518,FAC-001,2025-03-12T13:00:00+00:00,2025-03-12,LINE-04,ORD-04-008,STY-011,3,high,26.3,56,54,0.9643,415,412,0.9928,0,212,5,0.0236,available,0,none,0.8478,8.67,1,830,737,1,0,train,synthetic
SNAP-000519,FAC-001,2025-03-13T13:00:00+00:00,2025-03-13,LINE-04,ORD-04-008,STY-011,4,high,26.3,54,52,0.963,415,437,1.053,0,225,10,0.0444,available,0,none,0.8104,27.0,1,830,850,0,0,train,synthetic
SNAP-000520,FAC-001,2025-03-15T13:00:00+00:00,2025-03-15,LINE-04,ORD-04-008,STY-011,5,high,26.3,52,49,0.9423,415,368,0.8867,35,171,10,0.0585,available,0,machine,0.9406,18.33,0,830,763,1,0,train,synthetic
SNAP-000521,FAC-001,2025-03-16T13:00:00+00:00,2025-03-16,LINE-04,ORD-04-008,STY-011,6,high,26.3,55,54,0.9818,415,443,1.0675,0,183,5,0.0273,available,0,none,0.9438,30.0,1,830,871,0,0,train,synthetic
SNAP-000522,FAC-001,2025-03-17T13:00:00+00:00,2025-03-17,LINE-04,ORD-04-008,STY-011,7,high,26.3,56,55,0.9821,250,236,0.944,30,120,6,0.05,available,0,none,0.9976,11.67,0,498,494,1,0,train,synthetic
SNAP-000523,FAC-001,2025-03-18T13:00:00+00:00,2025-03-18,LINE-04,ORD-04-008,STY-011,8,high,26.3,55,51,0.9273,4,4,1.0,0,2,0,0.0,minor,0,none,0.9869,21.67,1,4,4,0,0,train,synthetic
SNAP-000524,FAC-001,2025-03-19T13:00:00+00:00,2025-03-19,LINE-04,ORD-04-009,STY-012,1,high,31.0,56,52,0.9286,355,189,0.5324,0,94,1,0.0106,available,103,method,1.0138,10.0,0,710,465,1,0,train,synthetic
SNAP-000525,FAC-001,2025-03-20T13:00:00+00:00,2025-03-20,LINE-04,ORD-04-009,STY-012,2,high,31.0,56,54,0.9643,355,321,0.9042,0,144,8,0.0556,available,0,quality,0.8823,10.0,1,710,621,1,0,train,synthetic
SNAP-000526,FAC-001,2025-03-22T13:00:00+00:00,2025-03-22,LINE-04,ORD-04-009,STY-012,3,high,31.0,56,54,0.9643,355,339,0.9549,0,162,5,0.0309,available,0,none,0.8432,5.67,1,710,683,1,0,train,synthetic
SNAP-000527,FAC-001,2025-03-23T13:00:00+00:00,2025-03-23,LINE-04,ORD-04-009,STY-012,4,high,31.0,55,54,0.9818,355,354,0.9972,8,173,7,0.0405,available,0,none,0.8305,5.67,1,710,726,0,0,train,synthetic
SNAP-000528,FAC-001,2025-03-24T13:00:00+00:00,2025-03-24,LINE-04,ORD-04-009,STY-012,5,high,31.0,52,49,0.9423,105,106,1.0095,0,57,5,0.0877,available,0,quality,0.9531,8.33,0,205,204,1,1,train,synthetic
SNAP-000529,FAC-001,2025-03-25T13:00:00+00:00,2025-03-25,LINE-04,ORD-04-009,STY-012,6,high,31.0,55,54,0.9818,1,1,1.0,0,1,0,0.0,available,0,none,0.9932,7.33,1,1,1,0,0,train,synthetic
SNAP-000530,FAC-001,2025-03-26T13:00:00+00:00,2025-03-26,LINE-04,ORD-04-010,STY-028,1,high,32.6,56,53,0.9464,335,186,0.5552,0,88,5,0.0568,available,128,quality,1.0059,7.33,0,670,428,1,1,train,synthetic
SNAP-000531,FAC-001,2025-03-27T13:00:00+00:00,2025-03-27,LINE-04,ORD-04-010,STY-028,2,high,32.6,55,52,0.9455,335,295,0.8806,0,149,11,0.0738,available,0,quality,0.878,12.33,1,670,583,1,1,train,synthetic
SNAP-000532,FAC-001,2025-03-29T13:00:00+00:00,2025-03-29,LINE-04,ORD-04-010,STY-028,3,high,32.6,52,50,0.9615,335,330,0.9851,0,145,8,0.0552,available,0,quality,0.8363,7.67,1,670,657,1,1,train,synthetic
SNAP-000533,FAC-001,2025-03-30T13:00:00+00:00,2025-03-30,LINE-04,ORD-04-010,STY-028,4,high,32.6,55,52,0.9455,335,333,0.994,0,151,9,0.0596,available,0,quality,0.8299,7.67,1,670,668,1,1,train,synthetic
SNAP-000534,FAC-001,2025-03-31T13:00:00+00:00,2025-03-31,LINE-04,ORD-04-010,STY-028,5,high,32.6,54,53,0.9815,335,346,1.0328,0,171,16,0.0936,available,0,quality,0.9493,0.0,1,670,696,0,1,train,synthetic
SNAP-000535,FAC-001,2025-04-01T13:00:00+00:00,2025-04-01,LINE-04,ORD-04-010,STY-028,6,high,32.6,53,46,0.8679,335,316,0.9433,0,158,9,0.057,available,0,manpower,1.0055,0.0,0,670,611,1,0,train,synthetic
SNAP-000536,FAC-001,2025-04-02T13:00:00+00:00,2025-04-02,LINE-04,ORD-04-010,STY-028,7,high,32.6,54,52,0.963,155,155,1.0,0,73,4,0.0548,available,0,none,0.9826,0.0,1,307,304,1,0,train,synthetic
SNAP-000537,FAC-001,2025-04-03T13:00:00+00:00,2025-04-03,LINE-04,ORD-04-010,STY-028,8,high,32.6,55,51,0.9273,3,3,1.0,0,1,0,0.0,available,0,none,0.9803,0.0,1,3,3,0,0,train,synthetic
SNAP-000538,FAC-001,2025-04-05T13:00:00+00:00,2025-04-05,LINE-04,ORD-04-011,STY-025,1,high,26.4,55,52,0.9455,415,220,0.5301,14,103,2,0.0194,available,114,method,0.9674,4.0,0,830,545,1,0,train,synthetic
SNAP-000539,FAC-001,2025-04-06T13:00:00+00:00,2025-04-06,LINE-04,ORD-04-011,STY-025,2,high,26.4,53,50,0.9434,415,379,0.9133,0,170,12,0.0706,available,0,quality,0.8823,8.67,1,830,752,1,0,train,synthetic
SNAP-000540,FAC-001,2025-04-07T13:00:00+00:00,2025-04-07,LINE-04,ORD-04-011,STY-025,3,high,26.4,52,48,0.9231,415,388,0.9349,0,194,9,0.0464,available,0,none,0.8542,8.67,1,830,765,1,0,train,synthetic
SNAP-000541,FAC-001,2025-04-08T13:00:00+00:00,2025-04-08,LINE-04,ORD-04-011,STY-025,4,high,26.4,56,55,0.9821,415,431,1.0386,0,237,13,0.0549,available,0,none,0.8281,4.67,1,830,863,0,0,train,synthetic
SNAP-000542,FAC-001,2025-04-09T13:00:00+00:00,2025-04-09,LINE-04,ORD-04-011,STY-025,5,high,26.4,52,51,0.9808,415,416,1.0024,0,205,12,0.0585,available,0,quality,0.9558,0.0,0,830,845,0,0,train,synthetic
SNAP-000543,FAC-001,2025-04-10T13:00:00+00:00,2025-04-10,LINE-04,ORD-04-011,STY-025,6,high,26.4,52,50,0.9615,415,416,1.0024,0,214,9,0.0421,available,0,none,0.9932,0.0,0,830,848,0,0,train,synthetic
SNAP-000544,FAC-001,2025-04-12T13:00:00+00:00,2025-04-12,LINE-04,ORD-04-011,STY-025,7,high,26.4,52,48,0.9231,117,113,0.9658,18,57,1,0.0175,available,0,none,1.0265,0.0,0,232,229,1,0,train,synthetic
SNAP-000545,FAC-001,2025-04-13T13:00:00+00:00,2025-04-13,LINE-04,ORD-04-011,STY-025,8,high,26.4,55,54,0.9818,3,3,1.0,0,1,0,0.0,available,0,none,1.0089,6.0,1,3,3,0,0,train,synthetic
SNAP-000546,FAC-001,2025-04-14T13:00:00+00:00,2025-04-14,LINE-04,ORD-04-012,STY-014,1,high,41.6,56,55,0.9821,260,150,0.5769,22,82,1,0.0122,available,64,planning,1.0029,6.0,0,520,356,1,0,train,synthetic
SNAP-000547,FAC-001,2025-04-15T13:00:00+00:00,2025-04-15,LINE-04,ORD-04-012,STY-014,2,high,41.6,53,51,0.9623,260,234,0.9,0,104,6,0.0577,available,0,quality,0.8906,13.33,1,520,461,1,1,train,synthetic
SNAP-000548,FAC-001,2025-04-16T13:00:00+00:00,2025-04-16,LINE-04,ORD-04-012,STY-014,3,high,41.6,52,51,0.9808,260,258,0.9923,0,121,6,0.0496,available,0,none,0.8571,7.33,1,520,515,1,0,train,synthetic
SNAP-000549,FAC-001,2025-04-17T13:00:00+00:00,2025-04-17,LINE-04,ORD-04-012,STY-014,4,high,41.6,52,51,0.9808,260,272,1.0462,0,124,4,0.0323,available,0,none,0.8538,7.33,1,520,522,0,0,train,synthetic
SNAP-000550,FAC-001,2025-04-19T13:00:00+00:00,2025-04-19,LINE-04,ORD-04-012,STY-014,5,high,41.6,52,50,0.9615,260,148,0.5692,0,69,8,0.1159,critical,0,material,0.9603,6.33,0,520,309,1,1,train,synthetic
SNAP-000551,FAC-001,2025-04-20T13:00:00+00:00,2025-04-20,LINE-04,ORD-04-012,STY-014,6,high,41.6,56,53,0.9464,260,260,1.0,0,140,4,0.0286,available,0,none,0.8628,6.33,1,520,512,1,0,train,synthetic
SNAP-000552,FAC-001,2025-04-21T13:00:00+00:00,2025-04-21,LINE-04,ORD-04-012,STY-014,7,high,41.6,54,49,0.9074,165,159,0.9636,0,88,5,0.0568,available,0,quality,0.8609,6.33,1,325,312,1,1,train,synthetic
SNAP-000553,FAC-001,2025-04-22T13:00:00+00:00,2025-04-22,LINE-04,ORD-04-012,STY-014,8,high,41.6,55,53,0.9636,8,8,1.0,0,4,0,0.0,available,0,none,0.8463,0.0,1,13,13,0,0,train,synthetic
SNAP-000554,FAC-001,2025-04-23T13:00:00+00:00,2025-04-23,LINE-04,ORD-04-013,STY-015,1,medium,18.7,54,48,0.8889,585,324,0.5538,0,164,3,0.0183,available,85,manpower,0.9815,0.0,0,1170,751,1,0,train,synthetic
SNAP-000555,FAC-001,2025-04-24T13:00:00+00:00,2025-04-24,LINE-04,ORD-04-013,STY-015,2,medium,18.7,53,51,0.9623,585,513,0.8769,0,263,13,0.0494,available,0,none,0.8673,0.0,1,1170,1045,1,0,train,synthetic
SNAP-000556,FAC-001,2025-04-26T13:00:00+00:00,2025-04-26,LINE-04,ORD-04-013,STY-015,3,medium,18.7,52,51,0.9808,585,585,1.0,0,291,16,0.055,available,0,none,0.845,0.0,1,1170,1159,1,0,train,synthetic
SNAP-000557,FAC-001,2025-04-27T13:00:00+00:00,2025-04-27,LINE-04,ORD-04-013,STY-015,4,medium,18.7,53,50,0.9434,585,579,0.9897,0,290,9,0.031,available,0,none,0.8419,0.0,1,1170,1153,1,0,train,synthetic
SNAP-000558,FAC-001,2025-04-28T13:00:00+00:00,2025-04-28,LINE-04,ORD-04-013,STY-015,5,medium,18.7,53,44,0.8302,585,497,0.8496,0,212,4,0.0189,available,0,manpower,0.9564,0.0,1,1170,1006,1,0,train,synthetic
SNAP-000559,FAC-001,2025-04-29T13:00:00+00:00,2025-04-29,LINE-04,ORD-04-013,STY-015,6,medium,18.7,53,51,0.9623,585,595,1.0171,0,279,9,0.0323,available,0,none,0.9453,0.0,1,1170,1181,0,0,train,synthetic
SNAP-000560,FAC-001,2025-04-30T13:00:00+00:00,2025-04-30,LINE-04,ORD-04-013,STY-015,7,medium,18.7,52,50,0.9615,585,603,1.0308,0,292,10,0.0342,available,0,none,0.9516,0.0,0,1170,1182,0,0,train,synthetic
SNAP-000561,FAC-001,2025-05-01T13:00:00+00:00,2025-05-01,LINE-04,ORD-04-013,STY-015,8,medium,18.7,52,50,0.9615,585,585,1.0,0,285,11,0.0386,available,0,none,0.9598,0.0,0,1170,1157,1,0,validation,synthetic
SNAP-000562,FAC-001,2025-05-03T13:00:00+00:00,2025-05-03,LINE-04,ORD-04-013,STY-015,9,medium,18.7,55,53,0.9636,410,382,0.9317,0,175,14,0.08,available,0,quality,1.0028,0.0,1,816,753,1,1,validation,synthetic
SNAP-000563,FAC-001,2025-05-04T13:00:00+00:00,2025-05-04,LINE-04,ORD-04-013,STY-015,10,medium,18.7,52,51,0.9808,33,33,1.0,8,15,1,0.0667,available,0,quality,0.974,0.0,1,63,63,0,1,validation,synthetic
SNAP-000564,FAC-001,2025-05-05T13:00:00+00:00,2025-05-05,LINE-04,ORD-04-014,STY-029,1,high,27.5,55,51,0.9273,400,198,0.495,20,86,7,0.0814,available,97,quality,0.9706,5.67,0,800,503,1,1,validation,synthetic
SNAP-000565,FAC-001,2025-05-06T13:00:00+00:00,2025-05-06,LINE-04,ORD-04-014,STY-029,2,high,27.5,52,43,0.8269,400,314,0.785,0,160,8,0.05,available,0,manpower,0.8505,12.33,1,800,617,1,0,validation,synthetic
SNAP-000566,FAC-001,2025-05-07T13:00:00+00:00,2025-05-07,LINE-04,ORD-04-014,STY-029,3,high,27.5,53,51,0.9623,400,395,0.9875,0,159,9,0.0566,available,0,quality,0.8,12.33,1,800,783,1,0,validation,synthetic
SNAP-000567,FAC-001,2025-05-08T13:00:00+00:00,2025-05-08,LINE-04,ORD-04-014,STY-029,4,high,27.5,54,51,0.9444,400,404,1.01,0,173,8,0.0462,available,0,none,0.7929,6.67,1,800,794,1,0,validation,synthetic
SNAP-000568,FAC-001,2025-05-10T13:00:00+00:00,2025-05-10,LINE-04,ORD-04-014,STY-029,5,high,27.5,56,54,0.9643,400,417,1.0425,0,222,5,0.0225,available,0,none,0.9142,0.0,1,800,790,1,0,validation,synthetic
SNAP-000569,FAC-001,2025-05-11T13:00:00+00:00,2025-05-11,LINE-04,ORD-04-014,STY-029,6,high,27.5,55,53,0.9636,400,411,1.0275,0,202,12,0.0594,available,0,quality,0.9863,8.33,1,800,819,0,1,validation,synthetic
SNAP-000570,FAC-001,2025-05-12T13:00:00+00:00,2025-05-12,LINE-04,ORD-04-014,STY-029,7,high,27.5,56,53,0.9464,324,323,0.9969,0,164,11,0.0671,available,0,quality,1.0012,8.33,0,644,622,1,1,validation,synthetic
SNAP-000571,FAC-001,2025-05-13T13:00:00+00:00,2025-05-13,LINE-04,ORD-04-014,STY-029,8,high,27.5,53,50,0.9434,12,12,1.0,0,5,0,0.0,available,0,none,0.9924,8.33,1,22,22,0,0,validation,synthetic
SNAP-000572,FAC-001,2025-05-14T13:00:00+00:00,2025-05-14,LINE-04,ORD-04-015,STY-031,1,medium,22.0,55,52,0.9455,500,282,0.564,0,142,7,0.0493,available,132,method,0.9965,0.0,0,1000,686,1,0,validation,synthetic
SNAP-000573,FAC-001,2025-05-15T13:00:00+00:00,2025-05-15,LINE-04,ORD-04-015,STY-031,2,medium,22.0,52,51,0.9808,500,430,0.86,0,221,19,0.086,available,0,quality,0.8839,0.0,1,1000,782,1,1,validation,synthetic
SNAP-000574,FAC-001,2025-05-17T13:00:00+00:00,2025-05-17,LINE-04,ORD-04-015,STY-031,3,medium,22.0,55,53,0.9636,500,495,0.99,0,242,7,0.0289,available,0,none,0.8227,12.0,1,1000,913,1,0,validation,synthetic
SNAP-000575,FAC-001,2025-05-18T13:00:00+00:00,2025-05-18,LINE-04,ORD-04-015,STY-031,4,medium,22.0,52,49,0.9423,500,490,0.98,0,230,10,0.0435,available,0,none,0.7937,26.0,1,1000,979,1,0,validation,synthetic
SNAP-000576,FAC-001,2025-05-19T13:00:00+00:00,2025-05-19,LINE-04,ORD-04-015,STY-031,5,medium,22.0,54,51,0.9444,220,211,0.9591,0,107,4,0.0374,available,0,none,0.8913,26.0,1,440,427,1,0,validation,synthetic
SNAP-000577,FAC-001,2025-05-20T13:00:00+00:00,2025-05-20,LINE-04,ORD-04-015,STY-031,6,medium,22.0,53,50,0.9434,8,7,0.875,29,3,0,0.0,minor,0,none,0.9542,14.0,1,13,12,1,0,validation,synthetic
SNAP-000578,FAC-001,2025-05-21T13:00:00+00:00,2025-05-21,LINE-04,ORD-04-015,STY-031,7,medium,22.0,53,50,0.9434,1,1,1.0,0,1,0,0.0,available,0,none,0.9575,9.67,1,1,1,0,0,validation,synthetic
SNAP-000579,FAC-001,2025-05-22T13:00:00+00:00,2025-05-22,LINE-04,ORD-04-016,STY-009,1,high,28.8,52,50,0.9615,380,212,0.5579,0,86,3,0.0349,available,133,method,0.9645,9.67,0,760,512,1,0,validation,synthetic
SNAP-000580,FAC-001,2025-05-24T13:00:00+00:00,2025-05-24,LINE-04,ORD-04-016,STY-009,2,high,28.8,52,49,0.9423,380,333,0.8763,0,136,5,0.0368,available,0,none,0.8656,9.67,1,760,669,1,0,validation,synthetic
SNAP-000581,FAC-001,2025-05-25T13:00:00+00:00,2025-05-25,LINE-04,ORD-04-016,STY-009,3,high,28.8,52,51,0.9808,380,376,0.9895,0,181,5,0.0276,available,0,none,0.8513,0.0,1,760,745,1,0,validation,synthetic
SNAP-000582,FAC-001,2025-05-26T13:00:00+00:00,2025-05-26,LINE-04,ORD-04-016,STY-009,4,high,28.8,55,53,0.9636,380,393,1.0342,0,204,7,0.0343,available,0,none,0.8447,0.0,1,760,782,0,0,validation,synthetic
SNAP-000583,FAC-001,2025-05-27T13:00:00+00:00,2025-05-27,LINE-04,ORD-04-016,STY-009,5,high,28.8,53,50,0.9434,380,370,0.9737,0,178,5,0.0281,available,0,none,0.9632,0.0,0,760,728,1,0,validation,synthetic
SNAP-000584,FAC-001,2025-05-28T13:00:00+00:00,2025-05-28,LINE-04,ORD-04-016,STY-009,6,high,28.8,54,50,0.9259,380,377,0.9921,0,185,7,0.0378,available,0,none,0.989,2.67,1,760,747,1,0,validation,synthetic
SNAP-000585,FAC-001,2025-05-29T13:00:00+00:00,2025-05-29,LINE-04,ORD-04-016,STY-009,7,high,28.8,55,52,0.9455,380,379,0.9974,0,192,4,0.0208,available,0,none,0.9899,2.67,1,760,755,1,0,validation,synthetic
SNAP-000586,FAC-001,2025-05-31T13:00:00+00:00,2025-05-31,LINE-04,ORD-04-016,STY-009,8,high,28.8,52,50,0.9615,380,384,1.0105,0,193,7,0.0363,available,0,none,0.9781,2.67,1,760,772,0,0,validation,synthetic
SNAP-000587,FAC-001,2025-06-01T13:00:00+00:00,2025-06-01,LINE-04,ORD-04-016,STY-009,9,high,28.8,55,53,0.9636,195,204,1.0462,0,89,0,0.0,available,0,none,0.9974,0.0,0,390,390,0,0,test,synthetic
SNAP-000588,FAC-001,2025-06-02T13:00:00+00:00,2025-06-02,LINE-04,ORD-04-017,STY-029,1,high,27.5,52,51,0.9808,400,263,0.6575,0,122,7,0.0574,available,63,quality,1.0031,0.0,0,800,599,1,0,test,synthetic
SNAP-000589,FAC-001,2025-06-03T13:00:00+00:00,2025-06-03,LINE-04,ORD-04-017,STY-029,2,high,27.5,55,53,0.9636,400,363,0.9075,0,169,13,0.0769,available,0,quality,0.9215,0.0,1,800,718,1,1,test,synthetic
SNAP-000590,FAC-001,2025-06-04T13:00:00+00:00,2025-06-04,LINE-04,ORD-04-017,STY-029,3,high,27.5,52,50,0.9615,400,385,0.9625,0,202,10,0.0495,available,0,none,0.8821,0.0,1,800,771,1,0,test,synthetic
SNAP-000591,FAC-001,2025-06-05T13:00:00+00:00,2025-06-05,LINE-04,ORD-04-017,STY-029,4,high,27.5,53,52,0.9811,400,412,1.03,0,180,9,0.05,available,0,none,0.87,0.0,1,800,805,0,0,test,synthetic
SNAP-000592,FAC-001,2025-06-07T13:00:00+00:00,2025-06-07,LINE-04,ORD-04-017,STY-029,5,high,27.5,55,53,0.9636,400,386,0.965,31,171,7,0.0409,available,0,none,0.9558,0.0,0,800,772,1,0,test,synthetic
SNAP-000593,FAC-001,2025-06-08T13:00:00+00:00,2025-06-08,LINE-04,ORD-04-017,STY-029,6,high,27.5,56,53,0.9464,400,386,0.965,18,200,12,0.06,available,0,quality,0.9783,10.33,1,800,791,1,1,test,synthetic
SNAP-000594,FAC-001,2025-06-09T13:00:00+00:00,2025-06-09,LINE-04,ORD-04-017,STY-029,7,high,27.5,54,47,0.8704,400,335,0.8375,29,125,7,0.056,available,0,manpower,0.9867,16.33,1,800,698,1,0,test,synthetic
SNAP-000595,FAC-001,2025-06-10T13:00:00+00:00,2025-06-10,LINE-04,ORD-04-017,STY-029,8,high,27.5,56,54,0.9643,400,413,1.0325,0,215,11,0.0512,available,0,none,0.9421,26.0,1,800,826,0,0,test,synthetic
SNAP-000596,FAC-001,2025-06-11T13:00:00+00:00,2025-06-11,LINE-04,ORD-04-017,STY-029,9,high,27.5,56,53,0.9464,400,412,1.03,0,205,6,0.0293,available,0,none,0.9646,15.67,0,800,826,0,0,test,synthetic
SNAP-000597,FAC-001,2025-06-12T13:00:00+00:00,2025-06-12,LINE-04,ORD-04-017,STY-029,10,high,27.5,54,53,0.9815,124,134,1.0806,0,68,3,0.0441,available,0,none,0.9792,9.67,0,244,244,0,0,test,synthetic
SNAP-000598,FAC-001,2025-06-14T13:00:00+00:00,2025-06-14,LINE-04,ORD-04-018,STY-027,1,high,27.7,52,51,0.9808,395,264,0.6684,0,139,7,0.0504,available,61,planning,1.0217,0.0,0,790,572,1,0,test,synthetic
SNAP-000599,FAC-001,2025-06-15T13:00:00+00:00,2025-06-15,LINE-04,ORD-04-018,STY-027,2,high,27.7,54,53,0.9815,395,295,0.7468,46,154,7,0.0455,available,0,machine,0.9189,0.0,1,790,654,1,0,test,synthetic
SNAP-000600,FAC-001,2025-06-16T13:00:00+00:00,2025-06-16,LINE-04,ORD-04-018,STY-027,3,high,27.7,55,54,0.9818,395,319,0.8076,50,152,6,0.0395,available,0,machine,0.8506,15.33,1,790,633,1,0,test,synthetic
SNAP-000601,FAC-001,2025-06-17T13:00:00+00:00,2025-06-17,LINE-04,ORD-04-018,STY-027,4,high,27.7,55,53,0.9636,395,408,1.0329,0,198,16,0.0808,available,0,quality,0.7844,48.67,1,790,808,0,1,test,synthetic
SNAP-000602,FAC-001,2025-06-18T13:00:00+00:00,2025-06-18,LINE-04,ORD-04-018,STY-027,5,high,27.7,54,53,0.9815,395,406,1.0278,0,191,16,0.0838,available,0,quality,0.884,48.67,0,790,822,0,1,test,synthetic
SNAP-000603,FAC-001,2025-06-19T13:00:00+00:00,2025-06-19,LINE-04,ORD-04-018,STY-027,6,high,27.7,56,54,0.9643,395,303,0.7671,0,133,5,0.0376,critical,0,material,0.9549,33.33,0,790,608,1,0,test,synthetic
SNAP-000604,FAC-001,2025-06-21T13:00:00+00:00,2025-06-21,LINE-04,ORD-04-018,STY-027,7,high,27.7,55,54,0.9818,395,360,0.9114,32,162,6,0.037,available,0,none,0.9443,0.0,1,790,741,1,0,test,synthetic
SNAP-000605,FAC-001,2025-06-22T13:00:00+00:00,2025-06-22,LINE-04,ORD-04-018,STY-027,8,high,27.7,53,52,0.9811,382,387,1.0131,0,183,9,0.0492,available,0,none,0.916,16.67,1,762,762,0,0,test,synthetic
SNAP-000606,FAC-001,2025-06-23T13:00:00+00:00,2025-06-23,LINE-04,ORD-04-019,STY-015,1,medium,18.7,56,54,0.9643,585,314,0.5368,0,159,8,0.0503,available,104,method,0.9025,16.67,0,1170,790,1,0,test,synthetic
SNAP-000607,FAC-001,2025-06-24T13:00:00+00:00,2025-06-24,LINE-04,ORD-04-019,STY-015,2,medium,18.7,56,55,0.9821,585,533,0.9111,0,273,13,0.0476,available,0,none,0.8711,16.67,1,1170,1062,1,0,test,synthetic
SNAP-000608,FAC-001,2025-06-25T13:00:00+00:00,2025-06-25,LINE-04,ORD-04-019,STY-015,3,medium,18.7,52,46,0.8846,585,543,0.9282,0,270,9,0.0333,available,0,manpower,0.861,0.0,1,1170,1059,1,0,test,synthetic
SNAP-000609,FAC-001,2025-06-26T13:00:00+00:00,2025-06-26,LINE-04,ORD-04-019,STY-015,4,medium,18.7,55,51,0.9273,585,554,0.947,0,294,13,0.0442,available,0,none,0.8293,0.0,1,1170,1143,1,0,test,synthetic
SNAP-000610,FAC-001,2025-06-28T13:00:00+00:00,2025-06-28,LINE-04,ORD-04-019,STY-015,5,medium,18.7,53,45,0.8491,585,485,0.8291,0,226,24,0.1062,available,0,manpower,0.9299,0.0,1,1170,937,1,1,test,synthetic
SNAP-000611,FAC-001,2025-06-29T13:00:00+00:00,2025-06-29,LINE-04,ORD-04-019,STY-015,6,medium,18.7,56,53,0.9464,585,519,0.8872,0,243,27,0.1111,available,0,quality,0.8943,0.0,1,1170,1023,1,1,test,synthetic
SNAP-000612,FAC-001,2025-06-30T13:00:00+00:00,2025-06-30,LINE-04,ORD-04-019,STY-015,7,medium,18.7,53,50,0.9434,585,538,0.9197,0,274,20,0.073,available,0,quality,0.884,0.0,1,1170,1062,1,1,test,synthetic
SNAP-000613,FAC-001,2025-01-04T13:00:00+00:00,2025-01-04,LINE-05,ORD-05-001,STY-016,1,medium,17.7,49,47,0.9592,580,317,0.5466,0,177,8,0.0452,available,101,method,0.92,0.0,0,1160,740,1,0,train,synthetic
SNAP-000614,FAC-001,2025-01-05T13:00:00+00:00,2025-01-05,LINE-05,ORD-05-001,STY-016,2,medium,17.7,52,46,0.8846,580,490,0.8448,0,267,11,0.0412,available,0,manpower,0.6379,0.0,1,1160,965,1,0,train,synthetic
SNAP-000615,FAC-001,2025-01-06T13:00:00+00:00,2025-01-06,LINE-05,ORD-05-001,STY-016,3,medium,17.7,52,50,0.9615,580,395,0.681,0,208,17,0.0817,critical,0,material,0.7349,0.0,1,1160,766,1,1,train,synthetic
SNAP-000616,FAC-001,2025-01-07T13:00:00+00:00,2025-01-07,LINE-05,ORD-05-001,STY-016,4,medium,17.7,49,43,0.8776,580,450,0.7759,45,233,12,0.0515,available,0,machine,0.7101,6.0,1,1160,998,1,1,train,synthetic
SNAP-000617,FAC-001,2025-01-08T13:00:00+00:00,2025-01-08,LINE-05,ORD-05-001,STY-016,5,medium,17.7,48,47,0.9792,580,605,1.0431,0,317,12,0.0379,available,0,none,0.7842,21.0,1,1160,1227,0,0,train,synthetic
SNAP-000618,FAC-001,2025-01-09T13:00:00+00:00,2025-01-09,LINE-05,ORD-05-001,STY-016,6,medium,17.7,49,48,0.9796,580,597,1.0293,0,252,12,0.0476,available,0,none,0.8595,21.0,0,1160,1185,0,0,train,synthetic
SNAP-000619,FAC-001,2025-01-11T13:00:00+00:00,2025-01-11,LINE-05,ORD-05-001,STY-016,7,medium,17.7,50,44,0.88,580,544,0.9379,0,283,7,0.0247,available,0,manpower,0.9799,15.0,0,1160,1083,1,0,train,synthetic
SNAP-000620,FAC-001,2025-01-12T13:00:00+00:00,2025-01-12,LINE-05,ORD-05-001,STY-016,8,medium,17.7,52,48,0.9231,580,583,1.0052,0,264,9,0.0341,available,0,none,1.0043,0.0,1,1160,1148,1,1,train,synthetic
SNAP-000621,FAC-001,2025-01-13T13:00:00+00:00,2025-01-13,LINE-05,ORD-05-001,STY-016,9,medium,17.7,52,49,0.9423,580,351,0.6052,86,177,8,0.0452,minor,0,machine,0.9816,0.0,1,1160,833,1,0,train,synthetic
SNAP-000622,FAC-001,2025-01-14T13:00:00+00:00,2025-01-14,LINE-05,ORD-05-001,STY-016,10,medium,17.7,49,45,0.9184,580,580,1.0,0,284,9,0.0317,available,0,none,0.8805,28.67,1,1160,1138,1,0,train,synthetic
SNAP-000623,FAC-001,2025-01-15T13:00:00+00:00,2025-01-15,LINE-05,ORD-05-001,STY-016,11,medium,17.7,49,48,0.9796,580,434,0.7483,0,209,9,0.0431,critical,0,material,0.8963,28.67,1,1160,877,1,0,train,synthetic
SNAP-000624,FAC-001,2025-01-16T13:00:00+00:00,2025-01-16,LINE-05,ORD-05-001,STY-016,12,medium,17.7,49,47,0.9592,320,324,1.0125,0,142,5,0.0352,available,0,none,0.8184,28.67,1,640,640,0,0,train,synthetic
SNAP-000625,FAC-001,2025-01-18T13:00:00+00:00,2025-01-18,LINE-05,ORD-05-002,STY-027,1,high,27.7,52,51,0.9808,370,206,0.5568,0,82,2,0.0244,available,109,method,0.9124,0.0,0,740,509,1,0,train,synthetic
SNAP-000626,FAC-001,2025-01-19T13:00:00+00:00,2025-01-19,LINE-05,ORD-05-002,STY-027,2,high,27.7,51,48,0.9412,370,296,0.8,30,152,11,0.0724,available,0,quality,0.8146,0.0,1,740,606,1,1,train,synthetic
SNAP-000627,FAC-001,2025-01-20T13:00:00+00:00,2025-01-20,LINE-05,ORD-05-002,STY-027,3,high,27.7,52,50,0.9615,370,355,0.9595,0,179,15,0.0838,available,0,quality,0.8356,12.67,1,740,709,1,1,train,synthetic
SNAP-000628,FAC-001,2025-01-21T13:00:00+00:00,2025-01-21,LINE-05,ORD-05-002,STY-027,4,high,27.7,49,45,0.9184,370,286,0.773,41,152,10,0.0658,available,0,machine,0.8216,12.67,1,740,618,1,1,train,synthetic
SNAP-000629,FAC-001,2025-01-22T13:00:00+00:00,2025-01-22,LINE-05,ORD-05-002,STY-027,5,high,27.7,52,50,0.9615,370,331,0.8946,0,154,10,0.0649,minor,0,quality,0.8707,26.33,1,740,665,1,1,train,synthetic
SNAP-000630,FAC-001,2025-01-23T13:00:00+00:00,2025-01-23,LINE-05,ORD-05-002,STY-027,6,high,27.7,48,47,0.9792,370,393,1.0622,0,189,8,0.0423,available,0,none,0.8973,13.67,1,740,776,0,0,train,synthetic
SNAP-000631,FAC-001,2025-01-25T13:00:00+00:00,2025-01-25,LINE-05,ORD-05-002,STY-027,7,high,27.7,49,46,0.9388,370,361,0.9757,0,161,6,0.0373,available,0,none,0.9275,13.67,0,740,723,1,0,train,synthetic
SNAP-000632,FAC-001,2025-01-26T13:00:00+00:00,2025-01-26,LINE-05,ORD-05-002,STY-027,8,high,27.7,52,48,0.9231,370,358,0.9676,0,200,12,0.06,available,0,quality,0.9748,0.0,1,740,708,1,0,train,synthetic
SNAP-000633,FAC-001,2025-01-27T13:00:00+00:00,2025-01-27,LINE-05,ORD-05-002,STY-027,9,high,27.7,49,48,0.9796,345,338,0.9797,26,168,7,0.0417,available,0,none,0.9941,0.0,1,686,671,1,0,train,synthetic
SNAP-000634,FAC-001,2025-01-28T13:00:00+00:00,2025-01-28,LINE-05,ORD-05-002,STY-027,10,high,27.7,51,49,0.9608,10,10,1.0,0,5,0,0.0,available,0,none,0.9706,14.33,1,15,15,0,0,train,synthetic
SNAP-000635,FAC-001,2025-01-29T13:00:00+00:00,2025-01-29,LINE-05,ORD-05-003,STY-031,1,medium,22.0,50,49,0.98,470,278,0.5915,0,109,2,0.0183,available,88,planning,0.9783,14.33,0,940,662,1,0,train,synthetic
SNAP-000636,FAC-001,2025-01-30T13:00:00+00:00,2025-01-30,LINE-05,ORD-05-003,STY-031,2,medium,22.0,50,48,0.96,470,432,0.9191,0,214,4,0.0187,available,0,none,0.8941,17.0,1,940,795,1,0,train,synthetic
SNAP-000637,FAC-001,2025-02-01T13:00:00+00:00,2025-02-01,LINE-05,ORD-05-003,STY-031,3,medium,22.0,48,45,0.9375,470,460,0.9787,0,227,8,0.0352,available,0,none,0.85,13.67,1,940,876,1,0,train,synthetic
SNAP-000638,FAC-001,2025-02-02T13:00:00+00:00,2025-02-02,LINE-05,ORD-05-003,STY-031,4,medium,22.0,48,45,0.9375,470,421,0.8957,0,219,17,0.0776,available,0,quality,0.8273,13.67,1,940,838,1,1,train,synthetic
SNAP-000639,FAC-001,2025-02-03T13:00:00+00:00,2025-02-03,LINE-05,ORD-05-003,STY-031,5,medium,22.0,48,46,0.9583,470,494,1.0511,0,201,6,0.0299,available,0,none,0.8897,11.0,1,940,964,0,0,train,synthetic
SNAP-000640,FAC-001,2025-02-04T13:00:00+00:00,2025-02-04,LINE-05,ORD-05-003,STY-031,6,medium,22.0,51,47,0.9216,470,454,0.966,0,197,9,0.0457,available,0,none,0.9496,0.0,0,940,919,1,0,train,synthetic
SNAP-000641,FAC-001,2025-02-05T13:00:00+00:00,2025-02-05,LINE-05,ORD-05-003,STY-031,7,medium,22.0,51,48,0.9412,125,125,1.0,0,52,2,0.0385,available,0,none,0.9649,2.67,1,246,245,1,0,train,synthetic
SNAP-000642,FAC-001,2025-02-06T13:00:00+00:00,2025-02-06,LINE-05,ORD-05-003,STY-031,8,medium,22.0,48,46,0.9583,1,1,1.0,0,0,0,0.0,available,0,none,0.9997,2.67,1,1,1,0,0,train,synthetic
SNAP-000643,FAC-001,2025-02-08T13:00:00+00:00,2025-02-08,LINE-05,ORD-05-004,STY-011,1,high,26.3,51,50,0.9804,390,277,0.7103,0,116,3,0.0259,available,50,planning,0.9912,2.67,0,780,592,1,0,train,synthetic
SNAP-000644,FAC-001,2025-02-09T13:00:00+00:00,2025-02-09,LINE-05,ORD-05-004,STY-011,2,high,26.3,52,49,0.9423,390,331,0.8487,0,161,7,0.0435,available,0,none,0.9183,0.0,1,780,676,1,0,train,synthetic
SNAP-000645,FAC-001,2025-02-10T13:00:00+00:00,2025-02-10,LINE-05,ORD-05-004,STY-011,3,high,26.3,50,49,0.98,390,309,0.7923,55,148,4,0.027,available,0,machine,0.8752,0.0,1,780,697,1,1,train,synthetic
SNAP-000646,FAC-001,2025-02-11T13:00:00+00:00,2025-02-11,LINE-05,ORD-05-004,STY-011,4,high,26.3,49,48,0.9796,390,397,1.0179,0,163,7,0.0429,available,0,none,0.8397,18.33,1,780,807,0,0,train,synthetic
SNAP-000647,FAC-001,2025-02-12T13:00:00+00:00,2025-02-12,LINE-05,ORD-05-004,STY-011,5,high,26.3,50,47,0.94,390,380,0.9744,0,171,9,0.0526,available,0,none,0.9316,18.33,0,780,768,1,0,train,synthetic
SNAP-000648,FAC-001,2025-02-13T13:00:00+00:00,2025-02-13,LINE-05,ORD-05-004,STY-011,6,high,26.3,48,45,0.9375,390,381,0.9769,0,178,14,0.0787,available,0,quality,0.9709,18.33,1,780,766,1,1,train,synthetic
SNAP-000649,FAC-001,2025-02-15T13:00:00+00:00,2025-02-15,LINE-05,ORD-05-004,STY-011,7,high,26.3,48,46,0.9583,349,238,0.6819,55,116,4,0.0345,minor,0,machine,1.0004,0.0,1,694,530,1,0,train,synthetic
SNAP-000650,FAC-001,2025-02-16T13:00:00+00:00,2025-02-16,LINE-05,ORD-05-004,STY-011,8,high,26.3,51,48,0.9412,84,80,0.9524,0,39,2,0.0513,available,0,none,0.9101,18.33,1,164,160,1,0,train,synthetic
SNAP-000651,FAC-001,2025-02-17T13:00:00+00:00,2025-02-17,LINE-05,ORD-05-004,STY-011,9,high,26.3,51,50,0.9804,4,4,1.0,0,1,0,0.0,available,0,none,0.9071,18.33,1,4,4,0,0,train,synthetic
SNAP-000652,FAC-001,2025-02-18T13:00:00+00:00,2025-02-18,LINE-05,ORD-05-005,STY-025,1,high,26.4,50,48,0.96,390,186,0.4769,25,86,3,0.0349,available,113,method,0.9131,18.33,0,780,496,1,0,train,synthetic
SNAP-000653,FAC-001,2025-02-19T13:00:00+00:00,2025-02-19,LINE-05,ORD-05-005,STY-025,2,high,26.4,48,45,0.9375,390,339,0.8692,10,194,7,0.0361,available,0,none,0.8705,8.33,1,780,683,1,0,train,synthetic
SNAP-000654,FAC-001,2025-02-20T13:00:00+00:00,2025-02-20,LINE-05,ORD-05-005,STY-025,3,high,26.4,51,48,0.9412,390,214,0.5487,0,102,3,0.0294,critical,0,material,0.8372,11.67,1,780,429,1,0,train,synthetic
SNAP-000655,FAC-001,2025-02-22T13:00:00+00:00,2025-02-22,LINE-05,ORD-05-005,STY-025,4,high,26.4,49,46,0.9388,390,383,0.9821,0,160,5,0.0312,available,0,none,0.6872,11.67,1,780,777,1,0,train,synthetic
SNAP-000656,FAC-001,2025-02-23T13:00:00+00:00,2025-02-23,LINE-05,ORD-05-005,STY-025,5,high,26.4,48,45,0.9375,390,402,1.0308,0,199,8,0.0402,available,0,none,0.8073,3.33,1,780,793,0,0,train,synthetic
SNAP-000657,FAC-001,2025-02-24T13:00:00+00:00,2025-02-24,LINE-05,ORD-05-005,STY-025,6,high,26.4,48,47,0.9792,390,404,1.0359,0,187,12,0.0642,available,0,quality,0.8543,0.0,0,780,817,0,0,train,synthetic
SNAP-000658,FAC-001,2025-02-25T13:00:00+00:00,2025-02-25,LINE-05,ORD-05-005,STY-025,7,high,26.4,51,48,0.9412,390,404,1.0359,0,209,7,0.0335,available,0,none,1.0201,0.0,0,780,791,0,0,train,synthetic
SNAP-000659,FAC-001,2025-02-26T13:00:00+00:00,2025-02-26,LINE-05,ORD-05-005,STY-025,8,high,26.4,49,48,0.9796,390,413,1.059,0,204,9,0.0441,available,0,none,1.0261,0.0,0,780,801,0,0,train,synthetic
SNAP-000660,FAC-001,2025-02-27T13:00:00+00:00,2025-02-27,LINE-05,ORD-05-005,STY-025,9,high,26.4,49,48,0.9796,83,85,1.0241,0,35,1,0.0286,available,0,none,1.0295,0.0,0,163,163,0,0,train,synthetic
SNAP-000661,FAC-001,2025-03-01T13:00:00+00:00,2025-03-01,LINE-05,ORD-05-006,STY-028,1,high,32.6,49,47,0.9592,315,195,0.619,0,82,9,0.1098,available,75,quality,1.0137,0.0,0,630,446,1,1,train,synthetic
SNAP-000662,FAC-001,2025-03-02T13:00:00+00:00,2025-03-02,LINE-05,ORD-05-006,STY-028,2,high,32.6,48,46,0.9583,315,277,0.8794,0,138,4,0.029,available,0,none,0.9116,0.0,1,630,545,1,0,train,synthetic
SNAP-000663,FAC-001,2025-03-03T13:00:00+00:00,2025-03-03,LINE-05,ORD-05-006,STY-028,3,high,32.6,51,50,0.9804,315,302,0.9587,0,163,10,0.0613,available,0,quality,0.8577,0.0,1,630,606,1,1,train,synthetic
SNAP-000664,FAC-001,2025-03-04T13:00:00+00:00,2025-03-04,LINE-05,ORD-05-006,STY-028,4,high,32.6,49,47,0.9592,315,256,0.8127,53,128,5,0.0391,available,0,machine,0.845,0.0,1,630,571,1,0,train,synthetic
SNAP-000665,FAC-001,2025-03-05T13:00:00+00:00,2025-03-05,LINE-05,ORD-05-006,STY-028,5,high,32.6,52,50,0.9615,315,332,1.054,0,166,7,0.0422,available,0,none,0.9111,17.67,1,630,657,0,1,train,synthetic
SNAP-000666,FAC-001,2025-03-06T13:00:00+00:00,2025-03-06,LINE-05,ORD-05-006,STY-028,6,high,32.6,48,47,0.9792,315,328,1.0413,0,161,10,0.0621,available,0,quality,0.9704,17.67,0,630,634,0,0,train,synthetic
SNAP-000667,FAC-001,2025-03-08T13:00:00+00:00,2025-03-08,LINE-05,ORD-05-006,STY-028,7,high,32.6,48,45,0.9375,315,186,0.5905,0,88,5,0.0568,critical,0,material,0.9852,17.67,0,630,371,1,0,train,synthetic
SNAP-000668,FAC-001,2025-03-09T13:00:00+00:00,2025-03-09,LINE-05,ORD-05-006,STY-028,8,high,32.6,51,49,0.9608,185,193,1.0432,0,90,3,0.0333,available,0,none,0.8794,0.0,1,370,370,0,0,train,synthetic
SNAP-000669,FAC-001,2025-03-10T13:00:00+00:00,2025-03-10,LINE-05,ORD-05-007,STY-030,1,high,37.0,49,46,0.9388,275,144,0.5236,0,73,2,0.0274,available,141,method,0.8651,0.0,0,550,352,1,0,train,synthetic
SNAP-000670,FAC-001,2025-03-11T13:00:00+00:00,2025-03-11,LINE-05,ORD-05-007,STY-030,2,high,37.0,50,46,0.92,275,239,0.8691,0,108,2,0.0185,available,0,none,0.743,2.67,1,550,478,1,0,train,synthetic
SNAP-000671,FAC-001,2025-03-12T13:00:00+00:00,2025-03-12,LINE-05,ORD-05-007,STY-030,3,high,37.0,51,49,0.9608,275,268,0.9745,0,112,5,0.0446,available,0,none,0.8364,2.67,1,550,537,1,0,train,synthetic
SNAP-000672,FAC-001,2025-03-13T13:00:00+00:00,2025-03-13,LINE-05,ORD-05-007,STY-030,4,high,37.0,52,50,0.9615,275,275,1.0,0,129,6,0.0465,available,0,none,0.8285,2.67,1,550,539,1,0,train,synthetic
SNAP-000673,FAC-001,2025-03-15T13:00:00+00:00,2025-03-15,LINE-05,ORD-05-007,STY-030,5,high,37.0,48,47,0.9792,149,133,0.8926,0,64,3,0.0469,minor,0,none,0.9418,0.0,1,294,255,1,0,train,synthetic
SNAP-000674,FAC-001,2025-03-16T13:00:00+00:00,2025-03-16,LINE-05,ORD-05-007,STY-030,6,high,37.0,50,49,0.98,20,17,0.85,38,8,1,0.125,available,0,machine,0.9412,0.0,1,39,34,1,1,train,synthetic
SNAP-000675,FAC-001,2025-03-17T13:00:00+00:00,2025-03-17,LINE-05,ORD-05-007,STY-030,7,high,37.0,48,45,0.9375,5,5,1.0,0,5,0,0.0,available,0,none,0.9064,12.67,1,5,5,0,0,train,synthetic
SNAP-000676,FAC-001,2025-03-18T13:00:00+00:00,2025-03-18,LINE-05,ORD-05-008,STY-029,1,high,27.5,48,45,0.9375,375,201,0.536,0,94,5,0.0532,available,137,method,0.913,12.67,0,750,498,1,0,train,synthetic
SNAP-000677,FAC-001,2025-03-19T13:00:00+00:00,2025-03-19,LINE-05,ORD-05-008,STY-029,2,high,27.5,52,43,0.8269,375,303,0.808,0,152,7,0.0461,available,0,manpower,0.8453,12.67,1,750,583,1,0,train,synthetic
SNAP-000678,FAC-001,2025-03-20T13:00:00+00:00,2025-03-20,LINE-05,ORD-05-008,STY-029,3,high,27.5,51,48,0.9412,375,357,0.952,0,173,7,0.0405,available,0,none,0.8138,0.0,1,750,710,1,0,train,synthetic
SNAP-000679,FAC-001,2025-03-22T13:00:00+00:00,2025-03-22,LINE-05,ORD-05-008,STY-029,4,high,27.5,48,47,0.9792,375,328,0.8747,0,169,10,0.0592,minor,0,quality,0.796,0.0,1,750,660,1,0,train,synthetic
SNAP-000680,FAC-001,2025-03-23T13:00:00+00:00,2025-03-23,LINE-05,ORD-05-008,STY-029,5,high,27.5,52,51,0.9808,375,399,1.064,0,202,11,0.0545,available,0,none,0.868,0.0,1,750,727,1,0,train,synthetic
SNAP-000681,FAC-001,2025-03-24T13:00:00+00:00,2025-03-24,LINE-05,ORD-05-008,STY-029,6,high,27.5,50,48,0.96,375,387,1.032,0,182,12,0.0659,available,0,quality,0.932,14.33,1,750,752,0,0,train,synthetic
SNAP-000682,FAC-001,2025-03-25T13:00:00+00:00,2025-03-25,LINE-05,ORD-05-008,STY-029,7,high,27.5,51,49,0.9608,375,336,0.896,0,173,10,0.0578,available,0,quality,0.9507,19.0,0,750,689,1,1,train,synthetic
SNAP-000683,FAC-001,2025-03-26T13:00:00+00:00,2025-03-26,LINE-05,ORD-05-008,STY-029,8,high,27.5,51,48,0.9412,375,365,0.9733,0,192,4,0.0208,available,0,none,0.9636,19.0,1,750,742,1,0,train,synthetic
SNAP-000684,FAC-001,2025-03-27T13:00:00+00:00,2025-03-27,LINE-05,ORD-05-008,STY-029,9,high,27.5,48,45,0.9375,295,283,0.9593,0,112,3,0.0268,available,0,none,0.9702,4.67,1,589,578,1,0,train,synthetic
SNAP-000685,FAC-001,2025-03-29T13:00:00+00:00,2025-03-29,LINE-05,ORD-05-008,STY-029,10,high,27.5,51,43,0.8431,6,6,1.0,0,3,0,0.0,available,0,manpower,0.9631,0.0,1,11,11,0,0,train,synthetic
SNAP-000686,FAC-001,2025-03-30T13:00:00+00:00,2025-03-30,LINE-05,ORD-05-009,STY-013,1,high,27.4,51,48,0.9412,375,202,0.5387,0,112,1,0.0089,available,140,method,0.9902,0.0,0,750,463,1,0,train,synthetic
SNAP-000687,FAC-001,2025-03-31T13:00:00+00:00,2025-03-31,LINE-05,ORD-05-009,STY-013,2,high,27.4,48,45,0.9375,375,192,0.512,55,91,5,0.0549,minor,0,machine,0.8662,11.0,1,750,429,1,0,train,synthetic
SNAP-000688,FAC-001,2025-04-01T13:00:00+00:00,2025-04-01,LINE-05,ORD-05-009,STY-013,3,high,27.4,50,45,0.9,375,341,0.9093,0,160,10,0.0625,available,0,manpower,0.7298,29.33,1,750,673,1,0,train,synthetic
SNAP-000689,FAC-001,2025-04-02T13:00:00+00:00,2025-04-02,LINE-05,ORD-05-009,STY-013,4,high,27.4,51,48,0.9412,375,329,0.8773,33,159,3,0.0189,available,0,none,0.6956,29.33,1,750,689,1,0,train,synthetic
SNAP-000690,FAC-001,2025-04-03T13:00:00+00:00,2025-04-03,LINE-05,ORD-05-009,STY-013,5,high,27.4,52,50,0.9615,375,381,1.016,0,167,5,0.0299,available,0,none,0.796,29.33,1,750,763,0,0,train,synthetic
SNAP-000691,FAC-001,2025-04-05T13:00:00+00:00,2025-04-05,LINE-05,ORD-05-009,STY-013,6,high,27.4,50,47,0.94,375,349,0.9307,0,157,6,0.0382,minor,0,none,0.9444,11.0,0,750,648,1,0,train,synthetic
SNAP-000692,FAC-001,2025-04-06T13:00:00+00:00,2025-04-06,LINE-05,ORD-05-009,STY-013,7,high,27.4,50,49,0.98,270,269,0.9963,11,138,2,0.0145,available,0,none,0.9333,23.33,1,535,535,0,0,train,synthetic
SNAP-000693,FAC-001,2025-04-07T13:00:00+00:00,2025-04-07,LINE-05,ORD-05-010,STY-031,1,medium,22.0,49,46,0.9388,470,258,0.5489,15,129,5,0.0388,available,89,planning,0.9604,16.0,0,940,582,1,0,train,synthetic
SNAP-000694,FAC-001,2025-04-08T13:00:00+00:00,2025-04-08,LINE-05,ORD-05-010,STY-031,2,medium,22.0,48,44,0.9167,470,407,0.866,0,202,6,0.0297,available,0,none,0.8277,33.0,1,940,797,1,0,train,synthetic
SNAP-000695,FAC-001,2025-04-09T13:00:00+00:00,2025-04-09,LINE-05,ORD-05-010,STY-031,3,medium,22.0,52,50,0.9615,470,416,0.8851,0,198,11,0.0556,available,0,quality,0.8223,23.33,1,940,804,1,1,train,synthetic
SNAP-000696,FAC-001,2025-04-10T13:00:00+00:00,2025-04-10,LINE-05,ORD-05-010,STY-031,4,medium,22.0,49,42,0.8571,470,433,0.9213,0,216,10,0.0463,available,0,manpower,0.7741,19.67,1,940,862,1,0,train,synthetic
SNAP-000697,FAC-001,2025-04-12T13:00:00+00:00,2025-04-12,LINE-05,ORD-05-010,STY-031,5,medium,22.0,48,47,0.9792,470,495,1.0532,0,224,8,0.0357,available,0,none,0.8734,2.67,1,940,986,0,0,train,synthetic
SNAP-000698,FAC-001,2025-04-13T13:00:00+00:00,2025-04-13,LINE-05,ORD-05-010,STY-031,6,medium,22.0,48,46,0.9583,470,486,1.034,0,230,7,0.0304,available,0,none,0.9404,0.0,0,940,887,1,0,train,synthetic
SNAP-000699,FAC-001,2025-04-14T13:00:00+00:00,2025-04-14,LINE-05,ORD-05-010,STY-031,7,medium,22.0,50,47,0.94,470,470,1.0,0,237,3,0.0127,available,0,none,0.9699,17.33,1,940,940,0,0,train,synthetic
SNAP-000700,FAC-001,2025-04-15T13:00:00+00:00,2025-04-15,LINE-05,ORD-05-010,STY-031,8,medium,22.0,51,49,0.9608,347,316,0.9107,0,133,7,0.0526,available,0,none,0.9975,17.33,0,692,637,1,1,train,synthetic
SNAP-000701,FAC-001,2025-04-16T13:00:00+00:00,2025-04-16,LINE-05,ORD-05-010,STY-031,9,medium,22.0,48,45,0.9375,30,31,1.0333,0,15,0,0.0,available,0,none,0.9547,17.33,1,55,55,0,0,train,synthetic
SNAP-000702,FAC-001,2025-04-17T13:00:00+00:00,2025-04-17,LINE-05,ORD-05-011,STY-009,1,high,28.8,49,40,0.8163,355,154,0.4338,26,79,3,0.038,available,90,manpower,0.9735,0.0,0,710,407,1,0,train,synthetic
SNAP-000703,FAC-001,2025-04-19T13:00:00+00:00,2025-04-19,LINE-05,ORD-05-011,STY-009,2,high,28.8,50,47,0.94,355,314,0.8845,10,159,8,0.0503,available,0,none,0.8313,8.67,1,710,624,1,0,train,synthetic
SNAP-000704,FAC-001,2025-04-20T13:00:00+00:00,2025-04-20,LINE-05,ORD-05-011,STY-009,3,high,28.8,50,47,0.94,355,335,0.9437,0,155,6,0.0387,available,0,none,0.8174,12.0,1,710,662,1,0,train,synthetic
SNAP-000705,FAC-001,2025-04-21T13:00:00+00:00,2025-04-21,LINE-05,ORD-05-011,STY-009,4,high,28.8,50,47,0.94,355,316,0.8901,35,135,4,0.0296,available,0,machine,0.7948,12.0,1,710,672,1,0,train,synthetic
SNAP-000706,FAC-001,2025-04-22T13:00:00+00:00,2025-04-22,LINE-05,ORD-05-011,STY-009,5,high,28.8,51,48,0.9412,355,362,1.0197,0,168,9,0.0536,available,0,none,0.9192,15.0,1,710,730,0,0,train,synthetic
SNAP-000707,FAC-001,2025-04-23T13:00:00+00:00,2025-04-23,LINE-05,ORD-05-011,STY-009,6,high,28.8,51,49,0.9608,355,351,0.9887,18,193,13,0.0674,available,0,quality,0.969,11.67,0,710,710,0,1,train,synthetic
SNAP-000708,FAC-001,2025-04-24T13:00:00+00:00,2025-04-24,LINE-05,ORD-05-011,STY-009,7,high,28.8,52,49,0.9423,355,300,0.8451,49,156,9,0.0577,available,0,machine,0.9915,17.67,0,710,661,1,0,train,synthetic
SNAP-000709,FAC-001,2025-04-26T13:00:00+00:00,2025-04-26,LINE-05,ORD-05-011,STY-009,8,high,28.8,51,49,0.9608,319,330,1.0345,0,139,4,0.0288,available,0,none,0.9864,22.33,1,634,634,0,0,train,synthetic
SNAP-000710,FAC-001,2025-04-27T13:00:00+00:00,2025-04-27,LINE-05,ORD-05-012,STY-030,1,high,37.0,48,47,0.9792,275,162,0.5891,0,71,2,0.0282,available,103,method,0.977,22.33,0,550,372,1,0,train,synthetic
SNAP-000711,FAC-001,2025-04-28T13:00:00+00:00,2025-04-28,LINE-05,ORD-05-012,STY-030,2,high,37.0,52,45,0.8654,275,187,0.68,55,92,5,0.0543,available,0,machine,0.8691,27.67,1,550,406,1,0,train,synthetic
SNAP-000712,FAC-001,2025-04-29T13:00:00+00:00,2025-04-29,LINE-05,ORD-05-012,STY-030,3,high,37.0,49,47,0.9592,275,268,0.9745,0,132,4,0.0303,available,0,none,0.8048,29.67,1,550,537,1,0,train,synthetic
SNAP-000713,FAC-001,2025-04-30T13:00:00+00:00,2025-04-30,LINE-05,ORD-05-012,STY-030,4,high,37.0,50,47,0.94,275,287,1.0436,0,146,11,0.0753,available,0,quality,0.797,29.67,1,550,564,0,0,train,synthetic
SNAP-000714,FAC-001,2025-05-01T13:00:00+00:00,2025-05-01,LINE-05,ORD-05-012,STY-030,5,high,37.0,50,47,0.94,275,180,0.6545,0,86,4,0.0465,critical,0,material,0.9133,18.33,0,550,363,1,0,validation,synthetic
SNAP-000715,FAC-001,2025-05-03T13:00:00+00:00,2025-05-03,LINE-05,ORD-05-012,STY-030,6,high,37.0,48,45,0.9375,275,261,0.9491,21,133,7,0.0526,available,0,none,0.8873,0.0,1,550,538,1,0,validation,synthetic
SNAP-000716,FAC-001,2025-05-04T13:00:00+00:00,2025-05-04,LINE-05,ORD-05-012,STY-030,7,high,37.0,48,45,0.9375,135,127,0.9407,20,58,4,0.069,available,0,quality,0.8879,7.0,1,270,259,1,1,validation,synthetic
SNAP-000717,FAC-001,2025-05-05T13:00:00+00:00,2025-05-05,LINE-05,ORD-05-012,STY-030,8,high,37.0,48,46,0.9583,6,6,1.0,0,3,1,0.3333,available,0,quality,0.8658,13.67,1,11,11,0,1,validation,synthetic
SNAP-000718,FAC-001,2025-05-06T13:00:00+00:00,2025-05-06,LINE-05,ORD-05-013,STY-009,1,high,28.8,50,41,0.82,355,173,0.4873,0,89,4,0.0449,available,86,manpower,0.9791,13.67,0,710,396,1,0,validation,synthetic
SNAP-000719,FAC-001,2025-05-07T13:00:00+00:00,2025-05-07,LINE-05,ORD-05-013,STY-009,2,high,28.8,48,47,0.9792,355,327,0.9211,0,176,6,0.0341,available,0,none,0.839,12.33,1,710,653,1,0,validation,synthetic
SNAP-000720,FAC-001,2025-05-08T13:00:00+00:00,2025-05-08,LINE-05,ORD-05-013,STY-009,3,high,28.8,52,49,0.9423,355,302,0.8507,0,121,5,0.0413,available,0,none,0.8258,5.67,1,710,607,1,1,validation,synthetic
SNAP-000721,FAC-001,2025-05-10T13:00:00+00:00,2025-05-10,LINE-05,ORD-05-013,STY-009,4,high,28.8,48,45,0.9375,355,317,0.893,0,141,9,0.0638,available,0,quality,0.7775,5.67,1,710,646,1,1,validation,synthetic
SNAP-000722,FAC-001,2025-05-11T13:00:00+00:00,2025-05-11,LINE-05,ORD-05-013,STY-009,5,high,28.8,48,46,0.9583,355,343,0.9662,0,180,7,0.0389,available,0,none,0.8948,0.0,1,710,711,0,0,validation,synthetic
SNAP-000723,FAC-001,2025-05-12T13:00:00+00:00,2025-05-12,LINE-05,ORD-05-013,STY-009,6,high,28.8,52,51,0.9808,355,323,0.9099,0,172,5,0.0291,minor,0,none,0.9221,0.0,0,710,636,1,0,validation,synthetic
SNAP-000724,FAC-001,2025-05-13T13:00:00+00:00,2025-05-13,LINE-05,ORD-05-013,STY-009,7,high,28.8,49,48,0.9796,355,368,1.0366,0,186,7,0.0376,available,0,none,0.9357,0.0,1,710,734,0,0,validation,synthetic
SNAP-000725,FAC-001,2025-05-14T13:00:00+00:00,2025-05-14,LINE-05,ORD-05-013,STY-009,8,high,28.8,49,46,0.9388,355,319,0.8986,0,154,9,0.0584,available,0,quality,0.977,0.0,0,710,619,1,1,validation,synthetic
SNAP-000726,FAC-001,2025-05-15T13:00:00+00:00,2025-05-15,LINE-05,ORD-05-013,STY-009,9,high,28.8,51,50,0.9804,355,334,0.9408,9,152,9,0.0592,available,0,quality,0.9338,5.0,1,710,650,1,1,validation,synthetic
SNAP-000727,FAC-001,2025-05-17T13:00:00+00:00,2025-05-17,LINE-05,ORD-05-013,STY-009,10,high,28.8,51,50,0.9804,355,370,1.0423,0,187,5,0.0267,available,0,none,0.9404,11.0,1,710,741,0,0,validation,synthetic
SNAP-000728,FAC-001,2025-05-18T13:00:00+00:00,2025-05-18,LINE-05,ORD-05-013,STY-009,11,high,28.8,52,45,0.8654,355,326,0.9183,0,152,7,0.0461,available,0,manpower,0.9437,11.0,0,707,647,1,1,validation,synthetic
SNAP-000729,FAC-001,2025-05-19T13:00:00+00:00,2025-05-19,LINE-05,ORD-05-013,STY-009,12,high,28.8,52,48,0.9231,30,24,0.8,16,12,0,0.0,minor,0,none,0.9581,6.0,1,60,48,1,0,validation,synthetic
SNAP-000730,FAC-001,2025-05-20T13:00:00+00:00,2025-05-20,LINE-05,ORD-05-013,STY-009,13,high,28.8,49,48,0.9796,7,7,1.0,0,3,0,0.0,available,0,none,0.9196,5.33,1,12,12,0,0,validation,synthetic
SNAP-000731,FAC-001,2025-05-21T13:00:00+00:00,2025-05-21,LINE-05,ORD-05-014,STY-013,1,high,27.4,48,46,0.9583,375,207,0.552,0,119,5,0.042,available,104,method,0.905,5.33,0,750,521,1,0,validation,synthetic
SNAP-000732,FAC-001,2025-05-22T13:00:00+00:00,2025-05-22,LINE-05,ORD-05-014,STY-013,2,high,27.4,50,47,0.94,375,176,0.4693,22,82,0,0.0,critical,0,material,0.8316,5.33,1,750,366,1,0,validation,synthetic
SNAP-000733,FAC-001,2025-05-24T13:00:00+00:00,2025-05-24,LINE-05,ORD-05-014,STY-013,3,high,27.4,51,48,0.9412,375,362,0.9653,0,178,7,0.0393,available,0,none,0.7276,7.33,1,750,715,1,0,validation,synthetic
SNAP-000734,FAC-001,2025-05-25T13:00:00+00:00,2025-05-25,LINE-05,ORD-05-014,STY-013,4,high,27.4,52,49,0.9423,375,384,1.024,0,165,4,0.0242,available,0,none,0.712,7.33,1,750,741,1,0,validation,synthetic
SNAP-000735,FAC-001,2025-05-26T13:00:00+00:00,2025-05-26,LINE-05,ORD-05-014,STY-013,5,high,27.4,51,48,0.9412,375,381,1.016,0,184,4,0.0217,available,0,none,0.8098,7.33,1,750,741,1,0,validation,synthetic
SNAP-000736,FAC-001,2025-05-27T13:00:00+00:00,2025-05-27,LINE-05,ORD-05-014,STY-013,6,high,27.4,48,45,0.9375,335,259,0.7731,21,134,2,0.0149,minor,0,none,0.9764,0.0,1,666,533,1,0,validation,synthetic
SNAP-000737,FAC-001,2025-05-28T13:00:00+00:00,2025-05-28,LINE-05,ORD-05-014,STY-013,7,high,27.4,52,45,0.8654,68,61,0.8971,8,28,1,0.0357,available,0,manpower,0.9254,9.67,1,133,120,1,0,validation,synthetic
SNAP-000738,FAC-001,2025-05-29T13:00:00+00:00,2025-05-29,LINE-05,ORD-05-014,STY-013,8,high,27.4,51,49,0.9608,8,8,1.0,0,4,0,0.0,available,0,none,0.8969,12.33,1,13,13,0,0,validation,synthetic
SNAP-000739,FAC-001,2025-05-31T13:00:00+00:00,2025-05-31,LINE-05,ORD-05-015,STY-012,1,high,31.0,52,49,0.9423,330,174,0.5273,0,80,5,0.0625,available,133,quality,0.9009,12.33,0,660,421,1,0,validation,synthetic
SNAP-000740,FAC-001,2025-06-01T13:00:00+00:00,2025-06-01,LINE-05,ORD-05-015,STY-012,2,high,31.0,48,47,0.9792,330,303,0.9182,0,142,2,0.0141,available,0,none,0.8467,2.67,1,660,615,1,0,test,synthetic
SNAP-000741,FAC-001,2025-06-02T13:00:00+00:00,2025-06-02,LINE-05,ORD-05-015,STY-012,3,high,31.0,50,43,0.86,330,242,0.7333,0,111,9,0.0811,available,0,manpower,0.8566,0.0,1,660,500,1,1,test,synthetic
SNAP-000742,FAC-001,2025-06-03T13:00:00+00:00,2025-06-03,LINE-05,ORD-05-015,STY-012,4,high,31.0,50,41,0.82,330,292,0.8848,0,144,6,0.0417,available,0,manpower,0.7758,0.0,1,660,581,1,0,test,synthetic
SNAP-000743,FAC-001,2025-06-04T13:00:00+00:00,2025-06-04,LINE-05,ORD-05-015,STY-012,5,high,31.0,49,47,0.9592,330,352,1.0667,0,179,9,0.0503,available,0,none,0.8566,0.0,1,660,682,0,0,test,synthetic
SNAP-000744,FAC-001,2025-06-05T13:00:00+00:00,2025-06-05,LINE-05,ORD-05-015,STY-012,6,high,31.0,50,48,0.96,330,347,1.0515,0,172,5,0.0291,available,0,none,0.8904,0.0,0,660,665,0,0,test,synthetic
SNAP-000745,FAC-001,2025-06-07T13:00:00+00:00,2025-06-07,LINE-05,ORD-05-015,STY-012,7,high,31.0,48,47,0.9792,330,349,1.0576,0,153,6,0.0392,available,0,none,0.9737,0.0,0,660,670,0,0,test,synthetic
SNAP-000746,FAC-001,2025-06-08T13:00:00+00:00,2025-06-08,LINE-05,ORD-05-015,STY-012,8,high,31.0,49,46,0.9388,330,332,1.0061,0,163,8,0.0491,available,0,none,1.0187,9.0,0,660,656,1,0,test,synthetic
SNAP-000747,FAC-001,2025-06-09T13:00:00+00:00,2025-06-09,LINE-05,ORD-05-015,STY-012,9,high,31.0,51,49,0.9608,330,342,1.0364,0,182,5,0.0275,available,0,none,1.0056,9.0,1,660,682,0,0,test,synthetic
SNAP-000748,FAC-001,2025-06-10T13:00:00+00:00,2025-06-10,LINE-05,ORD-05-015,STY-012,10,high,31.0,48,44,0.9167,290,282,0.9724,0,135,5,0.037,available,0,none,1.0141,9.0,0,578,561,1,0,test,synthetic
SNAP-000749,FAC-001,2025-06-11T13:00:00+00:00,2025-06-11,LINE-05,ORD-05-015,STY-012,11,high,31.0,49,47,0.9592,10,9,0.9,40,5,1,0.2,available,0,machine,0.9993,0.0,1,17,16,1,1,test,synthetic
SNAP-000750,FAC-001,2025-06-12T13:00:00+00:00,2025-06-12,LINE-05,ORD-05-015,STY-012,12,high,31.0,49,47,0.9592,1,1,1.0,0,0,0,0.0,available,0,none,0.9817,13.33,1,1,1,0,0,test,synthetic
SNAP-000751,FAC-001,2025-06-14T13:00:00+00:00,2025-06-14,LINE-05,ORD-05-016,STY-016,1,medium,17.7,50,47,0.94,580,311,0.5362,0,133,5,0.0376,available,119,method,0.9706,13.33,0,1160,787,1,1,test,synthetic
SNAP-000752,FAC-001,2025-06-15T13:00:00+00:00,2025-06-15,LINE-05,ORD-05-016,STY-016,2,medium,17.7,50,42,0.84,580,480,0.8276,0,215,10,0.0465,available,0,manpower,0.8732,13.33,1,1160,935,1,0,test,synthetic
SNAP-000753,FAC-001,2025-06-16T13:00:00+00:00,2025-06-16,LINE-05,ORD-05-016,STY-016,3,medium,17.7,51,47,0.9216,580,569,0.981,0,334,17,0.0509,available,0,none,0.8282,0.0,1,1160,1129,1,0,test,synthetic
SNAP-000754,FAC-001,2025-06-17T13:00:00+00:00,2025-06-17,LINE-05,ORD-05-016,STY-016,4,medium,17.7,48,47,0.9792,580,603,1.0397,0,274,9,0.0328,available,0,none,0.8193,0.0,1,1160,1203,0,0,test,synthetic
SNAP-000755,FAC-001,2025-06-18T13:00:00+00:00,2025-06-18,LINE-05,ORD-05-016,STY-016,5,medium,17.7,49,47,0.9592,25,26,1.04,0,11,0,0.0,available,0,none,0.9388,0.0,0,46,46,0,0,test,synthetic
SNAP-000756,FAC-001,2025-06-19T13:00:00+00:00,2025-06-19,LINE-05,ORD-05-017,STY-028,1,high,32.6,49,47,0.9592,315,178,0.5651,0,87,2,0.023,available,139,method,1.0034,0.0,0,630,426,1,0,test,synthetic
SNAP-000757,FAC-001,2025-06-21T13:00:00+00:00,2025-06-21,LINE-05,ORD-05-017,STY-028,2,high,32.6,48,46,0.9583,315,249,0.7905,37,108,5,0.0463,available,0,machine,0.9044,0.0,1,630,527,1,1,test,synthetic
SNAP-000758,FAC-001,2025-06-22T13:00:00+00:00,2025-06-22,LINE-05,ORD-05-017,STY-028,3,high,32.6,50,46,0.92,315,283,0.8984,0,138,14,0.1014,available,0,quality,0.8376,12.33,1,630,582,1,1,test,synthetic
SNAP-000759,FAC-001,2025-06-23T13:00:00+00:00,2025-06-23,LINE-05,ORD-05-017,STY-028,4,high,32.6,52,50,0.9615,315,286,0.9079,0,142,12,0.0845,available,0,quality,0.8122,12.33,1,630,564,1,1,test,synthetic
SNAP-000760,FAC-001,2025-06-24T13:00:00+00:00,2025-06-24,LINE-05,ORD-05-017,STY-028,5,high,32.6,52,51,0.9808,315,325,1.0317,0,155,4,0.0258,available,0,none,0.8852,12.33,1,630,648,0,0,test,synthetic
SNAP-000761,FAC-001,2025-06-25T13:00:00+00:00,2025-06-25,LINE-05,ORD-05-017,STY-028,6,high,32.6,52,50,0.9615,315,299,0.9492,0,119,3,0.0252,minor,0,none,0.9492,0.0,0,630,582,1,0,test,synthetic
SNAP-000762,FAC-001,2025-06-26T13:00:00+00:00,2025-06-26,LINE-05,ORD-05-017,STY-028,7,high,32.6,52,49,0.9423,315,321,1.019,0,139,4,0.0288,available,0,none,0.9492,0.0,1,630,640,0,0,test,synthetic
SNAP-000763,FAC-001,2025-06-28T13:00:00+00:00,2025-06-28,LINE-05,ORD-05-017,STY-028,8,high,32.6,52,50,0.9615,66,69,1.0455,0,31,0,0.0,available,0,none,0.9894,0.0,0,131,131,0,0,test,synthetic
SNAP-000764,FAC-001,2025-06-29T13:00:00+00:00,2025-06-29,LINE-05,ORD-05-018,STY-015,1,medium,18.7,52,51,0.9808,550,311,0.5655,0,150,3,0.02,available,106,method,0.9799,0.0,0,1100,757,1,0,test,synthetic
SNAP-000765,FAC-001,2025-06-30T13:00:00+00:00,2025-06-30,LINE-05,ORD-05-018,STY-015,2,medium,18.7,50,48,0.96,550,518,0.9418,0,245,5,0.0204,available,0,none,0.9014,0.0,1,1100,998,1,0,test,synthetic
SNAP-000766,FAC-001,2025-01-04T13:00:00+00:00,2025-01-04,LINE-06,ORD-06-001,STY-030,1,high,37.0,47,45,0.9574,245,125,0.5102,0,50,0,0.0,minor,113,method,0.92,0.0,0,490,275,1,0,train,synthetic
SNAP-000767,FAC-001,2025-01-05T13:00:00+00:00,2025-01-05,LINE-06,ORD-06-001,STY-030,2,high,37.0,47,39,0.8298,245,195,0.7959,0,94,3,0.0319,available,0,manpower,0.5612,45.0,1,490,384,1,0,train,synthetic
SNAP-000768,FAC-001,2025-01-06T13:00:00+00:00,2025-01-06,LINE-06,ORD-06-001,STY-030,3,high,37.0,46,40,0.8696,245,213,0.8694,0,80,5,0.0625,available,0,manpower,0.6724,22.5,1,490,420,1,0,train,synthetic
SNAP-000769,FAC-001,2025-01-07T13:00:00+00:00,2025-01-07,LINE-06,ORD-06-001,STY-030,4,high,37.0,44,42,0.9545,245,170,0.6939,0,85,4,0.0471,minor,0,planning,0.734,15.0,1,490,352,1,1,train,synthetic
SNAP-000770,FAC-001,2025-01-08T13:00:00+00:00,2025-01-08,LINE-06,ORD-06-001,STY-030,5,high,37.0,45,43,0.9556,245,253,1.0327,0,108,7,0.0648,available,0,quality,0.7864,0.0,1,490,495,0,0,train,synthetic
SNAP-000771,FAC-001,2025-01-09T13:00:00+00:00,2025-01-09,LINE-06,ORD-06-001,STY-030,6,high,37.0,45,44,0.9778,245,258,1.0531,0,138,0,0.0,available,0,none,0.8619,0.0,0,490,510,0,0,train,synthetic
SNAP-000772,FAC-001,2025-01-11T13:00:00+00:00,2025-01-11,LINE-06,ORD-06-001,STY-030,7,high,37.0,44,42,0.9545,245,249,1.0163,0,106,4,0.0377,available,0,none,0.9231,0.0,0,490,500,0,0,train,synthetic
SNAP-000773,FAC-001,2025-01-12T13:00:00+00:00,2025-01-12,LINE-06,ORD-06-001,STY-030,8,high,37.0,48,46,0.9583,59,60,1.0169,0,30,1,0.0333,available,0,none,1.0238,0.0,0,114,114,0,0,train,synthetic
SNAP-000774,FAC-001,2025-01-13T13:00:00+00:00,2025-01-13,LINE-06,ORD-06-002,STY-032,1,medium,18.7,45,39,0.8667,490,233,0.4755,0,113,3,0.0265,minor,57,manpower,1.0204,0.0,0,980,527,1,0,train,synthetic
SNAP-000775,FAC-001,2025-01-14T13:00:00+00:00,2025-01-14,LINE-06,ORD-06-002,STY-032,2,medium,18.7,47,44,0.9362,490,462,0.9429,0,211,2,0.0095,available,0,none,0.8527,0.0,1,980,881,1,0,train,synthetic
SNAP-000776,FAC-001,2025-01-15T13:00:00+00:00,2025-01-15,LINE-06,ORD-06-002,STY-032,3,medium,18.7,46,44,0.9565,490,338,0.6898,83,156,5,0.0321,available,0,machine,0.8122,0.0,1,980,799,1,0,train,synthetic
SNAP-000777,FAC-001,2025-01-16T13:00:00+00:00,2025-01-16,LINE-06,ORD-06-002,STY-032,4,medium,18.7,48,46,0.9583,490,383,0.7816,24,152,3,0.0197,minor,0,none,0.7507,27.67,1,980,821,1,0,train,synthetic
SNAP-000778,FAC-001,2025-01-18T13:00:00+00:00,2025-01-18,LINE-06,ORD-06-002,STY-032,5,medium,18.7,45,42,0.9333,490,488,0.9959,0,213,3,0.0141,available,0,none,0.8507,35.67,1,980,931,1,0,train,synthetic
SNAP-000779,FAC-001,2025-01-19T13:00:00+00:00,2025-01-19,LINE-06,ORD-06-002,STY-032,6,medium,18.7,47,44,0.9362,490,445,0.9082,28,218,5,0.0229,available,0,none,0.8677,45.33,1,980,839,1,0,train,synthetic
SNAP-000780,FAC-001,2025-01-20T13:00:00+00:00,2025-01-20,LINE-06,ORD-06-002,STY-032,7,medium,18.7,48,46,0.9583,490,492,1.0041,0,242,5,0.0207,available,0,none,0.8813,45.33,1,980,985,0,0,train,synthetic
SNAP-000781,FAC-001,2025-01-21T13:00:00+00:00,2025-01-21,LINE-06,ORD-06-002,STY-032,8,medium,18.7,46,44,0.9565,85,88,1.0353,0,42,1,0.0238,available,0,none,0.9371,37.33,0,167,154,1,0,train,synthetic
SNAP-000782,FAC-001,2025-01-22T13:00:00+00:00,2025-01-22,LINE-06,ORD-06-002,STY-032,9,medium,18.7,47,44,0.9362,8,8,1.0,0,3,0,0.0,available,0,none,0.9278,41.67,1,13,13,0,0,train,synthetic
SNAP-000783,FAC-001,2025-01-23T13:00:00+00:00,2025-01-23,LINE-06,ORD-06-003,STY-031,1,medium,22.0,44,42,0.9545,420,227,0.5405,0,112,5,0.0446,available,96,method,0.9758,14.0,0,840,559,1,0,train,synthetic
SNAP-000784,FAC-001,2025-01-25T13:00:00+00:00,2025-01-25,LINE-06,ORD-06-003,STY-031,2,medium,22.0,44,42,0.9545,420,393,0.9357,0,198,5,0.0253,available,0,none,0.8625,14.0,1,840,749,1,0,train,synthetic
SNAP-000785,FAC-001,2025-01-26T13:00:00+00:00,2025-01-26,LINE-06,ORD-06-003,STY-031,3,medium,22.0,45,42,0.9333,420,396,0.9429,0,181,2,0.011,available,0,none,0.8524,4.33,1,840,805,1,0,train,synthetic
SNAP-000786,FAC-001,2025-01-27T13:00:00+00:00,2025-01-27,LINE-06,ORD-06-003,STY-031,4,medium,22.0,45,44,0.9778,420,372,0.8857,39,188,7,0.0372,available,0,machine,0.8385,4.33,1,840,794,1,0,train,synthetic
SNAP-000787,FAC-001,2025-01-28T13:00:00+00:00,2025-01-28,LINE-06,ORD-06-003,STY-031,5,medium,22.0,46,44,0.9565,420,446,1.0619,0,201,7,0.0348,available,0,none,0.9317,17.33,1,840,859,0,0,train,synthetic
SNAP-000788,FAC-001,2025-01-29T13:00:00+00:00,2025-01-29,LINE-06,ORD-06-003,STY-031,6,medium,22.0,45,43,0.9556,369,374,1.0136,0,196,5,0.0255,available,0,none,0.9754,13.0,0,734,734,0,0,train,synthetic
SNAP-000789,FAC-001,2025-01-30T13:00:00+00:00,2025-01-30,LINE-06,ORD-06-004,STY-025,1,high,26.4,46,44,0.9565,350,176,0.5029,55,83,4,0.0482,available,63,machine,0.9893,13.0,0,700,449,1,0,train,synthetic
SNAP-000790,FAC-001,2025-02-01T13:00:00+00:00,2025-02-01,LINE-06,ORD-06-004,STY-025,2,high,26.4,48,46,0.9583,350,272,0.7771,0,120,7,0.0583,minor,0,quality,0.888,18.33,1,700,545,1,0,train,synthetic
SNAP-000791,FAC-001,2025-02-02T13:00:00+00:00,2025-02-02,LINE-06,ORD-06-004,STY-025,3,high,26.4,45,43,0.9556,350,308,0.88,32,159,10,0.0629,available,0,quality,0.8067,18.33,1,700,623,1,0,train,synthetic
SNAP-000792,FAC-001,2025-02-03T13:00:00+00:00,2025-02-03,LINE-06,ORD-06-004,STY-025,4,high,26.4,44,43,0.9773,350,368,1.0514,0,188,10,0.0532,available,0,none,0.77,36.33,1,700,719,0,0,train,synthetic
SNAP-000793,FAC-001,2025-02-04T13:00:00+00:00,2025-02-04,LINE-06,ORD-06-004,STY-025,5,high,26.4,48,43,0.8958,350,305,0.8714,0,153,6,0.0392,minor,0,manpower,0.8986,18.0,0,700,599,1,0,train,synthetic
SNAP-000794,FAC-001,2025-02-05T13:00:00+00:00,2025-02-05,LINE-06,ORD-06-004,STY-025,6,high,26.4,48,47,0.9792,110,115,1.0455,0,61,1,0.0164,available,0,none,0.9243,18.0,1,215,215,0,0,train,synthetic
SNAP-000795,FAC-001,2025-02-06T13:00:00+00:00,2025-02-06,LINE-06,ORD-06-005,STY-032,1,medium,18.7,48,45,0.9375,490,208,0.4245,13,110,3,0.0273,minor,100,method,0.961,0.0,0,980,518,1,0,train,synthetic
SNAP-000796,FAC-001,2025-02-08T13:00:00+00:00,2025-02-08,LINE-06,ORD-06-005,STY-032,2,medium,18.7,47,44,0.9362,490,276,0.5633,0,140,3,0.0214,critical,0,material,0.7948,4.33,1,980,545,1,0,train,synthetic
SNAP-000797,FAC-001,2025-02-09T13:00:00+00:00,2025-02-09,LINE-06,ORD-06-005,STY-032,3,medium,18.7,46,44,0.9565,490,477,0.9735,0,240,6,0.025,available,0,none,0.6949,4.33,1,980,963,1,0,train,synthetic
SNAP-000798,FAC-001,2025-02-10T13:00:00+00:00,2025-02-10,LINE-06,ORD-06-005,STY-032,4,medium,18.7,45,43,0.9556,490,494,1.0082,0,208,5,0.024,available,0,none,0.6891,4.33,1,980,968,1,0,train,synthetic
SNAP-000799,FAC-001,2025-02-11T13:00:00+00:00,2025-02-11,LINE-06,ORD-06-005,STY-032,5,medium,18.7,46,43,0.9348,490,483,0.9857,0,228,8,0.0351,available,0,none,0.8422,0.0,1,980,973,1,0,train,synthetic
SNAP-000800,FAC-001,2025-02-12T13:00:00+00:00,2025-02-12,LINE-06,ORD-06-005,STY-032,6,medium,18.7,44,41,0.9318,490,409,0.8347,0,179,4,0.0223,minor,0,none,0.9878,0.0,1,980,825,1,0,train,synthetic
SNAP-000801,FAC-001,2025-02-13T13:00:00+00:00,2025-02-13,LINE-06,ORD-06-005,STY-032,7,medium,18.7,45,44,0.9778,490,433,0.8837,0,232,8,0.0345,available,0,none,0.9408,4.0,1,980,880,1,0,train,synthetic
SNAP-000802,FAC-001,2025-02-15T13:00:00+00:00,2025-02-15,LINE-06,ORD-06-005,STY-032,8,medium,18.7,45,42,0.9333,490,399,0.8143,55,182,2,0.011,available,0,machine,0.9109,4.0,1,980,841,1,0,train,synthetic
SNAP-000803,FAC-001,2025-02-16T13:00:00+00:00,2025-02-16,LINE-06,ORD-06-005,STY-032,9,medium,18.7,44,41,0.9318,220,185,0.8409,0,85,4,0.0471,minor,0,none,0.866,28.33,1,437,373,1,0,train,synthetic
SNAP-000804,FAC-001,2025-02-17T13:00:00+00:00,2025-02-17,LINE-06,ORD-06-005,STY-032,10,medium,18.7,47,44,0.9362,34,23,0.6765,0,12,1,0.0833,critical,0,material,0.8699,24.33,1,64,40,1,0,train,synthetic
SNAP-000805,FAC-001,2025-02-18T13:00:00+00:00,2025-02-18,LINE-06,ORD-06-005,STY-032,11,medium,18.7,46,43,0.9348,14,14,1.0,0,6,0,0.0,available,0,none,0.7789,31.0,1,24,24,0,0,train,synthetic
SNAP-000806,FAC-001,2025-02-19T13:00:00+00:00,2025-02-19,LINE-06,ORD-06-006,STY-015,1,medium,18.7,48,47,0.9792,490,292,0.5959,0,114,4,0.0351,available,97,method,0.8262,6.67,0,980,688,1,0,train,synthetic
SNAP-000807,FAC-001,2025-02-20T13:00:00+00:00,2025-02-20,LINE-06,ORD-06-006,STY-015,2,medium,18.7,48,45,0.9375,490,389,0.7939,28,162,3,0.0185,available,0,none,0.7757,6.67,1,980,814,1,0,train,synthetic
SNAP-000808,FAC-001,2025-02-22T13:00:00+00:00,2025-02-22,LINE-06,ORD-06-006,STY-015,3,medium,18.7,46,43,0.9348,490,460,0.9388,0,217,8,0.0369,available,0,none,0.8442,9.33,1,980,861,1,0,train,synthetic
SNAP-000809,FAC-001,2025-02-23T13:00:00+00:00,2025-02-23,LINE-06,ORD-06-006,STY-015,4,medium,18.7,44,42,0.9545,490,420,0.8571,53,207,10,0.0483,available,0,machine,0.8037,20.33,1,980,917,1,0,train,synthetic
SNAP-000810,FAC-001,2025-02-24T13:00:00+00:00,2025-02-24,LINE-06,ORD-06-006,STY-015,5,medium,18.7,48,46,0.9583,490,494,1.0082,0,215,5,0.0233,available,0,none,0.8816,38.0,1,980,1000,0,0,train,synthetic
SNAP-000811,FAC-001,2025-02-25T13:00:00+00:00,2025-02-25,LINE-06,ORD-06-006,STY-015,6,medium,18.7,48,47,0.9792,490,511,1.0429,0,235,9,0.0383,available,0,none,0.9449,28.67,0,980,1017,0,0,train,synthetic
SNAP-000812,FAC-001,2025-02-26T13:00:00+00:00,2025-02-26,LINE-06,ORD-06-006,STY-015,7,medium,18.7,47,45,0.9574,490,407,0.8306,26,193,14,0.0725,available,0,quality,0.998,17.67,0,980,860,1,1,train,synthetic
SNAP-000813,FAC-001,2025-02-27T13:00:00+00:00,2025-02-27,LINE-06,ORD-06-006,STY-015,8,medium,18.7,44,41,0.9318,373,309,0.8284,23,149,11,0.0738,available,0,quality,0.9786,8.67,1,743,634,1,1,train,synthetic
SNAP-000814,FAC-001,2025-03-01T13:00:00+00:00,2025-03-01,LINE-06,ORD-06-006,STY-015,9,medium,18.7,45,44,0.9778,55,58,1.0545,0,28,2,0.0714,available,0,quality,0.9229,16.33,1,109,108,1,0,train,synthetic
SNAP-000815,FAC-001,2025-03-02T13:00:00+00:00,2025-03-02,LINE-06,ORD-06-006,STY-015,10,medium,18.7,47,44,0.9362,1,1,1.0,0,1,0,0.0,available,0,none,0.9072,21.33,1,1,1,0,0,train,synthetic
SNAP-000816,FAC-001,2025-03-03T13:00:00+00:00,2025-03-03,LINE-06,ORD-06-007,STY-025,1,high,26.4,45,43,0.9556,350,133,0.38,0,64,3,0.0469,critical,93,material,0.948,12.67,0,700,318,1,1,train,synthetic
SNAP-000817,FAC-001,2025-03-04T13:00:00+00:00,2025-03-04,LINE-06,ORD-06-007,STY-025,2,high,26.4,47,44,0.9362,350,276,0.7886,0,129,9,0.0698,available,0,quality,0.815,5.0,1,700,543,1,1,train,synthetic
SNAP-000818,FAC-001,2025-03-05T13:00:00+00:00,2025-03-05,LINE-06,ORD-06-007,STY-025,3,high,26.4,45,44,0.9778,350,336,0.96,0,167,5,0.0299,available,0,none,0.7433,0.0,1,700,566,1,0,train,synthetic
SNAP-000819,FAC-001,2025-03-06T13:00:00+00:00,2025-03-06,LINE-06,ORD-06-007,STY-025,4,high,26.4,48,45,0.9375,350,354,1.0114,0,185,6,0.0324,available,0,none,0.6795,33.67,1,700,695,1,0,train,synthetic
SNAP-000820,FAC-001,2025-03-08T13:00:00+00:00,2025-03-08,LINE-06,ORD-06-007,STY-025,5,high,26.4,48,47,0.9792,340,363,1.0676,0,175,8,0.0457,available,0,none,0.859,33.67,1,678,678,0,0,train,synthetic
SNAP-000821,FAC-001,2025-03-09T13:00:00+00:00,2025-03-09,LINE-06,ORD-06-008,STY-015,1,medium,18.7,48,45,0.9375,490,227,0.4633,0,132,3,0.0227,minor,100,method,0.9338,33.67,0,980,563,1,0,train,synthetic
SNAP-000822,FAC-001,2025-03-10T13:00:00+00:00,2025-03-10,LINE-06,ORD-06-008,STY-015,2,medium,18.7,48,47,0.9792,490,443,0.9041,0,218,6,0.0275,available,0,none,0.8558,0.0,1,980,881,1,0,train,synthetic
SNAP-000823,FAC-001,2025-03-11T13:00:00+00:00,2025-03-11,LINE-06,ORD-06-008,STY-015,3,medium,18.7,46,43,0.9348,490,466,0.951,0,221,6,0.0271,available,0,none,0.8245,0.0,1,980,938,1,0,train,synthetic
SNAP-000824,FAC-001,2025-03-12T13:00:00+00:00,2025-03-12,LINE-06,ORD-06-008,STY-015,4,medium,18.7,47,44,0.9362,490,482,0.9837,0,222,2,0.009,available,0,none,0.8102,0.0,1,980,977,1,0,train,synthetic
SNAP-000825,FAC-001,2025-03-13T13:00:00+00:00,2025-03-13,LINE-06,ORD-06-008,STY-015,5,medium,18.7,45,43,0.9556,490,511,1.0429,0,212,8,0.0377,available,0,none,0.951,0.0,1,980,899,1,0,train,synthetic
SNAP-000826,FAC-001,2025-03-15T13:00:00+00:00,2025-03-15,LINE-06,ORD-06-008,STY-015,6,medium,18.7,44,41,0.9318,372,372,1.0,0,196,14,0.0714,available,0,quality,0.9571,18.33,1,742,728,1,0,train,synthetic
SNAP-000827,FAC-001,2025-03-16T13:00:00+00:00,2025-03-16,LINE-06,ORD-06-008,STY-015,7,medium,18.7,47,44,0.9362,9,8,0.8889,0,4,0,0.0,minor,0,none,0.9651,23.67,1,14,13,1,0,train,synthetic
SNAP-000828,FAC-001,2025-03-17T13:00:00+00:00,2025-03-17,LINE-06,ORD-06-008,STY-015,8,medium,18.7,47,45,0.9574,1,1,1.0,0,1,0,0.0,available,0,none,0.9424,23.67,1,1,1,0,0,train,synthetic
SNAP-000829,FAC-001,2025-03-18T13:00:00+00:00,2025-03-18,LINE-06,ORD-06-009,STY-029,1,high,27.5,45,40,0.8889,335,151,0.4507,0,75,5,0.0667,available,120,manpower,0.9699,8.0,0,670,381,1,1,train,synthetic
SNAP-000830,FAC-001,2025-03-19T13:00:00+00:00,2025-03-19,LINE-06,ORD-06-009,STY-029,2,high,27.5,48,45,0.9375,335,264,0.7881,0,131,11,0.084,available,0,quality,0.8324,2.67,1,670,530,1,1,train,synthetic
SNAP-000831,FAC-001,2025-03-20T13:00:00+00:00,2025-03-20,LINE-06,ORD-06-009,STY-029,3,high,27.5,45,43,0.9556,335,317,0.9463,0,160,8,0.05,available,0,none,0.7866,2.67,1,670,633,1,0,train,synthetic
SNAP-000832,FAC-001,2025-03-22T13:00:00+00:00,2025-03-22,LINE-06,ORD-06-009,STY-029,4,high,27.5,45,42,0.9333,335,331,0.9881,0,156,10,0.0641,available,0,quality,0.7682,0.0,1,670,662,1,0,train,synthetic
SNAP-000833,FAC-001,2025-03-23T13:00:00+00:00,2025-03-23,LINE-06,ORD-06-009,STY-029,5,high,27.5,48,44,0.9167,335,325,0.9701,0,158,7,0.0443,available,0,none,0.908,0.0,1,670,652,1,0,train,synthetic
SNAP-000834,FAC-001,2025-03-24T13:00:00+00:00,2025-03-24,LINE-06,ORD-06-009,STY-029,6,high,27.5,47,45,0.9574,222,242,1.0901,0,109,6,0.055,available,0,quality,0.9687,0.0,1,442,442,0,0,train,synthetic
SNAP-000835,FAC-001,2025-03-25T13:00:00+00:00,2025-03-25,LINE-06,ORD-06-010,STY-010,1,medium,24.7,46,44,0.9565,370,219,0.5919,22,96,1,0.0104,available,70,planning,0.9871,7.67,0,740,529,1,0,train,synthetic
SNAP-000836,FAC-001,2025-03-26T13:00:00+00:00,2025-03-26,LINE-06,ORD-06-010,STY-010,2,medium,24.7,45,44,0.9778,370,331,0.8946,0,151,3,0.0199,available,0,none,0.896,15.0,1,740,663,1,0,train,synthetic
SNAP-000837,FAC-001,2025-03-27T13:00:00+00:00,2025-03-27,LINE-06,ORD-06-010,STY-010,3,medium,24.7,44,42,0.9545,370,359,0.9703,0,205,3,0.0146,available,0,none,0.8703,15.0,1,740,656,1,0,train,synthetic
SNAP-000838,FAC-001,2025-03-29T13:00:00+00:00,2025-03-29,LINE-06,ORD-06-010,STY-010,4,medium,24.7,48,45,0.9375,370,367,0.9919,0,192,6,0.0312,available,0,none,0.8324,20.0,1,740,710,1,0,train,synthetic
SNAP-000839,FAC-001,2025-03-30T13:00:00+00:00,2025-03-30,LINE-06,ORD-06-010,STY-010,5,medium,24.7,46,45,0.9783,370,221,0.5973,0,107,3,0.028,critical,0,material,0.914,12.67,1,740,441,1,0,train,synthetic
SNAP-000840,FAC-001,2025-03-31T13:00:00+00:00,2025-03-31,LINE-06,ORD-06-010,STY-010,6,medium,24.7,48,45,0.9375,370,378,1.0216,0,190,6,0.0316,available,0,none,0.814,12.67,1,740,732,1,0,train,synthetic
SNAP-000841,FAC-001,2025-04-01T13:00:00+00:00,2025-04-01,LINE-06,ORD-06-010,STY-010,7,medium,24.7,45,39,0.8667,370,265,0.7162,21,117,2,0.0171,minor,0,manpower,0.8482,0.0,1,740,538,1,0,train,synthetic
SNAP-000842,FAC-001,2025-04-02T13:00:00+00:00,2025-04-02,LINE-06,ORD-06-010,STY-010,8,medium,24.7,48,46,0.9583,316,296,0.9367,32,146,3,0.0205,available,0,none,0.7707,7.0,1,631,603,1,0,train,synthetic
SNAP-000843,FAC-001,2025-04-03T13:00:00+00:00,2025-04-03,LINE-06,ORD-06-010,STY-010,9,medium,24.7,44,42,0.9545,15,15,1.0,0,6,0,0.0,available,0,none,0.8906,17.67,1,28,28,0,0,train,synthetic
SNAP-000844,FAC-001,2025-04-05T13:00:00+00:00,2025-04-05,LINE-06,ORD-06-011,STY-016,1,medium,17.7,46,43,0.9348,520,290,0.5577,0,135,7,0.0519,available,132,method,0.8942,17.67,0,1040,700,1,0,train,synthetic
SNAP-000845,FAC-001,2025-04-06T13:00:00+00:00,2025-04-06,LINE-06,ORD-06-011,STY-016,2,medium,17.7,44,43,0.9773,520,455,0.875,0,212,9,0.0425,available,0,none,0.8762,10.67,1,1040,953,1,0,train,synthetic
SNAP-000846,FAC-001,2025-04-07T13:00:00+00:00,2025-04-07,LINE-06,ORD-06-011,STY-016,3,medium,17.7,45,44,0.9778,520,470,0.9038,23,247,15,0.0607,available,0,quality,0.8631,0.0,1,1040,979,1,0,train,synthetic
SNAP-000847,FAC-001,2025-04-08T13:00:00+00:00,2025-04-08,LINE-06,ORD-06-011,STY-016,4,medium,17.7,44,41,0.9318,520,427,0.8212,24,217,22,0.1014,available,0,quality,0.8436,7.67,1,1040,891,1,1,train,synthetic
SNAP-000848,FAC-001,2025-04-09T13:00:00+00:00,2025-04-09,LINE-06,ORD-06-011,STY-016,5,medium,17.7,48,46,0.9583,520,506,0.9731,0,226,10,0.0442,available,0,none,0.9048,15.67,1,1040,1020,1,0,train,synthetic
SNAP-000849,FAC-001,2025-04-10T13:00:00+00:00,2025-04-10,LINE-06,ORD-06-011,STY-016,6,medium,17.7,47,45,0.9574,520,527,1.0135,0,223,11,0.0493,available,0,none,0.9263,15.67,1,1040,1056,0,0,train,synthetic
SNAP-000850,FAC-001,2025-04-12T13:00:00+00:00,2025-04-12,LINE-06,ORD-06-011,STY-016,7,medium,17.7,47,45,0.9574,520,547,1.0519,0,319,8,0.0251,available,0,none,0.951,8.0,0,1040,1082,0,0,train,synthetic
SNAP-000851,FAC-001,2025-04-13T13:00:00+00:00,2025-04-13,LINE-06,ORD-06-011,STY-016,8,medium,17.7,47,46,0.9787,520,342,0.6577,0,165,7,0.0424,critical,0,material,1.0122,0.0,0,1040,694,1,0,train,synthetic
SNAP-000852,FAC-001,2025-04-14T13:00:00+00:00,2025-04-14,LINE-06,ORD-06-011,STY-016,9,medium,17.7,45,43,0.9556,520,540,1.0385,0,247,10,0.0405,available,0,none,0.9077,0.0,1,1040,1002,1,0,train,synthetic
SNAP-000853,FAC-001,2025-04-15T13:00:00+00:00,2025-04-15,LINE-06,ORD-06-011,STY-016,10,medium,17.7,44,41,0.9318,520,494,0.95,0,248,8,0.0323,available,0,none,0.8904,13.0,1,1040,994,1,0,train,synthetic
SNAP-000854,FAC-001,2025-04-16T13:00:00+00:00,2025-04-16,LINE-06,ORD-06-011,STY-016,11,medium,17.7,46,44,0.9565,90,91,1.0111,0,41,2,0.0488,available,0,none,0.8622,13.0,1,179,179,0,0,train,synthetic
SNAP-000855,FAC-001,2025-04-17T13:00:00+00:00,2025-04-17,LINE-06,ORD-06-012,STY-012,1,high,31.0,44,41,0.9318,295,182,0.6169,0,91,2,0.022,available,63,planning,0.9731,13.0,0,590,378,1,0,train,synthetic
SNAP-000856,FAC-001,2025-04-19T13:00:00+00:00,2025-04-19,LINE-06,ORD-06-012,STY-012,2,high,31.0,47,46,0.9787,295,276,0.9356,0,145,8,0.0552,available,0,quality,0.8655,14.33,1,590,540,1,0,train,synthetic
SNAP-000857,FAC-001,2025-04-20T13:00:00+00:00,2025-04-20,LINE-06,ORD-06-012,STY-012,3,high,31.0,44,39,0.8864,295,229,0.7763,44,113,5,0.0442,available,0,machine,0.852,14.33,1,590,489,1,0,train,synthetic
SNAP-000858,FAC-001,2025-04-21T13:00:00+00:00,2025-04-21,LINE-06,ORD-06-012,STY-012,4,high,31.0,47,46,0.9787,295,311,1.0542,0,153,4,0.0261,available,0,none,0.7949,29.0,1,590,586,1,0,train,synthetic
SNAP-000859,FAC-001,2025-04-22T13:00:00+00:00,2025-04-22,LINE-06,ORD-06-012,STY-012,5,high,31.0,46,43,0.9348,295,287,0.9729,0,125,2,0.016,available,0,none,0.9124,22.67,1,590,586,1,0,train,synthetic
SNAP-000860,FAC-001,2025-04-23T13:00:00+00:00,2025-04-23,LINE-06,ORD-06-012,STY-012,6,high,31.0,44,41,0.9318,295,297,1.0068,0,150,4,0.0267,available,0,none,0.9384,22.67,1,590,584,1,0,train,synthetic
SNAP-000861,FAC-001,2025-04-24T13:00:00+00:00,2025-04-24,LINE-06,ORD-06-012,STY-012,7,high,31.0,46,43,0.9348,295,291,0.9864,0,133,3,0.0226,available,0,none,0.9921,8.0,1,590,571,1,0,train,synthetic
SNAP-000862,FAC-001,2025-04-26T13:00:00+00:00,2025-04-26,LINE-06,ORD-06-012,STY-012,8,high,31.0,48,47,0.9792,295,308,1.0441,0,138,6,0.0435,available,0,none,0.9836,0.0,1,590,615,0,0,train,synthetic
SNAP-000863,FAC-001,2025-04-27T13:00:00+00:00,2025-04-27,LINE-06,ORD-06-012,STY-012,9,high,31.0,47,44,0.9362,295,280,0.9492,0,132,3,0.0227,available,0,none,1.0,0.0,0,590,573,1,0,train,synthetic
SNAP-000864,FAC-001,2025-04-28T13:00:00+00:00,2025-04-28,LINE-06,ORD-06-012,STY-012,10,high,31.0,44,42,0.9545,190,188,0.9895,0,80,3,0.0375,available,0,none,0.9938,0.0,1,378,378,0,0,train,synthetic
SNAP-000865,FAC-001,2025-04-29T13:00:00+00:00,2025-04-29,LINE-06,ORD-06-013,STY-029,1,high,27.5,47,44,0.9362,335,184,0.5493,0,80,5,0.0625,available,121,quality,1.0045,0.0,0,670,441,1,0,train,synthetic
SNAP-000866,FAC-001,2025-04-30T13:00:00+00:00,2025-04-30,LINE-06,ORD-06-013,STY-029,2,high,27.5,48,45,0.9375,335,296,0.8836,0,147,7,0.0476,available,0,none,0.8765,0.0,1,670,594,1,0,train,synthetic
SNAP-000867,FAC-001,2025-05-01T13:00:00+00:00,2025-05-01,LINE-06,ORD-06-013,STY-029,3,high,27.5,46,45,0.9783,335,324,0.9672,0,146,5,0.0342,available,0,none,0.8483,0.0,1,670,649,1,0,validation,synthetic
SNAP-000868,FAC-001,2025-05-03T13:00:00+00:00,2025-05-03,LINE-06,ORD-06-013,STY-029,4,high,27.5,47,45,0.9574,335,339,1.0119,0,171,11,0.0643,available,0,quality,0.8378,2.67,1,670,670,0,1,validation,synthetic
SNAP-000869,FAC-001,2025-05-04T13:00:00+00:00,2025-05-04,LINE-06,ORD-06-013,STY-029,5,high,27.5,48,46,0.9583,25,22,0.88,55,11,0,0.0,available,0,machine,0.9517,2.67,0,46,43,1,0,validation,synthetic
SNAP-000870,FAC-001,2025-05-05T13:00:00+00:00,2025-05-05,LINE-06,ORD-06-013,STY-029,6,high,27.5,47,44,0.9362,3,3,1.0,0,0,0,0.0,available,0,none,0.9678,21.0,1,3,3,0,0,validation,synthetic
SNAP-000871,FAC-001,2025-05-06T13:00:00+00:00,2025-05-06,LINE-06,ORD-06-014,STY-010,1,medium,24.7,44,41,0.9318,370,202,0.5459,0,90,1,0.0111,available,119,method,0.9783,18.33,0,740,480,1,0,validation,synthetic
SNAP-000872,FAC-001,2025-05-07T13:00:00+00:00,2025-05-07,LINE-06,ORD-06-014,STY-010,2,medium,24.7,44,42,0.9545,370,333,0.9,0,163,3,0.0184,available,0,none,0.8611,18.33,1,740,667,1,0,validation,synthetic
SNAP-000873,FAC-001,2025-05-08T13:00:00+00:00,2025-05-08,LINE-06,ORD-06-014,STY-010,3,medium,24.7,46,43,0.9348,370,310,0.8378,0,153,6,0.0392,available,0,none,0.85,0.0,1,740,623,1,0,validation,synthetic
SNAP-000874,FAC-001,2025-05-10T13:00:00+00:00,2025-05-10,LINE-06,ORD-06-014,STY-010,4,medium,24.7,47,44,0.9362,370,375,1.0135,0,186,4,0.0215,available,0,none,0.7973,0.0,1,740,734,1,0,validation,synthetic
SNAP-000875,FAC-001,2025-05-11T13:00:00+00:00,2025-05-11,LINE-06,ORD-06-014,STY-010,5,medium,24.7,46,45,0.9783,370,366,0.9892,0,173,7,0.0405,available,0,none,0.9117,0.0,1,740,741,0,0,validation,synthetic
SNAP-000876,FAC-001,2025-05-12T13:00:00+00:00,2025-05-12,LINE-06,ORD-06-014,STY-010,6,medium,24.7,44,41,0.9318,370,355,0.9595,0,157,9,0.0573,available,0,quality,0.945,0.0,0,740,697,1,0,validation,synthetic
SNAP-000877,FAC-001,2025-05-13T13:00:00+00:00,2025-05-13,LINE-06,ORD-06-014,STY-010,7,medium,24.7,45,44,0.9778,370,387,1.0459,0,183,8,0.0437,available,0,none,0.9784,0.0,1,740,692,1,0,validation,synthetic
SNAP-000878,FAC-001,2025-05-14T13:00:00+00:00,2025-05-14,LINE-06,ORD-06-014,STY-010,8,medium,24.7,44,41,0.9318,110,112,1.0182,0,53,2,0.0377,available,0,none,0.9595,18.33,1,216,212,1,0,validation,synthetic
SNAP-000879,FAC-001,2025-05-15T13:00:00+00:00,2025-05-15,LINE-06,ORD-06-014,STY-010,9,medium,24.7,45,44,0.9778,4,4,1.0,0,1,0,0.0,critical,0,material,0.9528,26.67,1,4,4,0,0,validation,synthetic
SNAP-000880,FAC-001,2025-05-17T13:00:00+00:00,2025-05-17,LINE-06,ORD-06-015,STY-026,1,medium,22.1,44,42,0.9545,415,223,0.5373,0,97,2,0.0206,available,143,method,0.9722,26.67,0,830,572,1,0,validation,synthetic
SNAP-000881,FAC-001,2025-05-18T13:00:00+00:00,2025-05-18,LINE-06,ORD-06-015,STY-026,2,medium,22.1,47,45,0.9574,415,358,0.8627,0,150,3,0.02,available,0,none,0.8902,8.33,1,830,726,1,0,validation,synthetic
SNAP-000882,FAC-001,2025-05-19T13:00:00+00:00,2025-05-19,LINE-06,ORD-06-015,STY-026,3,medium,22.1,48,47,0.9792,415,409,0.9855,0,203,6,0.0296,available,0,none,0.8546,0.0,1,830,819,1,0,validation,synthetic
SNAP-000883,FAC-001,2025-05-20T13:00:00+00:00,2025-05-20,LINE-06,ORD-06-015,STY-026,4,medium,22.1,44,43,0.9773,415,442,1.0651,0,199,4,0.0201,available,0,none,0.8502,0.0,1,830,853,0,0,validation,synthetic
SNAP-000884,FAC-001,2025-05-21T13:00:00+00:00,2025-05-21,LINE-06,ORD-06-015,STY-026,5,medium,22.1,45,44,0.9778,415,421,1.0145,0,187,6,0.0321,available,0,none,0.9631,0.0,0,830,837,0,0,validation,synthetic
SNAP-000885,FAC-001,2025-05-22T13:00:00+00:00,2025-05-22,LINE-06,ORD-06-015,STY-026,6,medium,22.1,44,42,0.9545,415,421,1.0145,0,212,5,0.0236,available,0,none,1.0076,0.0,0,830,835,0,0,validation,synthetic
SNAP-000886,FAC-001,2025-05-24T13:00:00+00:00,2025-05-24,LINE-06,ORD-06-015,STY-026,7,medium,22.1,44,41,0.9318,130,85,0.6538,55,41,1,0.0244,minor,0,machine,1.0141,0.0,0,258,190,1,0,validation,synthetic
SNAP-000887,FAC-001,2025-05-25T13:00:00+00:00,2025-05-25,LINE-06,ORD-06-015,STY-026,8,medium,22.1,47,45,0.9574,35,31,0.8857,46,16,0,0.0,available,0,machine,0.917,18.33,1,68,63,1,0,validation,synthetic
SNAP-000888,FAC-001,2025-05-26T13:00:00+00:00,2025-05-26,LINE-06,ORD-06-015,STY-026,9,medium,22.1,44,43,0.9773,5,5,1.0,0,3,0,0.0,available,0,none,0.8896,33.67,1,5,5,0,0,validation,synthetic
SNAP-000889,FAC-001,2025-05-27T13:00:00+00:00,2025-05-27,LINE-06,ORD-06-016,STY-028,1,high,32.6,47,44,0.9362,280,156,0.5571,0,90,2,0.0222,available,96,method,0.8876,33.67,0,560,370,1,0,validation,synthetic
SNAP-000890,FAC-001,2025-05-28T13:00:00+00:00,2025-05-28,LINE-06,ORD-06-016,STY-028,2,high,32.6,45,44,0.9778,280,240,0.8571,22,114,5,0.0439,available,0,none,0.8624,20.0,1,560,492,1,1,validation,synthetic
SNAP-000891,FAC-001,2025-05-29T13:00:00+00:00,2025-05-29,LINE-06,ORD-06-016,STY-028,3,high,32.6,44,42,0.9545,280,275,0.9821,0,135,3,0.0222,available,0,none,0.8464,12.0,1,560,544,1,0,validation,synthetic
SNAP-000892,FAC-001,2025-05-31T13:00:00+00:00,2025-05-31,LINE-06,ORD-06-016,STY-028,4,high,32.6,44,43,0.9773,280,174,0.6214,19,80,5,0.0625,critical,0,material,0.8369,12.0,1,560,356,1,0,validation,synthetic
SNAP-000893,FAC-001,2025-06-01T13:00:00+00:00,2025-06-01,LINE-06,ORD-06-016,STY-028,5,high,32.6,48,44,0.9167,280,220,0.7857,0,95,4,0.0421,minor,0,none,0.8286,13.67,1,560,441,1,0,test,synthetic
SNAP-000894,FAC-001,2025-06-02T13:00:00+00:00,2025-06-02,LINE-06,ORD-06-016,STY-028,6,high,32.6,48,45,0.9375,280,284,1.0143,0,138,9,0.0652,available,0,quality,0.7982,6.33,1,560,539,1,1,test,synthetic
SNAP-000895,FAC-001,2025-06-03T13:00:00+00:00,2025-06-03,LINE-06,ORD-06-016,STY-028,7,high,32.6,47,44,0.9362,280,269,0.9607,0,144,11,0.0764,available,0,quality,0.7952,13.67,1,560,550,1,0,test,synthetic
SNAP-000896,FAC-001,2025-06-04T13:00:00+00:00,2025-06-04,LINE-06,ORD-06-016,STY-028,8,high,32.6,44,41,0.9318,280,279,0.9964,0,137,6,0.0438,available,0,none,0.9107,7.33,1,560,561,0,1,test,synthetic
SNAP-000897,FAC-001,2025-06-05T13:00:00+00:00,2025-06-05,LINE-06,ORD-06-016,STY-028,9,high,32.6,44,42,0.9545,280,267,0.9536,0,123,6,0.0488,available,0,none,0.9821,7.33,0,560,552,1,0,test,synthetic
SNAP-000898,FAC-001,2025-06-07T13:00:00+00:00,2025-06-07,LINE-06,ORD-06-016,STY-028,10,high,32.6,44,39,0.8864,25,23,0.92,13,11,0,0.0,available,0,manpower,0.9899,0.0,1,45,41,1,1,test,synthetic
SNAP-000899,FAC-001,2025-06-08T13:00:00+00:00,2025-06-08,LINE-06,ORD-06-016,STY-028,11,high,32.6,47,45,0.9574,4,4,1.0,0,1,0,0.0,available,0,none,0.9662,4.33,1,4,4,0,0,test,synthetic
SNAP-000900,FAC-001,2025-06-09T13:00:00+00:00,2025-06-09,LINE-06,ORD-06-017,STY-010,1,medium,24.7,45,44,0.9778,370,249,0.673,0,118,1,0.0085,available,58,planning,0.9656,4.33,0,740,550,1,0,test,synthetic
SNAP-000901,FAC-001,2025-06-10T13:00:00+00:00,2025-06-10,LINE-06,ORD-06-017,STY-010,2,medium,24.7,48,47,0.9792,370,342,0.9243,0,177,3,0.0169,available,0,none,0.8848,4.33,1,740,686,1,0,test,synthetic
SNAP-000902,FAC-001,2025-06-11T13:00:00+00:00,2025-06-11,LINE-06,ORD-06-017,STY-010,3,medium,24.7,45,43,0.9556,370,341,0.9216,8,156,3,0.0192,available,0,none,0.8901,0.0,1,740,699,1,0,test,synthetic
SNAP-000903,FAC-001,2025-06-12T13:00:00+00:00,2025-06-12,LINE-06,ORD-06-017,STY-010,4,medium,24.7,47,42,0.8936,370,341,0.9216,8,179,7,0.0391,available,0,manpower,0.8716,2.67,1,740,685,1,0,test,synthetic
SNAP-000904,FAC-001,2025-06-14T13:00:00+00:00,2025-06-14,LINE-06,ORD-06-017,STY-010,5,medium,24.7,46,43,0.9348,370,343,0.927,13,155,4,0.0258,available,0,none,0.9324,5.33,1,740,703,1,0,test,synthetic
SNAP-000905,FAC-001,2025-06-15T13:00:00+00:00,2025-06-15,LINE-06,ORD-06-017,STY-010,6,medium,24.7,46,44,0.9565,370,340,0.9189,0,156,7,0.0449,available,0,none,0.9401,9.67,1,740,678,1,1,test,synthetic
SNAP-000906,FAC-001,2025-06-16T13:00:00+00:00,2025-06-16,LINE-06,ORD-06-017,STY-010,7,medium,24.7,46,45,0.9783,125,129,1.032,0,65,1,0.0154,available,0,none,0.9306,7.0,1,249,249,0,0,test,synthetic
SNAP-000907,FAC-001,2025-06-17T13:00:00+00:00,2025-06-17,LINE-06,ORD-06-018,STY-011,1,high,26.3,44,42,0.9545,350,161,0.46,35,78,4,0.0513,available,135,machine,0.9554,4.33,0,700,421,1,0,test,synthetic
SNAP-000908,FAC-001,2025-06-18T13:00:00+00:00,2025-06-18,LINE-06,ORD-06-018,STY-011,2,high,26.3,48,44,0.9167,350,308,0.88,0,153,8,0.0523,available,0,none,0.8392,20.33,1,700,609,1,0,test,synthetic
SNAP-000909,FAC-001,2025-06-19T13:00:00+00:00,2025-06-19,LINE-06,ORD-06-018,STY-011,3,high,26.3,45,44,0.9778,350,335,0.9571,0,171,6,0.0351,available,0,none,0.8238,20.33,1,700,664,1,0,test,synthetic
SNAP-000910,FAC-001,2025-06-21T13:00:00+00:00,2025-06-21,LINE-06,ORD-06-018,STY-011,4,high,26.3,46,44,0.9565,350,362,1.0343,0,167,4,0.024,available,0,none,0.8067,20.33,1,700,704,0,0,test,synthetic
SNAP-000911,FAC-001,2025-06-22T13:00:00+00:00,2025-06-22,LINE-06,ORD-06-018,STY-011,5,high,26.3,44,41,0.9318,350,339,0.9686,0,176,3,0.017,available,0,none,0.9414,0.0,0,700,687,1,0,test,synthetic
SNAP-000912,FAC-001,2025-06-23T13:00:00+00:00,2025-06-23,LINE-06,ORD-06-018,STY-011,6,high,26.3,46,44,0.9565,350,357,1.02,0,184,6,0.0326,available,0,none,0.9786,0.0,1,700,697,1,0,test,synthetic
SNAP-000913,FAC-001,2025-06-24T13:00:00+00:00,2025-06-24,LINE-06,ORD-06-018,STY-011,7,high,26.3,46,45,0.9783,335,360,1.0746,0,178,3,0.0169,available,0,none,0.9943,4.67,1,668,668,0,0,test,synthetic
SNAP-000914,FAC-001,2025-06-25T13:00:00+00:00,2025-06-25,LINE-06,ORD-06-019,STY-026,1,medium,22.1,44,41,0.9318,415,240,0.5783,0,109,3,0.0275,available,77,planning,0.9924,4.67,0,830,560,1,0,test,synthetic
SNAP-000915,FAC-001,2025-06-26T13:00:00+00:00,2025-06-26,LINE-06,ORD-06-019,STY-026,2,medium,22.1,46,45,0.9783,415,317,0.7639,0,149,11,0.0738,available,0,quality,0.8901,4.67,1,830,675,1,1,test,synthetic
SNAP-000916,FAC-001,2025-06-28T13:00:00+00:00,2025-06-28,LINE-06,ORD-06-019,STY-026,3,medium,22.1,48,47,0.9792,415,413,0.9952,0,197,5,0.0254,available,0,none,0.8293,0.0,1,830,806,1,0,test,synthetic
SNAP-000917,FAC-001,2025-06-29T13:00:00+00:00,2025-06-29,LINE-06,ORD-06-019,STY-026,4,medium,22.1,48,45,0.9375,415,411,0.9904,0,211,7,0.0332,available,0,none,0.8197,0.0,1,830,822,1,0,test,synthetic
SNAP-000918,FAC-001,2025-06-30T13:00:00+00:00,2025-06-30,LINE-06,ORD-06-019,STY-026,5,medium,22.1,45,43,0.9556,415,397,0.9566,14,189,7,0.037,available,0,none,0.9249,0.0,1,830,811,1,0,test,synthetic
SNAP-000919,FAC-001,2025-01-04T13:00:00+00:00,2025-01-04,LINE-07,ORD-07-001,STY-009,1,high,28.8,55,52,0.9455,375,196,0.5227,0,87,3,0.0345,available,137,method,0.92,0.0,0,750,503,1,1,train,synthetic
SNAP-000920,FAC-001,2025-01-05T13:00:00+00:00,2025-01-05,LINE-07,ORD-07-001,STY-009,2,high,28.8,54,47,0.8704,375,297,0.792,0,133,4,0.0301,available,0,manpower,0.6707,0.0,1,750,603,1,0,train,synthetic
SNAP-000921,FAC-001,2025-01-06T13:00:00+00:00,2025-01-06,LINE-07,ORD-07-001,STY-009,3,high,28.8,56,53,0.9464,375,357,0.952,0,163,4,0.0245,available,0,none,0.7373,0.0,1,750,660,1,0,train,synthetic
SNAP-000922,FAC-001,2025-01-07T13:00:00+00:00,2025-01-07,LINE-07,ORD-07-001,STY-009,4,high,28.8,54,51,0.9444,375,371,0.9893,0,184,7,0.038,available,0,none,0.7849,15.33,1,750,741,1,0,train,synthetic
SNAP-000923,FAC-001,2025-01-08T13:00:00+00:00,2025-01-08,LINE-07,ORD-07-001,STY-009,5,high,28.8,54,52,0.963,375,408,1.088,0,215,5,0.0233,available,0,none,0.8907,15.33,1,750,777,0,0,train,synthetic
SNAP-000924,FAC-001,2025-01-09T13:00:00+00:00,2025-01-09,LINE-07,ORD-07-001,STY-009,6,high,28.8,55,51,0.9273,375,364,0.9707,0,197,16,0.0812,available,0,quality,0.968,15.33,0,750,719,1,1,train,synthetic
SNAP-000925,FAC-001,2025-01-11T13:00:00+00:00,2025-01-11,LINE-07,ORD-07-001,STY-009,7,high,28.8,58,54,0.931,375,299,0.7973,0,148,2,0.0135,minor,0,none,0.9942,0.0,1,750,591,1,0,train,synthetic
SNAP-000926,FAC-001,2025-01-12T13:00:00+00:00,2025-01-12,LINE-07,ORD-07-001,STY-009,8,high,28.8,58,55,0.9483,375,342,0.912,20,175,3,0.0171,available,0,none,0.9276,0.0,1,750,715,1,0,train,synthetic
SNAP-000927,FAC-001,2025-01-13T13:00:00+00:00,2025-01-13,LINE-07,ORD-07-001,STY-009,9,high,28.8,54,51,0.9444,375,383,1.0213,0,175,4,0.0229,available,0,none,0.9,6.67,1,750,768,0,0,train,synthetic
SNAP-000928,FAC-001,2025-01-14T13:00:00+00:00,2025-01-14,LINE-07,ORD-07-001,STY-009,10,high,28.8,55,51,0.9273,263,262,0.9962,0,122,3,0.0246,available,0,none,0.9218,6.67,0,523,512,1,0,train,synthetic
SNAP-000929,FAC-001,2025-01-15T13:00:00+00:00,2025-01-15,LINE-07,ORD-07-001,STY-009,11,high,28.8,54,48,0.8889,6,6,1.0,0,4,0,0.0,available,0,manpower,0.9854,6.67,1,11,11,0,0,train,synthetic
SNAP-000930,FAC-001,2025-01-16T13:00:00+00:00,2025-01-16,LINE-07,ORD-07-002,STY-032,1,medium,18.7,55,48,0.8727,580,307,0.5293,0,146,4,0.0274,available,119,manpower,1.001,0.0,0,1160,723,1,0,train,synthetic
SNAP-000931,FAC-001,2025-01-18T13:00:00+00:00,2025-01-18,LINE-07,ORD-07-002,STY-032,2,medium,18.7,56,53,0.9464,580,508,0.8759,0,249,5,0.0201,available,0,none,0.8674,2.67,1,1160,1001,1,0,train,synthetic
SNAP-000932,FAC-001,2025-01-19T13:00:00+00:00,2025-01-19,LINE-07,ORD-07-002,STY-032,3,medium,18.7,56,52,0.9286,580,541,0.9328,0,266,8,0.0301,available,0,none,0.8287,6.67,1,1160,1091,1,0,train,synthetic
SNAP-000933,FAC-001,2025-01-20T13:00:00+00:00,2025-01-20,LINE-07,ORD-07-002,STY-032,4,medium,18.7,54,51,0.9444,580,576,0.9931,0,237,7,0.0295,available,0,none,0.8089,6.67,1,1160,1072,1,0,train,synthetic
SNAP-000934,FAC-001,2025-01-21T13:00:00+00:00,2025-01-21,LINE-07,ORD-07-002,STY-032,5,medium,18.7,55,52,0.9455,580,582,1.0034,0,286,5,0.0175,available,0,none,0.9092,22.33,1,1160,1165,0,0,train,synthetic
SNAP-000935,FAC-001,2025-01-22T13:00:00+00:00,2025-01-22,LINE-07,ORD-07-002,STY-032,6,medium,18.7,55,53,0.9636,580,603,1.0397,0,273,12,0.044,available,0,none,0.9563,18.33,0,1160,1117,1,0,train,synthetic
SNAP-000936,FAC-001,2025-01-23T13:00:00+00:00,2025-01-23,LINE-07,ORD-07-002,STY-032,7,medium,18.7,54,51,0.9444,580,588,1.0138,0,282,11,0.039,available,0,none,0.9638,31.67,1,1160,1172,0,0,train,synthetic
SNAP-000937,FAC-001,2025-01-25T13:00:00+00:00,2025-01-25,LINE-07,ORD-07-002,STY-032,8,medium,18.7,56,54,0.9643,580,616,1.0621,0,281,8,0.0285,available,0,none,0.9925,13.33,0,1160,1206,0,0,train,synthetic
SNAP-000938,FAC-001,2025-01-26T13:00:00+00:00,2025-01-26,LINE-07,ORD-07-002,STY-032,9,medium,18.7,57,52,0.9123,580,460,0.7931,47,232,6,0.0259,available,0,machine,1.0043,13.33,0,1160,1016,1,0,train,synthetic
SNAP-000939,FAC-001,2025-01-27T13:00:00+00:00,2025-01-27,LINE-07,ORD-07-002,STY-032,10,medium,18.7,56,46,0.8214,345,293,0.8493,0,151,5,0.0331,available,0,manpower,0.9753,15.67,1,687,590,1,0,train,synthetic
SNAP-000940,FAC-001,2025-01-28T13:00:00+00:00,2025-01-28,LINE-07,ORD-07-002,STY-032,11,medium,18.7,54,51,0.9444,50,51,1.02,0,24,2,0.0833,available,0,quality,0.9248,15.67,1,97,96,1,0,train,synthetic
SNAP-000941,FAC-001,2025-01-29T13:00:00+00:00,2025-01-29,LINE-07,ORD-07-002,STY-032,12,medium,18.7,56,52,0.9286,1,1,1.0,0,1,0,0.0,available,0,none,0.9081,21.67,1,1,1,0,0,train,synthetic
SNAP-000942,FAC-001,2025-01-30T13:00:00+00:00,2025-01-30,LINE-07,ORD-07-003,STY-012,1,high,31.0,57,55,0.9649,350,184,0.5257,0,82,2,0.0244,available,143,method,0.9495,6.0,0,700,441,1,0,train,synthetic
SNAP-000943,FAC-001,2025-02-01T13:00:00+00:00,2025-02-01,LINE-07,ORD-07-003,STY-012,2,high,31.0,56,54,0.9643,350,313,0.8943,0,124,4,0.0323,available,0,none,0.8732,12.67,1,700,585,1,0,train,synthetic
SNAP-000944,FAC-001,2025-02-02T13:00:00+00:00,2025-02-02,LINE-07,ORD-07-003,STY-012,3,high,31.0,58,57,0.9828,350,342,0.9771,0,139,5,0.036,available,0,none,0.8219,22.67,1,700,695,1,0,train,synthetic
SNAP-000945,FAC-001,2025-02-03T13:00:00+00:00,2025-02-03,LINE-07,ORD-07-003,STY-012,4,high,31.0,57,55,0.9649,350,357,1.02,0,176,3,0.017,available,0,none,0.8195,25.33,1,700,717,0,0,train,synthetic
SNAP-000946,FAC-001,2025-02-04T13:00:00+00:00,2025-02-04,LINE-07,ORD-07-003,STY-012,5,high,31.0,56,55,0.9821,350,301,0.86,55,143,6,0.042,available,0,machine,0.951,18.67,0,700,621,1,0,train,synthetic
SNAP-000947,FAC-001,2025-02-05T13:00:00+00:00,2025-02-05,LINE-07,ORD-07-003,STY-012,6,high,31.0,57,54,0.9474,350,358,1.0229,0,162,6,0.037,available,0,none,0.9681,34.67,1,700,693,1,0,train,synthetic
SNAP-000948,FAC-001,2025-02-06T13:00:00+00:00,2025-02-06,LINE-07,ORD-07-003,STY-012,7,high,31.0,58,54,0.931,350,315,0.9,25,124,3,0.0242,available,0,none,0.9671,38.33,1,700,659,1,0,train,synthetic
SNAP-000949,FAC-001,2025-02-08T13:00:00+00:00,2025-02-08,LINE-07,ORD-07-003,STY-012,8,high,31.0,58,56,0.9655,350,313,0.8943,0,154,9,0.0584,minor,0,quality,0.9395,49.33,1,700,629,1,0,train,synthetic
SNAP-000950,FAC-001,2025-02-09T13:00:00+00:00,2025-02-09,LINE-07,ORD-07-003,STY-012,9,high,31.0,54,53,0.9815,55,53,0.9636,0,24,4,0.1667,available,0,quality,0.9433,17.33,1,110,92,1,1,train,synthetic
SNAP-000951,FAC-001,2025-02-10T13:00:00+00:00,2025-02-10,LINE-07,ORD-07-003,STY-012,10,high,31.0,58,56,0.9655,10,8,0.8,55,4,0,0.0,available,0,machine,0.8921,29.0,1,18,16,1,1,train,synthetic
SNAP-000952,FAC-001,2025-02-11T13:00:00+00:00,2025-02-11,LINE-07,ORD-07-003,STY-012,11,high,31.0,56,54,0.9643,2,2,1.0,0,2,0,0.0,available,0,none,0.8746,36.33,1,2,2,0,0,train,synthetic
SNAP-000953,FAC-001,2025-02-12T13:00:00+00:00,2025-02-12,LINE-07,ORD-07-004,STY-026,1,medium,22.1,56,55,0.9821,490,332,0.6776,0,132,4,0.0303,available,57,planning,0.9084,54.67,0,980,739,1,0,train,synthetic
SNAP-000954,FAC-001,2025-02-13T13:00:00+00:00,2025-02-13,LINE-07,ORD-07-004,STY-026,2,medium,22.1,57,53,0.9298,490,421,0.8592,0,195,6,0.0308,available,0,none,0.881,36.67,1,980,835,1,0,train,synthetic
SNAP-000955,FAC-001,2025-02-15T13:00:00+00:00,2025-02-15,LINE-07,ORD-07-004,STY-026,3,medium,22.1,58,55,0.9483,490,490,1.0,0,248,6,0.0242,available,0,none,0.8687,18.33,1,980,951,1,0,train,synthetic
SNAP-000956,FAC-001,2025-02-16T13:00:00+00:00,2025-02-16,LINE-07,ORD-07-004,STY-026,4,medium,22.1,54,52,0.963,490,418,0.8531,0,204,9,0.0441,minor,0,none,0.8588,0.0,1,980,831,1,0,train,synthetic
SNAP-000957,FAC-001,2025-02-17T13:00:00+00:00,2025-02-17,LINE-07,ORD-07-004,STY-026,5,medium,22.1,54,51,0.9444,490,354,0.7224,55,151,4,0.0265,minor,0,machine,0.8901,0.0,1,980,780,1,0,train,synthetic
SNAP-000958,FAC-001,2025-02-18T13:00:00+00:00,2025-02-18,LINE-07,ORD-07-004,STY-026,6,medium,22.1,57,56,0.9825,490,521,1.0633,0,261,12,0.046,available,0,none,0.8714,18.33,1,980,1013,0,0,train,synthetic
SNAP-000959,FAC-001,2025-02-19T13:00:00+00:00,2025-02-19,LINE-07,ORD-07-004,STY-026,7,medium,22.1,57,54,0.9474,490,429,0.8755,0,177,10,0.0565,available,0,quality,0.8925,18.33,0,980,840,1,1,train,synthetic
SNAP-000960,FAC-001,2025-02-20T13:00:00+00:00,2025-02-20,LINE-07,ORD-07-004,STY-026,8,medium,22.1,55,51,0.9273,490,462,0.9429,0,247,6,0.0243,available,0,none,0.8956,18.33,1,980,938,1,0,train,synthetic
SNAP-000961,FAC-001,2025-02-22T13:00:00+00:00,2025-02-22,LINE-07,ORD-07-004,STY-026,9,medium,22.1,56,52,0.9286,490,464,0.9469,0,234,7,0.0299,available,0,none,0.9493,0.0,1,980,946,1,0,train,synthetic
SNAP-000962,FAC-001,2025-02-23T13:00:00+00:00,2025-02-23,LINE-07,ORD-07-004,STY-026,10,medium,22.1,56,48,0.8571,465,431,0.9269,0,249,5,0.0201,available,0,manpower,0.9265,0.0,1,927,852,1,0,train,synthetic
SNAP-000963,FAC-001,2025-02-24T13:00:00+00:00,2025-02-24,LINE-07,ORD-07-004,STY-026,11,medium,22.1,55,53,0.9636,40,40,1.0,0,22,1,0.0455,available,0,none,0.9472,0.0,1,75,75,0,0,train,synthetic
SNAP-000964,FAC-001,2025-02-25T13:00:00+00:00,2025-02-25,LINE-07,ORD-07-005,STY-032,1,medium,18.7,57,54,0.9474,580,186,0.3207,0,87,1,0.0115,critical,91,material,0.9615,0.0,0,1160,444,1,0,train,synthetic
SNAP-000965,FAC-001,2025-02-26T13:00:00+00:00,2025-02-26,LINE-07,ORD-07-005,STY-032,2,medium,18.7,55,53,0.9636,580,478,0.8241,0,222,14,0.0631,available,0,quality,0.7673,0.0,1,1160,948,1,1,train,synthetic
SNAP-000966,FAC-001,2025-02-27T13:00:00+00:00,2025-02-27,LINE-07,ORD-07-005,STY-032,3,medium,18.7,56,53,0.9464,580,547,0.9431,0,235,3,0.0128,available,0,none,0.7333,0.0,1,1160,1083,1,0,train,synthetic
SNAP-000967,FAC-001,2025-03-01T13:00:00+00:00,2025-03-01,LINE-07,ORD-07-005,STY-032,4,medium,18.7,57,54,0.9474,580,572,0.9862,19,263,4,0.0152,available,0,none,0.7112,2.67,1,1160,1070,1,0,train,synthetic
SNAP-000968,FAC-001,2025-03-02T13:00:00+00:00,2025-03-02,LINE-07,ORD-07-005,STY-032,5,medium,18.7,58,56,0.9655,580,506,0.8724,18,234,11,0.047,available,0,none,0.8911,27.33,1,1160,1024,1,0,train,synthetic
SNAP-000969,FAC-001,2025-03-03T13:00:00+00:00,2025-03-03,LINE-07,ORD-07-005,STY-032,6,medium,18.7,56,52,0.9286,580,545,0.9397,27,251,4,0.0159,available,0,none,0.9129,33.33,1,1160,1108,1,0,train,synthetic
SNAP-000970,FAC-001,2025-03-04T13:00:00+00:00,2025-03-04,LINE-07,ORD-07-005,STY-032,7,medium,18.7,56,54,0.9643,580,626,1.0793,0,328,10,0.0305,available,0,none,0.9201,39.67,1,1160,1225,0,0,train,synthetic
SNAP-000971,FAC-001,2025-03-05T13:00:00+00:00,2025-03-05,LINE-07,ORD-07-005,STY-032,8,medium,18.7,56,55,0.9821,580,549,0.9466,0,286,19,0.0664,available,0,quality,0.9647,15.0,0,1160,1078,1,0,train,synthetic
SNAP-000972,FAC-001,2025-03-06T13:00:00+00:00,2025-03-06,LINE-07,ORD-07-005,STY-032,9,medium,18.7,55,54,0.9818,410,427,1.0415,0,220,8,0.0364,available,0,none,0.9802,9.0,1,820,820,0,0,train,synthetic
SNAP-000973,FAC-001,2025-03-08T13:00:00+00:00,2025-03-08,LINE-07,ORD-07-006,STY-015,1,medium,18.7,58,56,0.9655,580,236,0.4069,46,106,1,0.0094,available,115,machine,0.9951,8.0,0,1160,715,1,0,train,synthetic
SNAP-000974,FAC-001,2025-03-09T13:00:00+00:00,2025-03-09,LINE-07,ORD-07-006,STY-015,2,medium,18.7,57,55,0.9649,580,513,0.8845,0,283,11,0.0389,available,0,none,0.8486,23.33,1,1160,1023,1,0,train,synthetic
SNAP-000975,FAC-001,2025-03-10T13:00:00+00:00,2025-03-10,LINE-07,ORD-07-006,STY-015,3,medium,18.7,56,47,0.8393,580,406,0.7,0,208,8,0.0385,minor,0,manpower,0.8328,23.33,1,1160,810,1,0,train,synthetic
SNAP-000976,FAC-001,2025-03-11T13:00:00+00:00,2025-03-11,LINE-07,ORD-07-006,STY-015,4,medium,18.7,58,56,0.9655,580,629,1.0845,0,319,11,0.0345,available,0,none,0.7322,15.33,1,1160,1190,0,0,train,synthetic
SNAP-000977,FAC-001,2025-03-12T13:00:00+00:00,2025-03-12,LINE-07,ORD-07-006,STY-015,5,medium,18.7,54,52,0.963,580,511,0.881,0,236,8,0.0339,minor,0,none,0.8687,0.0,0,1160,1005,1,0,train,synthetic
SNAP-000978,FAC-001,2025-03-13T13:00:00+00:00,2025-03-13,LINE-07,ORD-07-006,STY-015,6,medium,18.7,58,54,0.931,580,491,0.8466,0,210,10,0.0476,available,0,none,0.8635,0.0,1,1160,959,1,1,train,synthetic
SNAP-000979,FAC-001,2025-03-15T13:00:00+00:00,2025-03-15,LINE-07,ORD-07-006,STY-015,7,medium,18.7,58,56,0.9655,580,573,0.9879,0,232,11,0.0474,available,0,none,0.9063,5.33,1,1160,1191,0,0,train,synthetic
SNAP-000980,FAC-001,2025-03-16T13:00:00+00:00,2025-03-16,LINE-07,ORD-07-006,STY-015,8,medium,18.7,58,54,0.931,580,583,1.0052,0,299,18,0.0602,available,0,quality,0.9066,5.33,0,1160,1147,1,1,train,synthetic
SNAP-000981,FAC-001,2025-03-17T13:00:00+00:00,2025-03-17,LINE-07,ORD-07-006,STY-015,9,medium,18.7,54,53,0.9815,105,113,1.0762,0,50,4,0.08,available,0,quality,0.9474,5.33,1,210,210,0,0,train,synthetic
SNAP-000982,FAC-001,2025-03-18T13:00:00+00:00,2025-03-18,LINE-07,ORD-07-007,STY-011,1,high,26.3,57,55,0.9649,415,238,0.5735,0,103,5,0.0485,available,139,method,1.0052,0.0,0,830,571,1,0,train,synthetic
SNAP-000983,FAC-001,2025-03-19T13:00:00+00:00,2025-03-19,LINE-07,ORD-07-007,STY-011,2,high,26.3,56,55,0.9821,415,337,0.812,0,156,14,0.0897,available,0,quality,0.8922,0.0,1,830,678,1,1,train,synthetic
SNAP-000984,FAC-001,2025-03-20T13:00:00+00:00,2025-03-20,LINE-07,ORD-07-007,STY-011,3,high,26.3,54,53,0.9815,415,401,0.9663,0,192,1,0.0052,available,0,none,0.8349,0.0,1,830,811,1,0,train,synthetic
SNAP-000985,FAC-001,2025-03-22T13:00:00+00:00,2025-03-22,LINE-07,ORD-07-007,STY-011,4,high,26.3,55,54,0.9818,415,427,1.0289,0,212,9,0.0425,available,0,none,0.8273,0.0,1,830,842,0,0,train,synthetic
SNAP-000986,FAC-001,2025-03-23T13:00:00+00:00,2025-03-23,LINE-07,ORD-07-007,STY-011,5,high,26.3,54,51,0.9444,415,407,0.9807,0,189,9,0.0476,available,0,none,0.9361,0.0,0,830,820,1,0,train,synthetic
SNAP-000987,FAC-001,2025-03-24T13:00:00+00:00,2025-03-24,LINE-07,ORD-07-007,STY-011,6,high,26.3,58,54,0.931,415,417,1.0048,0,232,4,0.0172,available,0,none,0.9932,0.0,1,830,821,1,0,train,synthetic
SNAP-000988,FAC-001,2025-03-25T13:00:00+00:00,2025-03-25,LINE-07,ORD-07-007,STY-011,7,high,26.3,55,54,0.9818,205,212,1.0341,0,106,6,0.0566,available,0,quality,0.9972,0.0,1,407,407,0,1,train,synthetic
SNAP-000989,FAC-001,2025-03-26T13:00:00+00:00,2025-03-26,LINE-07,ORD-07-008,STY-029,1,high,27.5,56,54,0.9643,395,152,0.3848,24,62,3,0.0484,minor,106,method,0.9924,3.33,0,790,400,1,0,train,synthetic
SNAP-000990,FAC-001,2025-03-27T13:00:00+00:00,2025-03-27,LINE-07,ORD-07-008,STY-029,2,high,27.5,56,55,0.9821,395,329,0.8329,0,161,16,0.0994,available,0,quality,0.8318,11.33,1,790,637,1,1,train,synthetic
SNAP-000991,FAC-001,2025-03-29T13:00:00+00:00,2025-03-29,LINE-07,ORD-07-008,STY-029,3,high,27.5,56,53,0.9464,395,330,0.8354,8,166,17,0.1024,available,0,quality,0.7709,11.33,1,790,642,1,1,train,synthetic
SNAP-000992,FAC-001,2025-03-30T13:00:00+00:00,2025-03-30,LINE-07,ORD-07-008,STY-029,4,high,27.5,58,55,0.9483,395,349,0.8835,0,172,13,0.0756,available,0,quality,0.7084,16.33,1,790,702,1,1,train,synthetic
SNAP-000993,FAC-001,2025-03-31T13:00:00+00:00,2025-03-31,LINE-07,ORD-07-008,STY-029,5,high,27.5,54,52,0.963,395,414,1.0481,0,208,9,0.0433,available,0,none,0.8359,8.33,1,790,802,0,0,train,synthetic
SNAP-000994,FAC-001,2025-04-01T13:00:00+00:00,2025-04-01,LINE-07,ORD-07-008,STY-029,6,high,27.5,57,55,0.9649,395,376,0.9519,0,187,16,0.0856,available,0,quality,0.9055,8.33,0,790,740,1,1,train,synthetic
SNAP-000995,FAC-001,2025-04-02T13:00:00+00:00,2025-04-02,LINE-07,ORD-07-008,STY-029,7,high,27.5,58,54,0.931,395,380,0.962,8,185,14,0.0757,available,0,quality,0.9468,0.0,1,790,766,1,0,train,synthetic
SNAP-000996,FAC-001,2025-04-03T13:00:00+00:00,2025-04-03,LINE-07,ORD-07-008,STY-029,8,high,27.5,56,46,0.8214,206,149,0.7233,0,80,3,0.0375,minor,0,manpower,0.9738,2.67,1,411,296,1,0,train,synthetic
SNAP-000997,FAC-001,2025-04-05T13:00:00+00:00,2025-04-05,LINE-07,ORD-07-008,STY-029,9,high,27.5,57,53,0.9298,60,52,0.8667,24,27,3,0.1111,available,0,quality,0.8755,2.67,1,115,100,1,1,train,synthetic
SNAP-000998,FAC-001,2025-04-06T13:00:00+00:00,2025-04-06,LINE-07,ORD-07-008,STY-029,10,high,27.5,55,54,0.9818,10,10,1.0,14,5,0,0.0,available,0,none,0.8531,10.67,1,15,15,0,0,train,synthetic
SNAP-000999,FAC-001,2025-04-07T13:00:00+00:00,2025-04-07,LINE-07,ORD-07-009,STY-011,1,high,26.3,56,53,0.9464,415,226,0.5446,0,107,0,0.0,available,140,method,0.8633,12.67,0,830,556,1,0,train,synthetic
SNAP-001000,FAC-001,2025-04-08T13:00:00+00:00,2025-04-08,LINE-07,ORD-07-009,STY-011,2,high,26.3,55,53,0.9636,415,189,0.4554,0,81,6,0.0741,critical,0,material,0.8465,12.67,1,830,376,1,1,train,synthetic
SNAP-001001,FAC-001,2025-04-09T13:00:00+00:00,2025-04-09,LINE-07,ORD-07-009,STY-011,3,high,26.3,57,54,0.9474,415,392,0.9446,0,192,10,0.0521,available,0,none,0.7076,4.67,1,830,740,1,0,train,synthetic
SNAP-001002,FAC-001,2025-04-10T13:00:00+00:00,2025-04-10,LINE-07,ORD-07-009,STY-011,4,high,26.3,55,51,0.9273,415,425,1.0241,0,226,8,0.0354,available,0,none,0.6715,9.67,1,830,835,0,0,train,synthetic
SNAP-001003,FAC-001,2025-04-12T13:00:00+00:00,2025-04-12,LINE-07,ORD-07-009,STY-011,5,high,26.3,55,53,0.9636,415,434,1.0458,0,188,9,0.0479,available,0,none,0.7835,9.67,0,830,849,0,0,train,synthetic
SNAP-001004,FAC-001,2025-04-13T13:00:00+00:00,2025-04-13,LINE-07,ORD-07-009,STY-011,6,high,26.3,56,55,0.9821,415,431,1.0386,0,211,8,0.0379,available,0,none,0.9735,9.67,0,830,861,0,0,train,synthetic
SNAP-001005,FAC-001,2025-04-14T13:00:00+00:00,2025-04-14,LINE-07,ORD-07-009,STY-011,7,high,26.3,55,53,0.9636,415,431,1.0386,0,208,9,0.0433,available,0,none,1.0221,0.0,0,830,792,1,0,train,synthetic
SNAP-001006,FAC-001,2025-04-15T13:00:00+00:00,2025-04-15,LINE-07,ORD-07-009,STY-011,8,high,26.3,58,50,0.8621,415,391,0.9422,0,164,4,0.0244,available,0,manpower,1.0048,14.33,1,830,779,1,0,train,synthetic
SNAP-001007,FAC-001,2025-04-16T13:00:00+00:00,2025-04-16,LINE-07,ORD-07-009,STY-011,9,high,26.3,58,56,0.9655,415,406,0.9783,19,193,8,0.0415,available,0,none,0.9767,14.33,1,830,827,1,0,train,synthetic
SNAP-001008,FAC-001,2025-04-17T13:00:00+00:00,2025-04-17,LINE-07,ORD-07-009,STY-011,10,high,26.3,58,54,0.931,45,44,0.9778,0,21,3,0.1429,available,0,quality,0.9631,20.67,1,85,83,1,1,train,synthetic
SNAP-001009,FAC-001,2025-04-19T13:00:00+00:00,2025-04-19,LINE-07,ORD-07-009,STY-011,11,high,26.3,57,53,0.9298,2,2,1.0,0,0,0,0.0,available,0,none,0.9705,6.33,1,2,2,0,0,train,synthetic
SNAP-001010,FAC-001,2025-04-20T13:00:00+00:00,2025-04-20,LINE-07,ORD-07-010,STY-016,1,medium,17.7,58,54,0.931,615,341,0.5545,0,159,11,0.0692,available,113,quality,0.991,6.33,0,1230,805,1,0,train,synthetic
SNAP-001011,FAC-001,2025-04-21T13:00:00+00:00,2025-04-21,LINE-07,ORD-07-010,STY-016,2,medium,17.7,56,52,0.9286,615,548,0.8911,0,252,15,0.0595,available,0,quality,0.877,0.0,1,1230,1098,1,0,train,synthetic
SNAP-001012,FAC-001,2025-04-22T13:00:00+00:00,2025-04-22,LINE-07,ORD-07-010,STY-016,3,medium,17.7,54,51,0.9444,615,582,0.9463,0,328,13,0.0396,available,0,none,0.8491,0.0,1,1230,1156,1,0,train,synthetic
SNAP-001013,FAC-001,2025-04-23T13:00:00+00:00,2025-04-23,LINE-07,ORD-07-010,STY-016,4,medium,17.7,55,53,0.9636,615,635,1.0325,0,315,11,0.0349,available,0,none,0.829,0.0,1,1230,1271,0,0,train,synthetic
SNAP-001014,FAC-001,2025-04-24T13:00:00+00:00,2025-04-24,LINE-07,ORD-07-010,STY-016,5,medium,17.7,55,53,0.9636,615,636,1.0341,0,310,12,0.0387,available,0,none,0.9553,0.0,0,1230,1236,0,0,train,synthetic
SNAP-001015,FAC-001,2025-04-26T13:00:00+00:00,2025-04-26,LINE-07,ORD-07-010,STY-016,6,medium,17.7,57,56,0.9825,469,457,0.9744,15,226,7,0.031,available,0,none,0.9927,4.0,0,934,933,1,0,train,synthetic
SNAP-001016,FAC-001,2025-04-27T13:00:00+00:00,2025-04-27,LINE-07,ORD-07-010,STY-016,7,medium,17.7,58,54,0.931,1,1,1.0,0,1,0,0.0,available,0,none,1.0124,9.0,1,1,1,0,0,train,synthetic
SNAP-001017,FAC-001,2025-04-28T13:00:00+00:00,2025-04-28,LINE-07,ORD-07-011,STY-032,1,medium,18.7,54,52,0.963,580,311,0.5362,0,156,6,0.0385,available,124,method,1.0013,9.0,0,1160,752,1,0,train,synthetic
SNAP-001018,FAC-001,2025-04-29T13:00:00+00:00,2025-04-29,LINE-07,ORD-07-011,STY-032,2,medium,18.7,54,50,0.9259,580,502,0.8655,0,242,3,0.0124,available,0,none,0.8824,10.0,1,1160,978,1,0,train,synthetic
SNAP-001019,FAC-001,2025-04-30T13:00:00+00:00,2025-04-30,LINE-07,ORD-07-011,STY-032,3,medium,18.7,57,53,0.9298,580,546,0.9414,0,226,4,0.0177,available,0,none,0.8305,5.0,1,1160,1078,1,0,train,synthetic
SNAP-001020,FAC-001,2025-05-01T13:00:00+00:00,2025-05-01,LINE-07,ORD-07-011,STY-032,4,medium,18.7,54,45,0.8333,580,528,0.9103,0,266,4,0.015,available,0,manpower,0.8069,5.0,1,1160,1040,1,0,validation,synthetic
SNAP-001021,FAC-001,2025-05-03T13:00:00+00:00,2025-05-03,LINE-07,ORD-07-011,STY-032,5,medium,18.7,58,56,0.9655,580,604,1.0414,0,293,6,0.0205,available,0,none,0.8897,0.0,1,1160,1188,0,0,validation,synthetic
SNAP-001022,FAC-001,2025-05-04T13:00:00+00:00,2025-05-04,LINE-07,ORD-07-011,STY-032,6,medium,18.7,57,53,0.9298,580,580,1.0,0,271,5,0.0185,available,0,none,0.95,0.0,0,1160,1131,1,0,validation,synthetic
SNAP-001023,FAC-001,2025-05-05T13:00:00+00:00,2025-05-05,LINE-07,ORD-07-011,STY-032,7,medium,18.7,54,52,0.963,143,148,1.035,0,69,3,0.0435,available,0,none,0.9652,0.0,1,283,281,1,0,validation,synthetic
SNAP-001024,FAC-001,2025-05-06T13:00:00+00:00,2025-05-06,LINE-07,ORD-07-011,STY-032,8,medium,18.7,58,57,0.9828,2,2,1.0,0,1,0,0.0,available,0,none,0.9974,0.0,1,2,2,0,0,validation,synthetic
SNAP-001025,FAC-001,2025-05-07T13:00:00+00:00,2025-05-07,LINE-07,ORD-07-012,STY-014,1,high,41.6,58,54,0.931,260,163,0.6269,0,83,2,0.0241,available,71,planning,0.9893,0.0,0,520,365,1,0,validation,synthetic
SNAP-001026,FAC-001,2025-05-08T13:00:00+00:00,2025-05-08,LINE-07,ORD-07-012,STY-014,2,high,41.6,58,50,0.8621,260,214,0.8231,0,82,5,0.061,available,0,manpower,0.8983,0.0,1,520,418,1,0,validation,synthetic
SNAP-001027,FAC-001,2025-05-10T13:00:00+00:00,2025-05-10,LINE-07,ORD-07-012,STY-014,3,high,41.6,58,56,0.9655,260,251,0.9654,0,117,5,0.0427,available,0,none,0.8353,0.0,1,520,500,1,1,validation,synthetic
SNAP-001028,FAC-001,2025-05-11T13:00:00+00:00,2025-05-11,LINE-07,ORD-07-012,STY-014,4,high,41.6,56,52,0.9286,260,200,0.7692,55,92,2,0.0217,available,0,machine,0.8224,0.0,1,520,449,1,0,validation,synthetic
SNAP-001029,FAC-001,2025-05-12T13:00:00+00:00,2025-05-12,LINE-07,ORD-07-012,STY-014,5,high,41.6,57,55,0.9649,260,244,0.9385,0,119,12,0.1008,available,0,quality,0.8763,18.33,1,520,473,1,1,validation,synthetic
SNAP-001030,FAC-001,2025-05-13T13:00:00+00:00,2025-05-13,LINE-07,ORD-07-012,STY-014,6,high,41.6,57,54,0.9474,260,269,1.0346,0,123,3,0.0244,available,0,none,0.9115,18.33,1,520,529,0,0,validation,synthetic
SNAP-001031,FAC-001,2025-05-14T13:00:00+00:00,2025-05-14,LINE-07,ORD-07-012,STY-014,7,high,41.6,56,53,0.9464,260,263,1.0115,13,131,7,0.0534,available,0,none,0.9301,18.33,0,520,500,1,1,validation,synthetic
SNAP-001032,FAC-001,2025-05-15T13:00:00+00:00,2025-05-15,LINE-07,ORD-07-012,STY-014,8,high,41.6,58,56,0.9655,260,233,0.8962,50,119,8,0.0672,available,0,machine,0.9628,12.0,1,520,496,1,1,validation,synthetic
SNAP-001033,FAC-001,2025-05-17T13:00:00+00:00,2025-05-17,LINE-07,ORD-07-012,STY-014,9,high,41.6,58,57,0.9828,210,201,0.9571,0,94,5,0.0532,available,0,none,0.9776,28.67,1,420,394,1,1,validation,synthetic
SNAP-001034,FAC-001,2025-05-18T13:00:00+00:00,2025-05-18,LINE-07,ORD-07-012,STY-014,10,high,41.6,54,52,0.963,15,15,1.0,0,6,0,0.0,available,0,none,0.9512,28.67,1,26,26,0,0,validation,synthetic
SNAP-001035,FAC-001,2025-05-19T13:00:00+00:00,2025-05-19,LINE-07,ORD-07-013,STY-016,1,medium,17.7,54,51,0.9444,615,292,0.4748,0,141,4,0.0284,minor,93,planning,0.964,16.67,0,1230,641,1,0,validation,synthetic
SNAP-001036,FAC-001,2025-05-20T13:00:00+00:00,2025-05-20,LINE-07,ORD-07-013,STY-016,2,medium,17.7,57,55,0.9649,615,544,0.8846,0,241,9,0.0373,available,0,none,0.8197,12.0,1,1230,1108,1,0,validation,synthetic
SNAP-001037,FAC-001,2025-05-21T13:00:00+00:00,2025-05-21,LINE-07,ORD-07-013,STY-016,3,medium,17.7,56,52,0.9286,615,589,0.9577,0,261,13,0.0498,available,0,none,0.8073,12.0,1,1230,1167,1,0,validation,synthetic
SNAP-001038,FAC-001,2025-05-22T13:00:00+00:00,2025-05-22,LINE-07,ORD-07-013,STY-016,4,medium,17.7,56,53,0.9464,615,615,1.0,0,301,11,0.0365,available,0,none,0.7902,12.0,1,1230,1231,0,0,validation,synthetic
SNAP-001039,FAC-001,2025-05-24T13:00:00+00:00,2025-05-24,LINE-07,ORD-07-013,STY-016,5,medium,17.7,54,51,0.9444,615,627,1.0195,0,293,11,0.0375,available,0,none,0.9501,0.0,0,1230,1208,1,0,validation,synthetic
SNAP-001040,FAC-001,2025-05-25T13:00:00+00:00,2025-05-25,LINE-07,ORD-07-013,STY-016,6,medium,17.7,55,54,0.9818,615,656,1.0667,0,321,10,0.0312,available,0,none,0.9772,0.0,1,1230,1298,0,0,validation,synthetic
SNAP-001041,FAC-001,2025-05-26T13:00:00+00:00,2025-05-26,LINE-07,ORD-07-013,STY-016,7,medium,17.7,57,53,0.9298,615,630,1.0244,0,351,13,0.037,available,0,none,1.0127,0.0,0,1230,1241,0,0,validation,synthetic
SNAP-001042,FAC-001,2025-05-27T13:00:00+00:00,2025-05-27,LINE-07,ORD-07-013,STY-016,8,medium,17.7,55,53,0.9636,615,594,0.9659,15,273,15,0.0549,available,0,none,1.0154,0.0,0,1230,1225,1,1,validation,synthetic
SNAP-001043,FAC-001,2025-05-28T13:00:00+00:00,2025-05-28,LINE-07,ORD-07-013,STY-016,9,medium,17.7,55,52,0.9455,615,622,1.0114,0,318,17,0.0535,available,0,none,1.0201,5.0,1,1230,1228,1,0,validation,synthetic
SNAP-001044,FAC-001,2025-05-29T13:00:00+00:00,2025-05-29,LINE-07,ORD-07-013,STY-016,10,medium,17.7,54,53,0.9815,603,633,1.0498,0,293,16,0.0546,available,0,none,1.0011,5.0,1,1203,1203,0,0,validation,synthetic
SNAP-001045,FAC-001,2025-05-31T13:00:00+00:00,2025-05-31,LINE-07,ORD-07-014,STY-028,1,high,32.6,54,50,0.9259,330,187,0.5667,0,89,1,0.0112,available,97,method,0.9981,5.0,0,660,417,1,0,validation,synthetic
SNAP-001046,FAC-001,2025-06-01T13:00:00+00:00,2025-06-01,LINE-07,ORD-07-014,STY-028,2,high,32.6,57,55,0.9649,330,310,0.9394,0,164,7,0.0427,available,0,none,0.8767,6.33,1,660,611,1,0,test,synthetic
SNAP-001047,FAC-001,2025-06-02T13:00:00+00:00,2025-06-02,LINE-07,ORD-07-014,STY-028,3,high,32.6,55,52,0.9455,330,325,0.9848,0,155,11,0.071,available,0,quality,0.8525,6.33,1,660,640,1,1,test,synthetic
SNAP-001048,FAC-001,2025-06-03T13:00:00+00:00,2025-06-03,LINE-07,ORD-07-014,STY-028,4,high,32.6,57,55,0.9649,330,346,1.0485,0,150,15,0.1,available,0,quality,0.8424,12.67,1,660,637,1,1,test,synthetic
SNAP-001049,FAC-001,2025-06-04T13:00:00+00:00,2025-06-04,LINE-07,ORD-07-014,STY-028,5,high,32.6,58,56,0.9655,75,78,1.04,0,32,3,0.0938,available,0,quality,0.9535,18.67,1,145,145,0,1,test,synthetic
SNAP-001050,FAC-001,2025-06-05T13:00:00+00:00,2025-06-05,LINE-07,ORD-07-015,STY-030,1,high,37.0,58,54,0.931,295,161,0.5458,0,90,6,0.0667,available,66,quality,0.9783,18.67,0,590,368,1,1,test,synthetic
SNAP-001051,FAC-001,2025-06-07T13:00:00+00:00,2025-06-07,LINE-07,ORD-07-015,STY-030,2,high,37.0,57,55,0.9649,295,242,0.8203,9,127,4,0.0315,available,0,none,0.863,12.33,1,590,472,1,0,test,synthetic
SNAP-001052,FAC-001,2025-06-08T13:00:00+00:00,2025-06-08,LINE-07,ORD-07-015,STY-030,3,high,37.0,56,54,0.9643,295,282,0.9559,18,141,2,0.0142,available,0,none,0.8079,3.0,1,590,574,1,0,test,synthetic
SNAP-001053,FAC-001,2025-06-09T13:00:00+00:00,2025-06-09,LINE-07,ORD-07-015,STY-030,4,high,37.0,57,55,0.9649,295,297,1.0068,0,148,6,0.0405,available,0,none,0.7989,9.0,1,590,587,1,0,test,synthetic
SNAP-001054,FAC-001,2025-06-10T13:00:00+00:00,2025-06-10,LINE-07,ORD-07-015,STY-030,5,high,37.0,56,53,0.9464,295,296,1.0034,0,158,5,0.0316,available,0,none,0.9226,9.0,1,590,599,0,0,test,synthetic
SNAP-001055,FAC-001,2025-06-11T13:00:00+00:00,2025-06-11,LINE-07,ORD-07-015,STY-030,6,high,37.0,56,53,0.9464,295,244,0.8271,0,102,5,0.049,minor,0,none,0.9944,6.0,0,590,506,1,0,test,synthetic
SNAP-001056,FAC-001,2025-06-12T13:00:00+00:00,2025-06-12,LINE-07,ORD-07-015,STY-030,7,high,37.0,57,49,0.8596,224,164,0.7321,0,84,3,0.0357,minor,0,manpower,0.9559,0.0,1,444,326,1,0,test,synthetic
SNAP-001057,FAC-001,2025-06-14T13:00:00+00:00,2025-06-14,LINE-07,ORD-07-015,STY-030,8,high,37.0,57,55,0.9649,60,60,1.0,0,30,1,0.0333,available,0,none,0.869,0.0,1,118,118,0,0,test,synthetic
SNAP-001058,FAC-001,2025-06-15T13:00:00+00:00,2025-06-15,LINE-07,ORD-07-016,STY-032,1,medium,18.7,55,54,0.9818,580,413,0.7121,0,198,6,0.0303,available,48,planning,0.864,0.0,0,1160,889,1,0,test,synthetic
SNAP-001059,FAC-001,2025-06-16T13:00:00+00:00,2025-06-16,LINE-07,ORD-07-016,STY-032,2,medium,18.7,58,54,0.931,580,500,0.8621,0,240,11,0.0458,available,0,none,0.8335,0.0,1,1160,990,1,0,test,synthetic
SNAP-001060,FAC-001,2025-06-17T13:00:00+00:00,2025-06-17,LINE-07,ORD-07-016,STY-032,3,medium,18.7,57,54,0.9474,580,465,0.8017,44,202,5,0.0248,available,0,machine,0.8733,0.0,1,1160,1021,1,0,test,synthetic
SNAP-001061,FAC-001,2025-06-18T13:00:00+00:00,2025-06-18,LINE-07,ORD-07-016,STY-032,4,medium,18.7,57,54,0.9474,580,603,1.0397,0,296,6,0.0203,available,0,none,0.8333,14.67,1,1160,1168,0,0,test,synthetic
SNAP-001062,FAC-001,2025-06-19T13:00:00+00:00,2025-06-19,LINE-07,ORD-07-016,STY-032,5,medium,18.7,55,52,0.9455,580,603,1.0397,0,274,5,0.0182,available,0,none,0.9135,14.67,0,1160,1115,1,0,test,synthetic
SNAP-001063,FAC-001,2025-06-21T13:00:00+00:00,2025-06-21,LINE-07,ORD-07-016,STY-032,6,medium,18.7,56,55,0.9821,580,595,1.0259,0,295,5,0.0169,available,0,none,0.9494,31.67,1,1160,1177,0,0,test,synthetic
SNAP-001064,FAC-001,2025-06-22T13:00:00+00:00,2025-06-22,LINE-07,ORD-07-016,STY-032,7,medium,18.7,58,55,0.9483,580,502,0.8655,39,237,7,0.0295,available,0,machine,0.9943,17.0,0,1160,1072,1,0,test,synthetic
SNAP-001065,FAC-001,2025-06-23T13:00:00+00:00,2025-06-23,LINE-07,ORD-07-016,STY-032,8,medium,18.7,55,51,0.9273,580,567,0.9776,0,283,6,0.0212,available,0,none,0.9667,30.0,1,1160,1132,1,0,test,synthetic
SNAP-001066,FAC-001,2025-06-24T13:00:00+00:00,2025-06-24,LINE-07,ORD-07-016,STY-032,9,medium,18.7,56,54,0.9643,95,91,0.9579,23,43,1,0.0233,available,0,none,0.9716,13.0,1,186,178,1,0,test,synthetic
SNAP-001067,FAC-001,2025-06-25T13:00:00+00:00,2025-06-25,LINE-07,ORD-07-016,STY-032,10,medium,18.7,58,56,0.9655,5,5,1.0,0,2,0,0.0,available,0,none,0.9523,20.67,1,8,8,0,0,test,synthetic
SNAP-001068,FAC-001,2025-06-26T13:00:00+00:00,2025-06-26,LINE-07,ORD-07-017,STY-029,1,high,27.5,55,53,0.9636,395,224,0.5671,0,105,5,0.0476,available,94,planning,0.9776,7.67,0,790,540,1,0,test,synthetic
SNAP-001069,FAC-001,2025-06-28T13:00:00+00:00,2025-06-28,LINE-07,ORD-07-017,STY-029,2,high,27.5,56,52,0.9286,395,343,0.8684,0,177,11,0.0621,available,0,quality,0.8802,7.67,1,790,697,1,1,test,synthetic
SNAP-001070,FAC-001,2025-06-29T13:00:00+00:00,2025-06-29,LINE-07,ORD-07-017,STY-029,3,high,27.5,54,52,0.963,395,329,0.8329,21,147,11,0.0748,available,0,quality,0.8553,0.0,1,790,663,1,1,test,synthetic
SNAP-001071,FAC-001,2025-06-30T13:00:00+00:00,2025-06-30,LINE-07,ORD-07-017,STY-029,4,high,27.5,58,57,0.9828,395,397,1.0051,0,206,7,0.034,available,0,none,0.8017,7.0,1,790,797,0,0,test,synthetic
SNAP-001072,FAC-001,2025-01-04T13:00:00+00:00,2025-01-04,LINE-08,ORD-08-001,STY-018,1,low,10.2,37,35,0.9459,715,383,0.5357,0,199,5,0.0251,available,137,method,0.92,0.0,0,1430,957,1,0,train,synthetic
SNAP-001073,FAC-001,2025-01-05T13:00:00+00:00,2025-01-05,LINE-08,ORD-08-001,STY-018,2,low,10.2,37,35,0.9459,715,644,0.9007,0,326,8,0.0245,available,0,none,0.6692,0.0,1,1430,1272,1,0,train,synthetic
SNAP-001074,FAC-001,2025-01-06T13:00:00+00:00,2025-01-06,LINE-08,ORD-08-001,STY-018,3,low,10.2,36,35,0.9722,715,715,1.0,0,385,7,0.0182,available,0,none,0.7794,0.0,1,1430,1445,0,0,train,synthetic
SNAP-001075,FAC-001,2025-01-07T13:00:00+00:00,2025-01-07,LINE-08,ORD-08-001,STY-018,4,low,10.2,37,35,0.9459,715,720,1.007,0,308,9,0.0292,available,0,none,0.8564,0.0,0,1426,1415,1,0,train,synthetic
SNAP-001076,FAC-001,2025-01-08T13:00:00+00:00,2025-01-08,LINE-08,ORD-08-001,STY-018,5,low,10.2,36,34,0.9444,6,6,1.0,0,2,0,0.0,available,0,none,0.9641,0.0,1,11,11,0,0,train,synthetic
SNAP-001077,FAC-001,2025-01-09T13:00:00+00:00,2025-01-09,LINE-08,ORD-08-002,STY-016,1,medium,17.7,39,36,0.9231,410,210,0.5122,0,98,12,0.1224,available,90,quality,1.0009,0.0,0,820,491,1,1,train,synthetic
SNAP-001078,FAC-001,2025-01-11T13:00:00+00:00,2025-01-11,LINE-08,ORD-08-002,STY-016,2,medium,17.7,39,38,0.9744,410,365,0.8902,0,188,9,0.0479,available,0,none,0.8637,0.0,1,820,744,1,0,train,synthetic
SNAP-001079,FAC-001,2025-01-12T13:00:00+00:00,2025-01-12,LINE-08,ORD-08-002,STY-016,3,medium,17.7,37,35,0.9459,410,277,0.6756,0,113,2,0.0177,critical,0,material,0.8354,0.0,1,820,554,1,0,train,synthetic
SNAP-001080,FAC-001,2025-01-13T13:00:00+00:00,2025-01-13,LINE-08,ORD-08-002,STY-016,4,medium,17.7,40,38,0.95,410,405,0.9878,0,168,5,0.0298,available,0,none,0.7272,0.0,1,820,824,0,0,train,synthetic
SNAP-001081,FAC-001,2025-01-14T13:00:00+00:00,2025-01-14,LINE-08,ORD-08-002,STY-016,5,medium,17.7,38,36,0.9474,410,368,0.8976,0,183,10,0.0546,available,0,none,0.8626,0.0,0,820,734,1,1,train,synthetic
SNAP-001082,FAC-001,2025-01-15T13:00:00+00:00,2025-01-15,LINE-08,ORD-08-002,STY-016,6,medium,17.7,40,38,0.95,410,415,1.0122,0,203,6,0.0296,available,0,none,0.8585,0.0,1,820,827,0,0,train,synthetic
SNAP-001083,FAC-001,2025-01-16T13:00:00+00:00,2025-01-16,LINE-08,ORD-08-002,STY-016,7,medium,17.7,38,37,0.9737,410,374,0.9122,38,218,8,0.0367,available,0,machine,0.9695,0.0,0,820,782,1,0,train,synthetic
SNAP-001084,FAC-001,2025-01-18T13:00:00+00:00,2025-01-18,LINE-08,ORD-08-002,STY-016,8,medium,17.7,38,37,0.9737,410,400,0.9756,8,197,8,0.0406,available,0,none,0.9524,12.67,1,820,830,0,0,train,synthetic
SNAP-001085,FAC-001,2025-01-19T13:00:00+00:00,2025-01-19,LINE-08,ORD-08-002,STY-016,9,medium,17.7,39,38,0.9744,9,9,1.0,0,5,0,0.0,available,0,none,0.9915,15.33,0,14,14,0,0,train,synthetic
SNAP-001086,FAC-001,2025-01-20T13:00:00+00:00,2025-01-20,LINE-08,ORD-08-003,STY-028,1,high,32.6,40,38,0.95,240,139,0.5792,0,70,2,0.0286,available,96,method,0.9886,15.33,0,480,298,1,0,train,synthetic
SNAP-001087,FAC-001,2025-01-21T13:00:00+00:00,2025-01-21,LINE-08,ORD-08-003,STY-028,2,high,32.6,40,39,0.975,240,226,0.9417,0,108,5,0.0463,available,0,none,0.8777,16.0,1,480,435,1,1,train,synthetic
SNAP-001088,FAC-001,2025-01-22T13:00:00+00:00,2025-01-22,LINE-08,ORD-08-003,STY-028,3,high,32.6,39,38,0.9744,240,237,0.9875,0,124,6,0.0484,available,0,none,0.8424,13.33,1,480,474,1,0,train,synthetic
SNAP-001089,FAC-001,2025-01-23T13:00:00+00:00,2025-01-23,LINE-08,ORD-08-003,STY-028,4,high,32.6,40,39,0.975,240,244,1.0167,0,106,3,0.0283,available,0,none,0.8382,13.33,1,480,489,0,0,train,synthetic
SNAP-001090,FAC-001,2025-01-25T13:00:00+00:00,2025-01-25,LINE-08,ORD-08-003,STY-028,5,high,32.6,37,33,0.8919,240,193,0.8042,0,90,10,0.1111,available,0,manpower,0.9708,0.0,0,480,393,1,1,train,synthetic
SNAP-001091,FAC-001,2025-01-26T13:00:00+00:00,2025-01-26,LINE-08,ORD-08-003,STY-028,6,high,32.6,39,37,0.9487,240,246,1.025,0,132,4,0.0303,available,0,none,0.9417,0.0,1,480,497,0,0,train,synthetic
SNAP-001092,FAC-001,2025-01-27T13:00:00+00:00,2025-01-27,LINE-08,ORD-08-003,STY-028,7,high,32.6,39,36,0.9231,240,220,0.9167,20,106,6,0.0566,available,0,quality,0.9576,0.0,0,480,450,1,0,train,synthetic
SNAP-001093,FAC-001,2025-01-28T13:00:00+00:00,2025-01-28,LINE-08,ORD-08-003,STY-028,8,high,32.6,40,39,0.975,184,192,1.0435,0,93,3,0.0323,available,0,none,0.9306,6.67,1,364,364,0,0,train,synthetic
SNAP-001094,FAC-001,2025-01-29T13:00:00+00:00,2025-01-29,LINE-08,ORD-08-004,STY-035,1,medium,14.5,37,35,0.9459,500,272,0.544,0,125,4,0.032,available,136,method,0.991,6.67,0,1000,668,1,0,train,synthetic
SNAP-001095,FAC-001,2025-01-30T13:00:00+00:00,2025-01-30,LINE-08,ORD-08-004,STY-035,2,medium,14.5,39,38,0.9744,500,452,0.904,0,222,4,0.018,available,0,none,0.8685,6.67,1,1000,841,1,0,train,synthetic
SNAP-001096,FAC-001,2025-02-01T13:00:00+00:00,2025-02-01,LINE-08,ORD-08-004,STY-035,3,medium,14.5,37,36,0.973,500,284,0.568,0,147,4,0.0272,critical,0,material,0.8363,15.33,1,1000,566,1,0,train,synthetic
SNAP-001097,FAC-001,2025-02-02T13:00:00+00:00,2025-02-02,LINE-08,ORD-08-004,STY-035,4,medium,14.5,40,38,0.95,500,455,0.91,25,205,5,0.0244,available,0,none,0.6917,15.33,1,1000,964,1,0,train,synthetic
SNAP-001098,FAC-001,2025-02-03T13:00:00+00:00,2025-02-03,LINE-08,ORD-08-004,STY-035,5,medium,14.5,37,34,0.9189,500,486,0.972,0,260,4,0.0154,available,0,none,0.7903,23.67,1,1000,930,1,0,train,synthetic
SNAP-001099,FAC-001,2025-02-04T13:00:00+00:00,2025-02-04,LINE-08,ORD-08-004,STY-035,6,medium,14.5,38,37,0.9737,500,460,0.92,0,209,9,0.0431,available,0,none,0.82,18.0,1,1000,911,1,0,train,synthetic
SNAP-001100,FAC-001,2025-02-05T13:00:00+00:00,2025-02-05,LINE-08,ORD-08-004,STY-035,7,medium,14.5,39,38,0.9744,500,404,0.808,60,189,6,0.0317,available,0,machine,0.935,18.0,1,1000,906,1,0,train,synthetic
SNAP-001101,FAC-001,2025-02-06T13:00:00+00:00,2025-02-06,LINE-08,ORD-08-004,STY-035,8,medium,14.5,38,32,0.8421,500,442,0.884,0,201,5,0.0249,available,0,manpower,0.9157,29.67,1,1000,876,1,0,train,synthetic
SNAP-001102,FAC-001,2025-02-08T13:00:00+00:00,2025-02-08,LINE-08,ORD-08-004,STY-035,9,medium,14.5,39,37,0.9487,95,95,1.0,0,43,0,0.0,available,0,none,0.8977,20.0,1,188,188,0,0,train,synthetic
SNAP-001103,FAC-001,2025-02-09T13:00:00+00:00,2025-02-09,LINE-08,ORD-08-005,STY-012,1,high,31.0,37,36,0.973,240,132,0.55,0,63,4,0.0635,available,135,quality,0.9273,20.0,0,480,310,1,0,train,synthetic
SNAP-001104,FAC-001,2025-02-10T13:00:00+00:00,2025-02-10,LINE-08,ORD-08-005,STY-012,2,high,31.0,36,34,0.9444,240,193,0.8042,17,77,3,0.039,available,0,none,0.8406,8.33,1,480,396,1,0,train,synthetic
SNAP-001105,FAC-001,2025-02-11T13:00:00+00:00,2025-02-11,LINE-08,ORD-08-005,STY-012,3,high,31.0,39,37,0.9487,240,230,0.9583,0,123,7,0.0569,available,0,quality,0.8236,14.0,1,480,452,1,0,train,synthetic
SNAP-001106,FAC-001,2025-02-12T13:00:00+00:00,2025-02-12,LINE-08,ORD-08-005,STY-012,4,high,31.0,37,35,0.9459,240,217,0.9042,35,98,6,0.0612,available,0,machine,0.8042,14.0,1,480,417,1,0,train,synthetic
SNAP-001107,FAC-001,2025-02-13T13:00:00+00:00,2025-02-13,LINE-08,ORD-08-005,STY-012,5,high,31.0,40,39,0.975,240,219,0.9125,32,103,1,0.0097,available,0,none,0.8785,30.33,1,480,479,1,0,train,synthetic
SNAP-001108,FAC-001,2025-02-15T13:00:00+00:00,2025-02-15,LINE-08,ORD-08-005,STY-012,6,high,31.0,36,33,0.9167,240,235,0.9792,0,119,6,0.0504,available,0,none,0.9361,35.33,1,480,460,1,0,train,synthetic
SNAP-001109,FAC-001,2025-02-16T13:00:00+00:00,2025-02-16,LINE-08,ORD-08-005,STY-012,7,high,31.0,39,36,0.9231,240,235,0.9792,0,110,8,0.0727,available,0,quality,0.9417,35.33,1,480,470,1,1,train,synthetic
SNAP-001110,FAC-001,2025-02-17T13:00:00+00:00,2025-02-17,LINE-08,ORD-08-005,STY-012,8,high,31.0,39,37,0.9487,10,9,0.9,17,5,1,0.2,available,0,quality,0.9785,10.67,1,16,13,1,1,train,synthetic
SNAP-001111,FAC-001,2025-02-18T13:00:00+00:00,2025-02-18,LINE-08,ORD-08-005,STY-012,9,high,31.0,36,32,0.8889,3,3,1.0,0,0,0,0.0,available,0,manpower,0.9167,24.0,1,3,3,0,0,train,synthetic
SNAP-001112,FAC-001,2025-02-19T13:00:00+00:00,2025-02-19,LINE-08,ORD-08-006,STY-022,1,medium,13.3,36,35,0.9722,545,381,0.6991,0,198,4,0.0202,available,47,planning,0.9306,24.0,0,1090,799,1,0,train,synthetic
SNAP-001113,FAC-001,2025-02-20T13:00:00+00:00,2025-02-20,LINE-08,ORD-08-006,STY-022,2,medium,13.3,40,38,0.95,545,485,0.8899,0,242,3,0.0124,available,0,none,0.8485,24.0,1,1090,898,1,0,train,synthetic
SNAP-001114,FAC-001,2025-02-22T13:00:00+00:00,2025-02-22,LINE-08,ORD-08-006,STY-022,3,medium,13.3,38,36,0.9474,545,513,0.9413,0,251,5,0.0199,available,0,none,0.8523,14.0,1,1090,1035,1,0,train,synthetic
SNAP-001115,FAC-001,2025-02-23T13:00:00+00:00,2025-02-23,LINE-08,ORD-08-006,STY-022,4,medium,13.3,37,35,0.9459,545,544,0.9982,0,279,9,0.0323,available,0,none,0.8355,14.0,1,1090,969,1,0,train,synthetic
SNAP-001116,FAC-001,2025-02-24T13:00:00+00:00,2025-02-24,LINE-08,ORD-08-006,STY-022,5,medium,13.3,40,38,0.95,545,547,1.0037,0,283,8,0.0283,available,0,none,0.8875,32.33,1,1090,1095,0,0,train,synthetic
SNAP-001117,FAC-001,2025-02-25T13:00:00+00:00,2025-02-25,LINE-08,ORD-08-006,STY-022,6,medium,13.3,40,38,0.95,545,486,0.8917,0,211,9,0.0427,available,0,none,0.9477,18.33,0,1090,987,1,0,train,synthetic
SNAP-001118,FAC-001,2025-02-26T13:00:00+00:00,2025-02-26,LINE-08,ORD-08-006,STY-022,7,medium,13.3,36,35,0.9722,545,523,0.9596,27,238,9,0.0378,available,0,none,0.933,18.33,1,1090,1067,1,0,train,synthetic
SNAP-001119,FAC-001,2025-02-27T13:00:00+00:00,2025-02-27,LINE-08,ORD-08-006,STY-022,8,medium,13.3,37,36,0.973,545,546,1.0018,0,251,7,0.0279,available,0,none,0.963,9.0,1,1090,1131,0,0,train,synthetic
SNAP-001120,FAC-001,2025-03-01T13:00:00+00:00,2025-03-01,LINE-08,ORD-08-006,STY-022,9,medium,13.3,36,30,0.8333,285,261,0.9158,0,125,4,0.032,available,0,manpower,0.974,9.0,0,569,509,1,0,train,synthetic
SNAP-001121,FAC-001,2025-03-02T13:00:00+00:00,2025-03-02,LINE-08,ORD-08-006,STY-022,10,medium,13.3,40,38,0.95,30,30,1.0,0,16,0,0.0,available,0,none,0.9704,9.0,1,60,57,1,0,train,synthetic
SNAP-001122,FAC-001,2025-03-03T13:00:00+00:00,2025-03-03,LINE-08,ORD-08-006,STY-022,11,medium,13.3,39,38,0.9744,3,3,1.0,0,2,0,0.0,available,0,none,0.9607,9.0,1,3,3,0,0,train,synthetic
SNAP-001123,FAC-001,2025-03-04T13:00:00+00:00,2025-03-04,LINE-08,ORD-08-007,STY-001,1,low,8.8,38,35,0.9211,825,387,0.4691,0,204,4,0.0196,minor,134,method,0.9482,9.0,0,1650,753,1,0,train,synthetic
SNAP-001124,FAC-001,2025-03-05T13:00:00+00:00,2025-03-05,LINE-08,ORD-08-007,STY-001,2,low,8.8,36,35,0.9722,825,765,0.9273,0,325,9,0.0277,available,0,none,0.8021,42.0,1,1650,1519,1,0,train,synthetic
SNAP-001125,FAC-001,2025-03-06T13:00:00+00:00,2025-03-06,LINE-08,ORD-08-007,STY-001,3,low,8.8,36,34,0.9444,825,739,0.8958,0,362,8,0.0221,available,0,none,0.7923,33.0,1,1650,1521,1,0,train,synthetic
SNAP-001126,FAC-001,2025-03-08T13:00:00+00:00,2025-03-08,LINE-08,ORD-08-007,STY-001,4,low,8.8,40,38,0.95,825,840,1.0182,0,397,7,0.0176,available,0,none,0.7663,33.0,1,1650,1693,0,0,train,synthetic
SNAP-001127,FAC-001,2025-03-09T13:00:00+00:00,2025-03-09,LINE-08,ORD-08-007,STY-001,5,low,8.8,38,36,0.9474,484,495,1.0227,0,255,7,0.0275,available,0,none,0.9562,0.0,0,964,951,1,0,train,synthetic
SNAP-001128,FAC-001,2025-03-10T13:00:00+00:00,2025-03-10,LINE-08,ORD-08-007,STY-001,6,low,8.8,36,35,0.9722,8,8,1.0,0,5,0,0.0,available,0,none,0.9781,0.0,1,13,13,0,0,train,synthetic
SNAP-001129,FAC-001,2025-03-11T13:00:00+00:00,2025-03-11,LINE-08,ORD-08-008,STY-002,1,low,9.4,38,37,0.9737,775,461,0.5948,0,223,5,0.0224,available,83,planning,1.0042,0.0,0,1550,1011,1,0,train,synthetic
SNAP-001130,FAC-001,2025-03-12T13:00:00+00:00,2025-03-12,LINE-08,ORD-08-008,STY-002,2,low,9.4,37,36,0.973,775,697,0.8994,0,335,4,0.0119,available,0,none,0.8796,12.0,1,1550,1388,1,0,train,synthetic
SNAP-001131,FAC-001,2025-03-13T13:00:00+00:00,2025-03-13,LINE-08,ORD-08-008,STY-002,3,low,9.4,39,38,0.9744,775,767,0.9897,0,405,4,0.0099,available,0,none,0.8492,12.0,1,1550,1523,1,0,train,synthetic
SNAP-001132,FAC-001,2025-03-15T13:00:00+00:00,2025-03-15,LINE-08,ORD-08-008,STY-002,4,low,9.4,39,36,0.9231,775,759,0.9794,0,340,3,0.0088,available,0,none,0.8434,12.0,1,1550,1524,1,0,train,synthetic
SNAP-001133,FAC-001,2025-03-16T13:00:00+00:00,2025-03-16,LINE-08,ORD-08-008,STY-002,5,low,9.4,39,37,0.9487,775,663,0.8555,55,352,4,0.0114,available,0,machine,0.9538,0.0,1,1550,1433,1,0,train,synthetic
SNAP-001134,FAC-001,2025-03-17T13:00:00+00:00,2025-03-17,LINE-08,ORD-08-008,STY-002,6,low,9.4,40,39,0.975,775,789,1.0181,0,413,5,0.0121,available,0,none,0.9634,18.33,1,1550,1474,1,0,train,synthetic
SNAP-001135,FAC-001,2025-03-18T13:00:00+00:00,2025-03-18,LINE-08,ORD-08-008,STY-002,7,low,9.4,38,36,0.9474,775,777,1.0026,0,385,8,0.0208,available,0,none,0.9529,32.0,1,1550,1580,0,0,train,synthetic
SNAP-001136,FAC-001,2025-03-19T13:00:00+00:00,2025-03-19,LINE-08,ORD-08-008,STY-002,8,low,9.4,40,34,0.85,775,717,0.9252,0,363,4,0.011,available,0,manpower,0.9649,32.0,0,1550,1451,1,0,train,synthetic
SNAP-001137,FAC-001,2025-03-20T13:00:00+00:00,2025-03-20,LINE-08,ORD-08-008,STY-002,9,low,9.4,40,37,0.925,235,234,0.9957,0,113,3,0.0265,available,0,none,0.9688,13.67,1,466,457,1,0,train,synthetic
SNAP-001138,FAC-001,2025-03-22T13:00:00+00:00,2025-03-22,LINE-08,ORD-08-008,STY-002,10,low,9.4,38,37,0.9737,5,5,1.0,0,3,0,0.0,minor,0,none,0.9787,0.0,1,9,9,0,0,train,synthetic
SNAP-001139,FAC-001,2025-03-23T13:00:00+00:00,2025-03-23,LINE-08,ORD-08-009,STY-027,1,high,27.7,39,38,0.9744,260,159,0.6115,0,81,7,0.0864,available,91,quality,0.9723,0.0,0,520,363,1,1,train,synthetic
SNAP-001140,FAC-001,2025-03-24T13:00:00+00:00,2025-03-24,LINE-08,ORD-08-009,STY-027,2,high,27.7,38,37,0.9737,260,237,0.9115,0,132,5,0.0379,available,0,none,0.8929,0.0,1,520,482,1,0,train,synthetic
SNAP-001141,FAC-001,2025-03-25T13:00:00+00:00,2025-03-25,LINE-08,ORD-08-009,STY-027,3,high,27.7,36,34,0.9444,260,257,0.9885,0,144,7,0.0486,available,0,none,0.875,0.0,1,520,493,1,0,train,synthetic
SNAP-001142,FAC-001,2025-03-26T13:00:00+00:00,2025-03-26,LINE-08,ORD-08-009,STY-027,4,high,27.7,40,37,0.925,260,260,1.0,0,131,5,0.0382,available,0,none,0.8577,0.0,1,520,517,1,0,train,synthetic
SNAP-001143,FAC-001,2025-03-27T13:00:00+00:00,2025-03-27,LINE-08,ORD-08-009,STY-027,5,high,27.7,36,31,0.8611,25,22,0.88,0,10,0,0.0,available,0,manpower,0.9564,0.0,1,45,40,1,1,train,synthetic
SNAP-001144,FAC-001,2025-03-29T13:00:00+00:00,2025-03-29,LINE-08,ORD-08-009,STY-027,6,high,27.7,39,38,0.9744,5,5,1.0,0,1,0,0.0,available,0,none,0.9437,0.0,1,5,5,0,0,train,synthetic
SNAP-001145,FAC-001,2025-03-30T13:00:00+00:00,2025-03-30,LINE-08,ORD-08-010,STY-036,1,medium,19.7,39,38,0.9744,370,239,0.6459,0,118,5,0.0424,available,70,planning,0.961,0.0,0,740,532,1,0,train,synthetic
SNAP-001146,FAC-001,2025-03-31T13:00:00+00:00,2025-03-31,LINE-08,ORD-08-010,STY-036,2,medium,19.7,39,38,0.9744,370,334,0.9027,0,135,4,0.0296,available,0,none,0.8693,0.0,1,740,669,1,0,train,synthetic
SNAP-001147,FAC-001,2025-04-01T13:00:00+00:00,2025-04-01,LINE-08,ORD-08-010,STY-036,3,medium,19.7,36,35,0.9722,370,366,0.9892,0,179,2,0.0112,available,0,none,0.8743,0.0,1,740,725,1,0,train,synthetic
SNAP-001148,FAC-001,2025-04-02T13:00:00+00:00,2025-04-02,LINE-08,ORD-08-010,STY-036,4,medium,19.7,40,38,0.95,370,340,0.9189,22,164,6,0.0366,available,0,none,0.8676,0.0,1,740,699,1,0,train,synthetic
SNAP-001149,FAC-001,2025-04-03T13:00:00+00:00,2025-04-03,LINE-08,ORD-08-010,STY-036,5,medium,19.7,40,37,0.925,370,356,0.9622,0,158,2,0.0127,available,0,none,0.9428,7.33,1,740,730,1,0,train,synthetic
SNAP-001150,FAC-001,2025-04-05T13:00:00+00:00,2025-04-05,LINE-08,ORD-08-010,STY-036,6,medium,19.7,36,35,0.9722,370,359,0.9703,11,197,4,0.0203,available,0,none,0.9703,7.33,1,740,740,0,0,train,synthetic
SNAP-001151,FAC-001,2025-04-06T13:00:00+00:00,2025-04-06,LINE-08,ORD-08-010,STY-036,7,medium,19.7,39,38,0.9744,370,380,1.027,0,178,5,0.0281,available,0,none,0.977,11.0,0,740,731,1,0,train,synthetic
SNAP-001152,FAC-001,2025-04-07T13:00:00+00:00,2025-04-07,LINE-08,ORD-08-010,STY-036,8,medium,19.7,36,35,0.9722,370,361,0.9757,20,174,9,0.0517,available,0,none,0.9914,10.67,1,740,710,1,0,train,synthetic
SNAP-001153,FAC-001,2025-04-08T13:00:00+00:00,2025-04-08,LINE-08,ORD-08-010,STY-036,9,medium,19.7,37,35,0.9459,370,372,1.0054,0,187,13,0.0695,available,0,quality,0.9824,22.67,1,740,738,1,1,train,synthetic
SNAP-001154,FAC-001,2025-04-09T13:00:00+00:00,2025-04-09,LINE-08,ORD-08-010,STY-036,10,medium,19.7,40,38,0.95,165,173,1.0485,0,81,1,0.0123,available,0,none,0.9815,19.0,1,326,326,0,0,train,synthetic
SNAP-001155,FAC-001,2025-04-10T13:00:00+00:00,2025-04-10,LINE-08,ORD-08-011,STY-011,1,high,26.3,38,35,0.9211,275,160,0.5818,22,76,7,0.0921,available,67,quality,0.9856,12.0,0,550,368,1,0,train,synthetic
SNAP-001156,FAC-001,2025-04-12T13:00:00+00:00,2025-04-12,LINE-08,ORD-08-011,STY-011,2,high,26.3,37,35,0.9459,275,217,0.7891,0,117,10,0.0855,available,0,quality,0.8888,7.33,1,550,428,1,1,train,synthetic
SNAP-001157,FAC-001,2025-04-13T13:00:00+00:00,2025-04-13,LINE-08,ORD-08-011,STY-011,3,high,26.3,40,39,0.975,275,263,0.9564,0,105,6,0.0571,available,0,quality,0.8158,7.33,1,550,514,1,0,train,synthetic
SNAP-001158,FAC-001,2025-04-14T13:00:00+00:00,2025-04-14,LINE-08,ORD-08-011,STY-011,4,high,26.3,36,34,0.9444,275,284,1.0327,0,123,7,0.0569,available,0,quality,0.7939,7.33,1,550,561,0,0,train,synthetic
SNAP-001159,FAC-001,2025-04-15T13:00:00+00:00,2025-04-15,LINE-08,ORD-08-011,STY-011,5,high,26.3,40,38,0.95,275,277,1.0073,0,143,5,0.035,available,0,none,0.9109,0.0,0,550,554,0,0,train,synthetic
SNAP-001160,FAC-001,2025-04-16T13:00:00+00:00,2025-04-16,LINE-08,ORD-08-011,STY-011,6,high,26.3,39,37,0.9487,275,289,1.0509,0,131,5,0.0382,available,0,none,0.9873,0.0,0,550,563,0,0,train,synthetic
SNAP-001161,FAC-001,2025-04-17T13:00:00+00:00,2025-04-17,LINE-08,ORD-08-011,STY-011,7,high,26.3,36,34,0.9444,275,281,1.0218,0,121,10,0.0826,available,0,quality,1.017,0.0,0,550,563,0,1,train,synthetic
SNAP-001162,FAC-001,2025-04-19T13:00:00+00:00,2025-04-19,LINE-08,ORD-08-011,STY-011,8,high,26.3,37,34,0.9189,275,269,0.9782,0,136,3,0.0221,available,0,none,1.0182,0.0,0,550,484,1,0,train,synthetic
SNAP-001163,FAC-001,2025-04-20T13:00:00+00:00,2025-04-20,LINE-08,ORD-08-011,STY-011,9,high,26.3,40,34,0.85,275,257,0.9345,0,107,8,0.0748,available,0,manpower,0.9758,18.33,1,550,501,1,0,train,synthetic
SNAP-001164,FAC-001,2025-04-21T13:00:00+00:00,2025-04-21,LINE-08,ORD-08-011,STY-011,10,high,26.3,39,38,0.9744,209,216,1.0335,0,107,5,0.0467,available,0,none,0.9382,18.33,1,414,414,0,0,train,synthetic
SNAP-001165,FAC-001,2025-04-22T13:00:00+00:00,2025-04-22,LINE-08,ORD-08-012,STY-033,1,low,8.0,38,37,0.9737,910,659,0.7242,0,270,5,0.0185,available,46,none,0.9303,18.33,0,1820,1417,1,0,train,synthetic
SNAP-001166,FAC-001,2025-04-23T13:00:00+00:00,2025-04-23,LINE-08,ORD-08-012,STY-033,2,low,8.0,38,36,0.9474,910,793,0.8714,0,381,6,0.0157,available,0,none,0.8965,0.0,1,1820,1603,1,0,train,synthetic
SNAP-001167,FAC-001,2025-04-24T13:00:00+00:00,2025-04-24,LINE-08,ORD-08-012,STY-033,3,low,8.0,39,38,0.9744,910,894,0.9824,0,396,8,0.0202,available,0,none,0.8864,0.0,1,1820,1771,1,0,train,synthetic
SNAP-001168,FAC-001,2025-04-26T13:00:00+00:00,2025-04-26,LINE-08,ORD-08-012,STY-033,4,low,8.0,39,38,0.9744,910,769,0.8451,55,393,5,0.0127,available,0,machine,0.8775,0.0,1,1820,1705,1,0,train,synthetic
SNAP-001169,FAC-001,2025-04-27T13:00:00+00:00,2025-04-27,LINE-08,ORD-08-012,STY-033,5,low,8.0,36,34,0.9444,829,801,0.9662,0,383,8,0.0209,available,0,none,0.9302,18.33,1,1654,1617,1,0,train,synthetic
SNAP-001170,FAC-001,2025-04-28T13:00:00+00:00,2025-04-28,LINE-08,ORD-08-012,STY-033,6,low,8.0,37,36,0.973,20,22,1.1,0,11,0,0.0,available,0,none,0.9625,18.33,1,37,37,0,0,train,synthetic
SNAP-001171,FAC-001,2025-04-29T13:00:00+00:00,2025-04-29,LINE-08,ORD-08-013,STY-003,1,medium,13.9,37,36,0.973,520,202,0.3885,55,108,2,0.0185,available,141,machine,0.9715,18.33,0,1040,638,1,0,train,synthetic
SNAP-001172,FAC-001,2025-04-30T13:00:00+00:00,2025-04-30,LINE-08,ORD-08-013,STY-003,2,medium,13.9,38,37,0.9737,520,362,0.6962,66,183,6,0.0328,available,0,machine,0.8637,18.33,1,1040,820,1,0,train,synthetic
SNAP-001173,FAC-001,2025-05-01T13:00:00+00:00,2025-05-01,LINE-08,ORD-08-013,STY-003,3,medium,13.9,37,36,0.973,520,515,0.9904,0,216,11,0.0509,available,0,none,0.8006,40.33,1,1040,947,1,0,validation,synthetic
SNAP-001174,FAC-001,2025-05-03T13:00:00+00:00,2025-05-03,LINE-08,ORD-08-013,STY-003,4,medium,13.9,39,38,0.9744,520,521,1.0019,0,261,7,0.0268,available,0,none,0.7708,55.0,1,1040,1064,0,0,validation,synthetic
SNAP-001175,FAC-001,2025-05-04T13:00:00+00:00,2025-05-04,LINE-08,ORD-08-013,STY-003,5,medium,13.9,39,37,0.9487,520,535,1.0288,0,252,16,0.0635,available,0,quality,0.9074,36.67,0,1040,1023,1,0,validation,synthetic
SNAP-001176,FAC-001,2025-05-05T13:00:00+00:00,2025-05-05,LINE-08,ORD-08-013,STY-003,6,medium,13.9,38,35,0.9211,520,434,0.8346,0,188,14,0.0745,available,0,quality,0.9724,14.67,1,1040,882,1,1,validation,synthetic
SNAP-001177,FAC-001,2025-05-06T13:00:00+00:00,2025-05-06,LINE-08,ORD-08-013,STY-003,7,medium,13.9,39,36,0.9231,520,511,0.9827,0,247,7,0.0283,available,0,none,0.9516,0.0,1,1040,1005,1,0,validation,synthetic
SNAP-001178,FAC-001,2025-05-07T13:00:00+00:00,2025-05-07,LINE-08,ORD-08-013,STY-003,8,medium,13.9,37,36,0.973,520,522,1.0038,0,249,9,0.0361,available,0,none,0.9327,0.0,1,1040,1056,0,0,validation,synthetic
SNAP-001179,FAC-001,2025-05-08T13:00:00+00:00,2025-05-08,LINE-08,ORD-08-013,STY-003,9,medium,13.9,36,34,0.9444,460,478,1.0391,0,239,11,0.046,available,0,none,0.9433,0.0,0,915,915,0,0,validation,synthetic
SNAP-001180,FAC-001,2025-05-10T13:00:00+00:00,2025-05-10,LINE-08,ORD-08-014,STY-025,1,high,26.4,36,35,0.9722,275,174,0.6327,0,82,3,0.0366,available,71,planning,0.9939,0.0,0,550,397,1,0,validation,synthetic
SNAP-001181,FAC-001,2025-05-11T13:00:00+00:00,2025-05-11,LINE-08,ORD-08-014,STY-025,2,high,26.4,37,35,0.9459,275,240,0.8727,0,117,8,0.0684,available,0,quality,0.9124,0.0,1,550,475,1,0,validation,synthetic
SNAP-001182,FAC-001,2025-05-12T13:00:00+00:00,2025-05-12,LINE-08,ORD-08-014,STY-025,3,high,26.4,37,34,0.9189,275,231,0.84,0,115,6,0.0522,available,0,none,0.8618,0.0,1,550,462,1,1,validation,synthetic
SNAP-001183,FAC-001,2025-05-13T13:00:00+00:00,2025-05-13,LINE-08,ORD-08-014,STY-025,4,high,26.4,37,35,0.9459,275,266,0.9673,0,124,7,0.0565,available,0,quality,0.8085,0.0,1,550,534,1,1,validation,synthetic
SNAP-001184,FAC-001,2025-05-14T13:00:00+00:00,2025-05-14,LINE-08,ORD-08-014,STY-025,5,high,26.4,40,38,0.95,275,281,1.0218,0,125,7,0.056,available,0,quality,0.8915,0.0,1,550,555,0,1,validation,synthetic
SNAP-001185,FAC-001,2025-05-15T13:00:00+00:00,2025-05-15,LINE-08,ORD-08-014,STY-025,6,high,26.4,37,36,0.973,115,111,0.9652,0,50,3,0.06,available,0,quality,0.94,0.0,0,227,213,1,0,validation,synthetic
SNAP-001186,FAC-001,2025-05-17T13:00:00+00:00,2025-05-17,LINE-08,ORD-08-014,STY-025,7,high,26.4,36,35,0.9722,9,9,1.0,0,4,0,0.0,available,0,none,0.9728,0.0,1,14,13,1,0,validation,synthetic
SNAP-001187,FAC-001,2025-05-18T13:00:00+00:00,2025-05-18,LINE-08,ORD-08-014,STY-025,8,high,26.4,40,39,0.975,1,1,1.0,0,0,0,0.0,available,0,none,0.9587,10.67,1,1,1,0,0,validation,synthetic
SNAP-001188,FAC-001,2025-05-19T13:00:00+00:00,2025-05-19,LINE-08,ORD-08-015,STY-006,1,medium,13.8,36,35,0.9722,525,297,0.5657,0,149,5,0.0336,available,143,method,0.9556,10.67,0,1050,678,1,0,validation,synthetic
SNAP-001189,FAC-001,2025-05-20T13:00:00+00:00,2025-05-20,LINE-08,ORD-08-015,STY-006,2,medium,13.8,38,37,0.9737,525,383,0.7295,55,200,6,0.03,available,0,machine,0.8581,21.0,1,1050,821,1,0,validation,synthetic
SNAP-001190,FAC-001,2025-05-21T13:00:00+00:00,2025-05-21,LINE-08,ORD-08-015,STY-006,3,medium,13.8,38,36,0.9474,525,449,0.8552,43,191,1,0.0052,available,0,machine,0.8092,34.33,1,1050,910,1,0,validation,synthetic
SNAP-001191,FAC-001,2025-05-22T13:00:00+00:00,2025-05-22,LINE-08,ORD-08-015,STY-006,4,medium,13.8,40,39,0.975,525,536,1.021,0,248,6,0.0242,available,0,none,0.7648,56.0,1,1050,1080,0,0,validation,synthetic
SNAP-001192,FAC-001,2025-05-24T13:00:00+00:00,2025-05-24,LINE-08,ORD-08-015,STY-006,5,medium,13.8,36,34,0.9444,525,424,0.8076,59,190,1,0.0053,available,0,machine,0.8924,45.67,0,1050,959,1,0,validation,synthetic
SNAP-001193,FAC-001,2025-05-25T13:00:00+00:00,2025-05-25,LINE-08,ORD-08-015,STY-006,6,medium,13.8,39,37,0.9487,525,452,0.861,0,209,12,0.0574,available,0,quality,0.9362,41.33,1,1050,905,1,0,validation,synthetic
SNAP-001194,FAC-001,2025-05-26T13:00:00+00:00,2025-05-26,LINE-08,ORD-08-015,STY-006,7,medium,13.8,36,34,0.9444,525,544,1.0362,0,268,8,0.0299,available,0,none,0.9346,19.67,1,1050,1070,0,0,validation,synthetic
SNAP-001195,FAC-001,2025-05-27T13:00:00+00:00,2025-05-27,LINE-08,ORD-08-015,STY-006,8,medium,13.8,38,34,0.8947,190,179,0.9421,0,81,2,0.0247,available,0,manpower,0.9314,19.67,0,377,358,1,0,validation,synthetic
SNAP-001196,FAC-001,2025-05-28T13:00:00+00:00,2025-05-28,LINE-08,ORD-08-015,STY-006,9,medium,13.8,40,39,0.975,10,10,1.0,0,5,0,0.0,available,0,none,0.9435,0.0,1,19,19,0,0,validation,synthetic
SNAP-001197,FAC-001,2025-05-29T13:00:00+00:00,2025-05-29,LINE-08,ORD-08-016,STY-012,1,high,31.0,40,35,0.875,240,120,0.5,0,57,2,0.0351,available,132,manpower,0.9895,0.0,0,480,292,1,1,validation,synthetic
SNAP-001198,FAC-001,2025-05-31T13:00:00+00:00,2025-05-31,LINE-08,ORD-08-016,STY-012,2,high,31.0,40,38,0.95,240,216,0.9,0,105,4,0.0381,available,0,none,0.8526,0.0,1,480,437,1,0,validation,synthetic
SNAP-001199,FAC-001,2025-06-01T13:00:00+00:00,2025-06-01,LINE-08,ORD-08-016,STY-012,3,high,31.0,37,36,0.973,240,239,0.9958,0,111,4,0.036,available,0,none,0.8396,0.0,1,480,471,1,0,test,synthetic
SNAP-001200,FAC-001,2025-06-02T13:00:00+00:00,2025-06-02,LINE-08,ORD-08-016,STY-012,4,high,31.0,37,36,0.973,240,256,1.0667,0,121,3,0.0248,available,0,none,0.8333,0.0,1,480,500,0,0,test,synthetic
SNAP-001201,FAC-001,2025-06-03T13:00:00+00:00,2025-06-03,LINE-08,ORD-08-016,STY-012,5,high,31.0,39,36,0.9231,240,237,0.9875,0,113,3,0.0265,available,0,none,0.9778,0.0,0,480,465,1,0,test,synthetic
SNAP-001202,FAC-001,2025-06-04T13:00:00+00:00,2025-06-04,LINE-08,ORD-08-016,STY-012,6,high,31.0,39,37,0.9487,240,231,0.9625,17,117,1,0.0085,available,0,none,0.9972,0.0,1,480,475,1,0,test,synthetic
SNAP-001203,FAC-001,2025-06-05T13:00:00+00:00,2025-06-05,LINE-08,ORD-08-016,STY-012,7,high,31.0,36,35,0.9722,240,207,0.8625,46,113,7,0.0619,available,0,machine,1.0,5.67,1,480,399,1,0,test,synthetic
SNAP-001204,FAC-001,2025-06-07T13:00:00+00:00,2025-06-07,LINE-08,ORD-08-016,STY-012,8,high,31.0,39,37,0.9487,240,216,0.9,8,117,0,0.0,minor,0,none,0.9299,39.33,1,480,433,1,0,test,synthetic
SNAP-001205,FAC-001,2025-06-08T13:00:00+00:00,2025-06-08,LINE-08,ORD-08-016,STY-012,9,high,31.0,39,34,0.8718,240,217,0.9042,0,111,4,0.036,available,0,manpower,0.9076,42.0,1,480,414,1,0,test,synthetic
SNAP-001206,FAC-001,2025-06-09T13:00:00+00:00,2025-06-09,LINE-08,ORD-08-016,STY-012,10,high,31.0,38,36,0.9474,240,196,0.8167,22,94,6,0.0638,minor,0,quality,0.8653,43.0,1,480,412,1,1,test,synthetic
SNAP-001207,FAC-001,2025-06-10T13:00:00+00:00,2025-06-10,LINE-08,ORD-08-016,STY-012,11,high,31.0,38,37,0.9737,202,177,0.8762,34,93,10,0.1075,available,0,quality,0.8743,16.67,1,402,363,1,1,test,synthetic
SNAP-001208,FAC-001,2025-06-11T13:00:00+00:00,2025-06-11,LINE-08,ORD-08-016,STY-012,12,high,31.0,40,39,0.975,20,13,0.65,0,7,0,0.0,critical,0,material,0.8746,36.67,1,39,26,1,1,test,synthetic
SNAP-001209,FAC-001,2025-06-12T13:00:00+00:00,2025-06-12,LINE-08,ORD-08-016,STY-012,13,high,31.0,37,35,0.9459,8,8,1.0,8,3,0,0.0,available,0,none,0.8093,30.0,1,13,13,0,0,test,synthetic
SNAP-001210,FAC-001,2025-06-14T13:00:00+00:00,2025-06-14,LINE-08,ORD-08-017,STY-018,1,low,10.2,40,37,0.925,715,392,0.5483,0,165,6,0.0364,available,106,method,0.8566,25.33,0,1430,928,1,0,test,synthetic
SNAP-001211,FAC-001,2025-06-15T13:00:00+00:00,2025-06-15,LINE-08,ORD-08-017,STY-018,2,low,10.2,40,38,0.95,715,649,0.9077,0,328,11,0.0335,available,0,none,0.7719,2.67,1,1430,1262,1,0,test,synthetic
SNAP-001212,FAC-001,2025-06-16T13:00:00+00:00,2025-06-16,LINE-08,ORD-08-017,STY-018,3,low,10.2,40,39,0.975,715,719,1.0056,0,318,5,0.0157,available,0,none,0.8438,2.67,1,1430,1409,1,0,test,synthetic
SNAP-001213,FAC-001,2025-06-17T13:00:00+00:00,2025-06-17,LINE-08,ORD-08-017,STY-018,4,low,10.2,37,35,0.9459,715,733,1.0252,0,381,10,0.0262,available,0,none,0.8389,0.0,1,1430,1462,0,0,test,synthetic
SNAP-001214,FAC-001,2025-06-18T13:00:00+00:00,2025-06-18,LINE-08,ORD-08-017,STY-018,5,low,10.2,39,36,0.9231,715,723,1.0112,0,359,10,0.0279,available,0,none,0.9634,0.0,0,1430,1419,1,0,test,synthetic
SNAP-001215,FAC-001,2025-06-19T13:00:00+00:00,2025-06-19,LINE-08,ORD-08-017,STY-018,6,low,10.2,40,37,0.925,715,710,0.993,0,341,4,0.0117,available,0,none,1.0,0.0,1,1430,1418,1,0,test,synthetic
SNAP-001216,FAC-001,2025-06-21T13:00:00+00:00,2025-06-21,LINE-08,ORD-08-017,STY-018,7,low,10.2,36,34,0.9444,552,473,0.8569,44,220,5,0.0227,available,0,machine,1.0021,0.0,1,1102,1011,1,0,test,synthetic
SNAP-001217,FAC-001,2025-06-22T13:00:00+00:00,2025-06-22,LINE-08,ORD-08-017,STY-018,8,low,10.2,39,38,0.9744,46,47,1.0217,0,24,1,0.0417,available,0,none,0.9671,14.67,1,91,91,0,0,test,synthetic
SNAP-001218,FAC-001,2025-06-23T13:00:00+00:00,2025-06-23,LINE-08,ORD-08-018,STY-016,1,medium,17.7,38,36,0.9474,410,236,0.5756,0,120,2,0.0167,available,84,planning,0.9697,14.67,0,820,556,1,0,test,synthetic
SNAP-001219,FAC-001,2025-06-24T13:00:00+00:00,2025-06-24,LINE-08,ORD-08-018,STY-016,2,medium,17.7,38,37,0.9737,410,338,0.8244,0,150,11,0.0733,minor,0,quality,0.8652,14.67,1,820,683,1,1,test,synthetic
SNAP-001220,FAC-001,2025-06-25T13:00:00+00:00,2025-06-25,LINE-08,ORD-08-018,STY-016,3,medium,17.7,38,37,0.9737,410,395,0.9634,0,165,9,0.0545,available,0,none,0.837,0.0,1,820,793,1,0,test,synthetic
SNAP-001221,FAC-001,2025-06-26T13:00:00+00:00,2025-06-26,LINE-08,ORD-08-018,STY-016,4,medium,17.7,37,35,0.9459,410,428,1.0439,0,216,3,0.0139,available,0,none,0.826,0.0,1,820,823,0,0,test,synthetic
SNAP-001222,FAC-001,2025-06-28T13:00:00+00:00,2025-06-28,LINE-08,ORD-08-018,STY-016,5,medium,17.7,40,38,0.95,410,377,0.9195,0,216,13,0.0602,available,0,quality,0.9346,5.0,0,820,749,1,1,test,synthetic
SNAP-001223,FAC-001,2025-06-29T13:00:00+00:00,2025-06-29,LINE-08,ORD-08-018,STY-016,6,medium,17.7,36,35,0.9722,410,427,1.0415,0,218,8,0.0367,available,0,none,0.9614,5.0,1,820,830,0,0,test,synthetic
SNAP-001224,FAC-001,2025-06-30T13:00:00+00:00,2025-06-30,LINE-08,ORD-08-018,STY-016,7,medium,17.7,37,35,0.9459,410,217,0.5293,18,102,7,0.0686,critical,0,material,0.9764,5.0,0,820,447,1,1,test,synthetic
