action_id,factory_id,line_id,order_id,note_id,work_date,root_cause,action_type,owner_role,approval_decision,approval_required,created_at,approved_at,status,due_at,idempotency_key,data_split,dataset_provenance
ACT-000001,FAC-001,LINE-01,ORD-01-001,NOTE-000001,2025-01-04,planning,plan_review,planning,approved,True,2025-01-04T13:10:00+00:00,2025-01-04T13:35:00+00:00,completed,2025-01-04T17:00:00+00:00,LINE-01:2025-01-04:plan_review,train,synthetic
ACT-000002,FAC-001,LINE-01,ORD-01-001,NOTE-000002,2025-01-05,machine,machine_inspection,maintenance,rejected,True,2025-01-05T13:10:00+00:00,,not_executed,2025-01-05T17:00:00+00:00,LINE-01:2025-01-05:machine_inspection,train,synthetic
ACT-000003,FAC-001,LINE-01,ORD-01-002,NOTE-000006,2025-01-09,method,line_rebalancing,industrial_engineering,approved,True,2025-01-09T13:10:00+00:00,2025-01-09T13:35:00+00:00,completed,2025-01-09T17:00:00+00:00,LINE-01:2025-01-09:line_rebalancing,train,synthetic
ACT-000004,FAC-001,LINE-01,ORD-01-002,NOTE-000007,2025-01-11,quality,quality_containment,quality,edited,True,2025-01-11T13:10:00+00:00,2025-01-11T13:35:00+00:00,completed,2025-01-11T17:00:00+00:00,LINE-01:2025-01-11:quality_containment,train,synthetic
ACT-000005,FAC-001,LINE-01,ORD-01-002,NOTE-000008,2025-01-12,manpower,operator_reallocation,production,approved,True,2025-01-12T13:10:00+00:00,2025-01-12T13:35:00+00:00,completed,2025-01-12T17:00:00+00:00,LINE-01:2025-01-12:operator_reallocation,train,synthetic
ACT-000006,FAC-001,LINE-01,ORD-01-002,NOTE-000009,2025-01-13,quality,quality_containment,quality,rejected,True,2025-01-13T13:10:00+00:00,,not_executed,2025-01-13T17:00:00+00:00,LINE-01:2025-01-13:quality_containment,train,synthetic
ACT-000007,FAC-001,LINE-01,ORD-01-003,NOTE-000011,2025-01-15,material,material_escalation,store_and_planning,approved,True,2025-01-15T13:10:00+00:00,2025-01-15T13:35:00+00:00,completed,2025-01-15T17:00:00+00:00,LINE-01:2025-01-15:material_escalation,train,synthetic
ACT-000008,FAC-001,LINE-01,ORD-01-003,NOTE-000017,2025-01-22,quality,quality_containment,quality,approved,True,2025-01-22T13:10:00+00:00,2025-01-22T13:35:00+00:00,completed,2025-01-22T17:00:00+00:00,LINE-01:2025-01-22:quality_containment,train,synthetic
ACT-000009,FAC-001,LINE-01,ORD-01-004,NOTE-000021,2025-01-27,planning,plan_review,planning,approved,True,2025-01-27T13:10:00+00:00,2025-01-27T13:35:00+00:00,in_progress,2025-01-27T17:00:00+00:00,LINE-01:2025-01-27:plan_review,train,synthetic
ACT-000010,FAC-001,LINE-01,ORD-01-004,NOTE-000025,2025-02-01,manpower,operator_reallocation,production,approved,True,2025-02-01T13:10:00+00:00,2025-02-01T13:35:00+00:00,completed,2025-02-01T17:00:00+00:00,LINE-01:2025-02-01:operator_reallocation,train,synthetic
ACT-000011,FAC-001,LINE-01,ORD-01-004,NOTE-000026,2025-02-02,manpower,operator_reallocation,production,approved,True,2025-02-02T13:10:00+00:00,2025-02-02T13:35:00+00:00,completed,2025-02-02T17:00:00+00:00,LINE-01:2025-02-02:operator_reallocation,train,synthetic
ACT-000012,FAC-001,LINE-01,ORD-01-004,NOTE-000027,2025-02-03,manpower,operator_reallocation,production,approved,True,2025-02-03T13:10:00+00:00,2025-02-03T13:35:00+00:00,completed,2025-02-03T17:00:00+00:00,LINE-01:2025-02-03:operator_reallocation,train,synthetic
ACT-000013,FAC-001,LINE-01,ORD-01-005,NOTE-000032,2025-02-09,quality,quality_containment,quality,edited,True,2025-02-09T13:10:00+00:00,2025-02-09T13:35:00+00:00,completed,2025-02-09T17:00:00+00:00,LINE-01:2025-02-09:quality_containment,train,synthetic
ACT-000014,FAC-001,LINE-01,ORD-01-005,NOTE-000036,2025-02-13,quality,quality_containment,quality,approved,True,2025-02-13T13:10:00+00:00,2025-02-13T13:35:00+00:00,completed,2025-02-13T17:00:00+00:00,LINE-01:2025-02-13:quality_containment,train,synthetic
ACT-000015,FAC-001,LINE-01,ORD-01-005,NOTE-000038,2025-02-16,manpower,operator_reallocation,production,edited,True,2025-02-16T13:10:00+00:00,2025-02-16T13:35:00+00:00,completed,2025-02-16T17:00:00+00:00,LINE-01:2025-02-16:operator_reallocation,train,synthetic
ACT-000016,FAC-001,LINE-01,ORD-01-005,NOTE-000040,2025-02-18,manpower,operator_reallocation,production,approved,True,2025-02-18T13:10:00+00:00,2025-02-18T13:35:00+00:00,completed,2025-02-18T17:00:00+00:00,LINE-01:2025-02-18:operator_reallocation,train,synthetic
ACT-000017,FAC-001,LINE-01,ORD-01-006,NOTE-000043,2025-02-22,planning,plan_review,planning,approved,True,2025-02-22T13:10:00+00:00,2025-02-22T13:35:00+00:00,completed,2025-02-22T17:00:00+00:00,LINE-01:2025-02-22:plan_review,train,synthetic
ACT-000018,FAC-001,LINE-01,ORD-01-006,NOTE-000048,2025-02-27,machine,machine_inspection,maintenance,approved,True,2025-02-27T13:10:00+00:00,2025-02-27T13:35:00+00:00,completed,2025-02-27T17:00:00+00:00,LINE-01:2025-02-27:machine_inspection,train,synthetic
ACT-000019,FAC-001,LINE-01,ORD-01-007,NOTE-000051,2025-03-03,method,line_rebalancing,industrial_engineering,approved,True,2025-03-03T13:10:00+00:00,2025-03-03T13:35:00+00:00,completed,2025-03-03T17:00:00+00:00,LINE-01:2025-03-03:line_rebalancing,train,synthetic
ACT-000020,FAC-001,LINE-01,ORD-01-007,NOTE-000052,2025-03-04,manpower,operator_reallocation,production,approved,True,2025-03-04T13:10:00+00:00,2025-03-04T13:35:00+00:00,completed,2025-03-04T17:00:00+00:00,LINE-01:2025-03-04:operator_reallocation,train,synthetic
ACT-000021,FAC-001,LINE-01,ORD-01-007,NOTE-000053,2025-03-05,manpower,operator_reallocation,production,approved,True,2025-03-05T13:10:00+00:00,2025-03-05T13:35:00+00:00,completed,2025-03-05T17:00:00+00:00,LINE-01:2025-03-05:operator_reallocation,train,synthetic
ACT-000022,FAC-001,LINE-01,ORD-01-007,NOTE-000054,2025-03-06,material,material_escalation,store_and_planning,edited,True,2025-03-06T13:10:00+00:00,2025-03-06T13:35:00+00:00,completed,2025-03-06T17:00:00+00:00,LINE-01:2025-03-06:material_escalation,train,synthetic
ACT-000023,FAC-001,LINE-01,ORD-01-008,NOTE-000061,2025-03-15,planning,plan_review,planning,approved,True,2025-03-15T13:10:00+00:00,2025-03-15T13:35:00+00:00,completed,2025-03-15T17:00:00+00:00,LINE-01:2025-03-15:plan_review,train,synthetic
ACT-000024,FAC-001,LINE-01,ORD-01-008,NOTE-000062,2025-03-16,manpower,operator_reallocation,production,approved,True,2025-03-16T13:10:00+00:00,2025-03-16T13:35:00+00:00,in_progress,2025-03-16T17:00:00+00:00,LINE-01:2025-03-16:operator_reallocation,train,synthetic
ACT-000025,FAC-001,LINE-01,ORD-01-008,NOTE-000063,2025-03-17,manpower,operator_reallocation,production,rejected,True,2025-03-17T13:10:00+00:00,,not_executed,2025-03-17T17:00:00+00:00,LINE-01:2025-03-17:operator_reallocation,train,synthetic
ACT-000026,FAC-001,LINE-01,ORD-01-008,NOTE-000066,2025-03-20,material,material_escalation,store_and_planning,approved,True,2025-03-20T13:10:00+00:00,2025-03-20T13:35:00+00:00,completed,2025-03-20T17:00:00+00:00,LINE-01:2025-03-20:material_escalation,train,synthetic
ACT-000027,FAC-001,LINE-01,ORD-01-009,NOTE-000068,2025-03-23,manpower,operator_reallocation,production,approved,True,2025-03-23T13:10:00+00:00,2025-03-23T13:35:00+00:00,completed,2025-03-23T17:00:00+00:00,LINE-01:2025-03-23:operator_reallocation,train,synthetic
ACT-000028,FAC-001,LINE-01,ORD-01-009,NOTE-000069,2025-03-24,manpower,operator_reallocation,production,approved,True,2025-03-24T13:10:00+00:00,2025-03-24T13:35:00+00:00,completed,2025-03-24T17:00:00+00:00,LINE-01:2025-03-24:operator_reallocation,train,synthetic
ACT-000029,FAC-001,LINE-01,ORD-01-010,NOTE-000077,2025-04-02,planning,plan_review,planning,approved,True,2025-04-02T13:10:00+00:00,2025-04-02T13:35:00+00:00,completed,2025-04-02T17:00:00+00:00,LINE-01:2025-04-02:plan_review,train,synthetic
ACT-000030,FAC-001,LINE-01,ORD-01-011,NOTE-000083,2025-04-09,quality,quality_containment,quality,edited,True,2025-04-09T13:10:00+00:00,2025-04-09T13:35:00+00:00,completed,2025-04-09T17:00:00+00:00,LINE-01:2025-04-09:quality_containment,train,synthetic
ACT-000031,FAC-001,LINE-01,ORD-01-011,NOTE-000084,2025-04-10,material,material_escalation,store_and_planning,approved,True,2025-04-10T13:10:00+00:00,2025-04-10T13:35:00+00:00,completed,2025-04-10T17:00:00+00:00,LINE-01:2025-04-10:material_escalation,train,synthetic
ACT-000032,FAC-001,LINE-01,ORD-01-012,NOTE-000090,2025-04-17,machine,machine_inspection,maintenance,approved,True,2025-04-17T13:10:00+00:00,2025-04-17T13:35:00+00:00,completed,2025-04-17T17:00:00+00:00,LINE-01:2025-04-17:machine_inspection,train,synthetic
ACT-000033,FAC-001,LINE-01,ORD-01-012,NOTE-000093,2025-04-21,material,material_escalation,store_and_planning,approved,True,2025-04-21T13:10:00+00:00,2025-04-21T13:35:00+00:00,completed,2025-04-21T17:00:00+00:00,LINE-01:2025-04-21:material_escalation,train,synthetic
ACT-000034,FAC-001,LINE-01,ORD-01-012,NOTE-000094,2025-04-22,machine,machine_inspection,maintenance,approved,True,2025-04-22T13:10:00+00:00,2025-04-22T13:35:00+00:00,completed,2025-04-22T17:00:00+00:00,LINE-01:2025-04-22:machine_inspection,train,synthetic
ACT-000035,FAC-001,LINE-01,ORD-01-013,NOTE-000097,2025-04-26,planning,plan_review,planning,approved,True,2025-04-26T13:10:00+00:00,2025-04-26T13:35:00+00:00,completed,2025-04-26T17:00:00+00:00,LINE-01:2025-04-26:plan_review,train,synthetic
ACT-000036,FAC-001,LINE-01,ORD-01-013,NOTE-000099,2025-04-28,manpower,operator_reallocation,production,approved,True,2025-04-28T13:10:00+00:00,2025-04-28T13:35:00+00:00,completed,2025-04-28T17:00:00+00:00,LINE-01:2025-04-28:operator_reallocation,train,synthetic
ACT-000037,FAC-001,LINE-01,ORD-01-013,NOTE-000104,2025-05-04,manpower,operator_reallocation,production,approved,True,2025-05-04T13:10:00+00:00,2025-05-04T13:35:00+00:00,completed,2025-05-04T17:00:00+00:00,LINE-01:2025-05-04:operator_reallocation,validation,synthetic
ACT-000038,FAC-001,LINE-01,ORD-01-014,NOTE-000108,2025-05-08,quality,quality_containment,quality,approved,True,2025-05-08T13:10:00+00:00,2025-05-08T13:35:00+00:00,completed,2025-05-08T17:00:00+00:00,LINE-01:2025-05-08:quality_containment,validation,synthetic
ACT-000039,FAC-001,LINE-01,ORD-01-014,NOTE-000115,2025-05-17,manpower,operator_reallocation,production,approved,True,2025-05-17T13:10:00+00:00,2025-05-17T13:35:00+00:00,completed,2025-05-17T17:00:00+00:00,LINE-01:2025-05-17:operator_reallocation,validation,synthetic
ACT-000040,FAC-001,LINE-01,ORD-01-014,NOTE-000116,2025-05-18,machine,machine_inspection,maintenance,approved,True,2025-05-18T13:10:00+00:00,2025-05-18T13:35:00+00:00,completed,2025-05-18T17:00:00+00:00,LINE-01:2025-05-18:machine_inspection,validation,synthetic
ACT-000041,FAC-001,LINE-01,ORD-01-014,NOTE-000118,2025-05-20,machine,machine_inspection,maintenance,rejected,True,2025-05-20T13:10:00+00:00,,not_executed,2025-05-20T17:00:00+00:00,LINE-01:2025-05-20:machine_inspection,validation,synthetic
ACT-000042,FAC-001,LINE-01,ORD-01-015,NOTE-000120,2025-05-22,planning,plan_review,planning,edited,True,2025-05-22T13:10:00+00:00,2025-05-22T13:35:00+00:00,completed,2025-05-22T17:00:00+00:00,LINE-01:2025-05-22:plan_review,validation,synthetic
ACT-000043,FAC-001,LINE-01,ORD-01-015,NOTE-000125,2025-05-28,quality,quality_containment,quality,approved,True,2025-05-28T13:10:00+00:00,2025-05-28T13:35:00+00:00,completed,2025-05-28T17:00:00+00:00,LINE-01:2025-05-28:quality_containment,validation,synthetic
ACT-000044,FAC-001,LINE-01,ORD-01-016,NOTE-000127,2025-05-31,planning,plan_review,planning,edited,True,2025-05-31T13:10:00+00:00,2025-05-31T13:35:00+00:00,in_progress,2025-05-31T17:00:00+00:00,LINE-01:2025-05-31:plan_review,validation,synthetic
ACT-000045,FAC-001,LINE-01,ORD-01-017,NOTE-000136,2025-06-10,manpower,operator_reallocation,production,approved,True,2025-06-10T13:10:00+00:00,2025-06-10T13:35:00+00:00,in_progress,2025-06-10T17:00:00+00:00,LINE-01:2025-06-10:operator_reallocation,test,synthetic
ACT-000046,FAC-001,LINE-01,ORD-01-017,NOTE-000138,2025-06-12,manpower,operator_reallocation,production,approved,True,2025-06-12T13:10:00+00:00,2025-06-12T13:35:00+00:00,completed,2025-06-12T17:00:00+00:00,LINE-01:2025-06-12:operator_reallocation,test,synthetic
ACT-000047,FAC-001,LINE-01,ORD-01-017,NOTE-000143,2025-06-18,machine,machine_inspection,maintenance,approved,True,2025-06-18T13:10:00+00:00,2025-06-18T13:35:00+00:00,completed,2025-06-18T17:00:00+00:00,LINE-01:2025-06-18:machine_inspection,test,synthetic
ACT-000048,FAC-001,LINE-01,ORD-01-017,NOTE-000145,2025-06-21,machine,machine_inspection,maintenance,approved,True,2025-06-21T13:10:00+00:00,2025-06-21T13:35:00+00:00,completed,2025-06-21T17:00:00+00:00,LINE-01:2025-06-21:machine_inspection,test,synthetic
ACT-000049,FAC-001,LINE-01,ORD-01-018,NOTE-000147,2025-06-23,method,line_rebalancing,industrial_engineering,rejected,True,2025-06-23T13:10:00+00:00,,not_executed,2025-06-23T17:00:00+00:00,LINE-01:2025-06-23:line_rebalancing,test,synthetic
ACT-000050,FAC-001,LINE-01,ORD-01-018,NOTE-000152,2025-06-29,quality,quality_containment,quality,rejected,True,2025-06-29T13:10:00+00:00,,not_executed,2025-06-29T17:00:00+00:00,LINE-01:2025-06-29:quality_containment,test,synthetic
ACT-000051,FAC-001,LINE-02,ORD-02-001,NOTE-000154,2025-01-04,planning,plan_review,planning,approved,True,2025-01-04T13:10:00+00:00,2025-01-04T13:35:00+00:00,completed,2025-01-04T17:00:00+00:00,LINE-02:2025-01-04:plan_review,train,synthetic
ACT-000052,FAC-001,LINE-02,ORD-02-001,NOTE-000155,2025-01-05,machine,machine_inspection,maintenance,approved,True,2025-01-05T13:10:00+00:00,2025-01-05T13:35:00+00:00,completed,2025-01-05T17:00:00+00:00,LINE-02:2025-01-05:machine_inspection,train,synthetic
ACT-000053,FAC-001,LINE-02,ORD-02-002,NOTE-000159,2025-01-09,planning,plan_review,planning,approved,True,2025-01-09T13:10:00+00:00,2025-01-09T13:35:00+00:00,completed,2025-01-09T17:00:00+00:00,LINE-02:2025-01-09:plan_review,train,synthetic
ACT-000054,FAC-001,LINE-02,ORD-02-002,NOTE-000160,2025-01-11,quality,quality_containment,quality,edited,True,2025-01-11T13:10:00+00:00,2025-01-11T13:35:00+00:00,completed,2025-01-11T17:00:00+00:00,LINE-02:2025-01-11:quality_containment,train,synthetic
ACT-000055,FAC-001,LINE-02,ORD-02-002,NOTE-000161,2025-01-12,material,material_escalation,store_and_planning,approved,True,2025-01-12T13:10:00+00:00,2025-01-12T13:35:00+00:00,completed,2025-01-12T17:00:00+00:00,LINE-02:2025-01-12:material_escalation,train,synthetic
ACT-000056,FAC-001,LINE-02,ORD-02-002,NOTE-000163,2025-01-14,quality,quality_containment,quality,approved,True,2025-01-14T13:10:00+00:00,2025-01-14T13:35:00+00:00,completed,2025-01-14T17:00:00+00:00,LINE-02:2025-01-14:quality_containment,train,synthetic
ACT-000057,FAC-001,LINE-02,ORD-02-003,NOTE-000168,2025-01-20,method,line_rebalancing,industrial_engineering,edited,True,2025-01-20T13:10:00+00:00,2025-01-20T13:35:00+00:00,completed,2025-01-20T17:00:00+00:00,LINE-02:2025-01-20:line_rebalancing,train,synthetic
ACT-000058,FAC-001,LINE-02,ORD-02-004,NOTE-000176,2025-01-29,method,line_rebalancing,industrial_engineering,approved,True,2025-01-29T13:10:00+00:00,2025-01-29T13:35:00+00:00,completed,2025-01-29T17:00:00+00:00,LINE-02:2025-01-29:line_rebalancing,train,synthetic
ACT-000059,FAC-001,LINE-02,ORD-02-004,NOTE-000177,2025-01-30,material,material_escalation,store_and_planning,approved,True,2025-01-30T13:10:00+00:00,2025-01-30T13:35:00+00:00,completed,2025-01-30T17:00:00+00:00,LINE-02:2025-01-30:material_escalation,train,synthetic
ACT-000060,FAC-001,LINE-02,ORD-02-004,NOTE-000179,2025-02-02,quality,quality_containment,quality,approved,True,2025-02-02T13:10:00+00:00,2025-02-02T13:35:00+00:00,completed,2025-02-02T17:00:00+00:00,LINE-02:2025-02-02:quality_containment,train,synthetic
ACT-000061,FAC-001,LINE-02,ORD-02-004,NOTE-000181,2025-02-04,quality,quality_containment,quality,approved,True,2025-02-04T13:10:00+00:00,2025-02-04T13:35:00+00:00,completed,2025-02-04T17:00:00+00:00,LINE-02:2025-02-04:quality_containment,train,synthetic
ACT-000062,FAC-001,LINE-02,ORD-02-004,NOTE-000186,2025-02-10,manpower,operator_reallocation,production,edited,True,2025-02-10T13:10:00+00:00,2025-02-10T13:35:00+00:00,completed,2025-02-10T17:00:00+00:00,LINE-02:2025-02-10:operator_reallocation,train,synthetic
ACT-000063,FAC-001,LINE-02,ORD-02-005,NOTE-000188,2025-02-12,method,line_rebalancing,industrial_engineering,approved,True,2025-02-12T13:10:00+00:00,2025-02-12T13:35:00+00:00,completed,2025-02-12T17:00:00+00:00,LINE-02:2025-02-12:line_rebalancing,train,synthetic
ACT-000064,FAC-001,LINE-02,ORD-02-005,NOTE-000189,2025-02-13,machine,machine_inspection,maintenance,rejected,True,2025-02-13T13:10:00+00:00,,not_executed,2025-02-13T17:00:00+00:00,LINE-02:2025-02-13:machine_inspection,train,synthetic
ACT-000065,FAC-001,LINE-02,ORD-02-005,NOTE-000194,2025-02-19,machine,machine_inspection,maintenance,approved,True,2025-02-19T13:10:00+00:00,2025-02-19T13:35:00+00:00,completed,2025-02-19T17:00:00+00:00,LINE-02:2025-02-19:machine_inspection,train,synthetic
ACT-000066,FAC-001,LINE-02,ORD-02-006,NOTE-000196,2025-02-22,method,line_rebalancing,industrial_engineering,edited,True,2025-02-22T13:10:00+00:00,2025-02-22T13:35:00+00:00,completed,2025-02-22T17:00:00+00:00,LINE-02:2025-02-22:line_rebalancing,train,synthetic
ACT-000067,FAC-001,LINE-02,ORD-02-006,NOTE-000198,2025-02-24,machine,machine_inspection,maintenance,approved,True,2025-02-24T13:10:00+00:00,2025-02-24T13:35:00+00:00,completed,2025-02-24T17:00:00+00:00,LINE-02:2025-02-24:machine_inspection,train,synthetic
ACT-000068,FAC-001,LINE-02,ORD-02-007,NOTE-000207,2025-03-06,planning,plan_review,planning,approved,True,2025-03-06T13:10:00+00:00,2025-03-06T13:35:00+00:00,in_progress,2025-03-06T17:00:00+00:00,LINE-02:2025-03-06:plan_review,train,synthetic
ACT-000069,FAC-001,LINE-02,ORD-02-008,NOTE-000215,2025-03-16,material,material_escalation,store_and_planning,edited,True,2025-03-16T13:10:00+00:00,2025-03-16T13:35:00+00:00,completed,2025-03-16T17:00:00+00:00,LINE-02:2025-03-16:material_escalation,train,synthetic
ACT-000070,FAC-001,LINE-02,ORD-02-008,NOTE-000219,2025-03-20,machine,machine_inspection,maintenance,rejected,True,2025-03-20T13:10:00+00:00,,not_executed,2025-03-20T17:00:00+00:00,LINE-02:2025-03-20:machine_inspection,train,synthetic
ACT-000071,FAC-001,LINE-02,ORD-02-008,NOTE-000220,2025-03-22,manpower,operator_reallocation,production,approved,True,2025-03-22T13:10:00+00:00,2025-03-22T13:35:00+00:00,completed,2025-03-22T17:00:00+00:00,LINE-02:2025-03-22:operator_reallocation,train,synthetic
ACT-000072,FAC-001,LINE-02,ORD-02-009,NOTE-000222,2025-03-24,method,line_rebalancing,industrial_engineering,approved,True,2025-03-24T13:10:00+00:00,2025-03-24T13:35:00+00:00,completed,2025-03-24T17:00:00+00:00,LINE-02:2025-03-24:line_rebalancing,train,synthetic
ACT-000073,FAC-001,LINE-02,ORD-02-009,NOTE-000225,2025-03-27,manpower,operator_reallocation,production,approved,True,2025-03-27T13:10:00+00:00,2025-03-27T13:35:00+00:00,completed,2025-03-27T17:00:00+00:00,LINE-02:2025-03-27:operator_reallocation,train,synthetic
ACT-000074,FAC-001,LINE-02,ORD-02-009,NOTE-000226,2025-03-29,machine,machine_inspection,maintenance,approved,True,2025-03-29T13:10:00+00:00,2025-03-29T13:35:00+00:00,in_progress,2025-03-29T17:00:00+00:00,LINE-02:2025-03-29:machine_inspection,train,synthetic
ACT-000075,FAC-001,LINE-02,ORD-02-010,NOTE-000228,2025-03-31,method,line_rebalancing,industrial_engineering,approved,True,2025-03-31T13:10:00+00:00,2025-03-31T13:35:00+00:00,completed,2025-03-31T17:00:00+00:00,LINE-02:2025-03-31:line_rebalancing,train,synthetic
ACT-000076,FAC-001,LINE-02,ORD-02-010,NOTE-000235,2025-04-08,manpower,operator_reallocation,production,edited,True,2025-04-08T13:10:00+00:00,2025-04-08T13:35:00+00:00,completed,2025-04-08T17:00:00+00:00,LINE-02:2025-04-08:operator_reallocation,train,synthetic
ACT-000077,FAC-001,LINE-02,ORD-02-010,NOTE-000236,2025-04-09,manpower,operator_reallocation,production,approved,True,2025-04-09T13:10:00+00:00,2025-04-09T13:35:00+00:00,completed,2025-04-09T17:00:00+00:00,LINE-02:2025-04-09:operator_reallocation,train,synthetic
ACT-000078,FAC-001,LINE-02,ORD-02-010,NOTE-000237,2025-04-10,material,material_escalation,store_and_planning,approved,True,2025-04-10T13:10:00+00:00,2025-04-10T13:35:00+00:00,in_progress,2025-04-10T17:00:00+00:00,LINE-02:2025-04-10:material_escalation,train,synthetic
ACT-000079,FAC-001,LINE-02,ORD-02-011,NOTE-000240,2025-04-14,method,line_rebalancing,industrial_engineering,approved,True,2025-04-14T13:10:00+00:00,2025-04-14T13:35:00+00:00,completed,2025-04-14T17:00:00+00:00,LINE-02:2025-04-14:line_rebalancing,train,synthetic
ACT-000080,FAC-001,LINE-02,ORD-02-012,NOTE-000246,2025-04-21,machine,machine_inspection,maintenance,approved,True,2025-04-21T13:10:00+00:00,2025-04-21T13:35:00+00:00,completed,2025-04-21T17:00:00+00:00,LINE-02:2025-04-21:machine_inspection,train,synthetic
ACT-000081,FAC-001,LINE-02,ORD-02-012,NOTE-000247,2025-04-22,planning,plan_review,planning,approved,True,2025-04-22T13:10:00+00:00,2025-04-22T13:35:00+00:00,in_progress,2025-04-22T17:00:00+00:00,LINE-02:2025-04-22:plan_review,train,synthetic
ACT-000082,FAC-001,LINE-02,ORD-02-012,NOTE-000248,2025-04-23,machine,machine_inspection,maintenance,edited,True,2025-04-23T13:10:00+00:00,2025-04-23T13:35:00+00:00,completed,2025-04-23T17:00:00+00:00,LINE-02:2025-04-23:machine_inspection,train,synthetic
ACT-000083,FAC-001,LINE-02,ORD-02-012,NOTE-000250,2025-04-26,manpower,operator_reallocation,production,rejected,True,2025-04-26T13:10:00+00:00,,not_executed,2025-04-26T17:00:00+00:00,LINE-02:2025-04-26:operator_reallocation,train,synthetic
ACT-000084,FAC-001,LINE-02,ORD-02-012,NOTE-000253,2025-04-29,manpower,operator_reallocation,production,edited,True,2025-04-29T13:10:00+00:00,2025-04-29T13:35:00+00:00,completed,2025-04-29T17:00:00+00:00,LINE-02:2025-04-29:operator_reallocation,train,synthetic
ACT-000085,FAC-001,LINE-02,ORD-02-013,NOTE-000256,2025-05-03,machine,machine_inspection,maintenance,approved,True,2025-05-03T13:10:00+00:00,2025-05-03T13:35:00+00:00,completed,2025-05-03T17:00:00+00:00,LINE-02:2025-05-03:machine_inspection,validation,synthetic
ACT-000086,FAC-001,LINE-02,ORD-02-014,NOTE-000263,2025-05-11,planning,plan_review,planning,approved,True,2025-05-11T13:10:00+00:00,2025-05-11T13:35:00+00:00,completed,2025-05-11T17:00:00+00:00,LINE-02:2025-05-11:plan_review,validation,synthetic
ACT-000087,FAC-001,LINE-02,ORD-02-014,NOTE-000266,2025-05-14,manpower,operator_reallocation,production,approved,True,2025-05-14T13:10:00+00:00,2025-05-14T13:35:00+00:00,completed,2025-05-14T17:00:00+00:00,LINE-02:2025-05-14:operator_reallocation,validation,synthetic
ACT-000088,FAC-001,LINE-02,ORD-02-014,NOTE-000267,2025-05-15,machine,machine_inspection,maintenance,approved,True,2025-05-15T13:10:00+00:00,2025-05-15T13:35:00+00:00,completed,2025-05-15T17:00:00+00:00,LINE-02:2025-05-15:machine_inspection,validation,synthetic
ACT-000089,FAC-001,LINE-02,ORD-02-014,NOTE-000268,2025-05-17,manpower,operator_reallocation,production,approved,True,2025-05-17T13:10:00+00:00,2025-05-17T13:35:00+00:00,completed,2025-05-17T17:00:00+00:00,LINE-02:2025-05-17:operator_reallocation,validation,synthetic
ACT-000090,FAC-001,LINE-02,ORD-02-014,NOTE-000270,2025-05-19,machine,machine_inspection,maintenance,approved,True,2025-05-19T13:10:00+00:00,2025-05-19T13:35:00+00:00,in_progress,2025-05-19T17:00:00+00:00,LINE-02:2025-05-19:machine_inspection,validation,synthetic
ACT-000091,FAC-001,LINE-02,ORD-02-015,NOTE-000272,2025-05-21,planning,plan_review,planning,approved,True,2025-05-21T13:10:00+00:00,2025-05-21T13:35:00+00:00,completed,2025-05-21T17:00:00+00:00,LINE-02:2025-05-21:plan_review,validation,synthetic
ACT-000092,FAC-001,LINE-02,ORD-02-015,NOTE-000278,2025-05-28,machine,machine_inspection,maintenance,edited,True,2025-05-28T13:10:00+00:00,2025-05-28T13:35:00+00:00,in_progress,2025-05-28T17:00:00+00:00,LINE-02:2025-05-28:machine_inspection,validation,synthetic
ACT-000093,FAC-001,LINE-02,ORD-02-016,NOTE-000280,2025-05-31,method,line_rebalancing,industrial_engineering,approved,True,2025-05-31T13:10:00+00:00,2025-05-31T13:35:00+00:00,completed,2025-05-31T17:00:00+00:00,LINE-02:2025-05-31:line_rebalancing,validation,synthetic
ACT-000094,FAC-001,LINE-02,ORD-02-016,NOTE-000283,2025-06-03,machine,machine_inspection,maintenance,approved,True,2025-06-03T13:10:00+00:00,2025-06-03T13:35:00+00:00,completed,2025-06-03T17:00:00+00:00,LINE-02:2025-06-03:machine_inspection,test,synthetic
ACT-000095,FAC-001,LINE-02,ORD-02-016,NOTE-000286,2025-06-07,manpower,operator_reallocation,production,approved,True,2025-06-07T13:10:00+00:00,2025-06-07T13:35:00+00:00,completed,2025-06-07T17:00:00+00:00,LINE-02:2025-06-07:operator_reallocation,test,synthetic
ACT-000096,FAC-001,LINE-02,ORD-02-016,NOTE-000287,2025-06-08,quality,quality_containment,quality,approved,True,2025-06-08T13:10:00+00:00,2025-06-08T13:35:00+00:00,completed,2025-06-08T17:00:00+00:00,LINE-02:2025-06-08:quality_containment,test,synthetic
ACT-000097,FAC-001,LINE-02,ORD-02-017,NOTE-000289,2025-06-10,planning,plan_review,planning,approved,True,2025-06-10T13:10:00+00:00,2025-06-10T13:35:00+00:00,completed,2025-06-10T17:00:00+00:00,LINE-02:2025-06-10:plan_review,test,synthetic
ACT-000098,FAC-001,LINE-02,ORD-02-017,NOTE-000291,2025-06-12,material,material_escalation,store_and_planning,approved,True,2025-06-12T13:10:00+00:00,2025-06-12T13:35:00+00:00,completed,2025-06-12T17:00:00+00:00,LINE-02:2025-06-12:material_escalation,test,synthetic
ACT-000099,FAC-001,LINE-02,ORD-02-018,NOTE-000297,2025-06-19,method,line_rebalancing,industrial_engineering,rejected,True,2025-06-19T13:10:00+00:00,,not_executed,2025-06-19T17:00:00+00:00,LINE-02:2025-06-19:line_rebalancing,test,synthetic
ACT-000100,FAC-001,LINE-02,ORD-02-018,NOTE-000299,2025-06-22,quality,quality_containment,quality,rejected,True,2025-06-22T13:10:00+00:00,,not_executed,2025-06-22T17:00:00+00:00,LINE-02:2025-06-22:quality_containment,test,synthetic
ACT-000101,FAC-001,LINE-02,ORD-02-018,NOTE-000305,2025-06-29,manpower,operator_reallocation,production,rejected,True,2025-06-29T13:10:00+00:00,,not_executed,2025-06-29T17:00:00+00:00,LINE-02:2025-06-29:operator_reallocation,test,synthetic
ACT-000102,FAC-001,LINE-03,ORD-03-001,NOTE-000307,2025-01-04,planning,plan_review,planning,edited,True,2025-01-04T13:10:00+00:00,2025-01-04T13:35:00+00:00,completed,2025-01-04T17:00:00+00:00,LINE-03:2025-01-04:plan_review,train,synthetic
ACT-000103,FAC-001,LINE-03,ORD-03-001,NOTE-000309,2025-01-06,manpower,operator_reallocation,production,approved,True,2025-01-06T13:10:00+00:00,2025-01-06T13:35:00+00:00,completed,2025-01-06T17:00:00+00:00,LINE-03:2025-01-06:operator_reallocation,train,synthetic
ACT-000104,FAC-001,LINE-03,ORD-03-001,NOTE-000310,2025-01-07,quality,quality_containment,quality,approved,True,2025-01-07T13:10:00+00:00,2025-01-07T13:35:00+00:00,completed,2025-01-07T17:00:00+00:00,LINE-03:2025-01-07:quality_containment,train,synthetic
ACT-000105,FAC-001,LINE-03,ORD-03-002,NOTE-000315,2025-01-13,planning,plan_review,planning,approved,True,2025-01-13T13:10:00+00:00,2025-01-13T13:35:00+00:00,completed,2025-01-13T17:00:00+00:00,LINE-03:2025-01-13:plan_review,train,synthetic
ACT-000106,FAC-001,LINE-03,ORD-03-002,NOTE-000316,2025-01-14,machine,machine_inspection,maintenance,approved,True,2025-01-14T13:10:00+00:00,2025-01-14T13:35:00+00:00,in_progress,2025-01-14T17:00:00+00:00,LINE-03:2025-01-14:machine_inspection,train,synthetic
ACT-000107,FAC-001,LINE-03,ORD-03-002,NOTE-000318,2025-01-16,machine,machine_inspection,maintenance,approved,True,2025-01-16T13:10:00+00:00,2025-01-16T13:35:00+00:00,completed,2025-01-16T17:00:00+00:00,LINE-03:2025-01-16:machine_inspection,train,synthetic
ACT-000108,FAC-001,LINE-03,ORD-03-002,NOTE-000320,2025-01-19,machine,machine_inspection,maintenance,approved,True,2025-01-19T13:10:00+00:00,2025-01-19T13:35:00+00:00,completed,2025-01-19T17:00:00+00:00,LINE-03:2025-01-19:machine_inspection,train,synthetic
ACT-000109,FAC-001,LINE-03,ORD-03-003,NOTE-000322,2025-01-21,planning,plan_review,planning,rejected,True,2025-01-21T13:10:00+00:00,,not_executed,2025-01-21T17:00:00+00:00,LINE-03:2025-01-21:plan_review,train,synthetic
ACT-000110,FAC-001,LINE-03,ORD-03-004,NOTE-000331,2025-02-01,method,line_rebalancing,industrial_engineering,edited,True,2025-02-01T13:10:00+00:00,2025-02-01T13:35:00+00:00,completed,2025-02-01T17:00:00+00:00,LINE-03:2025-02-01:line_rebalancing,train,synthetic
ACT-000111,FAC-001,LINE-03,ORD-03-004,NOTE-000337,2025-02-08,material,material_escalation,store_and_planning,approved,True,2025-02-08T13:10:00+00:00,2025-02-08T13:35:00+00:00,completed,2025-02-08T17:00:00+00:00,LINE-03:2025-02-08:material_escalation,train,synthetic
ACT-000112,FAC-001,LINE-03,ORD-03-004,NOTE-000338,2025-02-09,machine,machine_inspection,maintenance,approved,True,2025-02-09T13:10:00+00:00,2025-02-09T13:35:00+00:00,completed,2025-02-09T17:00:00+00:00,LINE-03:2025-02-09:machine_inspection,train,synthetic
ACT-000113,FAC-001,LINE-03,ORD-03-004,NOTE-000340,2025-02-11,machine,machine_inspection,maintenance,approved,True,2025-02-11T13:10:00+00:00,2025-02-11T13:35:00+00:00,completed,2025-02-11T17:00:00+00:00,LINE-03:2025-02-11:machine_inspection,train,synthetic
ACT-000114,FAC-001,LINE-03,ORD-03-004,NOTE-000341,2025-02-12,machine,machine_inspection,maintenance,approved,True,2025-02-12T13:10:00+00:00,2025-02-12T13:35:00+00:00,completed,2025-02-12T17:00:00+00:00,LINE-03:2025-02-12:machine_inspection,train,synthetic
ACT-000115,FAC-001,LINE-03,ORD-03-004,NOTE-000342,2025-02-13,manpower,operator_reallocation,production,approved,True,2025-02-13T13:10:00+00:00,2025-02-13T13:35:00+00:00,completed,2025-02-13T17:00:00+00:00,LINE-03:2025-02-13:operator_reallocation,train,synthetic
ACT-000116,FAC-001,LINE-03,ORD-03-005,NOTE-000344,2025-02-16,planning,plan_review,planning,edited,True,2025-02-16T13:10:00+00:00,2025-02-16T13:35:00+00:00,completed,2025-02-16T17:00:00+00:00,LINE-03:2025-02-16:plan_review,train,synthetic
ACT-000117,FAC-001,LINE-03,ORD-03-005,NOTE-000348,2025-02-20,manpower,operator_reallocation,production,approved,True,2025-02-20T13:10:00+00:00,2025-02-20T13:35:00+00:00,completed,2025-02-20T17:00:00+00:00,LINE-03:2025-02-20:operator_reallocation,train,synthetic
ACT-000118,FAC-001,LINE-03,ORD-03-006,NOTE-000351,2025-02-24,method,line_rebalancing,industrial_engineering,approved,True,2025-02-24T13:10:00+00:00,2025-02-24T13:35:00+00:00,completed,2025-02-24T17:00:00+00:00,LINE-03:2025-02-24:line_rebalancing,train,synthetic
ACT-000119,FAC-001,LINE-03,ORD-03-007,NOTE-000360,2025-03-06,method,line_rebalancing,industrial_engineering,edited,True,2025-03-06T13:10:00+00:00,2025-03-06T13:35:00+00:00,completed,2025-03-06T17:00:00+00:00,LINE-03:2025-03-06:line_rebalancing,train,synthetic
ACT-000120,FAC-001,LINE-03,ORD-03-007,NOTE-000362,2025-03-09,material,material_escalation,store_and_planning,approved,True,2025-03-09T13:10:00+00:00,2025-03-09T13:35:00+00:00,in_progress,2025-03-09T17:00:00+00:00,LINE-03:2025-03-09:material_escalation,train,synthetic
ACT-000121,FAC-001,LINE-03,ORD-03-008,NOTE-000368,2025-03-16,manpower,operator_reallocation,production,approved,True,2025-03-16T13:10:00+00:00,2025-03-16T13:35:00+00:00,completed,2025-03-16T17:00:00+00:00,LINE-03:2025-03-16:operator_reallocation,train,synthetic
ACT-000122,FAC-001,LINE-03,ORD-03-008,NOTE-000369,2025-03-17,machine,machine_inspection,maintenance,edited,True,2025-03-17T13:10:00+00:00,2025-03-17T13:35:00+00:00,completed,2025-03-17T17:00:00+00:00,LINE-03:2025-03-17:machine_inspection,train,synthetic
ACT-000123,FAC-001,LINE-03,ORD-03-008,NOTE-000370,2025-03-18,manpower,operator_reallocation,production,edited,True,2025-03-18T13:10:00+00:00,2025-03-18T13:35:00+00:00,completed,2025-03-18T17:00:00+00:00,LINE-03:2025-03-18:operator_reallocation,train,synthetic
ACT-000124,FAC-001,LINE-03,ORD-03-009,NOTE-000379,2025-03-29,method,line_rebalancing,industrial_engineering,approved,True,2025-03-29T13:10:00+00:00,2025-03-29T13:35:00+00:00,completed,2025-03-29T17:00:00+00:00,LINE-03:2025-03-29:line_rebalancing,train,synthetic
ACT-000125,FAC-001,LINE-03,ORD-03-010,NOTE-000385,2025-04-05,method,line_rebalancing,industrial_engineering,approved,True,2025-04-05T13:10:00+00:00,2025-04-05T13:35:00+00:00,completed,2025-04-05T17:00:00+00:00,LINE-03:2025-04-05:line_rebalancing,train,synthetic
ACT-000126,FAC-001,LINE-03,ORD-03-010,NOTE-000387,2025-04-07,machine,machine_inspection,maintenance,approved,True,2025-04-07T13:10:00+00:00,2025-04-07T13:35:00+00:00,completed,2025-04-07T17:00:00+00:00,LINE-03:2025-04-07:machine_inspection,train,synthetic
ACT-000127,FAC-001,LINE-03,ORD-03-010,NOTE-000390,2025-04-10,manpower,operator_reallocation,production,approved,True,2025-04-10T13:10:00+00:00,2025-04-10T13:35:00+00:00,completed,2025-04-10T17:00:00+00:00,LINE-03:2025-04-10:operator_reallocation,train,synthetic
ACT-000128,FAC-001,LINE-03,ORD-03-010,NOTE-000391,2025-04-12,quality,quality_containment,quality,rejected,True,2025-04-12T13:10:00+00:00,,not_executed,2025-04-12T17:00:00+00:00,LINE-03:2025-04-12:quality_containment,train,synthetic
ACT-000129,FAC-001,LINE-03,ORD-03-010,NOTE-000392,2025-04-13,material,material_escalation,store_and_planning,approved,True,2025-04-13T13:10:00+00:00,2025-04-13T13:35:00+00:00,completed,2025-04-13T17:00:00+00:00,LINE-03:2025-04-13:material_escalation,train,synthetic
ACT-000130,FAC-001,LINE-03,ORD-03-011,NOTE-000394,2025-04-15,planning,plan_review,planning,approved,True,2025-04-15T13:10:00+00:00,2025-04-15T13:35:00+00:00,completed,2025-04-15T17:00:00+00:00,LINE-03:2025-04-15:plan_review,train,synthetic
ACT-000131,FAC-001,LINE-03,ORD-03-011,NOTE-000398,2025-04-20,material,material_escalation,store_and_planning,approved,True,2025-04-20T13:10:00+00:00,2025-04-20T13:35:00+00:00,in_progress,2025-04-20T17:00:00+00:00,LINE-03:2025-04-20:material_escalation,train,synthetic
ACT-000132,FAC-001,LINE-03,ORD-03-011,NOTE-000399,2025-04-21,machine,machine_inspection,maintenance,approved,True,2025-04-21T13:10:00+00:00,2025-04-21T13:35:00+00:00,completed,2025-04-21T17:00:00+00:00,LINE-03:2025-04-21:machine_inspection,train,synthetic
ACT-000133,FAC-001,LINE-03,ORD-03-012,NOTE-000401,2025-04-23,method,line_rebalancing,industrial_engineering,approved,True,2025-04-23T13:10:00+00:00,2025-04-23T13:35:00+00:00,completed,2025-04-23T17:00:00+00:00,LINE-03:2025-04-23:line_rebalancing,train,synthetic
ACT-000134,FAC-001,LINE-03,ORD-03-012,NOTE-000402,2025-04-24,planning,plan_review,planning,approved,True,2025-04-24T13:10:00+00:00,2025-04-24T13:35:00+00:00,completed,2025-04-24T17:00:00+00:00,LINE-03:2025-04-24:plan_review,train,synthetic
ACT-000135,FAC-001,LINE-03,ORD-03-013,NOTE-000413,2025-05-07,method,line_rebalancing,industrial_engineering,approved,True,2025-05-07T13:10:00+00:00,2025-05-07T13:35:00+00:00,completed,2025-05-07T17:00:00+00:00,LINE-03:2025-05-07:line_rebalancing,validation,synthetic
ACT-000136,FAC-001,LINE-03,ORD-03-013,NOTE-000420,2025-05-15,machine,machine_inspection,maintenance,approved,True,2025-05-15T13:10:00+00:00,2025-05-15T13:35:00+00:00,completed,2025-05-15T17:00:00+00:00,LINE-03:2025-05-15:machine_inspection,validation,synthetic
ACT-000137,FAC-001,LINE-03,ORD-03-014,NOTE-000425,2025-05-21,method,line_rebalancing,industrial_engineering,approved,True,2025-05-21T13:10:00+00:00,2025-05-21T13:35:00+00:00,completed,2025-05-21T17:00:00+00:00,LINE-03:2025-05-21:line_rebalancing,validation,synthetic
ACT-000138,FAC-001,LINE-03,ORD-03-014,NOTE-000432,2025-05-29,manpower,operator_reallocation,production,approved,True,2025-05-29T13:10:00+00:00,2025-05-29T13:35:00+00:00,in_progress,2025-05-29T17:00:00+00:00,LINE-03:2025-05-29:operator_reallocation,validation,synthetic
ACT-000139,FAC-001,LINE-03,ORD-03-015,NOTE-000435,2025-06-02,method,line_rebalancing,industrial_engineering,approved,True,2025-06-02T13:10:00+00:00,2025-06-02T13:35:00+00:00,completed,2025-06-02T17:00:00+00:00,LINE-03:2025-06-02:line_rebalancing,test,synthetic
ACT-000140,FAC-001,LINE-03,ORD-03-015,NOTE-000437,2025-06-04,manpower,operator_reallocation,production,edited,True,2025-06-04T13:10:00+00:00,2025-06-04T13:35:00+00:00,completed,2025-06-04T17:00:00+00:00,LINE-03:2025-06-04:operator_reallocation,test,synthetic
ACT-000141,FAC-001,LINE-03,ORD-03-015,NOTE-000438,2025-06-05,machine,machine_inspection,maintenance,approved,True,2025-06-05T13:10:00+00:00,2025-06-05T13:35:00+00:00,completed,2025-06-05T17:00:00+00:00,LINE-03:2025-06-05:machine_inspection,test,synthetic
ACT-000142,FAC-001,LINE-03,ORD-03-015,NOTE-000439,2025-06-07,machine,machine_inspection,maintenance,rejected,True,2025-06-07T13:10:00+00:00,,not_executed,2025-06-07T17:00:00+00:00,LINE-03:2025-06-07:machine_inspection,test,synthetic
ACT-000143,FAC-001,LINE-03,ORD-03-015,NOTE-000444,2025-06-12,material,material_escalation,store_and_planning,approved,True,2025-06-12T13:10:00+00:00,2025-06-12T13:35:00+00:00,completed,2025-06-12T17:00:00+00:00,LINE-03:2025-06-12:material_escalation,test,synthetic
ACT-000144,FAC-001,LINE-03,ORD-03-016,NOTE-000446,2025-06-15,planning,plan_review,planning,approved,True,2025-06-15T13:10:00+00:00,2025-06-15T13:35:00+00:00,completed,2025-06-15T17:00:00+00:00,LINE-03:2025-06-15:plan_review,test,synthetic
ACT-000145,FAC-001,LINE-03,ORD-03-016,NOTE-000449,2025-06-18,quality,quality_containment,quality,approved,True,2025-06-18T13:10:00+00:00,2025-06-18T13:35:00+00:00,completed,2025-06-18T17:00:00+00:00,LINE-03:2025-06-18:quality_containment,test,synthetic
ACT-000146,FAC-001,LINE-03,ORD-03-016,NOTE-000454,2025-06-24,machine,machine_inspection,maintenance,approved,True,2025-06-24T13:10:00+00:00,2025-06-24T13:35:00+00:00,in_progress,2025-06-24T17:00:00+00:00,LINE-03:2025-06-24:machine_inspection,test,synthetic
ACT-000147,FAC-001,LINE-03,ORD-03-016,NOTE-000455,2025-06-25,machine,machine_inspection,maintenance,approved,True,2025-06-25T13:10:00+00:00,2025-06-25T13:35:00+00:00,completed,2025-06-25T17:00:00+00:00,LINE-03:2025-06-25:machine_inspection,test,synthetic
ACT-000148,FAC-001,LINE-03,ORD-03-017,NOTE-000458,2025-06-29,method,line_rebalancing,industrial_engineering,approved,True,2025-06-29T13:10:00+00:00,2025-06-29T13:35:00+00:00,in_progress,2025-06-29T17:00:00+00:00,LINE-03:2025-06-29:line_rebalancing,test,synthetic
ACT-000149,FAC-001,LINE-04,ORD-04-001,NOTE-000460,2025-01-04,manpower,operator_reallocation,production,approved,True,2025-01-04T13:10:00+00:00,2025-01-04T13:35:00+00:00,completed,2025-01-04T17:00:00+00:00,LINE-04:2025-01-04:operator_reallocation,train,synthetic
ACT-000150,FAC-001,LINE-04,ORD-04-001,NOTE-000464,2025-01-08,manpower,operator_reallocation,production,approved,True,2025-01-08T13:10:00+00:00,2025-01-08T13:35:00+00:00,completed,2025-01-08T17:00:00+00:00,LINE-04:2025-01-08:operator_reallocation,train,synthetic
ACT-000151,FAC-001,LINE-04,ORD-04-001,NOTE-000467,2025-01-12,quality,quality_containment,quality,approved,True,2025-01-12T13:10:00+00:00,2025-01-12T13:35:00+00:00,completed,2025-01-12T17:00:00+00:00,LINE-04:2025-01-12:quality_containment,train,synthetic
ACT-000152,FAC-001,LINE-04,ORD-04-001,NOTE-000468,2025-01-13,machine,machine_inspection,maintenance,approved,True,2025-01-13T13:10:00+00:00,2025-01-13T13:35:00+00:00,completed,2025-01-13T17:00:00+00:00,LINE-04:2025-01-13:machine_inspection,train,synthetic
ACT-000153,FAC-001,LINE-04,ORD-04-002,NOTE-000470,2025-01-15,material,material_escalation,store_and_planning,approved,True,2025-01-15T13:10:00+00:00,2025-01-15T13:35:00+00:00,in_progress,2025-01-15T17:00:00+00:00,LINE-04:2025-01-15:material_escalation,train,synthetic
ACT-000154,FAC-001,LINE-04,ORD-04-003,NOTE-000476,2025-01-22,method,line_rebalancing,industrial_engineering,edited,True,2025-01-22T13:10:00+00:00,2025-01-22T13:35:00+00:00,completed,2025-01-22T17:00:00+00:00,LINE-04:2025-01-22:line_rebalancing,train,synthetic
ACT-000155,FAC-001,LINE-04,ORD-04-003,NOTE-000477,2025-01-23,quality,quality_containment,quality,approved,True,2025-01-23T13:10:00+00:00,2025-01-23T13:35:00+00:00,completed,2025-01-23T17:00:00+00:00,LINE-04:2025-01-23:quality_containment,train,synthetic
ACT-000156,FAC-001,LINE-04,ORD-04-003,NOTE-000479,2025-01-26,manpower,operator_reallocation,production,approved,True,2025-01-26T13:10:00+00:00,2025-01-26T13:35:00+00:00,completed,2025-01-26T17:00:00+00:00,LINE-04:2025-01-26:operator_reallocation,train,synthetic
ACT-000157,FAC-001,LINE-04,ORD-04-004,NOTE-000481,2025-01-28,quality,quality_containment,quality,approved,True,2025-01-28T13:10:00+00:00,2025-01-28T13:35:00+00:00,completed,2025-01-28T17:00:00+00:00,LINE-04:2025-01-28:quality_containment,train,synthetic
ACT-000158,FAC-001,LINE-04,ORD-04-004,NOTE-000485,2025-02-02,quality,quality_containment,quality,approved,True,2025-02-02T13:10:00+00:00,2025-02-02T13:35:00+00:00,completed,2025-02-02T17:00:00+00:00,LINE-04:2025-02-02:quality_containment,train,synthetic
ACT-000159,FAC-001,LINE-04,ORD-04-004,NOTE-000488,2025-02-05,material,material_escalation,store_and_planning,approved,True,2025-02-05T13:10:00+00:00,2025-02-05T13:35:00+00:00,in_progress,2025-02-05T17:00:00+00:00,LINE-04:2025-02-05:material_escalation,train,synthetic
ACT-000160,FAC-001,LINE-04,ORD-04-005,NOTE-000490,2025-02-08,quality,quality_containment,quality,approved,True,2025-02-08T13:10:00+00:00,2025-02-08T13:35:00+00:00,completed,2025-02-08T17:00:00+00:00,LINE-04:2025-02-08:quality_containment,train,synthetic
ACT-000161,FAC-001,LINE-04,ORD-04-005,NOTE-000491,2025-02-09,quality,quality_containment,quality,approved,True,2025-02-09T13:10:00+00:00,2025-02-09T13:35:00+00:00,completed,2025-02-09T17:00:00+00:00,LINE-04:2025-02-09:quality_containment,train,synthetic
ACT-000162,FAC-001,LINE-04,ORD-04-005,NOTE-000493,2025-02-11,machine,machine_inspection,maintenance,edited,True,2025-02-11T13:10:00+00:00,2025-02-11T13:35:00+00:00,completed,2025-02-11T17:00:00+00:00,LINE-04:2025-02-11:machine_inspection,train,synthetic
ACT-000163,FAC-001,LINE-04,ORD-04-005,NOTE-000494,2025-02-12,machine,machine_inspection,maintenance,approved,True,2025-02-12T13:10:00+00:00,2025-02-12T13:35:00+00:00,completed,2025-02-12T17:00:00+00:00,LINE-04:2025-02-12:machine_inspection,train,synthetic
ACT-000164,FAC-001,LINE-04,ORD-04-005,NOTE-000496,2025-02-15,machine,machine_inspection,maintenance,approved,True,2025-02-15T13:10:00+00:00,2025-02-15T13:35:00+00:00,completed,2025-02-15T17:00:00+00:00,LINE-04:2025-02-15:machine_inspection,train,synthetic
ACT-000165,FAC-001,LINE-04,ORD-04-005,NOTE-000499,2025-02-18,machine,machine_inspection,maintenance,approved,True,2025-02-18T13:10:00+00:00,2025-02-18T13:35:00+00:00,completed,2025-02-18T17:00:00+00:00,LINE-04:2025-02-18:machine_inspection,train,synthetic
ACT-000166,FAC-001,LINE-04,ORD-04-006,NOTE-000501,2025-02-20,machine,machine_inspection,maintenance,approved,True,2025-02-20T13:10:00+00:00,2025-02-20T13:35:00+00:00,in_progress,2025-02-20T17:00:00+00:00,LINE-04:2025-02-20:machine_inspection,train,synthetic
ACT-000167,FAC-001,LINE-04,ORD-04-006,NOTE-000503,2025-02-23,quality,quality_containment,quality,approved,True,2025-02-23T13:10:00+00:00,2025-02-23T13:35:00+00:00,completed,2025-02-23T17:00:00+00:00,LINE-04:2025-02-23:quality_containment,train,synthetic
ACT-000168,FAC-001,LINE-04,ORD-04-006,NOTE-000507,2025-02-27,manpower,operator_reallocation,production,approved,True,2025-02-27T13:10:00+00:00,2025-02-27T13:35:00+00:00,completed,2025-02-27T17:00:00+00:00,LINE-04:2025-02-27:operator_reallocation,train,synthetic
ACT-000169,FAC-001,LINE-04,ORD-04-007,NOTE-000510,2025-03-03,machine,machine_inspection,maintenance,approved,True,2025-03-03T13:10:00+00:00,2025-03-03T13:35:00+00:00,completed,2025-03-03T17:00:00+00:00,LINE-04:2025-03-03:machine_inspection,train,synthetic
ACT-000170,FAC-001,LINE-04,ORD-04-007,NOTE-000512,2025-03-05,quality,quality_containment,quality,edited,True,2025-03-05T13:10:00+00:00,2025-03-05T13:35:00+00:00,completed,2025-03-05T17:00:00+00:00,LINE-04:2025-03-05:quality_containment,train,synthetic
ACT-000171,FAC-001,LINE-04,ORD-04-008,NOTE-000516,2025-03-10,quality,quality_containment,quality,approved,True,2025-03-10T13:10:00+00:00,2025-03-10T13:35:00+00:00,completed,2025-03-10T17:00:00+00:00,LINE-04:2025-03-10:quality_containment,train,synthetic
ACT-000172,FAC-001,LINE-04,ORD-04-008,NOTE-000520,2025-03-15,machine,machine_inspection,maintenance,approved,True,2025-03-15T13:10:00+00:00,2025-03-15T13:35:00+00:00,completed,2025-03-15T17:00:00+00:00,LINE-04:2025-03-15:machine_inspection,train,synthetic
ACT-000173,FAC-001,LINE-04,ORD-04-009,NOTE-000524,2025-03-19,method,line_rebalancing,industrial_engineering,approved,True,2025-03-19T13:10:00+00:00,2025-03-19T13:35:00+00:00,completed,2025-03-19T17:00:00+00:00,LINE-04:2025-03-19:line_rebalancing,train,synthetic
ACT-000174,FAC-001,LINE-04,ORD-04-009,NOTE-000525,2025-03-20,quality,quality_containment,quality,edited,True,2025-03-20T13:10:00+00:00,2025-03-20T13:35:00+00:00,completed,2025-03-20T17:00:00+00:00,LINE-04:2025-03-20:quality_containment,train,synthetic
ACT-000175,FAC-001,LINE-04,ORD-04-009,NOTE-000528,2025-03-24,quality,quality_containment,quality,approved,True,2025-03-24T13:10:00+00:00,2025-03-24T13:35:00+00:00,completed,2025-03-24T17:00:00+00:00,LINE-04:2025-03-24:quality_containment,train,synthetic
ACT-000176,FAC-001,LINE-04,ORD-04-010,NOTE-000530,2025-03-26,quality,quality_containment,quality,rejected,True,2025-03-26T13:10:00+00:00,,not_executed,2025-03-26T17:00:00+00:00,LINE-04:2025-03-26:quality_containment,train,synthetic
ACT-000177,FAC-001,LINE-04,ORD-04-010,NOTE-000531,2025-03-27,quality,quality_containment,quality,approved,True,2025-03-27T13:10:00+00:00,2025-03-27T13:35:00+00:00,completed,2025-03-27T17:00:00+00:00,LINE-04:2025-03-27:quality_containment,train,synthetic
ACT-000178,FAC-001,LINE-04,ORD-04-010,NOTE-000532,2025-03-29,quality,quality_containment,quality,edited,True,2025-03-29T13:10:00+00:00,2025-03-29T13:35:00+00:00,in_progress,2025-03-29T17:00:00+00:00,LINE-04:2025-03-29:quality_containment,train,synthetic
ACT-000179,FAC-001,LINE-04,ORD-04-010,NOTE-000533,2025-03-30,quality,quality_containment,quality,approved,True,2025-03-30T13:10:00+00:00,2025-03-30T13:35:00+00:00,completed,2025-03-30T17:00:00+00:00,LINE-04:2025-03-30:quality_containment,train,synthetic
ACT-000180,FAC-001,LINE-04,ORD-04-010,NOTE-000535,2025-04-01,manpower,operator_reallocation,production,approved,True,2025-04-01T13:10:00+00:00,2025-04-01T13:35:00+00:00,completed,2025-04-01T17:00:00+00:00,LINE-04:2025-04-01:operator_reallocation,train,synthetic
ACT-000181,FAC-001,LINE-04,ORD-04-011,NOTE-000538,2025-04-05,method,line_rebalancing,industrial_engineering,rejected,True,2025-04-05T13:10:00+00:00,,not_executed,2025-04-05T17:00:00+00:00,LINE-04:2025-04-05:line_rebalancing,train,synthetic
ACT-000182,FAC-001,LINE-04,ORD-04-011,NOTE-000539,2025-04-06,quality,quality_containment,quality,approved,True,2025-04-06T13:10:00+00:00,2025-04-06T13:35:00+00:00,in_progress,2025-04-06T17:00:00+00:00,LINE-04:2025-04-06:quality_containment,train,synthetic
ACT-000183,FAC-001,LINE-04,ORD-04-012,NOTE-000546,2025-04-14,planning,plan_review,planning,approved,True,2025-04-14T13:10:00+00:00,2025-04-14T13:35:00+00:00,completed,2025-04-14T17:00:00+00:00,LINE-04:2025-04-14:plan_review,train,synthetic
ACT-000184,FAC-001,LINE-04,ORD-04-012,NOTE-000547,2025-04-15,quality,quality_containment,quality,approved,True,2025-04-15T13:10:00+00:00,2025-04-15T13:35:00+00:00,in_progress,2025-04-15T17:00:00+00:00,LINE-04:2025-04-15:quality_containment,train,synthetic
ACT-000185,FAC-001,LINE-04,ORD-04-012,NOTE-000550,2025-04-19,material,material_escalation,store_and_planning,approved,True,2025-04-19T13:10:00+00:00,2025-04-19T13:35:00+00:00,completed,2025-04-19T17:00:00+00:00,LINE-04:2025-04-19:material_escalation,train,synthetic
ACT-000186,FAC-001,LINE-04,ORD-04-012,NOTE-000552,2025-04-21,quality,quality_containment,quality,approved,True,2025-04-21T13:10:00+00:00,2025-04-21T13:35:00+00:00,completed,2025-04-21T17:00:00+00:00,LINE-04:2025-04-21:quality_containment,train,synthetic
ACT-000187,FAC-001,LINE-04,ORD-04-013,NOTE-000554,2025-04-23,manpower,operator_reallocation,production,edited,True,2025-04-23T13:10:00+00:00,2025-04-23T13:35:00+00:00,completed,2025-04-23T17:00:00+00:00,LINE-04:2025-04-23:operator_reallocation,train,synthetic
ACT-000188,FAC-001,LINE-04,ORD-04-013,NOTE-000558,2025-04-28,manpower,operator_reallocation,production,approved,True,2025-04-28T13:10:00+00:00,2025-04-28T13:35:00+00:00,completed,2025-04-28T17:00:00+00:00,LINE-04:2025-04-28:operator_reallocation,train,synthetic
ACT-000189,FAC-001,LINE-04,ORD-04-013,NOTE-000562,2025-05-03,quality,quality_containment,quality,edited,True,2025-05-03T13:10:00+00:00,2025-05-03T13:35:00+00:00,in_progress,2025-05-03T17:00:00+00:00,LINE-04:2025-05-03:quality_containment,validation,synthetic
ACT-000190,FAC-001,LINE-04,ORD-04-014,NOTE-000564,2025-05-05,quality,quality_containment,quality,approved,True,2025-05-05T13:10:00+00:00,2025-05-05T13:35:00+00:00,in_progress,2025-05-05T17:00:00+00:00,LINE-04:2025-05-05:quality_containment,validation,synthetic
ACT-000191,FAC-001,LINE-04,ORD-04-014,NOTE-000565,2025-05-06,manpower,operator_reallocation,production,approved,True,2025-05-06T13:10:00+00:00,2025-05-06T13:35:00+00:00,completed,2025-05-06T17:00:00+00:00,LINE-04:2025-05-06:operator_reallocation,validation,synthetic
ACT-000192,FAC-001,LINE-04,ORD-04-014,NOTE-000566,2025-05-07,quality,quality_containment,quality,edited,True,2025-05-07T13:10:00+00:00,2025-05-07T13:35:00+00:00,completed,2025-05-07T17:00:00+00:00,LINE-04:2025-05-07:quality_containment,validation,synthetic
ACT-000193,FAC-001,LINE-04,ORD-04-014,NOTE-000570,2025-05-12,quality,quality_containment,quality,approved,True,2025-05-12T13:10:00+00:00,2025-05-12T13:35:00+00:00,completed,2025-05-12T17:00:00+00:00,LINE-04:2025-05-12:quality_containment,validation,synthetic
ACT-000194,FAC-001,LINE-04,ORD-04-015,NOTE-000572,2025-05-14,method,line_rebalancing,industrial_engineering,approved,True,2025-05-14T13:10:00+00:00,2025-05-14T13:35:00+00:00,completed,2025-05-14T17:00:00+00:00,LINE-04:2025-05-14:line_rebalancing,validation,synthetic
ACT-000195,FAC-001,LINE-04,ORD-04-015,NOTE-000573,2025-05-15,quality,quality_containment,quality,approved,True,2025-05-15T13:10:00+00:00,2025-05-15T13:35:00+00:00,completed,2025-05-15T17:00:00+00:00,LINE-04:2025-05-15:quality_containment,validation,synthetic
ACT-000196,FAC-001,LINE-04,ORD-04-016,NOTE-000579,2025-05-22,method,line_rebalancing,industrial_engineering,rejected,True,2025-05-22T13:10:00+00:00,,not_executed,2025-05-22T17:00:00+00:00,LINE-04:2025-05-22:line_rebalancing,validation,synthetic
ACT-000197,FAC-001,LINE-04,ORD-04-017,NOTE-000588,2025-06-02,quality,quality_containment,quality,edited,True,2025-06-02T13:10:00+00:00,2025-06-02T13:35:00+00:00,completed,2025-06-02T17:00:00+00:00,LINE-04:2025-06-02:quality_containment,test,synthetic
ACT-000198,FAC-001,LINE-04,ORD-04-017,NOTE-000589,2025-06-03,quality,quality_containment,quality,approved,True,2025-06-03T13:10:00+00:00,2025-06-03T13:35:00+00:00,completed,2025-06-03T17:00:00+00:00,LINE-04:2025-06-03:quality_containment,test,synthetic
ACT-000199,FAC-001,LINE-04,ORD-04-017,NOTE-000593,2025-06-08,quality,quality_containment,quality,edited,True,2025-06-08T13:10:00+00:00,2025-06-08T13:35:00+00:00,completed,2025-06-08T17:00:00+00:00,LINE-04:2025-06-08:quality_containment,test,synthetic
ACT-000200,FAC-001,LINE-04,ORD-04-017,NOTE-000594,2025-06-09,manpower,operator_reallocation,production,approved,True,2025-06-09T13:10:00+00:00,2025-06-09T13:35:00+00:00,in_progress,2025-06-09T17:00:00+00:00,LINE-04:2025-06-09:operator_reallocation,test,synthetic
ACT-000201,FAC-001,LINE-04,ORD-04-018,NOTE-000598,2025-06-14,planning,plan_review,planning,rejected,True,2025-06-14T13:10:00+00:00,,not_executed,2025-06-14T17:00:00+00:00,LINE-04:2025-06-14:plan_review,test,synthetic
ACT-000202,FAC-001,LINE-04,ORD-04-018,NOTE-000599,2025-06-15,machine,machine_inspection,maintenance,edited,True,2025-06-15T13:10:00+00:00,2025-06-15T13:35:00+00:00,completed,2025-06-15T17:00:00+00:00,LINE-04:2025-06-15:machine_inspection,test,synthetic
ACT-000203,FAC-001,LINE-04,ORD-04-018,NOTE-000600,2025-06-16,machine,machine_inspection,maintenance,rejected,True,2025-06-16T13:10:00+00:00,,not_executed,2025-06-16T17:00:00+00:00,LINE-04:2025-06-16:machine_inspection,test,synthetic
ACT-000204,FAC-001,LINE-04,ORD-04-018,NOTE-000603,2025-06-19,material,material_escalation,store_and_planning,approved,True,2025-06-19T13:10:00+00:00,2025-06-19T13:35:00+00:00,in_progress,2025-06-19T17:00:00+00:00,LINE-04:2025-06-19:material_escalation,test,synthetic
ACT-000205,FAC-001,LINE-04,ORD-04-019,NOTE-000606,2025-06-23,method,line_rebalancing,industrial_engineering,rejected,True,2025-06-23T13:10:00+00:00,,not_executed,2025-06-23T17:00:00+00:00,LINE-04:2025-06-23:line_rebalancing,test,synthetic
ACT-000206,FAC-001,LINE-04,ORD-04-019,NOTE-000608,2025-06-25,manpower,operator_reallocation,production,rejected,True,2025-06-25T13:10:00+00:00,,not_executed,2025-06-25T17:00:00+00:00,LINE-04:2025-06-25:operator_reallocation,test,synthetic
ACT-000207,FAC-001,LINE-04,ORD-04-019,NOTE-000610,2025-06-28,manpower,operator_reallocation,production,approved,True,2025-06-28T13:10:00+00:00,2025-06-28T13:35:00+00:00,completed,2025-06-28T17:00:00+00:00,LINE-04:2025-06-28:operator_reallocation,test,synthetic
ACT-000208,FAC-001,LINE-04,ORD-04-019,NOTE-000611,2025-06-29,quality,quality_containment,quality,rejected,True,2025-06-29T13:10:00+00:00,,not_executed,2025-06-29T17:00:00+00:00,LINE-04:2025-06-29:quality_containment,test,synthetic
ACT-000209,FAC-001,LINE-04,ORD-04-019,NOTE-000612,2025-06-30,quality,quality_containment,quality,approved,True,2025-06-30T13:10:00+00:00,2025-06-30T13:35:00+00:00,completed,2025-06-30T17:00:00+00:00,LINE-04:2025-06-30:quality_containment,test,synthetic
ACT-000210,FAC-001,LINE-05,ORD-05-001,NOTE-000613,2025-01-04,method,line_rebalancing,industrial_engineering,approved,True,2025-01-04T13:10:00+00:00,2025-01-04T13:35:00+00:00,completed,2025-01-04T17:00:00+00:00,LINE-05:2025-01-04:line_rebalancing,train,synthetic
ACT-000211,FAC-001,LINE-05,ORD-05-001,NOTE-000614,2025-01-05,manpower,operator_reallocation,production,approved,True,2025-01-05T13:10:00+00:00,2025-01-05T13:35:00+00:00,completed,2025-01-05T17:00:00+00:00,LINE-05:2025-01-05:operator_reallocation,train,synthetic
ACT-000212,FAC-001,LINE-05,ORD-05-001,NOTE-000615,2025-01-06,material,material_escalation,store_and_planning,approved,True,2025-01-06T13:10:00+00:00,2025-01-06T13:35:00+00:00,completed,2025-01-06T17:00:00+00:00,LINE-05:2025-01-06:material_escalation,train,synthetic
ACT-000213,FAC-001,LINE-05,ORD-05-001,NOTE-000616,2025-01-07,machine,machine_inspection,maintenance,approved,True,2025-01-07T13:10:00+00:00,2025-01-07T13:35:00+00:00,completed,2025-01-07T17:00:00+00:00,LINE-05:2025-01-07:machine_inspection,train,synthetic
ACT-000214,FAC-001,LINE-05,ORD-05-001,NOTE-000619,2025-01-11,manpower,operator_reallocation,production,edited,True,2025-01-11T13:10:00+00:00,2025-01-11T13:35:00+00:00,completed,2025-01-11T17:00:00+00:00,LINE-05:2025-01-11:operator_reallocation,train,synthetic
ACT-000215,FAC-001,LINE-05,ORD-05-001,NOTE-000621,2025-01-13,machine,machine_inspection,maintenance,edited,True,2025-01-13T13:10:00+00:00,2025-01-13T13:35:00+00:00,in_progress,2025-01-13T17:00:00+00:00,LINE-05:2025-01-13:machine_inspection,train,synthetic
ACT-000216,FAC-001,LINE-05,ORD-05-001,NOTE-000623,2025-01-15,material,material_escalation,store_and_planning,approved,True,2025-01-15T13:10:00+00:00,2025-01-15T13:35:00+00:00,completed,2025-01-15T17:00:00+00:00,LINE-05:2025-01-15:material_escalation,train,synthetic
ACT-000217,FAC-001,LINE-05,ORD-05-002,NOTE-000625,2025-01-18,method,line_rebalancing,industrial_engineering,approved,True,2025-01-18T13:10:00+00:00,2025-01-18T13:35:00+00:00,in_progress,2025-01-18T17:00:00+00:00,LINE-05:2025-01-18:line_rebalancing,train,synthetic
ACT-000218,FAC-001,LINE-05,ORD-05-002,NOTE-000626,2025-01-19,quality,quality_containment,quality,approved,True,2025-01-19T13:10:00+00:00,2025-01-19T13:35:00+00:00,completed,2025-01-19T17:00:00+00:00,LINE-05:2025-01-19:quality_containment,train,synthetic
ACT-000219,FAC-001,LINE-05,ORD-05-002,NOTE-000627,2025-01-20,quality,quality_containment,quality,edited,True,2025-01-20T13:10:00+00:00,2025-01-20T13:35:00+00:00,completed,2025-01-20T17:00:00+00:00,LINE-05:2025-01-20:quality_containment,train,synthetic
ACT-000220,FAC-001,LINE-05,ORD-05-002,NOTE-000628,2025-01-21,machine,machine_inspection,maintenance,edited,True,2025-01-21T13:10:00+00:00,2025-01-21T13:35:00+00:00,completed,2025-01-21T17:00:00+00:00,LINE-05:2025-01-21:machine_inspection,train,synthetic
ACT-000221,FAC-001,LINE-05,ORD-05-002,NOTE-000629,2025-01-22,quality,quality_containment,quality,approved,True,2025-01-22T13:10:00+00:00,2025-01-22T13:35:00+00:00,completed,2025-01-22T17:00:00+00:00,LINE-05:2025-01-22:quality_containment,train,synthetic
ACT-000222,FAC-001,LINE-05,ORD-05-002,NOTE-000632,2025-01-26,quality,quality_containment,quality,edited,True,2025-01-26T13:10:00+00:00,2025-01-26T13:35:00+00:00,completed,2025-01-26T17:00:00+00:00,LINE-05:2025-01-26:quality_containment,train,synthetic
ACT-000223,FAC-001,LINE-05,ORD-05-003,NOTE-000635,2025-01-29,planning,plan_review,planning,approved,True,2025-01-29T13:10:00+00:00,2025-01-29T13:35:00+00:00,completed,2025-01-29T17:00:00+00:00,LINE-05:2025-01-29:plan_review,train,synthetic
ACT-000224,FAC-001,LINE-05,ORD-05-003,NOTE-000638,2025-02-02,quality,quality_containment,quality,approved,True,2025-02-02T13:10:00+00:00,2025-02-02T13:35:00+00:00,completed,2025-02-02T17:00:00+00:00,LINE-05:2025-02-02:quality_containment,train,synthetic
ACT-000225,FAC-001,LINE-05,ORD-05-004,NOTE-000643,2025-02-08,planning,plan_review,planning,approved,True,2025-02-08T13:10:00+00:00,2025-02-08T13:35:00+00:00,completed,2025-02-08T17:00:00+00:00,LINE-05:2025-02-08:plan_review,train,synthetic
ACT-000226,FAC-001,LINE-05,ORD-05-004,NOTE-000645,2025-02-10,machine,machine_inspection,maintenance,approved,True,2025-02-10T13:10:00+00:00,2025-02-10T13:35:00+00:00,completed,2025-02-10T17:00:00+00:00,LINE-05:2025-02-10:machine_inspection,train,synthetic
ACT-000227,FAC-001,LINE-05,ORD-05-004,NOTE-000648,2025-02-13,quality,quality_containment,quality,approved,True,2025-02-13T13:10:00+00:00,2025-02-13T13:35:00+00:00,completed,2025-02-13T17:00:00+00:00,LINE-05:2025-02-13:quality_containment,train,synthetic
ACT-000228,FAC-001,LINE-05,ORD-05-004,NOTE-000649,2025-02-15,machine,machine_inspection,maintenance,approved,True,2025-02-15T13:10:00+00:00,2025-02-15T13:35:00+00:00,completed,2025-02-15T17:00:00+00:00,LINE-05:2025-02-15:machine_inspection,train,synthetic
ACT-000229,FAC-001,LINE-05,ORD-05-005,NOTE-000652,2025-02-18,method,line_rebalancing,industrial_engineering,approved,True,2025-02-18T13:10:00+00:00,2025-02-18T13:35:00+00:00,completed,2025-02-18T17:00:00+00:00,LINE-05:2025-02-18:line_rebalancing,train,synthetic
ACT-000230,FAC-001,LINE-05,ORD-05-005,NOTE-000654,2025-02-20,material,material_escalation,store_and_planning,approved,True,2025-02-20T13:10:00+00:00,2025-02-20T13:35:00+00:00,completed,2025-02-20T17:00:00+00:00,LINE-05:2025-02-20:material_escalation,train,synthetic
ACT-000231,FAC-001,LINE-05,ORD-05-006,NOTE-000661,2025-03-01,quality,quality_containment,quality,edited,True,2025-03-01T13:10:00+00:00,2025-03-01T13:35:00+00:00,completed,2025-03-01T17:00:00+00:00,LINE-05:2025-03-01:quality_containment,train,synthetic
ACT-000232,FAC-001,LINE-05,ORD-05-006,NOTE-000663,2025-03-03,quality,quality_containment,quality,rejected,True,2025-03-03T13:10:00+00:00,,not_executed,2025-03-03T17:00:00+00:00,LINE-05:2025-03-03:quality_containment,train,synthetic
ACT-000233,FAC-001,LINE-05,ORD-05-006,NOTE-000664,2025-03-04,machine,machine_inspection,maintenance,rejected,True,2025-03-04T13:10:00+00:00,,not_executed,2025-03-04T17:00:00+00:00,LINE-05:2025-03-04:machine_inspection,train,synthetic
ACT-000234,FAC-001,LINE-05,ORD-05-006,NOTE-000667,2025-03-08,material,material_escalation,store_and_planning,approved,True,2025-03-08T13:10:00+00:00,2025-03-08T13:35:00+00:00,completed,2025-03-08T17:00:00+00:00,LINE-05:2025-03-08:material_escalation,train,synthetic
ACT-000235,FAC-001,LINE-05,ORD-05-007,NOTE-000669,2025-03-10,method,line_rebalancing,industrial_engineering,approved,True,2025-03-10T13:10:00+00:00,2025-03-10T13:35:00+00:00,completed,2025-03-10T17:00:00+00:00,LINE-05:2025-03-10:line_rebalancing,train,synthetic
ACT-000236,FAC-001,LINE-05,ORD-05-007,NOTE-000674,2025-03-16,machine,machine_inspection,maintenance,approved,True,2025-03-16T13:10:00+00:00,2025-03-16T13:35:00+00:00,completed,2025-03-16T17:00:00+00:00,LINE-05:2025-03-16:machine_inspection,train,synthetic
ACT-000237,FAC-001,LINE-05,ORD-05-008,NOTE-000676,2025-03-18,method,line_rebalancing,industrial_engineering,approved,True,2025-03-18T13:10:00+00:00,2025-03-18T13:35:00+00:00,in_progress,2025-03-18T17:00:00+00:00,LINE-05:2025-03-18:line_rebalancing,train,synthetic
ACT-000238,FAC-001,LINE-05,ORD-05-008,NOTE-000677,2025-03-19,manpower,operator_reallocation,production,approved,True,2025-03-19T13:10:00+00:00,2025-03-19T13:35:00+00:00,completed,2025-03-19T17:00:00+00:00,LINE-05:2025-03-19:operator_reallocation,train,synthetic
ACT-000239,FAC-001,LINE-05,ORD-05-008,NOTE-000679,2025-03-22,quality,quality_containment,quality,approved,True,2025-03-22T13:10:00+00:00,2025-03-22T13:35:00+00:00,completed,2025-03-22T17:00:00+00:00,LINE-05:2025-03-22:quality_containment,train,synthetic
ACT-000240,FAC-001,LINE-05,ORD-05-008,NOTE-000682,2025-03-25,quality,quality_containment,quality,approved,True,2025-03-25T13:10:00+00:00,2025-03-25T13:35:00+00:00,completed,2025-03-25T17:00:00+00:00,LINE-05:2025-03-25:quality_containment,train,synthetic
ACT-000241,FAC-001,LINE-05,ORD-05-009,NOTE-000686,2025-03-30,method,line_rebalancing,industrial_engineering,edited,True,2025-03-30T13:10:00+00:00,2025-03-30T13:35:00+00:00,completed,2025-03-30T17:00:00+00:00,LINE-05:2025-03-30:line_rebalancing,train,synthetic
ACT-000242,FAC-001,LINE-05,ORD-05-009,NOTE-000687,2025-03-31,machine,machine_inspection,maintenance,approved,True,2025-03-31T13:10:00+00:00,2025-03-31T13:35:00+00:00,completed,2025-03-31T17:00:00+00:00,LINE-05:2025-03-31:machine_inspection,train,synthetic
ACT-000243,FAC-001,LINE-05,ORD-05-009,NOTE-000688,2025-04-01,manpower,operator_reallocation,production,approved,True,2025-04-01T13:10:00+00:00,2025-04-01T13:35:00+00:00,completed,2025-04-01T17:00:00+00:00,LINE-05:2025-04-01:operator_reallocation,train,synthetic
ACT-000244,FAC-001,LINE-05,ORD-05-010,NOTE-000693,2025-04-07,planning,plan_review,planning,edited,True,2025-04-07T13:10:00+00:00,2025-04-07T13:35:00+00:00,completed,2025-04-07T17:00:00+00:00,LINE-05:2025-04-07:plan_review,train,synthetic
ACT-000245,FAC-001,LINE-05,ORD-05-010,NOTE-000695,2025-04-09,quality,quality_containment,quality,approved,True,2025-04-09T13:10:00+00:00,2025-04-09T13:35:00+00:00,completed,2025-04-09T17:00:00+00:00,LINE-05:2025-04-09:quality_containment,train,synthetic
ACT-000246,FAC-001,LINE-05,ORD-05-010,NOTE-000696,2025-04-10,manpower,operator_reallocation,production,approved,True,2025-04-10T13:10:00+00:00,2025-04-10T13:35:00+00:00,completed,2025-04-10T17:00:00+00:00,LINE-05:2025-04-10:operator_reallocation,train,synthetic
ACT-000247,FAC-001,LINE-05,ORD-05-011,NOTE-000702,2025-04-17,manpower,operator_reallocation,production,approved,True,2025-04-17T13:10:00+00:00,2025-04-17T13:35:00+00:00,completed,2025-04-17T17:00:00+00:00,LINE-05:2025-04-17:operator_reallocation,train,synthetic
ACT-000248,FAC-001,LINE-05,ORD-05-011,NOTE-000705,2025-04-21,machine,machine_inspection,maintenance,approved,True,2025-04-21T13:10:00+00:00,2025-04-21T13:35:00+00:00,completed,2025-04-21T17:00:00+00:00,LINE-05:2025-04-21:machine_inspection,train,synthetic
ACT-000249,FAC-001,LINE-05,ORD-05-011,NOTE-000708,2025-04-24,machine,machine_inspection,maintenance,approved,True,2025-04-24T13:10:00+00:00,2025-04-24T13:35:00+00:00,in_progress,2025-04-24T17:00:00+00:00,LINE-05:2025-04-24:machine_inspection,train,synthetic
ACT-000250,FAC-001,LINE-05,ORD-05-012,NOTE-000710,2025-04-27,method,line_rebalancing,industrial_engineering,approved,True,2025-04-27T13:10:00+00:00,2025-04-27T13:35:00+00:00,completed,2025-04-27T17:00:00+00:00,LINE-05:2025-04-27:line_rebalancing,train,synthetic
ACT-000251,FAC-001,LINE-05,ORD-05-012,NOTE-000711,2025-04-28,machine,machine_inspection,maintenance,edited,True,2025-04-28T13:10:00+00:00,2025-04-28T13:35:00+00:00,completed,2025-04-28T17:00:00+00:00,LINE-05:2025-04-28:machine_inspection,train,synthetic
ACT-000252,FAC-001,LINE-05,ORD-05-012,NOTE-000714,2025-05-01,material,material_escalation,store_and_planning,edited,True,2025-05-01T13:10:00+00:00,2025-05-01T13:35:00+00:00,completed,2025-05-01T17:00:00+00:00,LINE-05:2025-05-01:material_escalation,validation,synthetic
ACT-000253,FAC-001,LINE-05,ORD-05-012,NOTE-000716,2025-05-04,quality,quality_containment,quality,approved,True,2025-05-04T13:10:00+00:00,2025-05-04T13:35:00+00:00,completed,2025-05-04T17:00:00+00:00,LINE-05:2025-05-04:quality_containment,validation,synthetic
ACT-000254,FAC-001,LINE-05,ORD-05-013,NOTE-000718,2025-05-06,manpower,operator_reallocation,production,approved,True,2025-05-06T13:10:00+00:00,2025-05-06T13:35:00+00:00,completed,2025-05-06T17:00:00+00:00,LINE-05:2025-05-06:operator_reallocation,validation,synthetic
ACT-000255,FAC-001,LINE-05,ORD-05-013,NOTE-000721,2025-05-10,quality,quality_containment,quality,approved,True,2025-05-10T13:10:00+00:00,2025-05-10T13:35:00+00:00,completed,2025-05-10T17:00:00+00:00,LINE-05:2025-05-10:quality_containment,validation,synthetic
ACT-000256,FAC-001,LINE-05,ORD-05-013,NOTE-000725,2025-05-14,quality,quality_containment,quality,approved,True,2025-05-14T13:10:00+00:00,2025-05-14T13:35:00+00:00,completed,2025-05-14T17:00:00+00:00,LINE-05:2025-05-14:quality_containment,validation,synthetic
ACT-000257,FAC-001,LINE-05,ORD-05-013,NOTE-000726,2025-05-15,quality,quality_containment,quality,rejected,True,2025-05-15T13:10:00+00:00,,not_executed,2025-05-15T17:00:00+00:00,LINE-05:2025-05-15:quality_containment,validation,synthetic
ACT-000258,FAC-001,LINE-05,ORD-05-013,NOTE-000728,2025-05-18,manpower,operator_reallocation,production,edited,True,2025-05-18T13:10:00+00:00,2025-05-18T13:35:00+00:00,in_progress,2025-05-18T17:00:00+00:00,LINE-05:2025-05-18:operator_reallocation,validation,synthetic
ACT-000259,FAC-001,LINE-05,ORD-05-014,NOTE-000731,2025-05-21,method,line_rebalancing,industrial_engineering,rejected,True,2025-05-21T13:10:00+00:00,,not_executed,2025-05-21T17:00:00+00:00,LINE-05:2025-05-21:line_rebalancing,validation,synthetic
ACT-000260,FAC-001,LINE-05,ORD-05-014,NOTE-000732,2025-05-22,material,material_escalation,store_and_planning,approved,True,2025-05-22T13:10:00+00:00,2025-05-22T13:35:00+00:00,completed,2025-05-22T17:00:00+00:00,LINE-05:2025-05-22:material_escalation,validation,synthetic
ACT-000261,FAC-001,LINE-05,ORD-05-014,NOTE-000737,2025-05-28,manpower,operator_reallocation,production,approved,True,2025-05-28T13:10:00+00:00,2025-05-28T13:35:00+00:00,completed,2025-05-28T17:00:00+00:00,LINE-05:2025-05-28:operator_reallocation,validation,synthetic
ACT-000262,FAC-001,LINE-05,ORD-05-015,NOTE-000739,2025-05-31,quality,quality_containment,quality,approved,True,2025-05-31T13:10:00+00:00,2025-05-31T13:35:00+00:00,completed,2025-05-31T17:00:00+00:00,LINE-05:2025-05-31:quality_containment,validation,synthetic
ACT-000263,FAC-001,LINE-05,ORD-05-015,NOTE-000741,2025-06-02,manpower,operator_reallocation,production,approved,True,2025-06-02T13:10:00+00:00,2025-06-02T13:35:00+00:00,completed,2025-06-02T17:00:00+00:00,LINE-05:2025-06-02:operator_reallocation,test,synthetic
ACT-000264,FAC-001,LINE-05,ORD-05-015,NOTE-000742,2025-06-03,manpower,operator_reallocation,production,approved,True,2025-06-03T13:10:00+00:00,2025-06-03T13:35:00+00:00,completed,2025-06-03T17:00:00+00:00,LINE-05:2025-06-03:operator_reallocation,test,synthetic
ACT-000265,FAC-001,LINE-05,ORD-05-015,NOTE-000749,2025-06-11,machine,machine_inspection,maintenance,approved,True,2025-06-11T13:10:00+00:00,2025-06-11T13:35:00+00:00,completed,2025-06-11T17:00:00+00:00,LINE-05:2025-06-11:machine_inspection,test,synthetic
ACT-000266,FAC-001,LINE-05,ORD-05-016,NOTE-000751,2025-06-14,method,line_rebalancing,industrial_engineering,edited,True,2025-06-14T13:10:00+00:00,2025-06-14T13:35:00+00:00,completed,2025-06-14T17:00:00+00:00,LINE-05:2025-06-14:line_rebalancing,test,synthetic
ACT-000267,FAC-001,LINE-05,ORD-05-016,NOTE-000752,2025-06-15,manpower,operator_reallocation,production,rejected,True,2025-06-15T13:10:00+00:00,,not_executed,2025-06-15T17:00:00+00:00,LINE-05:2025-06-15:operator_reallocation,test,synthetic
ACT-000268,FAC-001,LINE-05,ORD-05-017,NOTE-000756,2025-06-19,method,line_rebalancing,industrial_engineering,approved,True,2025-06-19T13:10:00+00:00,2025-06-19T13:35:00+00:00,completed,2025-06-19T17:00:00+00:00,LINE-05:2025-06-19:line_rebalancing,test,synthetic
ACT-000269,FAC-001,LINE-05,ORD-05-017,NOTE-000757,2025-06-21,machine,machine_inspection,maintenance,rejected,True,2025-06-21T13:10:00+00:00,,not_executed,2025-06-21T17:00:00+00:00,LINE-05:2025-06-21:machine_inspection,test,synthetic
ACT-000270,FAC-001,LINE-05,ORD-05-017,NOTE-000758,2025-06-22,quality,quality_containment,quality,approved,True,2025-06-22T13:10:00+00:00,2025-06-22T13:35:00+00:00,completed,2025-06-22T17:00:00+00:00,LINE-05:2025-06-22:quality_containment,test,synthetic
ACT-000271,FAC-001,LINE-05,ORD-05-017,NOTE-000759,2025-06-23,quality,quality_containment,quality,rejected,True,2025-06-23T13:10:00+00:00,,not_executed,2025-06-23T17:00:00+00:00,LINE-05:2025-06-23:quality_containment,test,synthetic
ACT-000272,FAC-001,LINE-05,ORD-05-018,NOTE-000764,2025-06-29,method,line_rebalancing,industrial_engineering,approved,True,2025-06-29T13:10:00+00:00,2025-06-29T13:35:00+00:00,completed,2025-06-29T17:00:00+00:00,LINE-05:2025-06-29:line_rebalancing,test,synthetic
ACT-000273,FAC-001,LINE-06,ORD-06-001,NOTE-000766,2025-01-04,method,line_rebalancing,industrial_engineering,approved,True,2025-01-04T13:10:00+00:00,2025-01-04T13:35:00+00:00,completed,2025-01-04T17:00:00+00:00,LINE-06:2025-01-04:line_rebalancing,train,synthetic
ACT-000274,FAC-001,LINE-06,ORD-06-001,NOTE-000767,2025-01-05,manpower,operator_reallocation,production,approved,True,2025-01-05T13:10:00+00:00,2025-01-05T13:35:00+00:00,completed,2025-01-05T17:00:00+00:00,LINE-06:2025-01-05:operator_reallocation,train,synthetic
ACT-000275,FAC-001,LINE-06,ORD-06-001,NOTE-000768,2025-01-06,manpower,operator_reallocation,production,edited,True,2025-01-06T13:10:00+00:00,2025-01-06T13:35:00+00:00,in_progress,2025-01-06T17:00:00+00:00,LINE-06:2025-01-06:operator_reallocation,train,synthetic
ACT-000276,FAC-001,LINE-06,ORD-06-001,NOTE-000769,2025-01-07,planning,plan_review,planning,approved,True,2025-01-07T13:10:00+00:00,2025-01-07T13:35:00+00:00,completed,2025-01-07T17:00:00+00:00,LINE-06:2025-01-07:plan_review,train,synthetic
ACT-000277,FAC-001,LINE-06,ORD-06-002,NOTE-000774,2025-01-13,manpower,operator_reallocation,production,approved,True,2025-01-13T13:10:00+00:00,2025-01-13T13:35:00+00:00,completed,2025-01-13T17:00:00+00:00,LINE-06:2025-01-13:operator_reallocation,train,synthetic
ACT-000278,FAC-001,LINE-06,ORD-06-002,NOTE-000776,2025-01-15,machine,machine_inspection,maintenance,rejected,True,2025-01-15T13:10:00+00:00,,not_executed,2025-01-15T17:00:00+00:00,LINE-06:2025-01-15:machine_inspection,train,synthetic
ACT-000279,FAC-001,LINE-06,ORD-06-003,NOTE-000783,2025-01-23,method,line_rebalancing,industrial_engineering,approved,True,2025-01-23T13:10:00+00:00,2025-01-23T13:35:00+00:00,in_progress,2025-01-23T17:00:00+00:00,LINE-06:2025-01-23:line_rebalancing,train,synthetic
ACT-000280,FAC-001,LINE-06,ORD-06-003,NOTE-000786,2025-01-27,machine,machine_inspection,maintenance,approved,True,2025-01-27T13:10:00+00:00,2025-01-27T13:35:00+00:00,in_progress,2025-01-27T17:00:00+00:00,LINE-06:2025-01-27:machine_inspection,train,synthetic
ACT-000281,FAC-001,LINE-06,ORD-06-004,NOTE-000789,2025-01-30,machine,machine_inspection,maintenance,approved,True,2025-01-30T13:10:00+00:00,2025-01-30T13:35:00+00:00,completed,2025-01-30T17:00:00+00:00,LINE-06:2025-01-30:machine_inspection,train,synthetic
ACT-000282,FAC-001,LINE-06,ORD-06-004,NOTE-000790,2025-02-01,quality,quality_containment,quality,approved,True,2025-02-01T13:10:00+00:00,2025-02-01T13:35:00+00:00,completed,2025-02-01T17:00:00+00:00,LINE-06:2025-02-01:quality_containment,train,synthetic
ACT-000283,FAC-001,LINE-06,ORD-06-004,NOTE-000791,2025-02-02,quality,quality_containment,quality,approved,True,2025-02-02T13:10:00+00:00,2025-02-02T13:35:00+00:00,completed,2025-02-02T17:00:00+00:00,LINE-06:2025-02-02:quality_containment,train,synthetic
ACT-000284,FAC-001,LINE-06,ORD-06-004,NOTE-000793,2025-02-04,manpower,operator_reallocation,production,approved,True,2025-02-04T13:10:00+00:00,2025-02-04T13:35:00+00:00,completed,2025-02-04T17:00:00+00:00,LINE-06:2025-02-04:operator_reallocation,train,synthetic
ACT-000285,FAC-001,LINE-06,ORD-06-005,NOTE-000795,2025-02-06,method,line_rebalancing,industrial_engineering,edited,True,2025-02-06T13:10:00+00:00,2025-02-06T13:35:00+00:00,completed,2025-02-06T17:00:00+00:00,LINE-06:2025-02-06:line_rebalancing,train,synthetic
ACT-000286,FAC-001,LINE-06,ORD-06-005,NOTE-000796,2025-02-08,material,material_escalation,store_and_planning,approved,True,2025-02-08T13:10:00+00:00,2025-02-08T13:35:00+00:00,completed,2025-02-08T17:00:00+00:00,LINE-06:2025-02-08:material_escalation,train,synthetic
ACT-000287,FAC-001,LINE-06,ORD-06-005,NOTE-000802,2025-02-15,machine,machine_inspection,maintenance,edited,True,2025-02-15T13:10:00+00:00,2025-02-15T13:35:00+00:00,completed,2025-02-15T17:00:00+00:00,LINE-06:2025-02-15:machine_inspection,train,synthetic
ACT-000288,FAC-001,LINE-06,ORD-06-005,NOTE-000804,2025-02-17,material,material_escalation,store_and_planning,edited,True,2025-02-17T13:10:00+00:00,2025-02-17T13:35:00+00:00,completed,2025-02-17T17:00:00+00:00,LINE-06:2025-02-17:material_escalation,train,synthetic
ACT-000289,FAC-001,LINE-06,ORD-06-006,NOTE-000806,2025-02-19,method,line_rebalancing,industrial_engineering,edited,True,2025-02-19T13:10:00+00:00,2025-02-19T13:35:00+00:00,completed,2025-02-19T17:00:00+00:00,LINE-06:2025-02-19:line_rebalancing,train,synthetic
ACT-000290,FAC-001,LINE-06,ORD-06-006,NOTE-000809,2025-02-23,machine,machine_inspection,maintenance,edited,True,2025-02-23T13:10:00+00:00,2025-02-23T13:35:00+00:00,completed,2025-02-23T17:00:00+00:00,LINE-06:2025-02-23:machine_inspection,train,synthetic
ACT-000291,FAC-001,LINE-06,ORD-06-006,NOTE-000812,2025-02-26,quality,quality_containment,quality,rejected,True,2025-02-26T13:10:00+00:00,,not_executed,2025-02-26T17:00:00+00:00,LINE-06:2025-02-26:quality_containment,train,synthetic
ACT-000292,FAC-001,LINE-06,ORD-06-006,NOTE-000813,2025-02-27,quality,quality_containment,quality,edited,True,2025-02-27T13:10:00+00:00,2025-02-27T13:35:00+00:00,completed,2025-02-27T17:00:00+00:00,LINE-06:2025-02-27:quality_containment,train,synthetic
ACT-000293,FAC-001,LINE-06,ORD-06-006,NOTE-000814,2025-03-01,quality,quality_containment,quality,edited,True,2025-03-01T13:10:00+00:00,2025-03-01T13:35:00+00:00,in_progress,2025-03-01T17:00:00+00:00,LINE-06:2025-03-01:quality_containment,train,synthetic
ACT-000294,FAC-001,LINE-06,ORD-06-007,NOTE-000816,2025-03-03,material,material_escalation,store_and_planning,approved,True,2025-03-03T13:10:00+00:00,2025-03-03T13:35:00+00:00,completed,2025-03-03T17:00:00+00:00,LINE-06:2025-03-03:material_escalation,train,synthetic
ACT-000295,FAC-001,LINE-06,ORD-06-007,NOTE-000817,2025-03-04,quality,quality_containment,quality,edited,True,2025-03-04T13:10:00+00:00,2025-03-04T13:35:00+00:00,completed,2025-03-04T17:00:00+00:00,LINE-06:2025-03-04:quality_containment,train,synthetic
ACT-000296,FAC-001,LINE-06,ORD-06-008,NOTE-000821,2025-03-09,method,line_rebalancing,industrial_engineering,approved,True,2025-03-09T13:10:00+00:00,2025-03-09T13:35:00+00:00,completed,2025-03-09T17:00:00+00:00,LINE-06:2025-03-09:line_rebalancing,train,synthetic
ACT-000297,FAC-001,LINE-06,ORD-06-008,NOTE-000826,2025-03-15,quality,quality_containment,quality,approved,True,2025-03-15T13:10:00+00:00,2025-03-15T13:35:00+00:00,completed,2025-03-15T17:00:00+00:00,LINE-06:2025-03-15:quality_containment,train,synthetic
ACT-000298,FAC-001,LINE-06,ORD-06-009,NOTE-000829,2025-03-18,manpower,operator_reallocation,production,approved,True,2025-03-18T13:10:00+00:00,2025-03-18T13:35:00+00:00,completed,2025-03-18T17:00:00+00:00,LINE-06:2025-03-18:operator_reallocation,train,synthetic
ACT-000299,FAC-001,LINE-06,ORD-06-009,NOTE-000830,2025-03-19,quality,quality_containment,quality,approved,True,2025-03-19T13:10:00+00:00,2025-03-19T13:35:00+00:00,completed,2025-03-19T17:00:00+00:00,LINE-06:2025-03-19:quality_containment,train,synthetic
ACT-000300,FAC-001,LINE-06,ORD-06-009,NOTE-000832,2025-03-22,quality,quality_containment,quality,rejected,True,2025-03-22T13:10:00+00:00,,not_executed,2025-03-22T17:00:00+00:00,LINE-06:2025-03-22:quality_containment,train,synthetic
ACT-000301,FAC-001,LINE-06,ORD-06-010,NOTE-000835,2025-03-25,planning,plan_review,planning,approved,True,2025-03-25T13:10:00+00:00,2025-03-25T13:35:00+00:00,completed,2025-03-25T17:00:00+00:00,LINE-06:2025-03-25:plan_review,train,synthetic
ACT-000302,FAC-001,LINE-06,ORD-06-010,NOTE-000839,2025-03-30,material,material_escalation,store_and_planning,approved,True,2025-03-30T13:10:00+00:00,2025-03-30T13:35:00+00:00,completed,2025-03-30T17:00:00+00:00,LINE-06:2025-03-30:material_escalation,train,synthetic
ACT-000303,FAC-001,LINE-06,ORD-06-010,NOTE-000841,2025-04-01,manpower,operator_reallocation,production,approved,True,2025-04-01T13:10:00+00:00,2025-04-01T13:35:00+00:00,completed,2025-04-01T17:00:00+00:00,LINE-06:2025-04-01:operator_reallocation,train,synthetic
ACT-000304,FAC-001,LINE-06,ORD-06-011,NOTE-000844,2025-04-05,method,line_rebalancing,industrial_engineering,approved,True,2025-04-05T13:10:00+00:00,2025-04-05T13:35:00+00:00,in_progress,2025-04-05T17:00:00+00:00,LINE-06:2025-04-05:line_rebalancing,train,synthetic
ACT-000305,FAC-001,LINE-06,ORD-06-011,NOTE-000846,2025-04-07,quality,quality_containment,quality,approved,True,2025-04-07T13:10:00+00:00,2025-04-07T13:35:00+00:00,in_progress,2025-04-07T17:00:00+00:00,LINE-06:2025-04-07:quality_containment,train,synthetic
ACT-000306,FAC-001,LINE-06,ORD-06-011,NOTE-000847,2025-04-08,quality,quality_containment,quality,edited,True,2025-04-08T13:10:00+00:00,2025-04-08T13:35:00+00:00,in_progress,2025-04-08T17:00:00+00:00,LINE-06:2025-04-08:quality_containment,train,synthetic
ACT-000307,FAC-001,LINE-06,ORD-06-011,NOTE-000851,2025-04-13,material,material_escalation,store_and_planning,approved,True,2025-04-13T13:10:00+00:00,2025-04-13T13:35:00+00:00,completed,2025-04-13T17:00:00+00:00,LINE-06:2025-04-13:material_escalation,train,synthetic
ACT-000308,FAC-001,LINE-06,ORD-06-012,NOTE-000855,2025-04-17,planning,plan_review,planning,rejected,True,2025-04-17T13:10:00+00:00,,not_executed,2025-04-17T17:00:00+00:00,LINE-06:2025-04-17:plan_review,train,synthetic
ACT-000309,FAC-001,LINE-06,ORD-06-012,NOTE-000856,2025-04-19,quality,quality_containment,quality,edited,True,2025-04-19T13:10:00+00:00,2025-04-19T13:35:00+00:00,completed,2025-04-19T17:00:00+00:00,LINE-06:2025-04-19:quality_containment,train,synthetic
ACT-000310,FAC-001,LINE-06,ORD-06-012,NOTE-000857,2025-04-20,machine,machine_inspection,maintenance,approved,True,2025-04-20T13:10:00+00:00,2025-04-20T13:35:00+00:00,completed,2025-04-20T17:00:00+00:00,LINE-06:2025-04-20:machine_inspection,train,synthetic
ACT-000311,FAC-001,LINE-06,ORD-06-013,NOTE-000865,2025-04-29,quality,quality_containment,quality,approved,True,2025-04-29T13:10:00+00:00,2025-04-29T13:35:00+00:00,in_progress,2025-04-29T17:00:00+00:00,LINE-06:2025-04-29:quality_containment,train,synthetic
ACT-000312,FAC-001,LINE-06,ORD-06-013,NOTE-000869,2025-05-04,machine,machine_inspection,maintenance,approved,True,2025-05-04T13:10:00+00:00,2025-05-04T13:35:00+00:00,completed,2025-05-04T17:00:00+00:00,LINE-06:2025-05-04:machine_inspection,validation,synthetic
ACT-000313,FAC-001,LINE-06,ORD-06-014,NOTE-000871,2025-05-06,method,line_rebalancing,industrial_engineering,approved,True,2025-05-06T13:10:00+00:00,2025-05-06T13:35:00+00:00,completed,2025-05-06T17:00:00+00:00,LINE-06:2025-05-06:line_rebalancing,validation,synthetic
ACT-000314,FAC-001,LINE-06,ORD-06-014,NOTE-000876,2025-05-12,quality,quality_containment,quality,approved,True,2025-05-12T13:10:00+00:00,2025-05-12T13:35:00+00:00,completed,2025-05-12T17:00:00+00:00,LINE-06:2025-05-12:quality_containment,validation,synthetic
ACT-000315,FAC-001,LINE-06,ORD-06-015,NOTE-000880,2025-05-17,method,line_rebalancing,industrial_engineering,approved,True,2025-05-17T13:10:00+00:00,2025-05-17T13:35:00+00:00,completed,2025-05-17T17:00:00+00:00,LINE-06:2025-05-17:line_rebalancing,validation,synthetic
ACT-000316,FAC-001,LINE-06,ORD-06-015,NOTE-000886,2025-05-24,machine,machine_inspection,maintenance,approved,True,2025-05-24T13:10:00+00:00,2025-05-24T13:35:00+00:00,completed,2025-05-24T17:00:00+00:00,LINE-06:2025-05-24:machine_inspection,validation,synthetic
ACT-000317,FAC-001,LINE-06,ORD-06-015,NOTE-000887,2025-05-25,machine,machine_inspection,maintenance,edited,True,2025-05-25T13:10:00+00:00,2025-05-25T13:35:00+00:00,in_progress,2025-05-25T17:00:00+00:00,LINE-06:2025-05-25:machine_inspection,validation,synthetic
ACT-000318,FAC-001,LINE-06,ORD-06-016,NOTE-000889,2025-05-27,method,line_rebalancing,industrial_engineering,approved,True,2025-05-27T13:10:00+00:00,2025-05-27T13:35:00+00:00,completed,2025-05-27T17:00:00+00:00,LINE-06:2025-05-27:line_rebalancing,validation,synthetic
ACT-000319,FAC-001,LINE-06,ORD-06-016,NOTE-000892,2025-05-31,material,material_escalation,store_and_planning,rejected,True,2025-05-31T13:10:00+00:00,,not_executed,2025-05-31T17:00:00+00:00,LINE-06:2025-05-31:material_escalation,validation,synthetic
ACT-000320,FAC-001,LINE-06,ORD-06-016,NOTE-000894,2025-06-02,quality,quality_containment,quality,approved,True,2025-06-02T13:10:00+00:00,2025-06-02T13:35:00+00:00,in_progress,2025-06-02T17:00:00+00:00,LINE-06:2025-06-02:quality_containment,test,synthetic
ACT-000321,FAC-001,LINE-06,ORD-06-016,NOTE-000895,2025-06-03,quality,quality_containment,quality,approved,True,2025-06-03T13:10:00+00:00,2025-06-03T13:35:00+00:00,completed,2025-06-03T17:00:00+00:00,LINE-06:2025-06-03:quality_containment,test,synthetic
ACT-000322,FAC-001,LINE-06,ORD-06-016,NOTE-000898,2025-06-07,manpower,operator_reallocation,production,approved,True,2025-06-07T13:10:00+00:00,2025-06-07T13:35:00+00:00,completed,2025-06-07T17:00:00+00:00,LINE-06:2025-06-07:operator_reallocation,test,synthetic
ACT-000323,FAC-001,LINE-06,ORD-06-017,NOTE-000900,2025-06-09,planning,plan_review,planning,approved,True,2025-06-09T13:10:00+00:00,2025-06-09T13:35:00+00:00,in_progress,2025-06-09T17:00:00+00:00,LINE-06:2025-06-09:plan_review,test,synthetic
ACT-000324,FAC-001,LINE-06,ORD-06-017,NOTE-000903,2025-06-12,manpower,operator_reallocation,production,approved,True,2025-06-12T13:10:00+00:00,2025-06-12T13:35:00+00:00,completed,2025-06-12T17:00:00+00:00,LINE-06:2025-06-12:operator_reallocation,test,synthetic
ACT-000325,FAC-001,LINE-06,ORD-06-018,NOTE-000907,2025-06-17,machine,machine_inspection,maintenance,approved,True,2025-06-17T13:10:00+00:00,2025-06-17T13:35:00+00:00,completed,2025-06-17T17:00:00+00:00,LINE-06:2025-06-17:machine_inspection,test,synthetic
ACT-000326,FAC-001,LINE-06,ORD-06-019,NOTE-000914,2025-06-25,planning,plan_review,planning,approved,True,2025-06-25T13:10:00+00:00,2025-06-25T13:35:00+00:00,completed,2025-06-25T17:00:00+00:00,LINE-06:2025-06-25:plan_review,test,synthetic
ACT-000327,FAC-001,LINE-06,ORD-06-019,NOTE-000915,2025-06-26,quality,quality_containment,quality,approved,True,2025-06-26T13:10:00+00:00,2025-06-26T13:35:00+00:00,completed,2025-06-26T17:00:00+00:00,LINE-06:2025-06-26:quality_containment,test,synthetic
ACT-000328,FAC-001,LINE-07,ORD-07-001,NOTE-000919,2025-01-04,method,line_rebalancing,industrial_engineering,approved,True,2025-01-04T13:10:00+00:00,2025-01-04T13:35:00+00:00,completed,2025-01-04T17:00:00+00:00,LINE-07:2025-01-04:line_rebalancing,train,synthetic
ACT-000329,FAC-001,LINE-07,ORD-07-001,NOTE-000920,2025-01-05,manpower,operator_reallocation,production,approved,True,2025-01-05T13:10:00+00:00,2025-01-05T13:35:00+00:00,completed,2025-01-05T17:00:00+00:00,LINE-07:2025-01-05:operator_reallocation,train,synthetic
ACT-000330,FAC-001,LINE-07,ORD-07-001,NOTE-000924,2025-01-09,quality,quality_containment,quality,approved,True,2025-01-09T13:10:00+00:00,2025-01-09T13:35:00+00:00,in_progress,2025-01-09T17:00:00+00:00,LINE-07:2025-01-09:quality_containment,train,synthetic
ACT-000331,FAC-001,LINE-07,ORD-07-002,NOTE-000930,2025-01-16,manpower,operator_reallocation,production,approved,True,2025-01-16T13:10:00+00:00,2025-01-16T13:35:00+00:00,in_progress,2025-01-16T17:00:00+00:00,LINE-07:2025-01-16:operator_reallocation,train,synthetic
ACT-000332,FAC-001,LINE-07,ORD-07-002,NOTE-000938,2025-01-26,machine,machine_inspection,maintenance,approved,True,2025-01-26T13:10:00+00:00,2025-01-26T13:35:00+00:00,in_progress,2025-01-26T17:00:00+00:00,LINE-07:2025-01-26:machine_inspection,train,synthetic
ACT-000333,FAC-001,LINE-07,ORD-07-002,NOTE-000939,2025-01-27,manpower,operator_reallocation,production,edited,True,2025-01-27T13:10:00+00:00,2025-01-27T13:35:00+00:00,in_progress,2025-01-27T17:00:00+00:00,LINE-07:2025-01-27:operator_reallocation,train,synthetic
ACT-000334,FAC-001,LINE-07,ORD-07-002,NOTE-000940,2025-01-28,quality,quality_containment,quality,edited,True,2025-01-28T13:10:00+00:00,2025-01-28T13:35:00+00:00,completed,2025-01-28T17:00:00+00:00,LINE-07:2025-01-28:quality_containment,train,synthetic
ACT-000335,FAC-001,LINE-07,ORD-07-003,NOTE-000942,2025-01-30,method,line_rebalancing,industrial_engineering,approved,True,2025-01-30T13:10:00+00:00,2025-01-30T13:35:00+00:00,in_progress,2025-01-30T17:00:00+00:00,LINE-07:2025-01-30:line_rebalancing,train,synthetic
ACT-000336,FAC-001,LINE-07,ORD-07-003,NOTE-000946,2025-02-04,machine,machine_inspection,maintenance,approved,True,2025-02-04T13:10:00+00:00,2025-02-04T13:35:00+00:00,completed,2025-02-04T17:00:00+00:00,LINE-07:2025-02-04:machine_inspection,train,synthetic
ACT-000337,FAC-001,LINE-07,ORD-07-003,NOTE-000949,2025-02-08,quality,quality_containment,quality,edited,True,2025-02-08T13:10:00+00:00,2025-02-08T13:35:00+00:00,completed,2025-02-08T17:00:00+00:00,LINE-07:2025-02-08:quality_containment,train,synthetic
ACT-000338,FAC-001,LINE-07,ORD-07-003,NOTE-000950,2025-02-09,quality,quality_containment,quality,approved,True,2025-02-09T13:10:00+00:00,2025-02-09T13:35:00+00:00,completed,2025-02-09T17:00:00+00:00,LINE-07:2025-02-09:quality_containment,train,synthetic
ACT-000339,FAC-001,LINE-07,ORD-07-003,NOTE-000951,2025-02-10,machine,machine_inspection,maintenance,approved,True,2025-02-10T13:10:00+00:00,2025-02-10T13:35:00+00:00,in_progress,2025-02-10T17:00:00+00:00,LINE-07:2025-02-10:machine_inspection,train,synthetic
ACT-000340,FAC-001,LINE-07,ORD-07-004,NOTE-000953,2025-02-12,planning,plan_review,planning,approved,True,2025-02-12T13:10:00+00:00,2025-02-12T13:35:00+00:00,in_progress,2025-02-12T17:00:00+00:00,LINE-07:2025-02-12:plan_review,train,synthetic
ACT-000341,FAC-001,LINE-07,ORD-07-004,NOTE-000957,2025-02-17,machine,machine_inspection,maintenance,approved,True,2025-02-17T13:10:00+00:00,2025-02-17T13:35:00+00:00,completed,2025-02-17T17:00:00+00:00,LINE-07:2025-02-17:machine_inspection,train,synthetic
ACT-000342,FAC-001,LINE-07,ORD-07-004,NOTE-000959,2025-02-19,quality,quality_containment,quality,approved,True,2025-02-19T13:10:00+00:00,2025-02-19T13:35:00+00:00,completed,2025-02-19T17:00:00+00:00,LINE-07:2025-02-19:quality_containment,train,synthetic
ACT-000343,FAC-001,LINE-07,ORD-07-004,NOTE-000962,2025-02-23,manpower,operator_reallocation,production,approved,True,2025-02-23T13:10:00+00:00,2025-02-23T13:35:00+00:00,completed,2025-02-23T17:00:00+00:00,LINE-07:2025-02-23:operator_reallocation,train,synthetic
ACT-000344,FAC-001,LINE-07,ORD-07-005,NOTE-000964,2025-02-25,material,material_escalation,store_and_planning,rejected,True,2025-02-25T13:10:00+00:00,,not_executed,2025-02-25T17:00:00+00:00,LINE-07:2025-02-25:material_escalation,train,synthetic
ACT-000345,FAC-001,LINE-07,ORD-07-005,NOTE-000965,2025-02-26,quality,quality_containment,quality,approved,True,2025-02-26T13:10:00+00:00,2025-02-26T13:35:00+00:00,completed,2025-02-26T17:00:00+00:00,LINE-07:2025-02-26:quality_containment,train,synthetic
ACT-000346,FAC-001,LINE-07,ORD-07-005,NOTE-000971,2025-03-05,quality,quality_containment,quality,approved,True,2025-03-05T13:10:00+00:00,2025-03-05T13:35:00+00:00,completed,2025-03-05T17:00:00+00:00,LINE-07:2025-03-05:quality_containment,train,synthetic
ACT-000347,FAC-001,LINE-07,ORD-07-006,NOTE-000973,2025-03-08,machine,machine_inspection,maintenance,approved,True,2025-03-08T13:10:00+00:00,2025-03-08T13:35:00+00:00,completed,2025-03-08T17:00:00+00:00,LINE-07:2025-03-08:machine_inspection,train,synthetic
ACT-000348,FAC-001,LINE-07,ORD-07-006,NOTE-000975,2025-03-10,manpower,operator_reallocation,production,edited,True,2025-03-10T13:10:00+00:00,2025-03-10T13:35:00+00:00,completed,2025-03-10T17:00:00+00:00,LINE-07:2025-03-10:operator_reallocation,train,synthetic
ACT-000349,FAC-001,LINE-07,ORD-07-006,NOTE-000980,2025-03-16,quality,quality_containment,quality,approved,True,2025-03-16T13:10:00+00:00,2025-03-16T13:35:00+00:00,completed,2025-03-16T17:00:00+00:00,LINE-07:2025-03-16:quality_containment,train,synthetic
ACT-000350,FAC-001,LINE-07,ORD-07-007,NOTE-000982,2025-03-18,method,line_rebalancing,industrial_engineering,rejected,True,2025-03-18T13:10:00+00:00,,not_executed,2025-03-18T17:00:00+00:00,LINE-07:2025-03-18:line_rebalancing,train,synthetic
ACT-000351,FAC-001,LINE-07,ORD-07-007,NOTE-000983,2025-03-19,quality,quality_containment,quality,approved,True,2025-03-19T13:10:00+00:00,2025-03-19T13:35:00+00:00,completed,2025-03-19T17:00:00+00:00,LINE-07:2025-03-19:quality_containment,train,synthetic
ACT-000352,FAC-001,LINE-07,ORD-07-008,NOTE-000989,2025-03-26,method,line_rebalancing,industrial_engineering,approved,True,2025-03-26T13:10:00+00:00,2025-03-26T13:35:00+00:00,completed,2025-03-26T17:00:00+00:00,LINE-07:2025-03-26:line_rebalancing,train,synthetic
ACT-000353,FAC-001,LINE-07,ORD-07-008,NOTE-000990,2025-03-27,quality,quality_containment,quality,approved,True,2025-03-27T13:10:00+00:00,2025-03-27T13:35:00+00:00,completed,2025-03-27T17:00:00+00:00,LINE-07:2025-03-27:quality_containment,train,synthetic
ACT-000354,FAC-001,LINE-07,ORD-07-008,NOTE-000991,2025-03-29,quality,quality_containment,quality,rejected,True,2025-03-29T13:10:00+00:00,,not_executed,2025-03-29T17:00:00+00:00,LINE-07:2025-03-29:quality_containment,train,synthetic
ACT-000355,FAC-001,LINE-07,ORD-07-008,NOTE-000992,2025-03-30,quality,quality_containment,quality,approved,True,2025-03-30T13:10:00+00:00,2025-03-30T13:35:00+00:00,completed,2025-03-30T17:00:00+00:00,LINE-07:2025-03-30:quality_containment,train,synthetic
ACT-000356,FAC-001,LINE-07,ORD-07-008,NOTE-000994,2025-04-01,quality,quality_containment,quality,approved,True,2025-04-01T13:10:00+00:00,2025-04-01T13:35:00+00:00,completed,2025-04-01T17:00:00+00:00,LINE-07:2025-04-01:quality_containment,train,synthetic
ACT-000357,FAC-001,LINE-07,ORD-07-008,NOTE-000995,2025-04-02,quality,quality_containment,quality,approved,True,2025-04-02T13:10:00+00:00,2025-04-02T13:35:00+00:00,completed,2025-04-02T17:00:00+00:00,LINE-07:2025-04-02:quality_containment,train,synthetic
ACT-000358,FAC-001,LINE-07,ORD-07-008,NOTE-000996,2025-04-03,manpower,operator_reallocation,production,approved,True,2025-04-03T13:10:00+00:00,2025-04-03T13:35:00+00:00,completed,2025-04-03T17:00:00+00:00,LINE-07:2025-04-03:operator_reallocation,train,synthetic
ACT-000359,FAC-001,LINE-07,ORD-07-008,NOTE-000997,2025-04-05,quality,quality_containment,quality,approved,True,2025-04-05T13:10:00+00:00,2025-04-05T13:35:00+00:00,completed,2025-04-05T17:00:00+00:00,LINE-07:2025-04-05:quality_containment,train,synthetic
ACT-000360,FAC-001,LINE-07,ORD-07-009,NOTE-000999,2025-04-07,method,line_rebalancing,industrial_engineering,approved,True,2025-04-07T13:10:00+00:00,2025-04-07T13:35:00+00:00,completed,2025-04-07T17:00:00+00:00,LINE-07:2025-04-07:line_rebalancing,train,synthetic
ACT-000361,FAC-001,LINE-07,ORD-07-009,NOTE-001000,2025-04-08,material,material_escalation,store_and_planning,edited,True,2025-04-08T13:10:00+00:00,2025-04-08T13:35:00+00:00,completed,2025-04-08T17:00:00+00:00,LINE-07:2025-04-08:material_escalation,train,synthetic
ACT-000362,FAC-001,LINE-07,ORD-07-009,NOTE-001006,2025-04-15,manpower,operator_reallocation,production,approved,True,2025-04-15T13:10:00+00:00,2025-04-15T13:35:00+00:00,completed,2025-04-15T17:00:00+00:00,LINE-07:2025-04-15:operator_reallocation,train,synthetic
ACT-000363,FAC-001,LINE-07,ORD-07-009,NOTE-001008,2025-04-17,quality,quality_containment,quality,edited,True,2025-04-17T13:10:00+00:00,2025-04-17T13:35:00+00:00,in_progress,2025-04-17T17:00:00+00:00,LINE-07:2025-04-17:quality_containment,train,synthetic
ACT-000364,FAC-001,LINE-07,ORD-07-010,NOTE-001010,2025-04-20,quality,quality_containment,quality,approved,True,2025-04-20T13:10:00+00:00,2025-04-20T13:35:00+00:00,in_progress,2025-04-20T17:00:00+00:00,LINE-07:2025-04-20:quality_containment,train,synthetic
ACT-000365,FAC-001,LINE-07,ORD-07-010,NOTE-001011,2025-04-21,quality,quality_containment,quality,edited,True,2025-04-21T13:10:00+00:00,2025-04-21T13:35:00+00:00,completed,2025-04-21T17:00:00+00:00,LINE-07:2025-04-21:quality_containment,train,synthetic
ACT-000366,FAC-001,LINE-07,ORD-07-011,NOTE-001017,2025-04-28,method,line_rebalancing,industrial_engineering,rejected,True,2025-04-28T13:10:00+00:00,,not_executed,2025-04-28T17:00:00+00:00,LINE-07:2025-04-28:line_rebalancing,train,synthetic
ACT-000367,FAC-001,LINE-07,ORD-07-011,NOTE-001020,2025-05-01,manpower,operator_reallocation,production,approved,True,2025-05-01T13:10:00+00:00,2025-05-01T13:35:00+00:00,completed,2025-05-01T17:00:00+00:00,LINE-07:2025-05-01:operator_reallocation,validation,synthetic
ACT-000368,FAC-001,LINE-07,ORD-07-012,NOTE-001025,2025-05-07,planning,plan_review,planning,edited,True,2025-05-07T13:10:00+00:00,2025-05-07T13:35:00+00:00,completed,2025-05-07T17:00:00+00:00,LINE-07:2025-05-07:plan_review,validation,synthetic
ACT-000369,FAC-001,LINE-07,ORD-07-012,NOTE-001026,2025-05-08,manpower,operator_reallocation,production,approved,True,2025-05-08T13:10:00+00:00,2025-05-08T13:35:00+00:00,completed,2025-05-08T17:00:00+00:00,LINE-07:2025-05-08:operator_reallocation,validation,synthetic
ACT-000370,FAC-001,LINE-07,ORD-07-012,NOTE-001028,2025-05-11,machine,machine_inspection,maintenance,approved,True,2025-05-11T13:10:00+00:00,2025-05-11T13:35:00+00:00,completed,2025-05-11T17:00:00+00:00,LINE-07:2025-05-11:machine_inspection,validation,synthetic
ACT-000371,FAC-001,LINE-07,ORD-07-012,NOTE-001029,2025-05-12,quality,quality_containment,quality,edited,True,2025-05-12T13:10:00+00:00,2025-05-12T13:35:00+00:00,completed,2025-05-12T17:00:00+00:00,LINE-07:2025-05-12:quality_containment,validation,synthetic
ACT-000372,FAC-001,LINE-07,ORD-07-012,NOTE-001032,2025-05-15,machine,machine_inspection,maintenance,approved,True,2025-05-15T13:10:00+00:00,2025-05-15T13:35:00+00:00,in_progress,2025-05-15T17:00:00+00:00,LINE-07:2025-05-15:machine_inspection,validation,synthetic
ACT-000373,FAC-001,LINE-07,ORD-07-013,NOTE-001035,2025-05-19,planning,plan_review,planning,approved,True,2025-05-19T13:10:00+00:00,2025-05-19T13:35:00+00:00,completed,2025-05-19T17:00:00+00:00,LINE-07:2025-05-19:plan_review,validation,synthetic
ACT-000374,FAC-001,LINE-07,ORD-07-014,NOTE-001045,2025-05-31,method,line_rebalancing,industrial_engineering,approved,True,2025-05-31T13:10:00+00:00,2025-05-31T13:35:00+00:00,completed,2025-05-31T17:00:00+00:00,LINE-07:2025-05-31:line_rebalancing,validation,synthetic
ACT-000375,FAC-001,LINE-07,ORD-07-014,NOTE-001047,2025-06-02,quality,quality_containment,quality,approved,True,2025-06-02T13:10:00+00:00,2025-06-02T13:35:00+00:00,completed,2025-06-02T17:00:00+00:00,LINE-07:2025-06-02:quality_containment,test,synthetic
ACT-000376,FAC-001,LINE-07,ORD-07-014,NOTE-001048,2025-06-03,quality,quality_containment,quality,approved,True,2025-06-03T13:10:00+00:00,2025-06-03T13:35:00+00:00,completed,2025-06-03T17:00:00+00:00,LINE-07:2025-06-03:quality_containment,test,synthetic
ACT-000377,FAC-001,LINE-07,ORD-07-015,NOTE-001050,2025-06-05,quality,quality_containment,quality,approved,True,2025-06-05T13:10:00+00:00,2025-06-05T13:35:00+00:00,completed,2025-06-05T17:00:00+00:00,LINE-07:2025-06-05:quality_containment,test,synthetic
ACT-000378,FAC-001,LINE-07,ORD-07-015,NOTE-001056,2025-06-12,manpower,operator_reallocation,production,approved,True,2025-06-12T13:10:00+00:00,2025-06-12T13:35:00+00:00,completed,2025-06-12T17:00:00+00:00,LINE-07:2025-06-12:operator_reallocation,test,synthetic
ACT-000379,FAC-001,LINE-07,ORD-07-016,NOTE-001058,2025-06-15,planning,plan_review,planning,approved,True,2025-06-15T13:10:00+00:00,2025-06-15T13:35:00+00:00,completed,2025-06-15T17:00:00+00:00,LINE-07:2025-06-15:plan_review,test,synthetic
ACT-000380,FAC-001,LINE-07,ORD-07-016,NOTE-001060,2025-06-17,machine,machine_inspection,maintenance,edited,True,2025-06-17T13:10:00+00:00,2025-06-17T13:35:00+00:00,completed,2025-06-17T17:00:00+00:00,LINE-07:2025-06-17:machine_inspection,test,synthetic
ACT-000381,FAC-001,LINE-07,ORD-07-016,NOTE-001064,2025-06-22,machine,machine_inspection,maintenance,approved,True,2025-06-22T13:10:00+00:00,2025-06-22T13:35:00+00:00,completed,2025-06-22T17:00:00+00:00,LINE-07:2025-06-22:machine_inspection,test,synthetic
ACT-000382,FAC-001,LINE-07,ORD-07-017,NOTE-001068,2025-06-26,planning,plan_review,planning,approved,True,2025-06-26T13:10:00+00:00,2025-06-26T13:35:00+00:00,completed,2025-06-26T17:00:00+00:00,LINE-07:2025-06-26:plan_review,test,synthetic
ACT-000383,FAC-001,LINE-07,ORD-07-017,NOTE-001069,2025-06-28,quality,quality_containment,quality,approved,True,2025-06-28T13:10:00+00:00,2025-06-28T13:35:00+00:00,completed,2025-06-28T17:00:00+00:00,LINE-07:2025-06-28:quality_containment,test,synthetic
ACT-000384,FAC-001,LINE-07,ORD-07-017,NOTE-001070,2025-06-29,quality,quality_containment,quality,approved,True,2025-06-29T13:10:00+00:00,2025-06-29T13:35:00+00:00,completed,2025-06-29T17:00:00+00:00,LINE-07:2025-06-29:quality_containment,test,synthetic
ACT-000385,FAC-001,LINE-08,ORD-08-001,NOTE-001072,2025-01-04,method,line_rebalancing,industrial_engineering,approved,True,2025-01-04T13:10:00+00:00,2025-01-04T13:35:00+00:00,completed,2025-01-04T17:00:00+00:00,LINE-08:2025-01-04:line_rebalancing,train,synthetic
ACT-000386,FAC-001,LINE-08,ORD-08-002,NOTE-001077,2025-01-09,quality,quality_containment,quality,approved,True,2025-01-09T13:10:00+00:00,2025-01-09T13:35:00+00:00,completed,2025-01-09T17:00:00+00:00,LINE-08:2025-01-09:quality_containment,train,synthetic
ACT-000387,FAC-001,LINE-08,ORD-08-002,NOTE-001079,2025-01-12,material,material_escalation,store_and_planning,rejected,True,2025-01-12T13:10:00+00:00,,not_executed,2025-01-12T17:00:00+00:00,LINE-08:2025-01-12:material_escalation,train,synthetic
ACT-000388,FAC-001,LINE-08,ORD-08-002,NOTE-001083,2025-01-16,machine,machine_inspection,maintenance,approved,True,2025-01-16T13:10:00+00:00,2025-01-16T13:35:00+00:00,completed,2025-01-16T17:00:00+00:00,LINE-08:2025-01-16:machine_inspection,train,synthetic
ACT-000389,FAC-001,LINE-08,ORD-08-003,NOTE-001086,2025-01-20,method,line_rebalancing,industrial_engineering,approved,True,2025-01-20T13:10:00+00:00,2025-01-20T13:35:00+00:00,in_progress,2025-01-20T17:00:00+00:00,LINE-08:2025-01-20:line_rebalancing,train,synthetic
ACT-000390,FAC-001,LINE-08,ORD-08-003,NOTE-001090,2025-01-25,manpower,operator_reallocation,production,rejected,True,2025-01-25T13:10:00+00:00,,not_executed,2025-01-25T17:00:00+00:00,LINE-08:2025-01-25:operator_reallocation,train,synthetic
ACT-000391,FAC-001,LINE-08,ORD-08-003,NOTE-001092,2025-01-27,quality,quality_containment,quality,approved,True,2025-01-27T13:10:00+00:00,2025-01-27T13:35:00+00:00,completed,2025-01-27T17:00:00+00:00,LINE-08:2025-01-27:quality_containment,train,synthetic
ACT-000392,FAC-001,LINE-08,ORD-08-004,NOTE-001094,2025-01-29,method,line_rebalancing,industrial_engineering,approved,True,2025-01-29T13:10:00+00:00,2025-01-29T13:35:00+00:00,completed,2025-01-29T17:00:00+00:00,LINE-08:2025-01-29:line_rebalancing,train,synthetic
ACT-000393,FAC-001,LINE-08,ORD-08-004,NOTE-001096,2025-02-01,material,material_escalation,store_and_planning,approved,True,2025-02-01T13:10:00+00:00,2025-02-01T13:35:00+00:00,completed,2025-02-01T17:00:00+00:00,LINE-08:2025-02-01:material_escalation,train,synthetic
ACT-000394,FAC-001,LINE-08,ORD-08-004,NOTE-001100,2025-02-05,machine,machine_inspection,maintenance,approved,True,2025-02-05T13:10:00+00:00,2025-02-05T13:35:00+00:00,completed,2025-02-05T17:00:00+00:00,LINE-08:2025-02-05:machine_inspection,train,synthetic
ACT-000395,FAC-001,LINE-08,ORD-08-004,NOTE-001101,2025-02-06,manpower,operator_reallocation,production,approved,True,2025-02-06T13:10:00+00:00,2025-02-06T13:35:00+00:00,completed,2025-02-06T17:00:00+00:00,LINE-08:2025-02-06:operator_reallocation,train,synthetic
ACT-000396,FAC-001,LINE-08,ORD-08-005,NOTE-001103,2025-02-09,quality,quality_containment,quality,rejected,True,2025-02-09T13:10:00+00:00,,not_executed,2025-02-09T17:00:00+00:00,LINE-08:2025-02-09:quality_containment,train,synthetic
ACT-000397,FAC-001,LINE-08,ORD-08-005,NOTE-001105,2025-02-11,quality,quality_containment,quality,approved,True,2025-02-11T13:10:00+00:00,2025-02-11T13:35:00+00:00,completed,2025-02-11T17:00:00+00:00,LINE-08:2025-02-11:quality_containment,train,synthetic
ACT-000398,FAC-001,LINE-08,ORD-08-005,NOTE-001106,2025-02-12,machine,machine_inspection,maintenance,rejected,True,2025-02-12T13:10:00+00:00,,not_executed,2025-02-12T17:00:00+00:00,LINE-08:2025-02-12:machine_inspection,train,synthetic
ACT-000399,FAC-001,LINE-08,ORD-08-005,NOTE-001109,2025-02-16,quality,quality_containment,quality,approved,True,2025-02-16T13:10:00+00:00,2025-02-16T13:35:00+00:00,completed,2025-02-16T17:00:00+00:00,LINE-08:2025-02-16:quality_containment,train,synthetic
ACT-000400,FAC-001,LINE-08,ORD-08-005,NOTE-001110,2025-02-17,quality,quality_containment,quality,edited,True,2025-02-17T13:10:00+00:00,2025-02-17T13:35:00+00:00,completed,2025-02-17T17:00:00+00:00,LINE-08:2025-02-17:quality_containment,train,synthetic
ACT-000401,FAC-001,LINE-08,ORD-08-006,NOTE-001112,2025-02-19,planning,plan_review,planning,approved,True,2025-02-19T13:10:00+00:00,2025-02-19T13:35:00+00:00,completed,2025-02-19T17:00:00+00:00,LINE-08:2025-02-19:plan_review,train,synthetic
ACT-000402,FAC-001,LINE-08,ORD-08-006,NOTE-001120,2025-03-01,manpower,operator_reallocation,production,approved,True,2025-03-01T13:10:00+00:00,2025-03-01T13:35:00+00:00,completed,2025-03-01T17:00:00+00:00,LINE-08:2025-03-01:operator_reallocation,train,synthetic
ACT-000403,FAC-001,LINE-08,ORD-08-007,NOTE-001123,2025-03-04,method,line_rebalancing,industrial_engineering,approved,True,2025-03-04T13:10:00+00:00,2025-03-04T13:35:00+00:00,completed,2025-03-04T17:00:00+00:00,LINE-08:2025-03-04:line_rebalancing,train,synthetic
ACT-000404,FAC-001,LINE-08,ORD-08-008,NOTE-001129,2025-03-11,planning,plan_review,planning,edited,True,2025-03-11T13:10:00+00:00,2025-03-11T13:35:00+00:00,completed,2025-03-11T17:00:00+00:00,LINE-08:2025-03-11:plan_review,train,synthetic
ACT-000405,FAC-001,LINE-08,ORD-08-008,NOTE-001133,2025-03-16,machine,machine_inspection,maintenance,approved,True,2025-03-16T13:10:00+00:00,2025-03-16T13:35:00+00:00,completed,2025-03-16T17:00:00+00:00,LINE-08:2025-03-16:machine_inspection,train,synthetic
ACT-000406,FAC-001,LINE-08,ORD-08-008,NOTE-001136,2025-03-19,manpower,operator_reallocation,production,approved,True,2025-03-19T13:10:00+00:00,2025-03-19T13:35:00+00:00,completed,2025-03-19T17:00:00+00:00,LINE-08:2025-03-19:operator_reallocation,train,synthetic
ACT-000407,FAC-001,LINE-08,ORD-08-009,NOTE-001139,2025-03-23,quality,quality_containment,quality,approved,True,2025-03-23T13:10:00+00:00,2025-03-23T13:35:00+00:00,completed,2025-03-23T17:00:00+00:00,LINE-08:2025-03-23:quality_containment,train,synthetic
ACT-000408,FAC-001,LINE-08,ORD-08-009,NOTE-001143,2025-03-27,manpower,operator_reallocation,production,edited,True,2025-03-27T13:10:00+00:00,2025-03-27T13:35:00+00:00,completed,2025-03-27T17:00:00+00:00,LINE-08:2025-03-27:operator_reallocation,train,synthetic
ACT-000409,FAC-001,LINE-08,ORD-08-010,NOTE-001145,2025-03-30,planning,plan_review,planning,approved,True,2025-03-30T13:10:00+00:00,2025-03-30T13:35:00+00:00,in_progress,2025-03-30T17:00:00+00:00,LINE-08:2025-03-30:plan_review,train,synthetic
ACT-000410,FAC-001,LINE-08,ORD-08-010,NOTE-001153,2025-04-08,quality,quality_containment,quality,approved,True,2025-04-08T13:10:00+00:00,2025-04-08T13:35:00+00:00,completed,2025-04-08T17:00:00+00:00,LINE-08:2025-04-08:quality_containment,train,synthetic
ACT-000411,FAC-001,LINE-08,ORD-08-011,NOTE-001155,2025-04-10,quality,quality_containment,quality,approved,True,2025-04-10T13:10:00+00:00,2025-04-10T13:35:00+00:00,in_progress,2025-04-10T17:00:00+00:00,LINE-08:2025-04-10:quality_containment,train,synthetic
ACT-000412,FAC-001,LINE-08,ORD-08-011,NOTE-001156,2025-04-12,quality,quality_containment,quality,edited,True,2025-04-12T13:10:00+00:00,2025-04-12T13:35:00+00:00,completed,2025-04-12T17:00:00+00:00,LINE-08:2025-04-12:quality_containment,train,synthetic
ACT-000413,FAC-001,LINE-08,ORD-08-011,NOTE-001157,2025-04-13,quality,quality_containment,quality,approved,True,2025-04-13T13:10:00+00:00,2025-04-13T13:35:00+00:00,in_progress,2025-04-13T17:00:00+00:00,LINE-08:2025-04-13:quality_containment,train,synthetic
ACT-000414,FAC-001,LINE-08,ORD-08-011,NOTE-001163,2025-04-20,manpower,operator_reallocation,production,approved,True,2025-04-20T13:10:00+00:00,2025-04-20T13:35:00+00:00,completed,2025-04-20T17:00:00+00:00,LINE-08:2025-04-20:operator_reallocation,train,synthetic
ACT-000415,FAC-001,LINE-08,ORD-08-012,NOTE-001168,2025-04-26,machine,machine_inspection,maintenance,approved,True,2025-04-26T13:10:00+00:00,2025-04-26T13:35:00+00:00,completed,2025-04-26T17:00:00+00:00,LINE-08:2025-04-26:machine_inspection,train,synthetic
ACT-000416,FAC-001,LINE-08,ORD-08-013,NOTE-001171,2025-04-29,machine,machine_inspection,maintenance,approved,True,2025-04-29T13:10:00+00:00,2025-04-29T13:35:00+00:00,completed,2025-04-29T17:00:00+00:00,LINE-08:2025-04-29:machine_inspection,train,synthetic
ACT-000417,FAC-001,LINE-08,ORD-08-013,NOTE-001172,2025-04-30,machine,machine_inspection,maintenance,edited,True,2025-04-30T13:10:00+00:00,2025-04-30T13:35:00+00:00,completed,2025-04-30T17:00:00+00:00,LINE-08:2025-04-30:machine_inspection,train,synthetic
ACT-000418,FAC-001,LINE-08,ORD-08-013,NOTE-001175,2025-05-04,quality,quality_containment,quality,edited,True,2025-05-04T13:10:00+00:00,2025-05-04T13:35:00+00:00,completed,2025-05-04T17:00:00+00:00,LINE-08:2025-05-04:quality_containment,validation,synthetic
ACT-000419,FAC-001,LINE-08,ORD-08-013,NOTE-001176,2025-05-05,quality,quality_containment,quality,approved,True,2025-05-05T13:10:00+00:00,2025-05-05T13:35:00+00:00,completed,2025-05-05T17:00:00+00:00,LINE-08:2025-05-05:quality_containment,validation,synthetic
ACT-000420,FAC-001,LINE-08,ORD-08-014,NOTE-001180,2025-05-10,planning,plan_review,planning,rejected,True,2025-05-10T13:10:00+00:00,,not_executed,2025-05-10T17:00:00+00:00,LINE-08:2025-05-10:plan_review,validation,synthetic
ACT-000421,FAC-001,LINE-08,ORD-08-014,NOTE-001181,2025-05-11,quality,quality_containment,quality,approved,True,2025-05-11T13:10:00+00:00,2025-05-11T13:35:00+00:00,in_progress,2025-05-11T17:00:00+00:00,LINE-08:2025-05-11:quality_containment,validation,synthetic
ACT-000422,FAC-001,LINE-08,ORD-08-014,NOTE-001183,2025-05-13,quality,quality_containment,quality,approved,True,2025-05-13T13:10:00+00:00,2025-05-13T13:35:00+00:00,completed,2025-05-13T17:00:00+00:00,LINE-08:2025-05-13:quality_containment,validation,synthetic
ACT-000423,FAC-001,LINE-08,ORD-08-014,NOTE-001185,2025-05-15,quality,quality_containment,quality,approved,True,2025-05-15T13:10:00+00:00,2025-05-15T13:35:00+00:00,completed,2025-05-15T17:00:00+00:00,LINE-08:2025-05-15:quality_containment,validation,synthetic
ACT-000424,FAC-001,LINE-08,ORD-08-015,NOTE-001188,2025-05-19,method,line_rebalancing,industrial_engineering,edited,True,2025-05-19T13:10:00+00:00,2025-05-19T13:35:00+00:00,completed,2025-05-19T17:00:00+00:00,LINE-08:2025-05-19:line_rebalancing,validation,synthetic
ACT-000425,FAC-001,LINE-08,ORD-08-015,NOTE-001189,2025-05-20,machine,machine_inspection,maintenance,edited,True,2025-05-20T13:10:00+00:00,2025-05-20T13:35:00+00:00,completed,2025-05-20T17:00:00+00:00,LINE-08:2025-05-20:machine_inspection,validation,synthetic
ACT-000426,FAC-001,LINE-08,ORD-08-015,NOTE-001190,2025-05-21,machine,machine_inspection,maintenance,edited,True,2025-05-21T13:10:00+00:00,2025-05-21T13:35:00+00:00,completed,2025-05-21T17:00:00+00:00,LINE-08:2025-05-21:machine_inspection,validation,synthetic
ACT-000427,FAC-001,LINE-08,ORD-08-015,NOTE-001192,2025-05-24,machine,machine_inspection,maintenance,approved,True,2025-05-24T13:10:00+00:00,2025-05-24T13:35:00+00:00,completed,2025-05-24T17:00:00+00:00,LINE-08:2025-05-24:machine_inspection,validation,synthetic
ACT-000428,FAC-001,LINE-08,ORD-08-015,NOTE-001193,2025-05-25,quality,quality_containment,quality,approved,True,2025-05-25T13:10:00+00:00,2025-05-25T13:35:00+00:00,completed,2025-05-25T17:00:00+00:00,LINE-08:2025-05-25:quality_containment,validation,synthetic
ACT-000429,FAC-001,LINE-08,ORD-08-015,NOTE-001195,2025-05-27,manpower,operator_reallocation,production,edited,True,2025-05-27T13:10:00+00:00,2025-05-27T13:35:00+00:00,in_progress,2025-05-27T17:00:00+00:00,LINE-08:2025-05-27:operator_reallocation,validation,synthetic
ACT-000430,FAC-001,LINE-08,ORD-08-016,NOTE-001197,2025-05-29,manpower,operator_reallocation,production,approved,True,2025-05-29T13:10:00+00:00,2025-05-29T13:35:00+00:00,completed,2025-05-29T17:00:00+00:00,LINE-08:2025-05-29:operator_reallocation,validation,synthetic
ACT-000431,FAC-001,LINE-08,ORD-08-016,NOTE-001203,2025-06-05,machine,machine_inspection,maintenance,approved,True,2025-06-05T13:10:00+00:00,2025-06-05T13:35:00+00:00,completed,2025-06-05T17:00:00+00:00,LINE-08:2025-06-05:machine_inspection,test,synthetic
ACT-000432,FAC-001,LINE-08,ORD-08-016,NOTE-001205,2025-06-08,manpower,operator_reallocation,production,approved,True,2025-06-08T13:10:00+00:00,2025-06-08T13:35:00+00:00,completed,2025-06-08T17:00:00+00:00,LINE-08:2025-06-08:operator_reallocation,test,synthetic
ACT-000433,FAC-001,LINE-08,ORD-08-016,NOTE-001206,2025-06-09,quality,quality_containment,quality,edited,True,2025-06-09T13:10:00+00:00,2025-06-09T13:35:00+00:00,in_progress,2025-06-09T17:00:00+00:00,LINE-08:2025-06-09:quality_containment,test,synthetic
ACT-000434,FAC-001,LINE-08,ORD-08-016,NOTE-001207,2025-06-10,quality,quality_containment,quality,approved,True,2025-06-10T13:10:00+00:00,2025-06-10T13:35:00+00:00,completed,2025-06-10T17:00:00+00:00,LINE-08:2025-06-10:quality_containment,test,synthetic
ACT-000435,FAC-001,LINE-08,ORD-08-016,NOTE-001208,2025-06-11,material,material_escalation,store_and_planning,approved,True,2025-06-11T13:10:00+00:00,2025-06-11T13:35:00+00:00,completed,2025-06-11T17:00:00+00:00,LINE-08:2025-06-11:material_escalation,test,synthetic
ACT-000436,FAC-001,LINE-08,ORD-08-017,NOTE-001210,2025-06-14,method,line_rebalancing,industrial_engineering,rejected,True,2025-06-14T13:10:00+00:00,,not_executed,2025-06-14T17:00:00+00:00,LINE-08:2025-06-14:line_rebalancing,test,synthetic
ACT-000437,FAC-001,LINE-08,ORD-08-017,NOTE-001216,2025-06-21,machine,machine_inspection,maintenance,approved,True,2025-06-21T13:10:00+00:00,2025-06-21T13:35:00+00:00,completed,2025-06-21T17:00:00+00:00,LINE-08:2025-06-21:machine_inspection,test,synthetic
ACT-000438,FAC-001,LINE-08,ORD-08-018,NOTE-001218,2025-06-23,planning,plan_review,planning,approved,True,2025-06-23T13:10:00+00:00,2025-06-23T13:35:00+00:00,completed,2025-06-23T17:00:00+00:00,LINE-08:2025-06-23:plan_review,test,synthetic
ACT-000439,FAC-001,LINE-08,ORD-08-018,NOTE-001219,2025-06-24,quality,quality_containment,quality,approved,True,2025-06-24T13:10:00+00:00,2025-06-24T13:35:00+00:00,completed,2025-06-24T17:00:00+00:00,LINE-08:2025-06-24:quality_containment,test,synthetic
ACT-000440,FAC-001,LINE-08,ORD-08-018,NOTE-001222,2025-06-28,quality,quality_containment,quality,approved,True,2025-06-28T13:10:00+00:00,2025-06-28T13:35:00+00:00,completed,2025-06-28T17:00:00+00:00,LINE-08:2025-06-28:quality_containment,test,synthetic
ACT-000441,FAC-001,LINE-08,ORD-08-018,NOTE-001224,2025-06-30,material,material_escalation,store_and_planning,approved,True,2025-06-30T13:10:00+00:00,2025-06-30T13:35:00+00:00,completed,2025-06-30T17:00:00+00:00,LINE-08:2025-06-30:material_escalation,test,synthetic
