material_status_id,factory_id,work_date,order_id,material_code,required_qty,available_qty,expected_at,status,data_split,dataset_provenance
MAT-000001,FAC-001,2025-01-04,ORD-01-001,buttons,1190.1,1297.4,,available,train,synthetic
MAT-000002,FAC-001,2025-01-05,ORD-01-001,buttons,1413.5,1518.9,,available,train,synthetic
MAT-000003,FAC-001,2025-01-06,ORD-01-001,shell_fabric,1058.6,1122.2,,available,train,synthetic
MAT-000004,FAC-001,2025-01-07,ORD-01-001,buttons,636.5,638.1,,available,train,synthetic
MAT-000005,FAC-001,2025-01-08,ORD-01-001,zipper,240.8,247.1,,available,train,synthetic
MAT-000006,FAC-001,2025-01-09,ORD-01-002,sewing_thread,887.8,990.8,,available,train,synthetic
MAT-000007,FAC-001,2025-01-11,ORD-01-002,buttons,685.6,586.0,2025-01-11T09:00:00+00:00,minor,train,synthetic
MAT-000008,FAC-001,2025-01-12,ORD-01-002,shell_fabric,480.9,502.0,,available,train,synthetic
MAT-000009,FAC-001,2025-01-13,ORD-01-002,sewing_thread,365.8,331.1,2025-01-13T09:00:00+00:00,minor,train,synthetic
MAT-000010,FAC-001,2025-01-14,ORD-01-002,shell_fabric,226.6,235.5,,available,train,synthetic
MAT-000011,FAC-001,2025-01-15,ORD-01-003,buttons,1894.4,482.0,2025-01-16T09:00:00+00:00,critical,train,synthetic
MAT-000012,FAC-001,2025-01-16,ORD-01-003,sewing_thread,1788.7,1913.0,,available,train,synthetic
MAT-000013,FAC-001,2025-01-18,ORD-01-003,zipper,1604.4,1650.6,,available,train,synthetic
MAT-000014,FAC-001,2025-01-19,ORD-01-003,zipper,2356.7,2565.3,,available,train,synthetic
MAT-000015,FAC-001,2025-01-20,ORD-01-003,shell_fabric,1986.1,2127.9,,available,train,synthetic
MAT-000016,FAC-001,2025-01-21,ORD-01-003,zipper,1493.1,1532.0,,available,train,synthetic
MAT-000017,FAC-001,2025-01-22,ORD-01-003,shell_fabric,691.6,713.6,,available,train,synthetic
MAT-000018,FAC-001,2025-01-23,ORD-01-003,buttons,520.7,557.4,,available,train,synthetic
MAT-000019,FAC-001,2025-01-25,ORD-01-003,shell_fabric,100.0,104.7,,available,train,synthetic
MAT-000020,FAC-001,2025-01-26,ORD-01-003,labels,100.0,110.8,,available,train,synthetic
MAT-000021,FAC-001,2025-01-27,ORD-01-004,buttons,6962.7,7320.9,,available,train,synthetic
MAT-000022,FAC-001,2025-01-28,ORD-01-004,sewing_thread,7169.0,7621.1,,available,train,synthetic
MAT-000023,FAC-001,2025-01-29,ORD-01-004,buttons,5995.8,6407.9,,available,train,synthetic
MAT-000024,FAC-001,2025-01-30,ORD-01-004,buttons,5948.0,6125.4,,available,train,synthetic
MAT-000025,FAC-001,2025-02-01,ORD-01-004,zipper,3781.3,4064.3,,available,train,synthetic
MAT-000026,FAC-001,2025-02-02,ORD-01-004,shell_fabric,3053.5,3060.6,,available,train,synthetic
MAT-000027,FAC-001,2025-02-03,ORD-01-004,sewing_thread,1775.0,1848.7,,available,train,synthetic
MAT-000028,FAC-001,2025-02-04,ORD-01-004,sewing_thread,1401.0,1416.0,,available,train,synthetic
MAT-000029,FAC-001,2025-02-05,ORD-01-004,buttons,1149.1,1170.7,,available,train,synthetic
MAT-000030,FAC-001,2025-02-06,ORD-01-004,shell_fabric,381.9,420.2,,available,train,synthetic
MAT-000031,FAC-001,2025-02-08,ORD-01-004,sewing_thread,100.0,72.4,2025-02-08T09:00:00+00:00,minor,train,synthetic
MAT-000032,FAC-001,2025-02-09,ORD-01-005,zipper,2546.1,2648.2,,available,train,synthetic
MAT-000033,FAC-001,2025-02-10,ORD-01-005,shell_fabric,4183.7,4438.9,,available,train,synthetic
MAT-000034,FAC-001,2025-02-11,ORD-01-005,labels,2933.1,3041.9,,available,train,synthetic
MAT-000035,FAC-001,2025-02-12,ORD-01-005,sewing_thread,1539.8,1561.9,,available,train,synthetic
MAT-000036,FAC-001,2025-02-13,ORD-01-005,buttons,2414.1,1878.2,2025-02-13T09:00:00+00:00,minor,train,synthetic
MAT-000037,FAC-001,2025-02-15,ORD-01-005,sewing_thread,1603.1,1784.2,,available,train,synthetic
MAT-000038,FAC-001,2025-02-16,ORD-01-005,zipper,1502.9,1573.4,,available,train,synthetic
MAT-000039,FAC-001,2025-02-17,ORD-01-005,sewing_thread,797.6,883.3,,available,train,synthetic
MAT-000040,FAC-001,2025-02-18,ORD-01-005,zipper,552.6,602.9,,available,train,synthetic
MAT-000041,FAC-001,2025-02-19,ORD-01-005,labels,241.8,262.3,,available,train,synthetic
MAT-000042,FAC-001,2025-02-20,ORD-01-005,sewing_thread,100.0,108.9,,available,train,synthetic
MAT-000043,FAC-001,2025-02-22,ORD-01-006,sewing_thread,1711.3,1866.5,,available,train,synthetic
MAT-000044,FAC-001,2025-02-23,ORD-01-006,buttons,2324.6,2515.2,,available,train,synthetic
MAT-000045,FAC-001,2025-02-24,ORD-01-006,shell_fabric,1524.4,1706.3,,available,train,synthetic
MAT-000046,FAC-001,2025-02-25,ORD-01-006,sewing_thread,1264.9,1296.2,,available,train,synthetic
MAT-000047,FAC-001,2025-02-26,ORD-01-006,zipper,713.6,729.0,,available,train,synthetic
MAT-000048,FAC-001,2025-02-27,ORD-01-006,sewing_thread,346.3,364.3,,available,train,synthetic
MAT-000049,FAC-001,2025-03-01,ORD-01-006,buttons,177.5,196.1,,available,train,synthetic
MAT-000050,FAC-001,2025-03-02,ORD-01-006,zipper,100.0,104.1,,available,train,synthetic
MAT-000051,FAC-001,2025-03-03,ORD-01-007,buttons,5468.7,5668.4,,available,train,synthetic
MAT-000052,FAC-001,2025-03-04,ORD-01-007,zipper,5259.5,5346.7,,available,train,synthetic
MAT-000053,FAC-001,2025-03-05,ORD-01-007,buttons,5280.2,5690.8,,available,train,synthetic
MAT-000054,FAC-001,2025-03-06,ORD-01-007,labels,3555.5,1163.2,2025-03-08T09:00:00+00:00,critical,train,synthetic
MAT-000055,FAC-001,2025-03-08,ORD-01-007,sewing_thread,3694.0,3850.5,,available,train,synthetic
MAT-000056,FAC-001,2025-03-09,ORD-01-007,zipper,2336.8,2540.1,,available,train,synthetic
MAT-000057,FAC-001,2025-03-10,ORD-01-007,zipper,959.7,1068.4,,available,train,synthetic
MAT-000058,FAC-001,2025-03-11,ORD-01-007,zipper,561.5,581.1,,available,train,synthetic
MAT-000059,FAC-001,2025-03-12,ORD-01-007,labels,100.0,106.0,,available,train,synthetic
MAT-000060,FAC-001,2025-03-13,ORD-01-007,buttons,100.0,107.3,,available,train,synthetic
MAT-000061,FAC-001,2025-03-15,ORD-01-008,labels,4677.2,4769.2,,available,train,synthetic
MAT-000062,FAC-001,2025-03-16,ORD-01-008,zipper,5026.0,5438.3,,available,train,synthetic
MAT-000063,FAC-001,2025-03-17,ORD-01-008,buttons,4172.4,4590.1,,available,train,synthetic
MAT-000064,FAC-001,2025-03-18,ORD-01-008,shell_fabric,3199.1,3500.4,,available,train,synthetic
MAT-000065,FAC-001,2025-03-19,ORD-01-008,zipper,2099.6,2103.5,,available,train,synthetic
MAT-000066,FAC-001,2025-03-20,ORD-01-008,shell_fabric,1351.5,439.3,2025-03-22T09:00:00+00:00,critical,train,synthetic
MAT-000067,FAC-001,2025-03-22,ORD-01-008,buttons,543.3,549.9,,available,train,synthetic
MAT-000068,FAC-001,2025-03-23,ORD-01-009,buttons,3503.4,3588.8,,available,train,synthetic
MAT-000069,FAC-001,2025-03-24,ORD-01-009,sewing_thread,2319.6,2442.9,,available,train,synthetic
MAT-000070,FAC-001,2025-03-25,ORD-01-009,shell_fabric,3928.0,3965.2,,available,train,synthetic
MAT-000071,FAC-001,2025-03-26,ORD-01-009,sewing_thread,1682.9,1703.7,,available,train,synthetic
MAT-000072,FAC-001,2025-03-27,ORD-01-009,labels,1860.1,2054.1,,available,train,synthetic
MAT-000073,FAC-001,2025-03-29,ORD-01-009,buttons,1155.5,1207.3,,available,train,synthetic
MAT-000074,FAC-001,2025-03-30,ORD-01-009,labels,300.0,323.4,,available,train,synthetic
MAT-000075,FAC-001,2025-03-31,ORD-01-009,buttons,100.0,111.8,,available,train,synthetic
MAT-000076,FAC-001,2025-04-01,ORD-01-009,sewing_thread,100.0,103.1,,available,train,synthetic
MAT-000077,FAC-001,2025-04-02,ORD-01-010,buttons,2271.3,2353.6,,available,train,synthetic
MAT-000078,FAC-001,2025-04-03,ORD-01-010,shell_fabric,2545.2,2759.8,,available,train,synthetic
MAT-000079,FAC-001,2025-04-05,ORD-01-010,buttons,2670.6,2803.8,,available,train,synthetic
MAT-000080,FAC-001,2025-04-06,ORD-01-010,zipper,1086.7,1210.0,,available,train,synthetic
MAT-000081,FAC-001,2025-04-07,ORD-01-010,sewing_thread,842.7,920.6,,available,train,synthetic
MAT-000082,FAC-001,2025-04-08,ORD-01-010,zipper,296.4,312.3,,available,train,synthetic
MAT-000083,FAC-001,2025-04-09,ORD-01-011,shell_fabric,1466.5,1515.9,,available,train,synthetic
MAT-000084,FAC-001,2025-04-10,ORD-01-011,shell_fabric,1993.9,766.3,2025-04-12T09:00:00+00:00,critical,train,synthetic
MAT-000085,FAC-001,2025-04-12,ORD-01-011,shell_fabric,1723.2,1359.4,2025-04-12T09:00:00+00:00,minor,train,synthetic
MAT-000086,FAC-001,2025-04-13,ORD-01-011,shell_fabric,885.9,955.7,,available,train,synthetic
MAT-000087,FAC-001,2025-04-14,ORD-01-011,buttons,1288.0,1291.4,,available,train,synthetic
MAT-000088,FAC-001,2025-04-15,ORD-01-011,buttons,699.5,700.7,,available,train,synthetic
MAT-000089,FAC-001,2025-04-16,ORD-01-011,zipper,223.1,231.5,,available,train,synthetic
MAT-000090,FAC-001,2025-04-17,ORD-01-012,sewing_thread,4976.2,5183.2,,available,train,synthetic
MAT-000091,FAC-001,2025-04-19,ORD-01-012,shell_fabric,4907.2,5464.0,,available,train,synthetic
MAT-000092,FAC-001,2025-04-20,ORD-01-012,buttons,3260.7,3266.4,,available,train,synthetic
MAT-000093,FAC-001,2025-04-21,ORD-01-012,labels,2619.4,686.4,2025-04-22T09:00:00+00:00,critical,train,synthetic
MAT-000094,FAC-001,2025-04-22,ORD-01-012,buttons,1297.2,1427.0,,available,train,synthetic
MAT-000095,FAC-001,2025-04-23,ORD-01-012,sewing_thread,1275.0,1315.5,,available,train,synthetic
MAT-000096,FAC-001,2025-04-24,ORD-01-012,zipper,742.3,788.4,,available,train,synthetic
MAT-000097,FAC-001,2025-04-26,ORD-01-013,labels,2802.7,3088.7,,available,train,synthetic
MAT-000098,FAC-001,2025-04-27,ORD-01-013,labels,3995.1,4310.1,,available,train,synthetic
MAT-000099,FAC-001,2025-04-28,ORD-01-013,zipper,2054.0,2110.1,,available,train,synthetic
MAT-000100,FAC-001,2025-04-29,ORD-01-013,shell_fabric,1789.6,1977.7,,available,train,synthetic
MAT-000101,FAC-001,2025-04-30,ORD-01-013,zipper,2398.7,2614.9,,available,train,synthetic
MAT-000102,FAC-001,2025-05-01,ORD-01-013,buttons,810.3,858.9,,available,validation,synthetic
MAT-000103,FAC-001,2025-05-03,ORD-01-013,zipper,1264.6,1376.9,,available,validation,synthetic
MAT-000104,FAC-001,2025-05-04,ORD-01-013,labels,392.2,394.5,,available,validation,synthetic
MAT-000105,FAC-001,2025-05-05,ORD-01-013,labels,100.0,77.4,2025-05-05T09:00:00+00:00,minor,validation,synthetic
MAT-000106,FAC-001,2025-05-06,ORD-01-013,buttons,100.0,85.6,2025-05-06T09:00:00+00:00,minor,validation,synthetic
MAT-000107,FAC-001,2025-05-07,ORD-01-013,labels,100.0,102.9,,available,validation,synthetic
MAT-000108,FAC-001,2025-05-08,ORD-01-014,zipper,3029.3,3225.5,,available,validation,synthetic
MAT-000109,FAC-001,2025-05-10,ORD-01-014,labels,3441.6,3514.6,,available,validation,synthetic
MAT-000110,FAC-001,2025-05-11,ORD-01-014,zipper,1749.2,1835.4,,available,validation,synthetic
MAT-000111,FAC-001,2025-05-12,ORD-01-014,buttons,1500.5,1647.0,,available,validation,synthetic
MAT-000112,FAC-001,2025-05-13,ORD-01-014,buttons,1643.5,1799.8,,available,validation,synthetic
MAT-000113,FAC-001,2025-05-14,ORD-01-014,buttons,999.5,1087.0,,available,validation,synthetic
MAT-000114,FAC-001,2025-05-15,ORD-01-014,sewing_thread,1558.6,1719.5,,available,validation,synthetic
MAT-000115,FAC-001,2025-05-17,ORD-01-014,shell_fabric,1154.1,1211.7,,available,validation,synthetic
MAT-000116,FAC-001,2025-05-18,ORD-01-014,shell_fabric,602.5,630.0,,available,validation,synthetic
MAT-000117,FAC-001,2025-05-19,ORD-01-014,labels,203.2,215.7,,available,validation,synthetic
MAT-000118,FAC-001,2025-05-20,ORD-01-014,zipper,100.0,107.5,,available,validation,synthetic
MAT-000119,FAC-001,2025-05-21,ORD-01-014,zipper,100.0,111.2,,available,validation,synthetic
MAT-000120,FAC-001,2025-05-22,ORD-01-015,zipper,3798.3,3940.6,,available,validation,synthetic
MAT-000121,FAC-001,2025-05-24,ORD-01-015,zipper,2004.7,1493.0,2025-05-24T09:00:00+00:00,minor,validation,synthetic
MAT-000122,FAC-001,2025-05-25,ORD-01-015,sewing_thread,2995.9,3255.7,,available,validation,synthetic
MAT-000123,FAC-001,2025-05-26,ORD-01-015,sewing_thread,1589.6,1606.2,,available,validation,synthetic
MAT-000124,FAC-001,2025-05-27,ORD-01-015,buttons,918.5,932.2,,available,validation,synthetic
MAT-000125,FAC-001,2025-05-28,ORD-01-015,sewing_thread,100.0,108.8,,available,validation,synthetic
MAT-000126,FAC-001,2025-05-29,ORD-01-015,sewing_thread,100.0,110.4,,available,validation,synthetic
MAT-000127,FAC-001,2025-05-31,ORD-01-016,zipper,2491.6,2713.1,,available,validation,synthetic
MAT-000128,FAC-001,2025-06-01,ORD-01-016,zipper,3585.6,3828.6,,available,test,synthetic
MAT-000129,FAC-001,2025-06-02,ORD-01-016,sewing_thread,3526.4,3791.7,,available,test,synthetic
MAT-000130,FAC-001,2025-06-03,ORD-01-016,sewing_thread,3119.9,2707.9,2025-06-03T09:00:00+00:00,minor,test,synthetic
MAT-000131,FAC-001,2025-06-04,ORD-01-016,zipper,1802.4,1967.8,,available,test,synthetic
MAT-000132,FAC-001,2025-06-05,ORD-01-016,buttons,1286.8,1376.2,,available,test,synthetic
MAT-000133,FAC-001,2025-06-07,ORD-01-016,shell_fabric,1055.9,1163.2,,available,test,synthetic
MAT-000134,FAC-001,2025-06-08,ORD-01-016,buttons,1087.5,1130.2,,available,test,synthetic
MAT-000135,FAC-001,2025-06-09,ORD-01-016,shell_fabric,299.6,314.7,,available,test,synthetic
MAT-000136,FAC-001,2025-06-10,ORD-01-017,sewing_thread,2808.5,3024.4,,available,test,synthetic
MAT-000137,FAC-001,2025-06-11,ORD-01-017,sewing_thread,3388.9,3553.3,,available,test,synthetic
MAT-000138,FAC-001,2025-06-12,ORD-01-017,shell_fabric,3911.5,3935.7,,available,test,synthetic
MAT-000139,FAC-001,2025-06-14,ORD-01-017,zipper,3198.2,3506.6,,available,test,synthetic
MAT-000140,FAC-001,2025-06-15,ORD-01-017,shell_fabric,1346.7,1475.3,,available,test,synthetic
MAT-000141,FAC-001,2025-06-16,ORD-01-017,zipper,2034.7,2243.5,,available,test,synthetic
MAT-000142,FAC-001,2025-06-17,ORD-01-017,sewing_thread,1810.3,1985.0,,available,test,synthetic
MAT-000143,FAC-001,2025-06-18,ORD-01-017,buttons,1214.1,1280.7,,available,test,synthetic
MAT-000144,FAC-001,2025-06-19,ORD-01-017,labels,564.1,570.6,,available,test,synthetic
MAT-000145,FAC-001,2025-06-21,ORD-01-017,zipper,589.3,624.2,,available,test,synthetic
MAT-000146,FAC-001,2025-06-22,ORD-01-017,sewing_thread,180.9,183.3,,available,test,synthetic
MAT-000147,FAC-001,2025-06-23,ORD-01-018,labels,1218.9,1076.6,2025-06-23T09:00:00+00:00,minor,test,synthetic
MAT-000148,FAC-001,2025-06-24,ORD-01-018,sewing_thread,766.0,834.4,,available,test,synthetic
MAT-000149,FAC-001,2025-06-25,ORD-01-018,buttons,1134.3,1161.7,,available,test,synthetic
MAT-000150,FAC-001,2025-06-26,ORD-01-018,sewing_thread,647.3,682.2,,available,test,synthetic
MAT-000151,FAC-001,2025-06-28,ORD-01-018,buttons,529.1,566.2,,available,test,synthetic
MAT-000152,FAC-001,2025-06-29,ORD-01-018,buttons,100.0,106.6,,available,test,synthetic
MAT-000153,FAC-001,2025-06-30,ORD-01-018,shell_fabric,100.0,105.7,,available,test,synthetic
MAT-000154,FAC-001,2025-01-04,ORD-02-001,labels,2888.5,3091.0,,available,train,synthetic
MAT-000155,FAC-001,2025-01-05,ORD-02-001,shell_fabric,2451.8,2533.7,,available,train,synthetic
MAT-000156,FAC-001,2025-01-06,ORD-02-001,zipper,1494.6,1655.4,,available,train,synthetic
MAT-000157,FAC-001,2025-01-07,ORD-02-001,zipper,637.8,702.4,,available,train,synthetic
MAT-000158,FAC-001,2025-01-08,ORD-02-001,shell_fabric,266.5,272.5,,available,train,synthetic
MAT-000159,FAC-001,2025-01-09,ORD-02-002,shell_fabric,1431.1,1546.2,,available,train,synthetic
MAT-000160,FAC-001,2025-01-11,ORD-02-002,shell_fabric,1925.0,1936.6,,available,train,synthetic
MAT-000161,FAC-001,2025-01-12,ORD-02-002,labels,1009.4,451.2,2025-01-13T09:00:00+00:00,critical,train,synthetic
MAT-000162,FAC-001,2025-01-13,ORD-02-002,zipper,1379.7,1403.3,,available,train,synthetic
MAT-000163,FAC-001,2025-01-14,ORD-02-002,buttons,1045.9,1123.5,,available,train,synthetic
MAT-000164,FAC-001,2025-01-15,ORD-02-002,labels,736.4,750.6,,available,train,synthetic
MAT-000165,FAC-001,2025-01-16,ORD-02-002,labels,237.8,215.8,2025-01-16T09:00:00+00:00,minor,train,synthetic
MAT-000166,FAC-001,2025-01-18,ORD-02-002,labels,100.0,109.2,,available,train,synthetic
MAT-000167,FAC-001,2025-01-19,ORD-02-002,sewing_thread,100.0,106.0,,available,train,synthetic
MAT-000168,FAC-001,2025-01-20,ORD-02-003,labels,5372.9,5808.5,,available,train,synthetic
MAT-000169,FAC-001,2025-01-21,ORD-02-003,zipper,2354.1,2449.4,,available,train,synthetic
MAT-000170,FAC-001,2025-01-22,ORD-02-003,sewing_thread,2118.5,2256.9,,available,train,synthetic
MAT-000171,FAC-001,2025-01-23,ORD-02-003,sewing_thread,2935.9,3263.8,,available,train,synthetic
MAT-000172,FAC-001,2025-01-25,ORD-02-003,sewing_thread,2350.8,2541.4,,available,train,synthetic
MAT-000173,FAC-001,2025-01-26,ORD-02-003,zipper,1311.7,1370.1,,available,train,synthetic
MAT-000174,FAC-001,2025-01-27,ORD-02-003,shell_fabric,666.1,742.5,,available,train,synthetic
MAT-000175,FAC-001,2025-01-28,ORD-02-003,buttons,100.0,111.4,,available,train,synthetic
MAT-000176,FAC-001,2025-01-29,ORD-02-004,shell_fabric,6448.5,6896.1,,available,train,synthetic
MAT-000177,FAC-001,2025-01-30,ORD-02-004,labels,7636.5,2714.3,2025-02-01T09:00:00+00:00,critical,train,synthetic
MAT-000178,FAC-001,2025-02-01,ORD-02-004,labels,3586.6,3897.5,,available,train,synthetic
MAT-000179,FAC-001,2025-02-02,ORD-02-004,zipper,6751.8,7291.7,,available,train,synthetic
MAT-000180,FAC-001,2025-02-03,ORD-02-004,buttons,3287.9,3335.8,,available,train,synthetic
MAT-000181,FAC-001,2025-02-04,ORD-02-004,sewing_thread,2953.8,3057.9,,available,train,synthetic
MAT-000182,FAC-001,2025-02-05,ORD-02-004,zipper,2038.7,2191.9,,available,train,synthetic
MAT-000183,FAC-001,2025-02-06,ORD-02-004,zipper,2577.7,2578.5,,available,train,synthetic
MAT-000184,FAC-001,2025-02-08,ORD-02-004,sewing_thread,1443.6,1483.5,,available,train,synthetic
MAT-000185,FAC-001,2025-02-09,ORD-02-004,zipper,1163.6,1215.7,,available,train,synthetic
MAT-000186,FAC-001,2025-02-10,ORD-02-004,zipper,292.3,306.6,,available,train,synthetic
MAT-000187,FAC-001,2025-02-11,ORD-02-004,shell_fabric,100.0,109.0,,available,train,synthetic
MAT-000188,FAC-001,2025-02-12,ORD-02-005,labels,3913.7,4239.4,,available,train,synthetic
MAT-000189,FAC-001,2025-02-13,ORD-02-005,labels,2584.3,2685.8,,available,train,synthetic
MAT-000190,FAC-001,2025-02-15,ORD-02-005,buttons,2994.5,3109.0,,available,train,synthetic
MAT-000191,FAC-001,2025-02-16,ORD-02-005,zipper,2939.1,2414.5,2025-02-16T09:00:00+00:00,minor,train,synthetic
MAT-000192,FAC-001,2025-02-17,ORD-02-005,zipper,2502.2,2620.5,,available,train,synthetic
MAT-000193,FAC-001,2025-02-18,ORD-02-005,buttons,1567.7,1612.9,,available,train,synthetic
MAT-000194,FAC-001,2025-02-19,ORD-02-005,sewing_thread,1182.5,1210.5,,available,train,synthetic
MAT-000195,FAC-001,2025-02-20,ORD-02-005,buttons,626.5,688.2,,available,train,synthetic
MAT-000196,FAC-001,2025-02-22,ORD-02-006,shell_fabric,1909.9,1978.9,,available,train,synthetic
MAT-000197,FAC-001,2025-02-23,ORD-02-006,shell_fabric,2344.5,2522.7,,available,train,synthetic
MAT-000198,FAC-001,2025-02-24,ORD-02-006,buttons,2880.7,3203.2,,available,train,synthetic
MAT-000199,FAC-001,2025-02-25,ORD-02-006,sewing_thread,1824.0,1835.8,,available,train,synthetic
MAT-000200,FAC-001,2025-02-26,ORD-02-006,labels,1261.3,1331.5,,available,train,synthetic
MAT-000201,FAC-001,2025-02-27,ORD-02-006,buttons,1537.8,1540.1,,available,train,synthetic
MAT-000202,FAC-001,2025-03-01,ORD-02-006,labels,1042.0,1133.0,,available,train,synthetic
MAT-000203,FAC-001,2025-03-02,ORD-02-006,labels,1041.7,1058.9,,available,train,synthetic
MAT-000204,FAC-001,2025-03-03,ORD-02-006,buttons,723.7,734.4,,available,train,synthetic
MAT-000205,FAC-001,2025-03-04,ORD-02-006,buttons,353.4,367.5,,available,train,synthetic
MAT-000206,FAC-001,2025-03-05,ORD-02-006,sewing_thread,100.0,105.5,,available,train,synthetic
MAT-000207,FAC-001,2025-03-06,ORD-02-007,zipper,6668.0,6943.2,,available,train,synthetic
MAT-000208,FAC-001,2025-03-08,ORD-02-007,labels,5093.7,5479.8,,available,train,synthetic
MAT-000209,FAC-001,2025-03-09,ORD-02-007,sewing_thread,3847.1,4180.1,,available,train,synthetic
MAT-000210,FAC-001,2025-03-10,ORD-02-007,labels,2201.8,2448.2,,available,train,synthetic
MAT-000211,FAC-001,2025-03-11,ORD-02-007,zipper,3102.5,2455.0,2025-03-11T09:00:00+00:00,minor,train,synthetic
MAT-000212,FAC-001,2025-03-12,ORD-02-007,sewing_thread,1050.6,1112.0,,available,train,synthetic
MAT-000213,FAC-001,2025-03-13,ORD-02-007,sewing_thread,1243.8,1270.2,,available,train,synthetic
MAT-000214,FAC-001,2025-03-15,ORD-02-007,buttons,309.1,312.7,,available,train,synthetic
MAT-000215,FAC-001,2025-03-16,ORD-02-008,labels,4843.1,1755.6,2025-03-17T09:00:00+00:00,critical,train,synthetic
MAT-000216,FAC-001,2025-03-17,ORD-02-008,zipper,3916.2,4307.7,,available,train,synthetic
MAT-000217,FAC-001,2025-03-18,ORD-02-008,shell_fabric,2157.4,2355.2,,available,train,synthetic
MAT-000218,FAC-001,2025-03-19,ORD-02-008,sewing_thread,2657.9,2814.4,,available,train,synthetic
MAT-000219,FAC-001,2025-03-20,ORD-02-008,sewing_thread,673.7,698.7,,available,train,synthetic
MAT-000220,FAC-001,2025-03-22,ORD-02-008,sewing_thread,356.0,379.1,,available,train,synthetic
MAT-000221,FAC-001,2025-03-23,ORD-02-008,sewing_thread,100.0,110.8,,available,train,synthetic
MAT-000222,FAC-001,2025-03-24,ORD-02-009,sewing_thread,2860.1,3046.2,,available,train,synthetic
MAT-000223,FAC-001,2025-03-25,ORD-02-009,buttons,2080.8,2153.3,,available,train,synthetic
MAT-000224,FAC-001,2025-03-26,ORD-02-009,zipper,1553.1,1636.3,,available,train,synthetic
MAT-000225,FAC-001,2025-03-27,ORD-02-009,labels,1177.1,1186.8,,available,train,synthetic
MAT-000226,FAC-001,2025-03-29,ORD-02-009,zipper,1070.7,971.5,2025-03-29T09:00:00+00:00,minor,train,synthetic
MAT-000227,FAC-001,2025-03-30,ORD-02-009,buttons,226.8,252.0,,available,train,synthetic
MAT-000228,FAC-001,2025-03-31,ORD-02-010,shell_fabric,4422.7,4460.8,,available,train,synthetic
MAT-000229,FAC-001,2025-04-01,ORD-02-010,labels,5013.6,5306.5,,available,train,synthetic
MAT-000230,FAC-001,2025-04-02,ORD-02-010,labels,4507.2,4642.0,,available,train,synthetic
MAT-000231,FAC-001,2025-04-03,ORD-02-010,sewing_thread,3767.1,4120.0,,available,train,synthetic
MAT-000232,FAC-001,2025-04-05,ORD-02-010,zipper,2139.0,2158.5,,available,train,synthetic
MAT-000233,FAC-001,2025-04-06,ORD-02-010,sewing_thread,1804.1,1863.8,,available,train,synthetic
MAT-000234,FAC-001,2025-04-07,ORD-02-010,buttons,1451.8,1576.2,,available,train,synthetic
MAT-000235,FAC-001,2025-04-08,ORD-02-010,shell_fabric,1202.7,1327.6,,available,train,synthetic
MAT-000236,FAC-001,2025-04-09,ORD-02-010,labels,1300.6,1404.3,,available,train,synthetic
MAT-000237,FAC-001,2025-04-10,ORD-02-010,buttons,484.3,195.6,2025-04-12T09:00:00+00:00,critical,train,synthetic
MAT-000238,FAC-001,2025-04-12,ORD-02-010,sewing_thread,289.6,297.9,,available,train,synthetic
MAT-000239,FAC-001,2025-04-13,ORD-02-010,shell_fabric,100.0,100.8,,available,train,synthetic
MAT-000240,FAC-001,2025-04-14,ORD-02-011,sewing_thread,4325.8,3154.6,2025-04-14T09:00:00+00:00,minor,train,synthetic
MAT-000241,FAC-001,2025-04-15,ORD-02-011,zipper,3071.1,3349.0,,available,train,synthetic
MAT-000242,FAC-001,2025-04-16,ORD-02-011,zipper,2812.1,3017.7,,available,train,synthetic
MAT-000243,FAC-001,2025-04-17,ORD-02-011,labels,1835.6,2032.6,,available,train,synthetic
MAT-000244,FAC-001,2025-04-19,ORD-02-011,buttons,720.2,788.5,,available,train,synthetic
MAT-000245,FAC-001,2025-04-20,ORD-02-011,shell_fabric,432.6,462.4,,available,train,synthetic
MAT-000246,FAC-001,2025-04-21,ORD-02-012,buttons,2836.7,3141.8,,available,train,synthetic
MAT-000247,FAC-001,2025-04-22,ORD-02-012,buttons,2663.8,2124.9,2025-04-22T09:00:00+00:00,minor,train,synthetic
MAT-000248,FAC-001,2025-04-23,ORD-02-012,shell_fabric,2348.0,2517.1,,available,train,synthetic
MAT-000249,FAC-001,2025-04-24,ORD-02-012,sewing_thread,1276.8,1288.2,,available,train,synthetic
MAT-000250,FAC-001,2025-04-26,ORD-02-012,shell_fabric,863.8,929.4,,available,train,synthetic
MAT-000251,FAC-001,2025-04-27,ORD-02-012,zipper,886.5,926.6,,available,train,synthetic
MAT-000252,FAC-001,2025-04-28,ORD-02-012,shell_fabric,827.6,917.0,,available,train,synthetic
MAT-000253,FAC-001,2025-04-29,ORD-02-012,buttons,561.6,576.6,,available,train,synthetic
MAT-000254,FAC-001,2025-04-30,ORD-02-012,shell_fabric,199.6,204.7,,available,train,synthetic
MAT-000255,FAC-001,2025-05-01,ORD-02-012,labels,100.0,88.1,2025-05-01T09:00:00+00:00,minor,validation,synthetic
MAT-000256,FAC-001,2025-05-03,ORD-02-013,sewing_thread,2625.6,2810.5,,available,validation,synthetic
MAT-000257,FAC-001,2025-05-04,ORD-02-013,shell_fabric,2641.3,2846.5,,available,validation,synthetic
MAT-000258,FAC-001,2025-05-05,ORD-02-013,zipper,3197.3,3208.5,,available,validation,synthetic
MAT-000259,FAC-001,2025-05-06,ORD-02-013,sewing_thread,3061.3,3417.4,,available,validation,synthetic
MAT-000260,FAC-001,2025-05-07,ORD-02-013,zipper,1331.6,1394.0,,available,validation,synthetic
MAT-000261,FAC-001,2025-05-08,ORD-02-013,buttons,630.6,631.5,,available,validation,synthetic
MAT-000262,FAC-001,2025-05-10,ORD-02-013,zipper,100.0,106.7,,available,validation,synthetic
MAT-000263,FAC-001,2025-05-11,ORD-02-014,labels,1077.0,1171.6,,available,validation,synthetic
MAT-000264,FAC-001,2025-05-12,ORD-02-014,sewing_thread,1104.1,1132.6,,available,validation,synthetic
MAT-000265,FAC-001,2025-05-13,ORD-02-014,buttons,1129.5,1232.8,,available,validation,synthetic
MAT-000266,FAC-001,2025-05-14,ORD-02-014,zipper,1273.4,1300.4,,available,validation,synthetic
MAT-000267,FAC-001,2025-05-15,ORD-02-014,buttons,605.5,645.2,,available,validation,synthetic
MAT-000268,FAC-001,2025-05-17,ORD-02-014,shell_fabric,302.5,330.1,,available,validation,synthetic
MAT-000269,FAC-001,2025-05-18,ORD-02-014,sewing_thread,100.0,85.2,2025-05-18T09:00:00+00:00,minor,validation,synthetic
MAT-000270,FAC-001,2025-05-19,ORD-02-014,shell_fabric,100.0,108.8,,available,validation,synthetic
MAT-000271,FAC-001,2025-05-20,ORD-02-014,zipper,100.0,109.7,,available,validation,synthetic
MAT-000272,FAC-001,2025-05-21,ORD-02-015,sewing_thread,3229.7,3571.9,,available,validation,synthetic
MAT-000273,FAC-001,2025-05-22,ORD-02-015,buttons,2899.2,2959.1,,available,validation,synthetic
MAT-000274,FAC-001,2025-05-24,ORD-02-015,sewing_thread,3131.2,3225.3,,available,validation,synthetic
MAT-000275,FAC-001,2025-05-25,ORD-02-015,buttons,4543.1,4910.5,,available,validation,synthetic
MAT-000276,FAC-001,2025-05-26,ORD-02-015,sewing_thread,2917.6,2947.1,,available,validation,synthetic
MAT-000277,FAC-001,2025-05-27,ORD-02-015,sewing_thread,2124.2,2182.5,,available,validation,synthetic
MAT-000278,FAC-001,2025-05-28,ORD-02-015,buttons,1023.0,1128.8,,available,validation,synthetic
MAT-000279,FAC-001,2025-05-29,ORD-02-015,sewing_thread,606.0,648.5,,available,validation,synthetic
MAT-000280,FAC-001,2025-05-31,ORD-02-016,buttons,2467.8,2607.2,,available,validation,synthetic
MAT-000281,FAC-001,2025-06-01,ORD-02-016,zipper,2340.1,2518.7,,available,test,synthetic
MAT-000282,FAC-001,2025-06-02,ORD-02-016,sewing_thread,1404.4,1535.9,,available,test,synthetic
MAT-000283,FAC-001,2025-06-03,ORD-02-016,sewing_thread,1089.6,1150.8,,available,test,synthetic
MAT-000284,FAC-001,2025-06-04,ORD-02-016,labels,522.3,546.4,,available,test,synthetic
MAT-000285,FAC-001,2025-06-05,ORD-02-016,labels,111.0,122.8,,available,test,synthetic
MAT-000286,FAC-001,2025-06-07,ORD-02-016,buttons,100.0,73.6,2025-06-07T09:00:00+00:00,minor,test,synthetic
MAT-000287,FAC-001,2025-06-08,ORD-02-016,buttons,100.0,102.9,,available,test,synthetic
MAT-000288,FAC-001,2025-06-09,ORD-02-016,shell_fabric,100.0,78.9,2025-06-09T09:00:00+00:00,minor,test,synthetic
MAT-000289,FAC-001,2025-06-10,ORD-02-017,buttons,2236.1,2366.9,,available,test,synthetic
MAT-000290,FAC-001,2025-06-11,ORD-02-017,sewing_thread,4329.3,4829.6,,available,test,synthetic
MAT-000291,FAC-001,2025-06-12,ORD-02-017,labels,3866.7,1817.4,2025-06-14T09:00:00+00:00,critical,test,synthetic
MAT-000292,FAC-001,2025-06-14,ORD-02-017,buttons,2210.1,2370.7,,available,test,synthetic
MAT-000293,FAC-001,2025-06-15,ORD-02-017,shell_fabric,2012.7,2037.7,,available,test,synthetic
MAT-000294,FAC-001,2025-06-16,ORD-02-017,sewing_thread,1320.1,1397.8,,available,test,synthetic
MAT-000295,FAC-001,2025-06-17,ORD-02-017,buttons,1181.6,1289.4,,available,test,synthetic
MAT-000296,FAC-001,2025-06-18,ORD-02-017,zipper,421.4,422.9,,available,test,synthetic
MAT-000297,FAC-001,2025-06-19,ORD-02-018,shell_fabric,2361.5,2364.4,,available,test,synthetic
MAT-000298,FAC-001,2025-06-21,ORD-02-018,shell_fabric,5021.4,3727.9,2025-06-21T09:00:00+00:00,minor,test,synthetic
MAT-000299,FAC-001,2025-06-22,ORD-02-018,zipper,3700.5,2677.6,2025-06-22T09:00:00+00:00,minor,test,synthetic
MAT-000300,FAC-001,2025-06-23,ORD-02-018,sewing_thread,3060.0,3266.2,,available,test,synthetic
MAT-000301,FAC-001,2025-06-24,ORD-02-018,labels,3122.5,3392.5,,available,test,synthetic
MAT-000302,FAC-001,2025-06-25,ORD-02-018,labels,1551.9,1618.3,,available,test,synthetic
MAT-000303,FAC-001,2025-06-26,ORD-02-018,shell_fabric,2305.7,2393.4,,available,test,synthetic
MAT-000304,FAC-001,2025-06-28,ORD-02-018,sewing_thread,924.7,929.6,,available,test,synthetic
MAT-000305,FAC-001,2025-06-29,ORD-02-018,sewing_thread,1125.0,1243.0,,available,test,synthetic
MAT-000306,FAC-001,2025-06-30,ORD-02-018,buttons,687.5,714.9,,available,test,synthetic
MAT-000307,FAC-001,2025-01-04,ORD-03-001,buttons,2617.7,2777.8,,available,train,synthetic
MAT-000308,FAC-001,2025-01-05,ORD-03-001,sewing_thread,2402.7,2461.5,,available,train,synthetic
MAT-000309,FAC-001,2025-01-06,ORD-03-001,zipper,1578.3,1739.6,,available,train,synthetic
MAT-000310,FAC-001,2025-01-07,ORD-03-001,sewing_thread,1225.0,1340.0,,available,train,synthetic
MAT-000311,FAC-001,2025-01-08,ORD-03-001,shell_fabric,865.1,924.4,,available,train,synthetic
MAT-000312,FAC-001,2025-01-09,ORD-03-001,shell_fabric,325.8,299.3,2025-01-09T09:00:00+00:00,minor,train,synthetic
MAT-000313,FAC-001,2025-01-11,ORD-03-001,sewing_thread,100.0,102.1,,available,train,synthetic
MAT-000314,FAC-001,2025-01-12,ORD-03-001,shell_fabric,100.0,101.6,,available,train,synthetic
MAT-000315,FAC-001,2025-01-13,ORD-03-002,buttons,3345.0,3420.7,,available,train,synthetic
MAT-000316,FAC-001,2025-01-14,ORD-03-002,sewing_thread,1450.8,1503.4,,available,train,synthetic
MAT-000317,FAC-001,2025-01-15,ORD-03-002,buttons,1775.0,1881.6,,available,train,synthetic
MAT-000318,FAC-001,2025-01-16,ORD-03-002,shell_fabric,1090.3,1098.8,,available,train,synthetic
MAT-000319,FAC-001,2025-01-18,ORD-03-002,buttons,253.4,269.5,,available,train,synthetic
MAT-000320,FAC-001,2025-01-19,ORD-03-002,shell_fabric,100.0,102.7,,available,train,synthetic
MAT-000321,FAC-001,2025-01-20,ORD-03-002,shell_fabric,100.0,109.8,,available,train,synthetic
MAT-000322,FAC-001,2025-01-21,ORD-03-003,labels,3742.9,2939.8,2025-01-21T09:00:00+00:00,minor,train,synthetic
MAT-000323,FAC-001,2025-01-22,ORD-03-003,labels,5248.3,5440.0,,available,train,synthetic
MAT-000324,FAC-001,2025-01-23,ORD-03-003,shell_fabric,3826.5,3900.7,,available,train,synthetic
MAT-000325,FAC-001,2025-01-25,ORD-03-003,zipper,1632.4,1742.9,,available,train,synthetic
MAT-000326,FAC-001,2025-01-26,ORD-03-003,buttons,2538.8,2712.9,,available,train,synthetic
MAT-000327,FAC-001,2025-01-27,ORD-03-003,buttons,1599.2,1759.0,,available,train,synthetic
MAT-000328,FAC-001,2025-01-28,ORD-03-003,zipper,870.9,910.4,,available,train,synthetic
MAT-000329,FAC-001,2025-01-29,ORD-03-003,labels,100.0,106.2,,available,train,synthetic
MAT-000330,FAC-001,2025-01-30,ORD-03-003,sewing_thread,100.0,107.8,,available,train,synthetic
MAT-000331,FAC-001,2025-02-01,ORD-03-004,shell_fabric,4360.1,4446.4,,available,train,synthetic
MAT-000332,FAC-001,2025-02-02,ORD-03-004,zipper,1962.3,2102.5,,available,train,synthetic
MAT-000333,FAC-001,2025-02-03,ORD-03-004,shell_fabric,4070.6,4137.6,,available,train,synthetic
MAT-000334,FAC-001,2025-02-04,ORD-03-004,shell_fabric,3182.5,3382.9,,available,train,synthetic
MAT-000335,FAC-001,2025-02-05,ORD-03-004,sewing_thread,2954.6,3295.7,,available,train,synthetic
MAT-000336,FAC-001,2025-02-06,ORD-03-004,labels,1085.2,1155.5,,available,train,synthetic
MAT-000337,FAC-001,2025-02-08,ORD-03-004,labels,1268.6,479.4,2025-02-09T09:00:00+00:00,critical,train,synthetic
MAT-000338,FAC-001,2025-02-09,ORD-03-004,sewing_thread,1380.3,1447.3,,available,train,synthetic
MAT-000339,FAC-001,2025-02-10,ORD-03-004,sewing_thread,1146.6,1281.3,,available,train,synthetic
MAT-000340,FAC-001,2025-02-11,ORD-03-004,shell_fabric,413.9,431.1,,available,train,synthetic
MAT-000341,FAC-001,2025-02-12,ORD-03-004,sewing_thread,336.0,370.8,,available,train,synthetic
MAT-000342,FAC-001,2025-02-13,ORD-03-004,shell_fabric,100.0,103.3,,available,train,synthetic
MAT-000343,FAC-001,2025-02-15,ORD-03-004,buttons,100.0,106.5,,available,train,synthetic
MAT-000344,FAC-001,2025-02-16,ORD-03-005,zipper,1981.6,2059.6,,available,train,synthetic
MAT-000345,FAC-001,2025-02-17,ORD-03-005,sewing_thread,1170.5,1223.2,,available,train,synthetic
MAT-000346,FAC-001,2025-02-18,ORD-03-005,buttons,1128.0,1191.4,,available,train,synthetic
MAT-000347,FAC-001,2025-02-19,ORD-03-005,sewing_thread,624.3,657.3,,available,train,synthetic
MAT-000348,FAC-001,2025-02-20,ORD-03-005,zipper,138.0,152.5,,available,train,synthetic
MAT-000349,FAC-001,2025-02-22,ORD-03-005,buttons,100.0,107.8,,available,train,synthetic
MAT-000350,FAC-001,2025-02-23,ORD-03-005,zipper,100.0,111.3,,available,train,synthetic
MAT-000351,FAC-001,2025-02-24,ORD-03-006,labels,6599.0,7368.9,,available,train,synthetic
MAT-000352,FAC-001,2025-02-25,ORD-03-006,zipper,5196.8,5595.3,,available,train,synthetic
MAT-000353,FAC-001,2025-02-26,ORD-03-006,labels,2537.6,2671.0,,available,train,synthetic
MAT-000354,FAC-001,2025-02-27,ORD-03-006,labels,3688.9,3938.0,,available,train,synthetic
MAT-000355,FAC-001,2025-03-01,ORD-03-006,labels,1729.3,1917.6,,available,train,synthetic
MAT-000356,FAC-001,2025-03-02,ORD-03-006,zipper,2704.2,2850.9,,available,train,synthetic
MAT-000357,FAC-001,2025-03-03,ORD-03-006,zipper,1471.8,1512.0,,available,train,synthetic
MAT-000358,FAC-001,2025-03-04,ORD-03-006,labels,864.2,900.5,,available,train,synthetic
MAT-000359,FAC-001,2025-03-05,ORD-03-006,sewing_thread,109.0,115.5,,available,train,synthetic
MAT-000360,FAC-001,2025-03-06,ORD-03-007,labels,992.1,1097.9,,available,train,synthetic
MAT-000361,FAC-001,2025-03-08,ORD-03-007,labels,1473.2,1581.0,,available,train,synthetic
MAT-000362,FAC-001,2025-03-09,ORD-03-007,buttons,1082.2,532.7,2025-03-10T09:00:00+00:00,critical,train,synthetic
MAT-000363,FAC-001,2025-03-10,ORD-03-007,labels,895.1,945.1,,available,train,synthetic
MAT-000364,FAC-001,2025-03-11,ORD-03-007,sewing_thread,496.6,517.0,,available,train,synthetic
MAT-000365,FAC-001,2025-03-12,ORD-03-007,buttons,331.7,360.3,,available,train,synthetic
MAT-000366,FAC-001,2025-03-13,ORD-03-007,sewing_thread,186.3,191.8,,available,train,synthetic
MAT-000367,FAC-001,2025-03-15,ORD-03-007,sewing_thread,100.0,109.7,,available,train,synthetic
MAT-000368,FAC-001,2025-03-16,ORD-03-008,labels,7581.5,8170.9,,available,train,synthetic
MAT-000369,FAC-001,2025-03-17,ORD-03-008,shell_fabric,7404.9,7732.7,,available,train,synthetic
MAT-000370,FAC-001,2025-03-18,ORD-03-008,sewing_thread,7115.9,7416.0,,available,train,synthetic
MAT-000371,FAC-001,2025-03-19,ORD-03-008,buttons,6018.4,6107.1,,available,train,synthetic
MAT-000372,FAC-001,2025-03-20,ORD-03-008,labels,3164.9,3263.5,,available,train,synthetic
MAT-000373,FAC-001,2025-03-22,ORD-03-008,labels,1739.0,1927.3,,available,train,synthetic
MAT-000374,FAC-001,2025-03-23,ORD-03-008,sewing_thread,3061.8,3231.9,,available,train,synthetic
MAT-000375,FAC-001,2025-03-24,ORD-03-008,labels,2018.6,2237.9,,available,train,synthetic
MAT-000376,FAC-001,2025-03-25,ORD-03-008,buttons,1272.7,1364.5,,available,train,synthetic
MAT-000377,FAC-001,2025-03-26,ORD-03-008,shell_fabric,208.1,224.0,,available,train,synthetic
MAT-000378,FAC-001,2025-03-27,ORD-03-008,zipper,100.0,102.7,,available,train,synthetic
MAT-000379,FAC-001,2025-03-29,ORD-03-009,shell_fabric,4035.4,4060.3,,available,train,synthetic
MAT-000380,FAC-001,2025-03-30,ORD-03-009,sewing_thread,2852.9,3189.9,,available,train,synthetic
MAT-000381,FAC-001,2025-03-31,ORD-03-009,shell_fabric,1221.9,1317.0,,available,train,synthetic
MAT-000382,FAC-001,2025-04-01,ORD-03-009,shell_fabric,1537.3,1540.0,,available,train,synthetic
MAT-000383,FAC-001,2025-04-02,ORD-03-009,buttons,601.0,547.8,2025-04-02T09:00:00+00:00,minor,train,synthetic
MAT-000384,FAC-001,2025-04-03,ORD-03-009,sewing_thread,126.4,133.5,,available,train,synthetic
MAT-000385,FAC-001,2025-04-05,ORD-03-010,sewing_thread,1340.8,1447.5,,available,train,synthetic
MAT-000386,FAC-001,2025-04-06,ORD-03-010,labels,1258.3,1334.3,,available,train,synthetic
MAT-000387,FAC-001,2025-04-07,ORD-03-010,sewing_thread,463.1,495.9,,available,train,synthetic
MAT-000388,FAC-001,2025-04-08,ORD-03-010,sewing_thread,787.3,653.9,2025-04-08T09:00:00+00:00,minor,train,synthetic
MAT-000389,FAC-001,2025-04-09,ORD-03-010,zipper,427.9,465.2,,available,train,synthetic
MAT-000390,FAC-001,2025-04-10,ORD-03-010,buttons,104.0,107.1,,available,train,synthetic
MAT-000391,FAC-001,2025-04-12,ORD-03-010,buttons,100.0,105.9,,available,train,synthetic
MAT-000392,FAC-001,2025-04-13,ORD-03-010,sewing_thread,100.0,51.5,2025-04-14T09:00:00+00:00,critical,train,synthetic
MAT-000393,FAC-001,2025-04-14,ORD-03-010,sewing_thread,100.0,100.9,,available,train,synthetic
MAT-000394,FAC-001,2025-04-15,ORD-03-011,shell_fabric,2037.6,2080.3,,available,train,synthetic
MAT-000395,FAC-001,2025-04-16,ORD-03-011,zipper,1913.8,1990.8,,available,train,synthetic
MAT-000396,FAC-001,2025-04-17,ORD-03-011,labels,1987.4,2046.8,,available,train,synthetic
MAT-000397,FAC-001,2025-04-19,ORD-03-011,shell_fabric,1236.6,1038.5,2025-04-19T09:00:00+00:00,minor,train,synthetic
MAT-000398,FAC-001,2025-04-20,ORD-03-011,zipper,321.1,143.2,2025-04-21T09:00:00+00:00,critical,train,synthetic
MAT-000399,FAC-001,2025-04-21,ORD-03-011,labels,147.3,152.0,,available,train,synthetic
MAT-000400,FAC-001,2025-04-22,ORD-03-011,zipper,100.0,111.3,,available,train,synthetic
MAT-000401,FAC-001,2025-04-23,ORD-03-012,buttons,3298.8,3511.7,,available,train,synthetic
MAT-000402,FAC-001,2025-04-24,ORD-03-012,zipper,3083.6,2537.1,2025-04-24T09:00:00+00:00,minor,train,synthetic
MAT-000403,FAC-001,2025-04-26,ORD-03-012,sewing_thread,3933.1,4247.4,,available,train,synthetic
MAT-000404,FAC-001,2025-04-27,ORD-03-012,labels,1899.3,2029.3,,available,train,synthetic
MAT-000405,FAC-001,2025-04-28,ORD-03-012,sewing_thread,2466.0,2481.5,,available,train,synthetic
MAT-000406,FAC-001,2025-04-29,ORD-03-012,buttons,2359.5,2453.2,,available,train,synthetic
MAT-000407,FAC-001,2025-04-30,ORD-03-012,zipper,1805.1,1915.5,,available,train,synthetic
MAT-000408,FAC-001,2025-05-01,ORD-03-012,sewing_thread,1381.7,1452.3,,available,validation,synthetic
MAT-000409,FAC-001,2025-05-03,ORD-03-012,shell_fabric,534.3,574.6,,available,validation,synthetic
MAT-000410,FAC-001,2025-05-04,ORD-03-012,shell_fabric,298.2,318.9,,available,validation,synthetic
MAT-000411,FAC-001,2025-05-05,ORD-03-012,zipper,100.0,105.0,,available,validation,synthetic
MAT-000412,FAC-001,2025-05-06,ORD-03-012,buttons,100.0,101.2,,available,validation,synthetic
MAT-000413,FAC-001,2025-05-07,ORD-03-013,sewing_thread,2943.1,3286.1,,available,validation,synthetic
MAT-000414,FAC-001,2025-05-08,ORD-03-013,shell_fabric,2917.5,3121.0,,available,validation,synthetic
MAT-000415,FAC-001,2025-05-10,ORD-03-013,buttons,3031.5,3208.6,,available,validation,synthetic
MAT-000416,FAC-001,2025-05-11,ORD-03-013,shell_fabric,2318.5,2373.4,,available,validation,synthetic
MAT-000417,FAC-001,2025-05-12,ORD-03-013,zipper,1296.5,1338.0,,available,validation,synthetic
MAT-000418,FAC-001,2025-05-13,ORD-03-013,sewing_thread,1971.4,2158.0,,available,validation,synthetic
MAT-000419,FAC-001,2025-05-14,ORD-03-013,zipper,1385.1,1403.6,,available,validation,synthetic
MAT-000420,FAC-001,2025-05-15,ORD-03-013,sewing_thread,804.6,879.9,,available,validation,synthetic
MAT-000421,FAC-001,2025-05-17,ORD-03-013,labels,956.6,1060.9,,available,validation,synthetic
MAT-000422,FAC-001,2025-05-18,ORD-03-013,labels,333.8,301.5,2025-05-18T09:00:00+00:00,minor,validation,synthetic
MAT-000423,FAC-001,2025-05-19,ORD-03-013,buttons,241.8,260.5,,available,validation,synthetic
MAT-000424,FAC-001,2025-05-20,ORD-03-013,zipper,100.0,109.5,,available,validation,synthetic
MAT-000425,FAC-001,2025-05-21,ORD-03-014,buttons,6538.9,5762.0,2025-05-21T09:00:00+00:00,minor,validation,synthetic
MAT-000426,FAC-001,2025-05-22,ORD-03-014,labels,6682.6,6926.3,,available,validation,synthetic
MAT-000427,FAC-001,2025-05-24,ORD-03-014,sewing_thread,5324.0,5486.0,,available,validation,synthetic
MAT-000428,FAC-001,2025-05-25,ORD-03-014,shell_fabric,4453.8,4852.7,,available,validation,synthetic
MAT-000429,FAC-001,2025-05-26,ORD-03-014,buttons,3100.2,3253.6,,available,validation,synthetic
MAT-000430,FAC-001,2025-05-27,ORD-03-014,zipper,3754.0,4172.5,,available,validation,synthetic
MAT-000431,FAC-001,2025-05-28,ORD-03-014,shell_fabric,1750.9,1891.5,,available,validation,synthetic
MAT-000432,FAC-001,2025-05-29,ORD-03-014,zipper,980.6,990.1,,available,validation,synthetic
MAT-000433,FAC-001,2025-05-31,ORD-03-014,labels,1127.9,1178.3,,available,validation,synthetic
MAT-000434,FAC-001,2025-06-01,ORD-03-014,zipper,151.3,166.7,,available,test,synthetic
MAT-000435,FAC-001,2025-06-02,ORD-03-015,zipper,7489.4,7620.8,,available,test,synthetic
MAT-000436,FAC-001,2025-06-03,ORD-03-015,shell_fabric,5548.4,5633.2,,available,test,synthetic
MAT-000437,FAC-001,2025-06-04,ORD-03-015,buttons,3679.9,3880.5,,available,test,synthetic
MAT-000438,FAC-001,2025-06-05,ORD-03-015,labels,5717.8,6075.7,,available,test,synthetic
MAT-000439,FAC-001,2025-06-07,ORD-03-015,shell_fabric,2346.3,2539.9,,available,test,synthetic
MAT-000440,FAC-001,2025-06-08,ORD-03-015,buttons,1939.7,2171.0,,available,test,synthetic
MAT-000441,FAC-001,2025-06-09,ORD-03-015,buttons,2388.1,2401.0,,available,test,synthetic
MAT-000442,FAC-001,2025-06-10,ORD-03-015,zipper,1199.1,1234.0,,available,test,synthetic
MAT-000443,FAC-001,2025-06-11,ORD-03-015,zipper,692.6,697.4,,available,test,synthetic
MAT-000444,FAC-001,2025-06-12,ORD-03-015,labels,335.8,126.7,2025-06-14T09:00:00+00:00,critical,test,synthetic
MAT-000445,FAC-001,2025-06-14,ORD-03-015,shell_fabric,107.0,117.7,,available,test,synthetic
MAT-000446,FAC-001,2025-06-15,ORD-03-016,sewing_thread,3159.4,3510.0,,available,test,synthetic
MAT-000447,FAC-001,2025-06-16,ORD-03-016,sewing_thread,1387.5,1422.6,,available,test,synthetic
MAT-000448,FAC-001,2025-06-17,ORD-03-016,shell_fabric,2429.8,2627.1,,available,test,synthetic
MAT-000449,FAC-001,2025-06-18,ORD-03-016,buttons,2144.0,1824.2,2025-06-18T09:00:00+00:00,minor,test,synthetic
MAT-000450,FAC-001,2025-06-19,ORD-03-016,labels,1738.0,1842.4,,available,test,synthetic
MAT-000451,FAC-001,2025-06-21,ORD-03-016,zipper,1724.3,1817.2,,available,test,synthetic
MAT-000452,FAC-001,2025-06-22,ORD-03-016,shell_fabric,1291.3,1376.0,,available,test,synthetic
MAT-000453,FAC-001,2025-06-23,ORD-03-016,zipper,724.3,727.1,,available,test,synthetic
MAT-000454,FAC-001,2025-06-24,ORD-03-016,buttons,622.1,626.2,,available,test,synthetic
MAT-000455,FAC-001,2025-06-25,ORD-03-016,zipper,149.8,164.5,,available,test,synthetic
MAT-000456,FAC-001,2025-06-26,ORD-03-016,zipper,100.0,102.6,,available,test,synthetic
MAT-000457,FAC-001,2025-06-28,ORD-03-016,shell_fabric,100.0,107.4,,available,test,synthetic
MAT-000458,FAC-001,2025-06-29,ORD-03-017,buttons,2580.2,2328.4,2025-06-29T09:00:00+00:00,minor,test,synthetic
MAT-000459,FAC-001,2025-06-30,ORD-03-017,labels,3299.6,3602.5,,available,test,synthetic
MAT-000460,FAC-001,2025-01-04,ORD-04-001,labels,1658.7,1815.0,,available,train,synthetic
MAT-000461,FAC-001,2025-01-05,ORD-04-001,sewing_thread,1398.9,1564.0,,available,train,synthetic
MAT-000462,FAC-001,2025-01-06,ORD-04-001,buttons,1071.5,1114.7,,available,train,synthetic
MAT-000463,FAC-001,2025-01-07,ORD-04-001,sewing_thread,1761.4,1794.5,,available,train,synthetic
MAT-000464,FAC-001,2025-01-08,ORD-04-001,buttons,1440.1,1518.5,,available,train,synthetic
MAT-000465,FAC-001,2025-01-09,ORD-04-001,labels,767.3,823.7,,available,train,synthetic
MAT-000466,FAC-001,2025-01-11,ORD-04-001,sewing_thread,444.3,494.7,,available,train,synthetic
MAT-000467,FAC-001,2025-01-12,ORD-04-001,sewing_thread,268.0,269.2,,available,train,synthetic
MAT-000468,FAC-001,2025-01-13,ORD-04-001,zipper,110.1,114.7,,available,train,synthetic
MAT-000469,FAC-001,2025-01-14,ORD-04-001,sewing_thread,100.0,103.6,,available,train,synthetic
MAT-000470,FAC-001,2025-01-15,ORD-04-002,buttons,1420.4,794.8,2025-01-16T09:00:00+00:00,critical,train,synthetic
MAT-000471,FAC-001,2025-01-16,ORD-04-002,shell_fabric,1270.9,1341.4,,available,train,synthetic
MAT-000472,FAC-001,2025-01-18,ORD-04-002,buttons,1875.0,1974.6,,available,train,synthetic
MAT-000473,FAC-001,2025-01-19,ORD-04-002,sewing_thread,851.9,931.1,,available,train,synthetic
MAT-000474,FAC-001,2025-01-20,ORD-04-002,labels,685.4,694.0,,available,train,synthetic
MAT-000475,FAC-001,2025-01-21,ORD-04-002,shell_fabric,354.1,373.7,,available,train,synthetic
MAT-000476,FAC-001,2025-01-22,ORD-04-003,buttons,973.7,1022.3,,available,train,synthetic
MAT-000477,FAC-001,2025-01-23,ORD-04-003,labels,1020.8,820.6,2025-01-23T09:00:00+00:00,minor,train,synthetic
MAT-000478,FAC-001,2025-01-25,ORD-04-003,labels,721.6,744.6,,available,train,synthetic
MAT-000479,FAC-001,2025-01-26,ORD-04-003,shell_fabric,385.7,424.0,,available,train,synthetic
MAT-000480,FAC-001,2025-01-27,ORD-04-003,labels,194.4,210.3,,available,train,synthetic
MAT-000481,FAC-001,2025-01-28,ORD-04-004,buttons,1242.0,988.1,2025-01-28T09:00:00+00:00,minor,train,synthetic
MAT-000482,FAC-001,2025-01-29,ORD-04-004,shell_fabric,1053.2,1120.0,,available,train,synthetic
MAT-000483,FAC-001,2025-01-30,ORD-04-004,zipper,1014.2,1046.1,,available,train,synthetic
MAT-000484,FAC-001,2025-02-01,ORD-04-004,labels,956.5,1044.7,,available,train,synthetic
MAT-000485,FAC-001,2025-02-02,ORD-04-004,labels,1239.4,1029.2,2025-02-02T09:00:00+00:00,minor,train,synthetic
MAT-000486,FAC-001,2025-02-03,ORD-04-004,sewing_thread,471.8,511.9,,available,train,synthetic
MAT-000487,FAC-001,2025-02-04,ORD-04-004,zipper,457.7,482.5,,available,train,synthetic
MAT-000488,FAC-001,2025-02-05,ORD-04-004,shell_fabric,169.2,92.3,2025-02-06T09:00:00+00:00,critical,train,synthetic
MAT-000489,FAC-001,2025-02-06,ORD-04-004,labels,100.0,111.5,,available,train,synthetic
MAT-000490,FAC-001,2025-02-08,ORD-04-005,zipper,1934.6,2129.3,,available,train,synthetic
MAT-000491,FAC-001,2025-02-09,ORD-04-005,buttons,1791.9,1885.0,,available,train,synthetic
MAT-000492,FAC-001,2025-02-10,ORD-04-005,zipper,2060.3,2268.1,,available,train,synthetic
MAT-000493,FAC-001,2025-02-11,ORD-04-005,buttons,1018.8,1060.9,,available,train,synthetic
MAT-000494,FAC-001,2025-02-12,ORD-04-005,sewing_thread,683.1,721.6,,available,train,synthetic
MAT-000495,FAC-001,2025-02-13,ORD-04-005,shell_fabric,1348.4,1451.6,,available,train,synthetic
MAT-000496,FAC-001,2025-02-15,ORD-04-005,sewing_thread,627.1,693.6,,available,train,synthetic
MAT-000497,FAC-001,2025-02-16,ORD-04-005,zipper,321.2,322.9,,available,train,synthetic
MAT-000498,FAC-001,2025-02-17,ORD-04-005,zipper,207.7,212.2,,available,train,synthetic
MAT-000499,FAC-001,2025-02-18,ORD-04-005,buttons,100.0,103.3,,available,train,synthetic
MAT-000500,FAC-001,2025-02-19,ORD-04-005,labels,100.0,106.9,,available,train,synthetic
MAT-000501,FAC-001,2025-02-20,ORD-04-006,buttons,1531.5,1609.9,,available,train,synthetic
MAT-000502,FAC-001,2025-02-22,ORD-04-006,labels,2001.8,2210.8,,available,train,synthetic
MAT-000503,FAC-001,2025-02-23,ORD-04-006,sewing_thread,1551.7,1590.6,,available,train,synthetic
MAT-000504,FAC-001,2025-02-24,ORD-04-006,labels,1618.5,1631.3,,available,train,synthetic
MAT-000505,FAC-001,2025-02-25,ORD-04-006,zipper,1102.7,1231.1,,available,train,synthetic
MAT-000506,FAC-001,2025-02-26,ORD-04-006,labels,552.2,561.1,,available,train,synthetic
MAT-000507,FAC-001,2025-02-27,ORD-04-006,shell_fabric,578.0,628.3,,available,train,synthetic
MAT-000508,FAC-001,2025-03-01,ORD-04-006,sewing_thread,222.6,246.2,,available,train,synthetic
MAT-000509,FAC-001,2025-03-02,ORD-04-006,shell_fabric,113.5,113.6,,available,train,synthetic
MAT-000510,FAC-001,2025-03-03,ORD-04-007,shell_fabric,968.2,1020.3,,available,train,synthetic
MAT-000511,FAC-001,2025-03-04,ORD-04-007,labels,1273.7,999.4,2025-03-04T09:00:00+00:00,minor,train,synthetic
MAT-000512,FAC-001,2025-03-05,ORD-04-007,labels,990.1,1013.3,,available,train,synthetic
MAT-000513,FAC-001,2025-03-06,ORD-04-007,zipper,441.6,456.6,,available,train,synthetic
MAT-000514,FAC-001,2025-03-08,ORD-04-007,zipper,153.6,155.6,,available,train,synthetic
MAT-000515,FAC-001,2025-03-09,ORD-04-007,sewing_thread,100.0,100.4,,available,train,synthetic
MAT-000516,FAC-001,2025-03-10,ORD-04-008,zipper,1656.4,1706.8,,available,train,synthetic
MAT-000517,FAC-001,2025-03-11,ORD-04-008,shell_fabric,1079.9,1115.7,,available,train,synthetic
MAT-000518,FAC-001,2025-03-12,ORD-04-008,buttons,972.9,1028.1,,available,train,synthetic
MAT-000519,FAC-001,2025-03-13,ORD-04-008,labels,1314.6,1413.0,,available,train,synthetic
MAT-000520,FAC-001,2025-03-15,ORD-04-008,sewing_thread,396.4,433.5,,available,train,synthetic
MAT-000521,FAC-001,2025-03-16,ORD-04-008,zipper,248.6,278.2,,available,train,synthetic
MAT-000522,FAC-001,2025-03-17,ORD-04-008,buttons,138.9,141.7,,available,train,synthetic
MAT-000523,FAC-001,2025-03-18,ORD-04-008,shell_fabric,100.0,87.2,2025-03-18T09:00:00+00:00,minor,train,synthetic
MAT-000524,FAC-001,2025-03-19,ORD-04-009,sewing_thread,858.9,871.4,,available,train,synthetic
MAT-000525,FAC-001,2025-03-20,ORD-04-009,shell_fabric,648.3,650.7,,available,train,synthetic
MAT-000526,FAC-001,2025-03-22,ORD-04-009,buttons,436.6,478.2,,available,train,synthetic
MAT-000527,FAC-001,2025-03-23,ORD-04-009,zipper,320.6,343.8,,available,train,synthetic
MAT-000528,FAC-001,2025-03-24,ORD-04-009,shell_fabric,100.0,108.1,,available,train,synthetic
MAT-000529,FAC-001,2025-03-25,ORD-04-009,shell_fabric,100.0,100.9,,available,train,synthetic
MAT-000530,FAC-001,2025-03-26,ORD-04-010,labels,1725.7,1736.5,,available,train,synthetic
MAT-000531,FAC-001,2025-03-27,ORD-04-010,labels,1333.8,1349.7,,available,train,synthetic
MAT-000532,FAC-001,2025-03-29,ORD-04-010,sewing_thread,1018.9,1124.6,,available,train,synthetic
MAT-000533,FAC-001,2025-03-30,ORD-04-010,sewing_thread,579.8,601.1,,available,train,synthetic
MAT-000534,FAC-001,2025-03-31,ORD-04-010,labels,308.6,317.0,,available,train,synthetic
MAT-000535,FAC-001,2025-04-01,ORD-04-010,zipper,291.6,316.8,,available,train,synthetic
MAT-000536,FAC-001,2025-04-02,ORD-04-010,labels,100.0,105.0,,available,train,synthetic
MAT-000537,FAC-001,2025-04-03,ORD-04-010,labels,100.0,109.1,,available,train,synthetic
MAT-000538,FAC-001,2025-04-05,ORD-04-011,sewing_thread,1535.0,1692.4,,available,train,synthetic
MAT-000539,FAC-001,2025-04-06,ORD-04-011,zipper,1451.3,1465.3,,available,train,synthetic
MAT-000540,FAC-001,2025-04-07,ORD-04-011,buttons,800.8,815.9,,available,train,synthetic
MAT-000541,FAC-001,2025-04-08,ORD-04-011,labels,697.7,752.6,,available,train,synthetic
MAT-000542,FAC-001,2025-04-09,ORD-04-011,zipper,698.7,740.1,,available,train,synthetic
MAT-000543,FAC-001,2025-04-10,ORD-04-011,buttons,366.0,372.2,,available,train,synthetic
MAT-000544,FAC-001,2025-04-12,ORD-04-011,shell_fabric,100.0,104.2,,available,train,synthetic
MAT-000545,FAC-001,2025-04-13,ORD-04-011,buttons,100.0,108.2,,available,train,synthetic
MAT-000546,FAC-001,2025-04-14,ORD-04-012,sewing_thread,1046.4,1138.6,,available,train,synthetic
MAT-000547,FAC-001,2025-04-15,ORD-04-012,zipper,1130.7,1131.4,,available,train,synthetic
MAT-000548,FAC-001,2025-04-16,ORD-04-012,buttons,972.5,980.0,,available,train,synthetic
MAT-000549,FAC-001,2025-04-17,ORD-04-012,zipper,665.0,736.3,,available,train,synthetic
MAT-000550,FAC-001,2025-04-19,ORD-04-012,sewing_thread,365.6,96.9,2025-04-20T09:00:00+00:00,critical,train,synthetic
MAT-000551,FAC-001,2025-04-20,ORD-04-012,buttons,294.7,309.3,,available,train,synthetic
MAT-000552,FAC-001,2025-04-21,ORD-04-012,shell_fabric,141.7,150.5,,available,train,synthetic
MAT-000553,FAC-001,2025-04-22,ORD-04-012,shell_fabric,100.0,104.1,,available,train,synthetic
MAT-000554,FAC-001,2025-04-23,ORD-04-013,sewing_thread,1761.9,1778.1,,available,train,synthetic
MAT-000555,FAC-001,2025-04-24,ORD-04-013,zipper,3229.3,3401.2,,available,train,synthetic
MAT-000556,FAC-001,2025-04-26,ORD-04-013,labels,2130.7,2133.9,,available,train,synthetic
MAT-000557,FAC-001,2025-04-27,ORD-04-013,labels,2109.2,2175.1,,available,train,synthetic
MAT-000558,FAC-001,2025-04-28,ORD-04-013,buttons,1690.1,1775.9,,available,train,synthetic
MAT-000559,FAC-001,2025-04-29,ORD-04-013,labels,1001.8,1081.8,,available,train,synthetic
MAT-000560,FAC-001,2025-04-30,ORD-04-013,zipper,997.1,1040.2,,available,train,synthetic
MAT-000561,FAC-001,2025-05-01,ORD-04-013,labels,525.0,582.8,,available,validation,synthetic
MAT-000562,FAC-001,2025-05-03,ORD-04-013,labels,241.3,260.5,,available,validation,synthetic
MAT-000563,FAC-001,2025-05-04,ORD-04-013,labels,100.0,110.2,,available,validation,synthetic
MAT-000564,FAC-001,2025-05-05,ORD-04-014,labels,1482.1,1563.9,,available,validation,synthetic
MAT-000565,FAC-001,2025-05-06,ORD-04-014,buttons,1649.4,1803.5,,available,validation,synthetic
MAT-000566,FAC-001,2025-05-07,ORD-04-014,shell_fabric,1657.9,1790.9,,available,validation,synthetic
MAT-000567,FAC-001,2025-05-08,ORD-04-014,shell_fabric,1323.2,1435.7,,available,validation,synthetic
MAT-000568,FAC-001,2025-05-10,ORD-04-014,zipper,538.7,559.8,,available,validation,synthetic
MAT-000569,FAC-001,2025-05-11,ORD-04-014,zipper,589.5,628.7,,available,validation,synthetic
MAT-000570,FAC-001,2025-05-12,ORD-04-014,shell_fabric,266.6,294.5,,available,validation,synthetic
MAT-000571,FAC-001,2025-05-13,ORD-04-014,zipper,100.0,107.4,,available,validation,synthetic
MAT-000572,FAC-001,2025-05-14,ORD-04-015,zipper,1307.3,1464.0,,available,validation,synthetic
MAT-000573,FAC-001,2025-05-15,ORD-04-015,labels,589.3,636.8,,available,validation,synthetic
MAT-000574,FAC-001,2025-05-17,ORD-04-015,labels,583.2,632.9,,available,validation,synthetic
MAT-000575,FAC-001,2025-05-18,ORD-04-015,sewing_thread,483.4,510.8,,available,validation,synthetic
MAT-000576,FAC-001,2025-05-19,ORD-04-015,shell_fabric,147.2,164.3,,available,validation,synthetic
MAT-000577,FAC-001,2025-05-20,ORD-04-015,sewing_thread,100.0,76.2,2025-05-20T09:00:00+00:00,minor,validation,synthetic
MAT-000578,FAC-001,2025-05-21,ORD-04-015,zipper,100.0,109.3,,available,validation,synthetic
MAT-000579,FAC-001,2025-05-22,ORD-04-016,labels,2431.1,2528.7,,available,validation,synthetic
MAT-000580,FAC-001,2025-05-24,ORD-04-016,zipper,1009.1,1106.4,,available,validation,synthetic
MAT-000581,FAC-001,2025-05-25,ORD-04-016,shell_fabric,1446.1,1615.3,,available,validation,synthetic
MAT-000582,FAC-001,2025-05-26,ORD-04-016,zipper,1436.1,1536.7,,available,validation,synthetic
MAT-000583,FAC-001,2025-05-27,ORD-04-016,labels,1466.7,1522.4,,available,validation,synthetic
MAT-000584,FAC-001,2025-05-28,ORD-04-016,shell_fabric,649.7,689.2,,available,validation,synthetic
MAT-000585,FAC-001,2025-05-29,ORD-04-016,zipper,426.6,433.3,,available,validation,synthetic
MAT-000586,FAC-001,2025-05-31,ORD-04-016,labels,458.6,474.3,,available,validation,synthetic
MAT-000587,FAC-001,2025-06-01,ORD-04-016,shell_fabric,100.0,105.2,,available,test,synthetic
MAT-000588,FAC-001,2025-06-02,ORD-04-017,labels,2124.6,2279.3,,available,test,synthetic
MAT-000589,FAC-001,2025-06-03,ORD-04-017,labels,2034.0,2238.9,,available,test,synthetic
MAT-000590,FAC-001,2025-06-04,ORD-04-017,labels,2470.9,2582.0,,available,test,synthetic
MAT-000591,FAC-001,2025-06-05,ORD-04-017,shell_fabric,2223.5,2398.7,,available,test,synthetic
MAT-000592,FAC-001,2025-06-07,ORD-04-017,zipper,1257.9,1339.0,,available,test,synthetic
MAT-000593,FAC-001,2025-06-08,ORD-04-017,labels,1407.4,1549.6,,available,test,synthetic
MAT-000594,FAC-001,2025-06-09,ORD-04-017,zipper,898.6,956.9,,available,test,synthetic
MAT-000595,FAC-001,2025-06-10,ORD-04-017,sewing_thread,813.6,897.4,,available,test,synthetic
MAT-000596,FAC-001,2025-06-11,ORD-04-017,shell_fabric,329.3,360.4,,available,test,synthetic
MAT-000597,FAC-001,2025-06-12,ORD-04-017,sewing_thread,100.0,111.9,,available,test,synthetic
MAT-000598,FAC-001,2025-06-14,ORD-04-018,zipper,1291.8,1340.2,,available,test,synthetic
MAT-000599,FAC-001,2025-06-15,ORD-04-018,buttons,1491.0,1567.7,,available,test,synthetic
MAT-000600,FAC-001,2025-06-16,ORD-04-018,zipper,1503.2,1560.3,,available,test,synthetic
MAT-000601,FAC-001,2025-06-17,ORD-04-018,shell_fabric,1233.4,1243.7,,available,test,synthetic
MAT-000602,FAC-001,2025-06-18,ORD-04-018,shell_fabric,1053.0,1078.6,,available,test,synthetic
MAT-000603,FAC-001,2025-06-19,ORD-04-018,shell_fabric,496.1,218.9,2025-06-21T09:00:00+00:00,critical,test,synthetic
MAT-000604,FAC-001,2025-06-21,ORD-04-018,sewing_thread,504.9,517.5,,available,test,synthetic
MAT-000605,FAC-001,2025-06-22,ORD-04-018,shell_fabric,263.4,278.5,,available,test,synthetic
MAT-000606,FAC-001,2025-06-23,ORD-04-019,zipper,1342.2,1466.5,,available,test,synthetic
MAT-000607,FAC-001,2025-06-24,ORD-04-019,shell_fabric,2094.1,2305.7,,available,test,synthetic
MAT-000608,FAC-001,2025-06-25,ORD-04-019,zipper,1746.1,1813.5,,available,test,synthetic
MAT-000609,FAC-001,2025-06-26,ORD-04-019,sewing_thread,875.1,905.4,,available,test,synthetic
MAT-000610,FAC-001,2025-06-28,ORD-04-019,labels,1101.3,1120.6,,available,test,synthetic
MAT-000611,FAC-001,2025-06-29,ORD-04-019,sewing_thread,444.9,447.3,,available,test,synthetic
MAT-000612,FAC-001,2025-06-30,ORD-04-019,sewing_thread,384.5,399.7,,available,test,synthetic
MAT-000613,FAC-001,2025-01-04,ORD-05-001,buttons,4279.9,4444.9,,available,train,synthetic
MAT-000614,FAC-001,2025-01-05,ORD-05-001,buttons,3340.3,3626.9,,available,train,synthetic
MAT-000615,FAC-001,2025-01-06,ORD-05-001,sewing_thread,3376.3,1950.6,2025-01-07T09:00:00+00:00,critical,train,synthetic
MAT-000616,FAC-001,2025-01-07,ORD-05-001,sewing_thread,3785.5,3963.8,,available,train,synthetic
MAT-000617,FAC-001,2025-01-08,ORD-05-001,zipper,2854.4,2931.5,,available,train,synthetic
MAT-000618,FAC-001,2025-01-09,ORD-05-001,shell_fabric,3033.2,3210.1,,available,train,synthetic
MAT-000619,FAC-001,2025-01-11,ORD-05-001,sewing_thread,2203.0,2252.6,,available,train,synthetic
MAT-000620,FAC-001,2025-01-12,ORD-05-001,sewing_thread,1488.4,1619.3,,available,train,synthetic
MAT-000621,FAC-001,2025-01-13,ORD-05-001,shell_fabric,705.0,574.6,2025-01-13T09:00:00+00:00,minor,train,synthetic
MAT-000622,FAC-001,2025-01-14,ORD-05-001,sewing_thread,749.3,831.0,,available,train,synthetic
MAT-000623,FAC-001,2025-01-15,ORD-05-001,zipper,599.4,276.6,2025-01-16T09:00:00+00:00,critical,train,synthetic
MAT-000624,FAC-001,2025-01-16,ORD-05-001,zipper,257.7,265.8,,available,train,synthetic
MAT-000625,FAC-001,2025-01-18,ORD-05-002,sewing_thread,1111.2,1142.2,,available,train,synthetic
MAT-000626,FAC-001,2025-01-19,ORD-05-002,sewing_thread,1193.5,1285.5,,available,train,synthetic
MAT-000627,FAC-001,2025-01-20,ORD-05-002,zipper,1822.8,1894.4,,available,train,synthetic
MAT-000628,FAC-001,2025-01-21,ORD-05-002,buttons,1518.5,1557.2,,available,train,synthetic
MAT-000629,FAC-001,2025-01-22,ORD-05-002,shell_fabric,857.7,767.3,2025-01-22T09:00:00+00:00,minor,train,synthetic
MAT-000630,FAC-001,2025-01-23,ORD-05-002,zipper,736.0,804.5,,available,train,synthetic
MAT-000631,FAC-001,2025-01-25,ORD-05-002,sewing_thread,510.6,553.8,,available,train,synthetic
MAT-000632,FAC-001,2025-01-26,ORD-05-002,labels,468.7,477.2,,available,train,synthetic
MAT-000633,FAC-001,2025-01-27,ORD-05-002,zipper,147.6,161.6,,available,train,synthetic
MAT-000634,FAC-001,2025-01-28,ORD-05-002,sewing_thread,100.0,108.1,,available,train,synthetic
MAT-000635,FAC-001,2025-01-29,ORD-05-003,labels,1396.1,1486.3,,available,train,synthetic
MAT-000636,FAC-001,2025-01-30,ORD-05-003,zipper,1475.9,1540.6,,available,train,synthetic
MAT-000637,FAC-001,2025-02-01,ORD-05-003,zipper,763.6,766.5,,available,train,synthetic
MAT-000638,FAC-001,2025-02-02,ORD-05-003,buttons,1150.3,1235.4,,available,train,synthetic
MAT-000639,FAC-001,2025-02-03,ORD-05-003,buttons,756.4,793.9,,available,train,synthetic
MAT-000640,FAC-001,2025-02-04,ORD-05-003,shell_fabric,460.1,482.6,,available,train,synthetic
MAT-000641,FAC-001,2025-02-05,ORD-05-003,buttons,100.0,105.0,,available,train,synthetic
MAT-000642,FAC-001,2025-02-06,ORD-05-003,labels,100.0,103.4,,available,train,synthetic
MAT-000643,FAC-001,2025-02-08,ORD-05-004,sewing_thread,1861.8,1986.1,,available,train,synthetic
MAT-000644,FAC-001,2025-02-09,ORD-05-004,buttons,1892.3,2010.1,,available,train,synthetic
MAT-000645,FAC-001,2025-02-10,ORD-05-004,zipper,1666.2,1672.4,,available,train,synthetic
MAT-000646,FAC-001,2025-02-11,ORD-05-004,zipper,1030.2,1074.4,,available,train,synthetic
MAT-000647,FAC-001,2025-02-12,ORD-05-004,zipper,417.2,432.2,,available,train,synthetic
MAT-000648,FAC-001,2025-02-13,ORD-05-004,zipper,563.1,570.2,,available,train,synthetic
MAT-000649,FAC-001,2025-02-15,ORD-05-004,labels,242.9,180.6,2025-02-15T09:00:00+00:00,minor,train,synthetic
MAT-000650,FAC-001,2025-02-16,ORD-05-004,buttons,100.0,103.4,,available,train,synthetic
MAT-000651,FAC-001,2025-02-17,ORD-05-004,shell_fabric,100.0,102.0,,available,train,synthetic
MAT-000652,FAC-001,2025-02-18,ORD-05-005,zipper,2162.2,2195.2,,available,train,synthetic
MAT-000653,FAC-001,2025-02-19,ORD-05-005,sewing_thread,2301.0,2453.1,,available,train,synthetic
MAT-000654,FAC-001,2025-02-20,ORD-05-005,sewing_thread,1764.1,961.7,2025-02-22T09:00:00+00:00,critical,train,synthetic
MAT-000655,FAC-001,2025-02-22,ORD-05-005,zipper,1521.9,1668.1,,available,train,synthetic
MAT-000656,FAC-001,2025-02-23,ORD-05-005,labels,1244.9,1353.6,,available,train,synthetic
MAT-000657,FAC-001,2025-02-24,ORD-05-005,buttons,528.5,542.5,,available,train,synthetic
MAT-000658,FAC-001,2025-02-25,ORD-05-005,shell_fabric,435.5,443.5,,available,train,synthetic
MAT-000659,FAC-001,2025-02-26,ORD-05-005,sewing_thread,336.7,344.1,,available,train,synthetic
MAT-000660,FAC-001,2025-02-27,ORD-05-005,sewing_thread,100.0,105.0,,available,train,synthetic
MAT-000661,FAC-001,2025-03-01,ORD-05-006,labels,1106.1,1173.7,,available,train,synthetic
MAT-000662,FAC-001,2025-03-02,ORD-05-006,labels,1176.9,1298.1,,available,train,synthetic
MAT-000663,FAC-001,2025-03-03,ORD-05-006,sewing_thread,620.2,633.4,,available,train,synthetic
MAT-000664,FAC-001,2025-03-04,ORD-05-006,sewing_thread,572.8,584.9,,available,train,synthetic
MAT-000665,FAC-001,2025-03-05,ORD-05-006,buttons,420.6,424.9,,available,train,synthetic
MAT-000666,FAC-001,2025-03-06,ORD-05-006,labels,548.1,573.5,,available,train,synthetic
MAT-000667,FAC-001,2025-03-08,ORD-05-006,sewing_thread,252.5,83.5,2025-03-09T09:00:00+00:00,critical,train,synthetic
MAT-000668,FAC-001,2025-03-09,ORD-05-006,zipper,145.5,155.4,,available,train,synthetic
MAT-000669,FAC-001,2025-03-10,ORD-05-007,buttons,504.9,565.5,,available,train,synthetic
MAT-000670,FAC-001,2025-03-11,ORD-05-007,shell_fabric,667.3,677.3,,available,train,synthetic
MAT-000671,FAC-001,2025-03-12,ORD-05-007,labels,584.2,645.1,,available,train,synthetic
MAT-000672,FAC-001,2025-03-13,ORD-05-007,buttons,214.5,226.9,,available,train,synthetic
MAT-000673,FAC-001,2025-03-15,ORD-05-007,shell_fabric,100.0,84.6,2025-03-15T09:00:00+00:00,minor,train,synthetic
MAT-000674,FAC-001,2025-03-16,ORD-05-007,zipper,100.0,107.2,,available,train,synthetic
MAT-000675,FAC-001,2025-03-17,ORD-05-007,shell_fabric,100.0,106.0,,available,train,synthetic
MAT-000676,FAC-001,2025-03-18,ORD-05-008,zipper,1921.6,2124.1,,available,train,synthetic
MAT-000677,FAC-001,2025-03-19,ORD-05-008,shell_fabric,1628.1,1635.5,,available,train,synthetic
MAT-000678,FAC-001,2025-03-20,ORD-05-008,zipper,1500.3,1595.1,,available,train,synthetic
MAT-000679,FAC-001,2025-03-22,ORD-05-008,sewing_thread,1288.7,1153.9,2025-03-22T09:00:00+00:00,minor,train,synthetic
MAT-000680,FAC-001,2025-03-23,ORD-05-008,buttons,1356.4,1358.9,,available,train,synthetic
MAT-000681,FAC-001,2025-03-24,ORD-05-008,shell_fabric,566.5,588.2,,available,train,synthetic
MAT-000682,FAC-001,2025-03-25,ORD-05-008,labels,781.7,861.1,,available,train,synthetic
MAT-000683,FAC-001,2025-03-26,ORD-05-008,labels,373.6,387.4,,available,train,synthetic
MAT-000684,FAC-001,2025-03-27,ORD-05-008,shell_fabric,259.5,261.1,,available,train,synthetic
MAT-000685,FAC-001,2025-03-29,ORD-05-008,sewing_thread,100.0,102.1,,available,train,synthetic
MAT-000686,FAC-001,2025-03-30,ORD-05-009,labels,1843.7,2064.5,,available,train,synthetic
MAT-000687,FAC-001,2025-03-31,ORD-05-009,labels,685.4,525.5,2025-03-31T09:00:00+00:00,minor,train,synthetic
MAT-000688,FAC-001,2025-04-01,ORD-05-009,zipper,708.9,777.8,,available,train,synthetic
MAT-000689,FAC-001,2025-04-02,ORD-05-009,sewing_thread,1143.4,1170.1,,available,train,synthetic
MAT-000690,FAC-001,2025-04-03,ORD-05-009,buttons,386.3,428.0,,available,train,synthetic
MAT-000691,FAC-001,2025-04-05,ORD-05-009,zipper,519.1,440.3,2025-04-05T09:00:00+00:00,minor,train,synthetic
MAT-000692,FAC-001,2025-04-06,ORD-05-009,sewing_thread,218.0,226.3,,available,train,synthetic
MAT-000693,FAC-001,2025-04-07,ORD-05-010,labels,1497.5,1514.8,,available,train,synthetic
MAT-000694,FAC-001,2025-04-08,ORD-05-010,shell_fabric,2280.4,2482.0,,available,train,synthetic
MAT-000695,FAC-001,2025-04-09,ORD-05-010,sewing_thread,1077.9,1081.4,,available,train,synthetic
MAT-000696,FAC-001,2025-04-10,ORD-05-010,labels,1836.8,1851.5,,available,train,synthetic
MAT-000697,FAC-001,2025-04-12,ORD-05-010,shell_fabric,921.6,981.3,,available,train,synthetic
MAT-000698,FAC-001,2025-04-13,ORD-05-010,shell_fabric,962.4,1021.6,,available,train,synthetic
MAT-000699,FAC-001,2025-04-14,ORD-05-010,buttons,437.2,488.1,,available,train,synthetic
MAT-000700,FAC-001,2025-04-15,ORD-05-010,sewing_thread,185.3,191.6,,available,train,synthetic
MAT-000701,FAC-001,2025-04-16,ORD-05-010,sewing_thread,100.0,100.7,,available,train,synthetic
MAT-000702,FAC-001,2025-04-17,ORD-05-011,buttons,1279.0,1412.8,,available,train,synthetic
MAT-000703,FAC-001,2025-04-19,ORD-05-011,labels,1069.2,1069.6,,available,train,synthetic
MAT-000704,FAC-001,2025-04-20,ORD-05-011,sewing_thread,1138.2,1154.9,,available,train,synthetic
MAT-000705,FAC-001,2025-04-21,ORD-05-011,buttons,776.4,780.2,,available,train,synthetic
MAT-000706,FAC-001,2025-04-22,ORD-05-011,shell_fabric,499.7,534.1,,available,train,synthetic
MAT-000707,FAC-001,2025-04-23,ORD-05-011,shell_fabric,531.0,568.0,,available,train,synthetic
MAT-000708,FAC-001,2025-04-24,ORD-05-011,buttons,353.6,394.6,,available,train,synthetic
MAT-000709,FAC-001,2025-04-26,ORD-05-011,sewing_thread,270.2,293.1,,available,train,synthetic
MAT-000710,FAC-001,2025-04-27,ORD-05-012,shell_fabric,1131.9,1158.3,,available,train,synthetic
MAT-000711,FAC-001,2025-04-28,ORD-05-012,sewing_thread,807.8,872.6,,available,train,synthetic
MAT-000712,FAC-001,2025-04-29,ORD-05-012,zipper,1006.1,1057.0,,available,train,synthetic
MAT-000713,FAC-001,2025-04-30,ORD-05-012,sewing_thread,755.1,770.6,,available,train,synthetic
MAT-000714,FAC-001,2025-05-01,ORD-05-012,zipper,459.5,257.4,2025-05-03T09:00:00+00:00,critical,validation,synthetic
MAT-000715,FAC-001,2025-05-03,ORD-05-012,shell_fabric,265.2,278.2,,available,validation,synthetic
MAT-000716,FAC-001,2025-05-04,ORD-05-012,zipper,100.0,109.2,,available,validation,synthetic
MAT-000717,FAC-001,2025-05-05,ORD-05-012,sewing_thread,100.0,104.8,,available,validation,synthetic
MAT-000718,FAC-001,2025-05-06,ORD-05-013,sewing_thread,1693.8,1859.6,,available,validation,synthetic
MAT-000719,FAC-001,2025-05-07,ORD-05-013,buttons,2340.9,2612.2,,available,validation,synthetic
MAT-000720,FAC-001,2025-05-08,ORD-05-013,buttons,2437.5,2478.5,,available,validation,synthetic
MAT-000721,FAC-001,2025-05-10,ORD-05-013,labels,1158.4,1171.8,,available,validation,synthetic
MAT-000722,FAC-001,2025-05-11,ORD-05-013,buttons,1388.8,1418.8,,available,validation,synthetic
MAT-000723,FAC-001,2025-05-12,ORD-05-013,zipper,1297.6,976.2,2025-05-12T09:00:00+00:00,minor,validation,synthetic
MAT-000724,FAC-001,2025-05-13,ORD-05-013,labels,1538.3,1634.9,,available,validation,synthetic
MAT-000725,FAC-001,2025-05-14,ORD-05-013,shell_fabric,1163.3,1207.1,,available,validation,synthetic
MAT-000726,FAC-001,2025-05-15,ORD-05-013,labels,911.6,963.8,,available,validation,synthetic
MAT-000727,FAC-001,2025-05-17,ORD-05-013,shell_fabric,529.6,551.9,,available,validation,synthetic
MAT-000728,FAC-001,2025-05-18,ORD-05-013,labels,221.1,232.0,,available,validation,synthetic
MAT-000729,FAC-001,2025-05-19,ORD-05-013,shell_fabric,100.0,81.4,2025-05-19T09:00:00+00:00,minor,validation,synthetic
MAT-000730,FAC-001,2025-05-20,ORD-05-013,labels,100.0,104.0,,available,validation,synthetic
MAT-000731,FAC-001,2025-05-21,ORD-05-014,labels,801.3,809.7,,available,validation,synthetic
MAT-000732,FAC-001,2025-05-22,ORD-05-014,labels,901.9,474.5,2025-05-24T09:00:00+00:00,critical,validation,synthetic
MAT-000733,FAC-001,2025-05-24,ORD-05-014,shell_fabric,578.9,625.5,,available,validation,synthetic
MAT-000734,FAC-001,2025-05-25,ORD-05-014,zipper,731.7,771.9,,available,validation,synthetic
MAT-000735,FAC-001,2025-05-26,ORD-05-014,labels,432.7,472.0,,available,validation,synthetic
MAT-000736,FAC-001,2025-05-27,ORD-05-014,zipper,248.3,215.5,2025-05-27T09:00:00+00:00,minor,validation,synthetic
MAT-000737,FAC-001,2025-05-28,ORD-05-014,sewing_thread,100.0,103.5,,available,validation,synthetic
MAT-000738,FAC-001,2025-05-29,ORD-05-014,buttons,100.0,111.5,,available,validation,synthetic
MAT-000739,FAC-001,2025-05-31,ORD-05-015,shell_fabric,2381.5,2580.6,,available,validation,synthetic
MAT-000740,FAC-001,2025-06-01,ORD-05-015,zipper,1666.4,1690.5,,available,test,synthetic
MAT-000741,FAC-001,2025-06-02,ORD-05-015,sewing_thread,1794.7,1896.2,,available,test,synthetic
MAT-000742,FAC-001,2025-06-03,ORD-05-015,buttons,1260.7,1334.4,,available,test,synthetic
MAT-000743,FAC-001,2025-06-04,ORD-05-015,sewing_thread,869.0,943.7,,available,test,synthetic
MAT-000744,FAC-001,2025-06-05,ORD-05-015,buttons,1353.6,1499.2,,available,test,synthetic
MAT-000745,FAC-001,2025-06-07,ORD-05-015,shell_fabric,803.3,822.7,,available,test,synthetic
MAT-000746,FAC-001,2025-06-08,ORD-05-015,zipper,744.8,762.7,,available,test,synthetic
MAT-000747,FAC-001,2025-06-09,ORD-05-015,buttons,501.3,517.9,,available,test,synthetic
MAT-000748,FAC-001,2025-06-10,ORD-05-015,sewing_thread,171.4,171.9,,available,test,synthetic
MAT-000749,FAC-001,2025-06-11,ORD-05-015,labels,100.0,109.0,,available,test,synthetic
MAT-000750,FAC-001,2025-06-12,ORD-05-015,sewing_thread,100.0,108.5,,available,test,synthetic
MAT-000751,FAC-001,2025-06-14,ORD-05-016,zipper,1827.5,1921.0,,available,test,synthetic
MAT-000752,FAC-001,2025-06-15,ORD-05-016,labels,964.5,993.8,,available,test,synthetic
MAT-000753,FAC-001,2025-06-16,ORD-05-016,labels,568.5,634.2,,available,test,synthetic
MAT-000754,FAC-001,2025-06-17,ORD-05-016,buttons,530.7,581.1,,available,test,synthetic
MAT-000755,FAC-001,2025-06-18,ORD-05-016,labels,100.0,106.3,,available,test,synthetic
MAT-000756,FAC-001,2025-06-19,ORD-05-017,sewing_thread,933.0,1014.6,,available,test,synthetic
MAT-000757,FAC-001,2025-06-21,ORD-05-017,buttons,863.6,932.8,,available,test,synthetic
MAT-000758,FAC-001,2025-06-22,ORD-05-017,sewing_thread,870.8,947.5,,available,test,synthetic
MAT-000759,FAC-001,2025-06-23,ORD-05-017,zipper,919.3,924.0,,available,test,synthetic
MAT-000760,FAC-001,2025-06-24,ORD-05-017,sewing_thread,410.1,444.0,,available,test,synthetic
MAT-000761,FAC-001,2025-06-25,ORD-05-017,shell_fabric,570.3,449.8,2025-06-25T09:00:00+00:00,minor,test,synthetic
MAT-000762,FAC-001,2025-06-26,ORD-05-017,labels,214.6,231.5,,available,test,synthetic
MAT-000763,FAC-001,2025-06-28,ORD-05-017,shell_fabric,100.0,101.3,,available,test,synthetic
MAT-000764,FAC-001,2025-06-29,ORD-05-018,zipper,1364.5,1408.6,,available,test,synthetic
MAT-000765,FAC-001,2025-06-30,ORD-05-018,zipper,956.2,979.9,,available,test,synthetic
MAT-000766,FAC-001,2025-01-04,ORD-06-001,buttons,1358.0,1071.6,2025-01-04T09:00:00+00:00,minor,train,synthetic
MAT-000767,FAC-001,2025-01-05,ORD-06-001,shell_fabric,732.0,737.4,,available,train,synthetic
MAT-000768,FAC-001,2025-01-06,ORD-06-001,shell_fabric,939.5,979.3,,available,train,synthetic
MAT-000769,FAC-001,2025-01-07,ORD-06-001,zipper,501.9,437.4,2025-01-07T09:00:00+00:00,minor,train,synthetic
MAT-000770,FAC-001,2025-01-08,ORD-06-001,sewing_thread,476.6,510.3,,available,train,synthetic
MAT-000771,FAC-001,2025-01-09,ORD-06-001,sewing_thread,307.9,332.0,,available,train,synthetic
MAT-000772,FAC-001,2025-01-11,ORD-06-001,labels,119.6,122.7,,available,train,synthetic
MAT-000773,FAC-001,2025-01-12,ORD-06-001,sewing_thread,100.0,108.7,,available,train,synthetic
MAT-000774,FAC-001,2025-01-13,ORD-06-002,sewing_thread,2546.5,2128.0,2025-01-13T09:00:00+00:00,minor,train,synthetic
MAT-000775,FAC-001,2025-01-14,ORD-06-002,labels,1004.1,1022.1,,available,train,synthetic
MAT-000776,FAC-001,2025-01-15,ORD-06-002,shell_fabric,1329.8,1388.6,,available,train,synthetic
MAT-000777,FAC-001,2025-01-16,ORD-06-002,sewing_thread,1374.6,1017.4,2025-01-16T09:00:00+00:00,minor,train,synthetic
MAT-000778,FAC-001,2025-01-18,ORD-06-002,sewing_thread,798.2,838.8,,available,train,synthetic
MAT-000779,FAC-001,2025-01-19,ORD-06-002,zipper,691.7,759.1,,available,train,synthetic
MAT-000780,FAC-001,2025-01-20,ORD-06-002,sewing_thread,436.2,477.5,,available,train,synthetic
MAT-000781,FAC-001,2025-01-21,ORD-06-002,labels,100.0,111.1,,available,train,synthetic
MAT-000782,FAC-001,2025-01-22,ORD-06-002,labels,100.0,110.5,,available,train,synthetic
MAT-000783,FAC-001,2025-01-23,ORD-06-003,zipper,1789.1,1860.1,,available,train,synthetic
MAT-000784,FAC-001,2025-01-25,ORD-06-003,buttons,1155.4,1212.5,,available,train,synthetic
MAT-000785,FAC-001,2025-01-26,ORD-06-003,sewing_thread,609.9,613.5,,available,train,synthetic
MAT-000786,FAC-001,2025-01-27,ORD-06-003,shell_fabric,764.8,798.1,,available,train,synthetic
MAT-000787,FAC-001,2025-01-28,ORD-06-003,labels,425.5,456.6,,available,train,synthetic
MAT-000788,FAC-001,2025-01-29,ORD-06-003,buttons,152.1,164.2,,available,train,synthetic
MAT-000789,FAC-001,2025-01-30,ORD-06-004,shell_fabric,970.6,1067.8,,available,train,synthetic
MAT-000790,FAC-001,2025-02-01,ORD-06-004,buttons,1069.8,802.1,2025-02-01T09:00:00+00:00,minor,train,synthetic
MAT-000791,FAC-001,2025-02-02,ORD-06-004,zipper,481.4,522.9,,available,train,synthetic
MAT-000792,FAC-001,2025-02-03,ORD-06-004,sewing_thread,435.2,436.0,,available,train,synthetic
MAT-000793,FAC-001,2025-02-04,ORD-06-004,sewing_thread,219.0,169.3,2025-02-04T09:00:00+00:00,minor,train,synthetic
MAT-000794,FAC-001,2025-02-05,ORD-06-004,sewing_thread,100.0,101.5,,available,train,synthetic
MAT-000795,FAC-001,2025-02-06,ORD-06-005,labels,1854.0,1339.1,2025-02-06T09:00:00+00:00,minor,train,synthetic
MAT-000796,FAC-001,2025-02-08,ORD-06-005,buttons,2081.8,1208.7,2025-02-09T09:00:00+00:00,critical,train,synthetic
MAT-000797,FAC-001,2025-02-09,ORD-06-005,labels,1456.8,1519.1,,available,train,synthetic
MAT-000798,FAC-001,2025-02-10,ORD-06-005,shell_fabric,1241.5,1341.5,,available,train,synthetic
MAT-000799,FAC-001,2025-02-11,ORD-06-005,shell_fabric,1615.0,1767.2,,available,train,synthetic
MAT-000800,FAC-001,2025-02-12,ORD-06-005,sewing_thread,614.9,556.5,2025-02-12T09:00:00+00:00,minor,train,synthetic
MAT-000801,FAC-001,2025-02-13,ORD-06-005,labels,938.0,966.5,,available,train,synthetic
MAT-000802,FAC-001,2025-02-15,ORD-06-005,zipper,324.4,334.8,,available,train,synthetic
MAT-000803,FAC-001,2025-02-16,ORD-06-005,sewing_thread,130.1,109.5,2025-02-16T09:00:00+00:00,minor,train,synthetic
MAT-000804,FAC-001,2025-02-17,ORD-06-005,zipper,100.0,27.3,2025-02-18T09:00:00+00:00,critical,train,synthetic
MAT-000805,FAC-001,2025-02-18,ORD-06-005,zipper,100.0,110.5,,available,train,synthetic
MAT-000806,FAC-001,2025-02-19,ORD-06-006,labels,1311.9,1453.7,,available,train,synthetic
MAT-000807,FAC-001,2025-02-20,ORD-06-006,shell_fabric,1181.7,1263.9,,available,train,synthetic
MAT-000808,FAC-001,2025-02-22,ORD-06-006,labels,1193.4,1215.8,,available,train,synthetic
MAT-000809,FAC-001,2025-02-23,ORD-06-006,buttons,992.8,1044.1,,available,train,synthetic
MAT-000810,FAC-001,2025-02-24,ORD-06-006,zipper,1118.4,1124.3,,available,train,synthetic
MAT-000811,FAC-001,2025-02-25,ORD-06-006,sewing_thread,1149.8,1194.4,,available,train,synthetic
MAT-000812,FAC-001,2025-02-26,ORD-06-006,labels,585.2,642.1,,available,train,synthetic
MAT-000813,FAC-001,2025-02-27,ORD-06-006,sewing_thread,271.6,279.8,,available,train,synthetic
MAT-000814,FAC-001,2025-03-01,ORD-06-006,zipper,100.0,100.9,,available,train,synthetic
MAT-000815,FAC-001,2025-03-02,ORD-06-006,zipper,100.0,106.0,,available,train,synthetic
MAT-000816,FAC-001,2025-03-03,ORD-06-007,sewing_thread,687.6,412.1,2025-03-04T09:00:00+00:00,critical,train,synthetic
MAT-000817,FAC-001,2025-03-04,ORD-06-007,buttons,828.9,887.8,,available,train,synthetic
MAT-000818,FAC-001,2025-03-05,ORD-06-007,buttons,374.0,406.3,,available,train,synthetic
MAT-000819,FAC-001,2025-03-06,ORD-06-007,buttons,323.1,353.0,,available,train,synthetic
MAT-000820,FAC-001,2025-03-08,ORD-06-007,zipper,196.9,214.3,,available,train,synthetic
MAT-000821,FAC-001,2025-03-09,ORD-06-008,shell_fabric,1827.8,1437.4,2025-03-09T09:00:00+00:00,minor,train,synthetic
MAT-000822,FAC-001,2025-03-10,ORD-06-008,sewing_thread,1564.5,1706.6,,available,train,synthetic
MAT-000823,FAC-001,2025-03-11,ORD-06-008,buttons,791.3,809.9,,available,train,synthetic
MAT-000824,FAC-001,2025-03-12,ORD-06-008,shell_fabric,774.6,831.7,,available,train,synthetic
MAT-000825,FAC-001,2025-03-13,ORD-06-008,shell_fabric,346.7,387.2,,available,train,synthetic
MAT-000826,FAC-001,2025-03-15,ORD-06-008,zipper,151.9,161.9,,available,train,synthetic
MAT-000827,FAC-001,2025-03-16,ORD-06-008,buttons,100.0,77.2,2025-03-16T09:00:00+00:00,minor,train,synthetic
MAT-000828,FAC-001,2025-03-17,ORD-06-008,buttons,100.0,108.4,,available,train,synthetic
MAT-000829,FAC-001,2025-03-18,ORD-06-009,shell_fabric,1413.8,1550.7,,available,train,synthetic
MAT-000830,FAC-001,2025-03-19,ORD-06-009,buttons,567.6,606.7,,available,train,synthetic
MAT-000831,FAC-001,2025-03-20,ORD-06-009,zipper,620.0,656.5,,available,train,synthetic
MAT-000832,FAC-001,2025-03-22,ORD-06-009,buttons,376.7,396.7,,available,train,synthetic
MAT-000833,FAC-001,2025-03-23,ORD-06-009,sewing_thread,365.6,403.2,,available,train,synthetic
MAT-000834,FAC-001,2025-03-24,ORD-06-009,labels,194.9,205.5,,available,train,synthetic
MAT-000835,FAC-001,2025-03-25,ORD-06-010,buttons,1636.9,1790.8,,available,train,synthetic
MAT-000836,FAC-001,2025-03-26,ORD-06-010,shell_fabric,928.8,975.1,,available,train,synthetic
MAT-000837,FAC-001,2025-03-27,ORD-06-010,zipper,1204.6,1243.8,,available,train,synthetic
MAT-000838,FAC-001,2025-03-29,ORD-06-010,labels,1237.5,1356.5,,available,train,synthetic
MAT-000839,FAC-001,2025-03-30,ORD-06-010,buttons,826.8,302.9,2025-03-31T09:00:00+00:00,critical,train,synthetic
MAT-000840,FAC-001,2025-03-31,ORD-06-010,labels,480.6,500.0,,available,train,synthetic
MAT-000841,FAC-001,2025-04-01,ORD-06-010,zipper,310.7,256.4,2025-04-01T09:00:00+00:00,minor,train,synthetic
MAT-000842,FAC-001,2025-04-02,ORD-06-010,shell_fabric,203.8,218.7,,available,train,synthetic
MAT-000843,FAC-001,2025-04-03,ORD-06-010,buttons,100.0,105.6,,available,train,synthetic
MAT-000844,FAC-001,2025-04-05,ORD-06-011,zipper,2801.2,3088.8,,available,train,synthetic
MAT-000845,FAC-001,2025-04-06,ORD-06-011,labels,3627.5,3653.6,,available,train,synthetic
MAT-000846,FAC-001,2025-04-07,ORD-06-011,zipper,2737.8,2763.3,,available,train,synthetic
MAT-000847,FAC-001,2025-04-08,ORD-06-011,sewing_thread,1461.6,1583.0,,available,train,synthetic
MAT-000848,FAC-001,2025-04-09,ORD-06-011,zipper,1206.1,1336.3,,available,train,synthetic
MAT-000849,FAC-001,2025-04-10,ORD-06-011,shell_fabric,1653.0,1692.6,,available,train,synthetic
MAT-000850,FAC-001,2025-04-12,ORD-06-011,sewing_thread,829.0,885.2,,available,train,synthetic
MAT-000851,FAC-001,2025-04-13,ORD-06-011,labels,586.7,345.4,2025-04-14T09:00:00+00:00,critical,train,synthetic
MAT-000852,FAC-001,2025-04-14,ORD-06-011,labels,870.3,898.0,,available,train,synthetic
MAT-000853,FAC-001,2025-04-15,ORD-06-011,buttons,236.3,247.8,,available,train,synthetic
MAT-000854,FAC-001,2025-04-16,ORD-06-011,labels,100.0,107.4,,available,train,synthetic
MAT-000855,FAC-001,2025-04-17,ORD-06-012,zipper,2018.7,2240.8,,available,train,synthetic
MAT-000856,FAC-001,2025-04-19,ORD-06-012,shell_fabric,1840.8,1893.7,,available,train,synthetic
MAT-000857,FAC-001,2025-04-20,ORD-06-012,zipper,1264.1,1308.5,,available,train,synthetic
MAT-000858,FAC-001,2025-04-21,ORD-06-012,shell_fabric,765.2,843.6,,available,train,synthetic
MAT-000859,FAC-001,2025-04-22,ORD-06-012,labels,1276.5,1325.0,,available,train,synthetic
MAT-000860,FAC-001,2025-04-23,ORD-06-012,zipper,555.9,559.3,,available,train,synthetic
MAT-000861,FAC-001,2025-04-24,ORD-06-012,labels,437.3,487.2,,available,train,synthetic
MAT-000862,FAC-001,2025-04-26,ORD-06-012,zipper,574.4,607.7,,available,train,synthetic
MAT-000863,FAC-001,2025-04-27,ORD-06-012,labels,264.5,283.9,,available,train,synthetic
MAT-000864,FAC-001,2025-04-28,ORD-06-012,shell_fabric,110.9,113.7,,available,train,synthetic
MAT-000865,FAC-001,2025-04-29,ORD-06-013,sewing_thread,995.5,1102.3,,available,train,synthetic
MAT-000866,FAC-001,2025-04-30,ORD-06-013,buttons,420.5,462.7,,available,train,synthetic
MAT-000867,FAC-001,2025-05-01,ORD-06-013,shell_fabric,611.6,650.7,,available,validation,synthetic
MAT-000868,FAC-001,2025-05-03,ORD-06-013,buttons,305.4,308.3,,available,validation,synthetic
MAT-000869,FAC-001,2025-05-04,ORD-06-013,zipper,100.0,103.7,,available,validation,synthetic
MAT-000870,FAC-001,2025-05-05,ORD-06-013,sewing_thread,100.0,100.6,,available,validation,synthetic
MAT-000871,FAC-001,2025-05-06,ORD-06-014,zipper,1235.1,1356.0,,available,validation,synthetic
MAT-000872,FAC-001,2025-05-07,ORD-06-014,labels,1728.0,1841.2,,available,validation,synthetic
MAT-000873,FAC-001,2025-05-08,ORD-06-014,zipper,1191.0,1197.3,,available,validation,synthetic
MAT-000874,FAC-001,2025-05-10,ORD-06-014,buttons,1170.6,1226.1,,available,validation,synthetic
MAT-000875,FAC-001,2025-05-11,ORD-06-014,buttons,880.2,915.1,,available,validation,synthetic
MAT-000876,FAC-001,2025-05-12,ORD-06-014,buttons,676.2,752.4,,available,validation,synthetic
MAT-000877,FAC-001,2025-05-13,ORD-06-014,zipper,310.2,340.8,,available,validation,synthetic
MAT-000878,FAC-001,2025-05-14,ORD-06-014,sewing_thread,100.0,104.5,,available,validation,synthetic
MAT-000879,FAC-001,2025-05-15,ORD-06-014,buttons,100.0,59.5,2025-05-17T09:00:00+00:00,critical,validation,synthetic
MAT-000880,FAC-001,2025-05-17,ORD-06-015,shell_fabric,1033.3,1063.8,,available,validation,synthetic
MAT-000881,FAC-001,2025-05-18,ORD-06-015,buttons,1851.2,1892.2,,available,validation,synthetic
MAT-000882,FAC-001,2025-05-19,ORD-06-015,buttons,697.2,769.3,,available,validation,synthetic
MAT-000883,FAC-001,2025-05-20,ORD-06-015,zipper,644.0,677.1,,available,validation,synthetic
MAT-000884,FAC-001,2025-05-21,ORD-06-015,labels,363.0,374.3,,available,validation,synthetic
MAT-000885,FAC-001,2025-05-22,ORD-06-015,labels,202.1,211.3,,available,validation,synthetic
MAT-000886,FAC-001,2025-05-24,ORD-06-015,labels,100.0,80.4,2025-05-24T09:00:00+00:00,minor,validation,synthetic
MAT-000887,FAC-001,2025-05-25,ORD-06-015,shell_fabric,100.0,100.7,,available,validation,synthetic
MAT-000888,FAC-001,2025-05-26,ORD-06-015,shell_fabric,100.0,109.1,,available,validation,synthetic
MAT-000889,FAC-001,2025-05-27,ORD-06-016,zipper,1735.4,1928.5,,available,validation,synthetic
MAT-000890,FAC-001,2025-05-28,ORD-06-016,sewing_thread,1662.0,1748.8,,available,validation,synthetic
MAT-000891,FAC-001,2025-05-29,ORD-06-016,shell_fabric,1415.0,1435.8,,available,validation,synthetic
MAT-000892,FAC-001,2025-05-31,ORD-06-016,zipper,1327.3,680.8,2025-06-01T09:00:00+00:00,critical,validation,synthetic
MAT-000893,FAC-001,2025-06-01,ORD-06-016,sewing_thread,1159.7,936.3,2025-06-01T09:00:00+00:00,minor,test,synthetic
MAT-000894,FAC-001,2025-06-02,ORD-06-016,sewing_thread,843.5,895.9,,available,test,synthetic
MAT-000895,FAC-001,2025-06-03,ORD-06-016,sewing_thread,552.8,616.6,,available,test,synthetic
MAT-000896,FAC-001,2025-06-04,ORD-06-016,sewing_thread,490.0,512.4,,available,test,synthetic
MAT-000897,FAC-001,2025-06-05,ORD-06-016,shell_fabric,267.7,274.4,,available,test,synthetic
MAT-000898,FAC-001,2025-06-07,ORD-06-016,labels,100.0,103.1,,available,test,synthetic
MAT-000899,FAC-001,2025-06-08,ORD-06-016,zipper,100.0,111.4,,available,test,synthetic
MAT-000900,FAC-001,2025-06-09,ORD-06-017,labels,1225.2,1330.6,,available,test,synthetic
MAT-000901,FAC-001,2025-06-10,ORD-06-017,labels,1460.9,1484.2,,available,test,synthetic
MAT-000902,FAC-001,2025-06-11,ORD-06-017,shell_fabric,1054.5,1169.1,,available,test,synthetic
MAT-000903,FAC-001,2025-06-12,ORD-06-017,buttons,998.4,1062.6,,available,test,synthetic
MAT-000904,FAC-001,2025-06-14,ORD-06-017,buttons,636.1,677.7,,available,test,synthetic
MAT-000905,FAC-001,2025-06-15,ORD-06-017,buttons,328.3,367.1,,available,test,synthetic
MAT-000906,FAC-001,2025-06-16,ORD-06-017,shell_fabric,100.0,101.4,,available,test,synthetic
MAT-000907,FAC-001,2025-06-17,ORD-06-018,labels,1039.3,1144.7,,available,test,synthetic
MAT-000908,FAC-001,2025-06-18,ORD-06-018,buttons,1173.6,1189.4,,available,test,synthetic
MAT-000909,FAC-001,2025-06-19,ORD-06-018,sewing_thread,948.2,1003.3,,available,test,synthetic
MAT-000910,FAC-001,2025-06-21,ORD-06-018,labels,1052.4,1060.7,,available,test,synthetic
MAT-000911,FAC-001,2025-06-22,ORD-06-018,shell_fabric,393.1,414.1,,available,test,synthetic
MAT-000912,FAC-001,2025-06-23,ORD-06-018,zipper,322.8,348.1,,available,test,synthetic
MAT-000913,FAC-001,2025-06-24,ORD-06-018,shell_fabric,165.9,178.7,,available,test,synthetic
MAT-000914,FAC-001,2025-06-25,ORD-06-019,sewing_thread,2108.9,2333.3,,available,test,synthetic
MAT-000915,FAC-001,2025-06-26,ORD-06-019,sewing_thread,2878.1,2919.4,,available,test,synthetic
MAT-000916,FAC-001,2025-06-28,ORD-06-019,buttons,2845.3,3007.1,,available,test,synthetic
MAT-000917,FAC-001,2025-06-29,ORD-06-019,labels,1640.8,1773.0,,available,test,synthetic
MAT-000918,FAC-001,2025-06-30,ORD-06-019,labels,1599.5,1609.9,,available,test,synthetic
MAT-000919,FAC-001,2025-01-04,ORD-07-001,zipper,1252.1,1344.8,,available,train,synthetic
MAT-000920,FAC-001,2025-01-05,ORD-07-001,labels,1326.6,1372.6,,available,train,synthetic
MAT-000921,FAC-001,2025-01-06,ORD-07-001,shell_fabric,1901.1,2093.4,,available,train,synthetic
MAT-000922,FAC-001,2025-01-07,ORD-07-001,sewing_thread,1647.1,1772.3,,available,train,synthetic
MAT-000923,FAC-001,2025-01-08,ORD-07-001,shell_fabric,1620.9,1721.6,,available,train,synthetic
MAT-000924,FAC-001,2025-01-09,ORD-07-001,labels,1145.2,1273.4,,available,train,synthetic
MAT-000925,FAC-001,2025-01-11,ORD-07-001,shell_fabric,1003.0,915.0,2025-01-11T09:00:00+00:00,minor,train,synthetic
MAT-000926,FAC-001,2025-01-12,ORD-07-001,labels,717.1,739.4,,available,train,synthetic
MAT-000927,FAC-001,2025-01-13,ORD-07-001,zipper,572.5,614.4,,available,train,synthetic
MAT-000928,FAC-001,2025-01-14,ORD-07-001,shell_fabric,108.0,111.7,,available,train,synthetic
MAT-000929,FAC-001,2025-01-15,ORD-07-001,shell_fabric,100.0,105.9,,available,train,synthetic
MAT-000930,FAC-001,2025-01-16,ORD-07-002,shell_fabric,3442.7,3730.1,,available,train,synthetic
MAT-000931,FAC-001,2025-01-18,ORD-07-002,buttons,3791.9,4155.4,,available,train,synthetic
MAT-000932,FAC-001,2025-01-19,ORD-07-002,sewing_thread,2337.1,2461.1,,available,train,synthetic
MAT-000933,FAC-001,2025-01-20,ORD-07-002,zipper,2555.7,2698.2,,available,train,synthetic
MAT-000934,FAC-001,2025-01-21,ORD-07-002,shell_fabric,2157.1,2328.9,,available,train,synthetic
MAT-000935,FAC-001,2025-01-22,ORD-07-002,zipper,1397.8,1493.6,,available,train,synthetic
MAT-000936,FAC-001,2025-01-23,ORD-07-002,shell_fabric,1447.3,1536.4,,available,train,synthetic
MAT-000937,FAC-001,2025-01-25,ORD-07-002,shell_fabric,662.5,708.5,,available,train,synthetic
MAT-000938,FAC-001,2025-01-26,ORD-07-002,zipper,604.7,676.3,,available,train,synthetic
MAT-000939,FAC-001,2025-01-27,ORD-07-002,zipper,134.5,140.2,,available,train,synthetic
MAT-000940,FAC-001,2025-01-28,ORD-07-002,sewing_thread,100.0,102.4,,available,train,synthetic
MAT-000941,FAC-001,2025-01-29,ORD-07-002,sewing_thread,100.0,104.9,,available,train,synthetic
MAT-000942,FAC-001,2025-01-30,ORD-07-003,zipper,1402.0,1414.0,,available,train,synthetic
MAT-000943,FAC-001,2025-02-01,ORD-07-003,labels,1002.9,1038.7,,available,train,synthetic
MAT-000944,FAC-001,2025-02-02,ORD-07-003,sewing_thread,1427.1,1531.3,,available,train,synthetic
MAT-000945,FAC-001,2025-02-03,ORD-07-003,labels,1478.8,1560.0,,available,train,synthetic
MAT-000946,FAC-001,2025-02-04,ORD-07-003,labels,1123.7,1215.2,,available,train,synthetic
MAT-000947,FAC-001,2025-02-05,ORD-07-003,labels,781.0,847.6,,available,train,synthetic
MAT-000948,FAC-001,2025-02-06,ORD-07-003,sewing_thread,382.2,385.7,,available,train,synthetic
MAT-000949,FAC-001,2025-02-08,ORD-07-003,shell_fabric,198.4,150.0,2025-02-08T09:00:00+00:00,minor,train,synthetic
MAT-000950,FAC-001,2025-02-09,ORD-07-003,buttons,100.0,104.1,,available,train,synthetic
MAT-000951,FAC-001,2025-02-10,ORD-07-003,buttons,100.0,102.8,,available,train,synthetic
MAT-000952,FAC-001,2025-02-11,ORD-07-003,buttons,100.0,107.2,,available,train,synthetic
MAT-000953,FAC-001,2025-02-12,ORD-07-004,labels,3649.7,3776.5,,available,train,synthetic
MAT-000954,FAC-001,2025-02-13,ORD-07-004,sewing_thread,2252.6,2399.6,,available,train,synthetic
MAT-000955,FAC-001,2025-02-15,ORD-07-004,shell_fabric,2622.5,2778.1,,available,train,synthetic
MAT-000956,FAC-001,2025-02-16,ORD-07-004,sewing_thread,1336.9,1152.0,2025-02-16T09:00:00+00:00,minor,train,synthetic
MAT-000957,FAC-001,2025-02-17,ORD-07-004,sewing_thread,2105.0,1805.3,2025-02-17T09:00:00+00:00,minor,train,synthetic
MAT-000958,FAC-001,2025-02-18,ORD-07-004,buttons,2031.2,2196.3,,available,train,synthetic
MAT-000959,FAC-001,2025-02-19,ORD-07-004,buttons,1145.1,1194.4,,available,train,synthetic
MAT-000960,FAC-001,2025-02-20,ORD-07-004,buttons,960.8,998.2,,available,train,synthetic
MAT-000961,FAC-001,2025-02-22,ORD-07-004,zipper,772.3,801.4,,available,train,synthetic
MAT-000962,FAC-001,2025-02-23,ORD-07-004,shell_fabric,196.9,200.7,,available,train,synthetic
MAT-000963,FAC-001,2025-02-24,ORD-07-004,zipper,100.0,101.9,,available,train,synthetic
MAT-000964,FAC-001,2025-02-25,ORD-07-005,sewing_thread,2031.7,643.4,2025-02-26T09:00:00+00:00,critical,train,synthetic
MAT-000965,FAC-001,2025-02-26,ORD-07-005,labels,2118.6,2199.7,,available,train,synthetic
MAT-000966,FAC-001,2025-02-27,ORD-07-005,labels,2493.6,2496.0,,available,train,synthetic
MAT-000967,FAC-001,2025-03-01,ORD-07-005,labels,1894.1,2097.9,,available,train,synthetic
MAT-000968,FAC-001,2025-03-02,ORD-07-005,labels,1037.9,1055.8,,available,train,synthetic
MAT-000969,FAC-001,2025-03-03,ORD-07-005,buttons,1093.5,1152.8,,available,train,synthetic
MAT-000970,FAC-001,2025-03-04,ORD-07-005,sewing_thread,986.5,997.7,,available,train,synthetic
MAT-000971,FAC-001,2025-03-05,ORD-07-005,zipper,695.6,754.9,,available,train,synthetic
MAT-000972,FAC-001,2025-03-06,ORD-07-005,shell_fabric,160.8,165.3,,available,train,synthetic
MAT-000973,FAC-001,2025-03-08,ORD-07-006,shell_fabric,2923.4,3011.8,,available,train,synthetic
MAT-000974,FAC-001,2025-03-09,ORD-07-006,zipper,2838.9,2956.6,,available,train,synthetic
MAT-000975,FAC-001,2025-03-10,ORD-07-006,sewing_thread,1510.2,1303.0,2025-03-10T09:00:00+00:00,minor,train,synthetic
MAT-000976,FAC-001,2025-03-11,ORD-07-006,sewing_thread,1905.8,2003.0,,available,train,synthetic
MAT-000977,FAC-001,2025-03-12,ORD-07-006,buttons,1555.7,1273.7,2025-03-12T09:00:00+00:00,minor,train,synthetic
MAT-000978,FAC-001,2025-03-13,ORD-07-006,sewing_thread,1489.9,1534.8,,available,train,synthetic
MAT-000979,FAC-001,2025-03-15,ORD-07-006,buttons,951.5,984.0,,available,train,synthetic
MAT-000980,FAC-001,2025-03-16,ORD-07-006,labels,597.8,661.6,,available,train,synthetic
MAT-000981,FAC-001,2025-03-17,ORD-07-006,labels,100.0,101.4,,available,train,synthetic
MAT-000982,FAC-001,2025-03-18,ORD-07-007,shell_fabric,1667.7,1793.8,,available,train,synthetic
MAT-000983,FAC-001,2025-03-19,ORD-07-007,zipper,1310.0,1365.8,,available,train,synthetic
MAT-000984,FAC-001,2025-03-20,ORD-07-007,zipper,1415.5,1494.1,,available,train,synthetic
MAT-000985,FAC-001,2025-03-22,ORD-07-007,shell_fabric,1085.1,1147.7,,available,train,synthetic
MAT-000986,FAC-001,2025-03-23,ORD-07-007,shell_fabric,721.3,788.1,,available,train,synthetic
MAT-000987,FAC-001,2025-03-24,ORD-07-007,buttons,323.0,328.9,,available,train,synthetic
MAT-000988,FAC-001,2025-03-25,ORD-07-007,zipper,180.1,191.7,,available,train,synthetic
MAT-000989,FAC-001,2025-03-26,ORD-07-008,sewing_thread,1582.0,1432.6,2025-03-26T09:00:00+00:00,minor,train,synthetic
MAT-000990,FAC-001,2025-03-27,ORD-07-008,zipper,1189.7,1206.6,,available,train,synthetic
MAT-000991,FAC-001,2025-03-29,ORD-07-008,sewing_thread,1357.2,1516.7,,available,train,synthetic
MAT-000992,FAC-001,2025-03-30,ORD-07-008,labels,1239.4,1327.3,,available,train,synthetic
MAT-000993,FAC-001,2025-03-31,ORD-07-008,zipper,1169.6,1191.2,,available,train,synthetic
MAT-000994,FAC-001,2025-04-01,ORD-07-008,sewing_thread,743.9,782.2,,available,train,synthetic
MAT-000995,FAC-001,2025-04-02,ORD-07-008,labels,417.9,421.0,,available,train,synthetic
MAT-000996,FAC-001,2025-04-03,ORD-07-008,shell_fabric,100.0,75.8,2025-04-03T09:00:00+00:00,minor,train,synthetic
MAT-000997,FAC-001,2025-04-05,ORD-07-008,labels,100.0,105.7,,available,train,synthetic
MAT-000998,FAC-001,2025-04-06,ORD-07-008,buttons,100.0,108.7,,available,train,synthetic
MAT-000999,FAC-001,2025-04-07,ORD-07-009,labels,2498.5,2713.4,,available,train,synthetic
MAT-001000,FAC-001,2025-04-08,ORD-07-009,zipper,1393.2,455.1,2025-04-09T09:00:00+00:00,critical,train,synthetic
MAT-001001,FAC-001,2025-04-09,ORD-07-009,buttons,1583.3,1640.7,,available,train,synthetic
MAT-001002,FAC-001,2025-04-10,ORD-07-009,buttons,1501.4,1596.6,,available,train,synthetic
MAT-001003,FAC-001,2025-04-12,ORD-07-009,sewing_thread,1726.9,1900.6,,available,train,synthetic
MAT-001004,FAC-001,2025-04-13,ORD-07-009,sewing_thread,881.9,886.9,,available,train,synthetic
MAT-001005,FAC-001,2025-04-14,ORD-07-009,labels,663.0,676.8,,available,train,synthetic
MAT-001006,FAC-001,2025-04-15,ORD-07-009,labels,344.2,367.1,,available,train,synthetic
MAT-001007,FAC-001,2025-04-16,ORD-07-009,sewing_thread,371.3,381.9,,available,train,synthetic
MAT-001008,FAC-001,2025-04-17,ORD-07-009,labels,100.0,111.1,,available,train,synthetic
MAT-001009,FAC-001,2025-04-19,ORD-07-009,buttons,100.0,103.1,,available,train,synthetic
MAT-001010,FAC-001,2025-04-20,ORD-07-010,shell_fabric,2115.3,2224.8,,available,train,synthetic
MAT-001011,FAC-001,2025-04-21,ORD-07-010,labels,1535.9,1645.2,,available,train,synthetic
MAT-001012,FAC-001,2025-04-22,ORD-07-010,zipper,1188.7,1302.8,,available,train,synthetic
MAT-001013,FAC-001,2025-04-23,ORD-07-010,sewing_thread,1425.5,1470.4,,available,train,synthetic
MAT-001014,FAC-001,2025-04-24,ORD-07-010,buttons,449.7,456.6,,available,train,synthetic
MAT-001015,FAC-001,2025-04-26,ORD-07-010,labels,281.1,305.1,,available,train,synthetic
MAT-001016,FAC-001,2025-04-27,ORD-07-010,shell_fabric,100.0,106.6,,available,train,synthetic
MAT-001017,FAC-001,2025-04-28,ORD-07-011,zipper,1190.0,1327.8,,available,train,synthetic
MAT-001018,FAC-001,2025-04-29,ORD-07-011,sewing_thread,2537.2,2833.2,,available,train,synthetic
MAT-001019,FAC-001,2025-04-30,ORD-07-011,zipper,1985.1,2068.4,,available,train,synthetic
MAT-001020,FAC-001,2025-05-01,ORD-07-011,labels,1087.3,1107.0,,available,validation,synthetic
MAT-001021,FAC-001,2025-05-03,ORD-07-011,sewing_thread,1012.1,1116.7,,available,validation,synthetic
MAT-001022,FAC-001,2025-05-04,ORD-07-011,labels,266.2,279.1,,available,validation,synthetic
MAT-001023,FAC-001,2025-05-05,ORD-07-011,zipper,100.0,101.3,,available,validation,synthetic
MAT-001024,FAC-001,2025-05-06,ORD-07-011,shell_fabric,100.0,100.3,,available,validation,synthetic
MAT-001025,FAC-001,2025-05-07,ORD-07-012,zipper,811.1,851.0,,available,validation,synthetic
MAT-001026,FAC-001,2025-05-08,ORD-07-012,shell_fabric,1124.7,1255.0,,available,validation,synthetic
MAT-001027,FAC-001,2025-05-10,ORD-07-012,shell_fabric,654.3,729.4,,available,validation,synthetic
MAT-001028,FAC-001,2025-05-11,ORD-07-012,zipper,1285.0,1430.2,,available,validation,synthetic
MAT-001029,FAC-001,2025-05-12,ORD-07-012,zipper,838.3,844.4,,available,validation,synthetic
MAT-001030,FAC-001,2025-05-13,ORD-07-012,sewing_thread,636.5,680.0,,available,validation,synthetic
MAT-001031,FAC-001,2025-05-14,ORD-07-012,sewing_thread,416.6,444.9,,available,validation,synthetic
MAT-001032,FAC-001,2025-05-15,ORD-07-012,labels,215.1,226.9,,available,validation,synthetic
MAT-001033,FAC-001,2025-05-17,ORD-07-012,sewing_thread,188.5,192.8,,available,validation,synthetic
MAT-001034,FAC-001,2025-05-18,ORD-07-012,buttons,100.0,108.2,,available,validation,synthetic
MAT-001035,FAC-001,2025-05-19,ORD-07-013,buttons,3860.7,3057.9,2025-05-19T09:00:00+00:00,minor,validation,synthetic
MAT-001036,FAC-001,2025-05-20,ORD-07-013,shell_fabric,4244.0,4618.9,,available,validation,synthetic
MAT-001037,FAC-001,2025-05-21,ORD-07-013,zipper,2461.1,2585.2,,available,validation,synthetic
MAT-001038,FAC-001,2025-05-22,ORD-07-013,labels,2837.8,2967.0,,available,validation,synthetic
MAT-001039,FAC-001,2025-05-24,ORD-07-013,shell_fabric,2097.5,2102.0,,available,validation,synthetic
MAT-001040,FAC-001,2025-05-25,ORD-07-013,zipper,1273.5,1320.4,,available,validation,synthetic
MAT-001041,FAC-001,2025-05-26,ORD-07-013,buttons,1649.1,1774.2,,available,validation,synthetic
MAT-001042,FAC-001,2025-05-27,ORD-07-013,labels,787.0,844.2,,available,validation,synthetic
MAT-001043,FAC-001,2025-05-28,ORD-07-013,zipper,451.0,456.6,,available,validation,synthetic
MAT-001044,FAC-001,2025-05-29,ORD-07-013,shell_fabric,452.3,495.2,,available,validation,synthetic
MAT-001045,FAC-001,2025-05-31,ORD-07-014,shell_fabric,800.1,821.9,,available,validation,synthetic
MAT-001046,FAC-001,2025-06-01,ORD-07-014,sewing_thread,727.4,764.5,,available,test,synthetic
MAT-001047,FAC-001,2025-06-02,ORD-07-014,sewing_thread,296.0,311.3,,available,test,synthetic
MAT-001048,FAC-001,2025-06-03,ORD-07-014,sewing_thread,209.1,212.6,,available,test,synthetic
MAT-001049,FAC-001,2025-06-04,ORD-07-014,buttons,100.0,103.7,,available,test,synthetic
MAT-001050,FAC-001,2025-06-05,ORD-07-015,sewing_thread,1578.4,1627.5,,available,test,synthetic
MAT-001051,FAC-001,2025-06-07,ORD-07-015,sewing_thread,1337.1,1490.5,,available,test,synthetic
MAT-001052,FAC-001,2025-06-08,ORD-07-015,labels,1167.8,1230.4,,available,test,synthetic
MAT-001053,FAC-001,2025-06-09,ORD-07-015,labels,945.9,1047.8,,available,test,synthetic
MAT-001054,FAC-001,2025-06-10,ORD-07-015,sewing_thread,473.0,490.7,,available,test,synthetic
MAT-001055,FAC-001,2025-06-11,ORD-07-015,sewing_thread,372.8,323.3,2025-06-11T09:00:00+00:00,minor,test,synthetic
MAT-001056,FAC-001,2025-06-12,ORD-07-015,shell_fabric,195.2,175.4,2025-06-12T09:00:00+00:00,minor,test,synthetic
MAT-001057,FAC-001,2025-06-14,ORD-07-015,sewing_thread,100.0,101.4,,available,test,synthetic
MAT-001058,FAC-001,2025-06-15,ORD-07-016,buttons,2442.1,2460.7,,available,test,synthetic
MAT-001059,FAC-001,2025-06-16,ORD-07-016,zipper,3250.5,3334.9,,available,test,synthetic
MAT-001060,FAC-001,2025-06-17,ORD-07-016,zipper,2784.4,2884.3,,available,test,synthetic
MAT-001061,FAC-001,2025-06-18,ORD-07-016,buttons,1946.1,2100.3,,available,test,synthetic
MAT-001062,FAC-001,2025-06-19,ORD-07-016,zipper,1587.5,1612.8,,available,test,synthetic
MAT-001063,FAC-001,2025-06-21,ORD-07-016,zipper,1052.4,1125.3,,available,test,synthetic
MAT-001064,FAC-001,2025-06-22,ORD-07-016,shell_fabric,593.3,659.8,,available,test,synthetic
MAT-001065,FAC-001,2025-06-23,ORD-07-016,zipper,482.6,525.1,,available,test,synthetic
MAT-001066,FAC-001,2025-06-24,ORD-07-016,shell_fabric,100.0,107.5,,available,test,synthetic
MAT-001067,FAC-001,2025-06-25,ORD-07-016,labels,100.0,110.9,,available,test,synthetic
MAT-001068,FAC-001,2025-06-26,ORD-07-017,zipper,3043.0,3315.2,,available,test,synthetic
MAT-001069,FAC-001,2025-06-28,ORD-07-017,buttons,1432.7,1511.8,,available,test,synthetic
MAT-001070,FAC-001,2025-06-29,ORD-07-017,buttons,1407.0,1438.2,,available,test,synthetic
MAT-001071,FAC-001,2025-06-30,ORD-07-017,buttons,1693.0,1813.9,,available,test,synthetic
MAT-001072,FAC-001,2025-01-04,ORD-08-001,zipper,1435.0,1535.7,,available,train,synthetic
MAT-001073,FAC-001,2025-01-05,ORD-08-001,sewing_thread,1499.2,1606.9,,available,train,synthetic
MAT-001074,FAC-001,2025-01-06,ORD-08-001,shell_fabric,636.2,646.3,,available,train,synthetic
MAT-001075,FAC-001,2025-01-07,ORD-08-001,sewing_thread,410.0,430.9,,available,train,synthetic
MAT-001076,FAC-001,2025-01-08,ORD-08-001,shell_fabric,100.0,111.4,,available,train,synthetic
MAT-001077,FAC-001,2025-01-09,ORD-08-002,sewing_thread,1331.3,1480.4,,available,train,synthetic
MAT-001078,FAC-001,2025-01-11,ORD-08-002,labels,1439.1,1492.3,,available,train,synthetic
MAT-001079,FAC-001,2025-01-12,ORD-08-002,shell_fabric,961.0,382.8,2025-01-13T09:00:00+00:00,critical,train,synthetic
MAT-001080,FAC-001,2025-01-13,ORD-08-002,zipper,1116.5,1213.3,,available,train,synthetic
MAT-001081,FAC-001,2025-01-14,ORD-08-002,buttons,1087.8,1110.5,,available,train,synthetic
MAT-001082,FAC-001,2025-01-15,ORD-08-002,zipper,669.7,740.1,,available,train,synthetic
MAT-001083,FAC-001,2025-01-16,ORD-08-002,buttons,357.6,383.4,,available,train,synthetic
MAT-001084,FAC-001,2025-01-18,ORD-08-002,labels,305.0,331.3,,available,train,synthetic
MAT-001085,FAC-001,2025-01-19,ORD-08-002,labels,100.0,106.5,,available,train,synthetic
MAT-001086,FAC-001,2025-01-20,ORD-08-003,labels,858.8,953.9,,available,train,synthetic
MAT-001087,FAC-001,2025-01-21,ORD-08-003,buttons,1367.8,1495.0,,available,train,synthetic
MAT-001088,FAC-001,2025-01-22,ORD-08-003,sewing_thread,873.5,959.1,,available,train,synthetic
MAT-001089,FAC-001,2025-01-23,ORD-08-003,shell_fabric,973.3,1032.2,,available,train,synthetic
MAT-001090,FAC-001,2025-01-25,ORD-08-003,buttons,580.6,593.7,,available,train,synthetic
MAT-001091,FAC-001,2025-01-26,ORD-08-003,shell_fabric,342.8,358.3,,available,train,synthetic
MAT-001092,FAC-001,2025-01-27,ORD-08-003,sewing_thread,219.7,225.2,,available,train,synthetic
MAT-001093,FAC-001,2025-01-28,ORD-08-003,shell_fabric,100.0,100.2,,available,train,synthetic
MAT-001094,FAC-001,2025-01-29,ORD-08-004,labels,1999.3,2132.8,,available,train,synthetic
MAT-001095,FAC-001,2025-01-30,ORD-08-004,sewing_thread,1348.5,1373.4,,available,train,synthetic
MAT-001096,FAC-001,2025-02-01,ORD-08-004,sewing_thread,1991.4,572.0,2025-02-02T09:00:00+00:00,critical,train,synthetic
MAT-001097,FAC-001,2025-02-02,ORD-08-004,shell_fabric,1844.2,1850.5,,available,train,synthetic
MAT-001098,FAC-001,2025-02-03,ORD-08-004,sewing_thread,693.1,707.7,,available,train,synthetic
MAT-001099,FAC-001,2025-02-04,ORD-08-004,labels,1185.8,1276.9,,available,train,synthetic
MAT-001100,FAC-001,2025-02-05,ORD-08-004,zipper,508.0,527.4,,available,train,synthetic
MAT-001101,FAC-001,2025-02-06,ORD-08-004,shell_fabric,207.1,213.0,,available,train,synthetic
MAT-001102,FAC-001,2025-02-08,ORD-08-004,sewing_thread,100.0,102.4,,available,train,synthetic
MAT-001103,FAC-001,2025-02-09,ORD-08-005,shell_fabric,1125.0,1182.9,,available,train,synthetic
MAT-001104,FAC-001,2025-02-10,ORD-08-005,zipper,923.6,958.6,,available,train,synthetic
MAT-001105,FAC-001,2025-02-11,ORD-08-005,zipper,582.4,624.9,,available,train,synthetic
MAT-001106,FAC-001,2025-02-12,ORD-08-005,zipper,692.9,725.0,,available,train,synthetic
MAT-001107,FAC-001,2025-02-13,ORD-08-005,shell_fabric,297.8,326.7,,available,train,synthetic
MAT-001108,FAC-001,2025-02-15,ORD-08-005,labels,208.6,213.3,,available,train,synthetic
MAT-001109,FAC-001,2025-02-16,ORD-08-005,sewing_thread,157.1,159.9,,available,train,synthetic
MAT-001110,FAC-001,2025-02-17,ORD-08-005,buttons,100.0,111.0,,available,train,synthetic
MAT-001111,FAC-001,2025-02-18,ORD-08-005,zipper,100.0,111.8,,available,train,synthetic
MAT-001112,FAC-001,2025-02-19,ORD-08-006,labels,3713.8,3774.0,,available,train,synthetic
MAT-001113,FAC-001,2025-02-20,ORD-08-006,labels,1832.7,1990.2,,available,train,synthetic
MAT-001114,FAC-001,2025-02-22,ORD-08-006,zipper,1263.7,1382.6,,available,train,synthetic
MAT-001115,FAC-001,2025-02-23,ORD-08-006,buttons,1695.1,1742.4,,available,train,synthetic
MAT-001116,FAC-001,2025-02-24,ORD-08-006,shell_fabric,977.2,1082.8,,available,train,synthetic
MAT-001117,FAC-001,2025-02-25,ORD-08-006,shell_fabric,911.6,1011.9,,available,train,synthetic
MAT-001118,FAC-001,2025-02-26,ORD-08-006,sewing_thread,752.5,791.1,,available,train,synthetic
MAT-001119,FAC-001,2025-02-27,ORD-08-006,buttons,372.9,410.2,,available,train,synthetic
MAT-001120,FAC-001,2025-03-01,ORD-08-006,zipper,115.3,128.5,,available,train,synthetic
MAT-001121,FAC-001,2025-03-02,ORD-08-006,zipper,100.0,107.6,,available,train,synthetic
MAT-001122,FAC-001,2025-03-03,ORD-08-006,labels,100.0,111.0,,available,train,synthetic
MAT-001123,FAC-001,2025-03-04,ORD-08-007,shell_fabric,1566.5,1381.2,2025-03-04T09:00:00+00:00,minor,train,synthetic
MAT-001124,FAC-001,2025-03-05,ORD-08-007,labels,1984.5,2189.9,,available,train,synthetic
MAT-001125,FAC-001,2025-03-06,ORD-08-007,zipper,1389.3,1435.5,,available,train,synthetic
MAT-001126,FAC-001,2025-03-08,ORD-08-007,shell_fabric,631.1,638.8,,available,train,synthetic
MAT-001127,FAC-001,2025-03-09,ORD-08-007,buttons,343.9,348.1,,available,train,synthetic
MAT-001128,FAC-001,2025-03-10,ORD-08-007,zipper,100.0,105.1,,available,train,synthetic
MAT-001129,FAC-001,2025-03-11,ORD-08-008,labels,5216.5,5334.0,,available,train,synthetic
MAT-001130,FAC-001,2025-03-12,ORD-08-008,buttons,3311.7,3392.0,,available,train,synthetic
MAT-001131,FAC-001,2025-03-13,ORD-08-008,labels,4091.5,4158.3,,available,train,synthetic
MAT-001132,FAC-001,2025-03-15,ORD-08-008,sewing_thread,2196.2,2239.4,,available,train,synthetic
MAT-001133,FAC-001,2025-03-16,ORD-08-008,zipper,1918.1,2002.2,,available,train,synthetic
MAT-001134,FAC-001,2025-03-17,ORD-08-008,buttons,1098.1,1200.0,,available,train,synthetic
MAT-001135,FAC-001,2025-03-18,ORD-08-008,labels,641.0,662.0,,available,train,synthetic
MAT-001136,FAC-001,2025-03-19,ORD-08-008,labels,485.8,524.7,,available,train,synthetic
MAT-001137,FAC-001,2025-03-20,ORD-08-008,shell_fabric,203.2,218.0,,available,train,synthetic
MAT-001138,FAC-001,2025-03-22,ORD-08-008,zipper,100.0,85.6,2025-03-22T09:00:00+00:00,minor,train,synthetic
MAT-001139,FAC-001,2025-03-23,ORD-08-009,buttons,567.9,614.1,,available,train,synthetic
MAT-001140,FAC-001,2025-03-24,ORD-08-009,zipper,327.7,358.3,,available,train,synthetic
MAT-001141,FAC-001,2025-03-25,ORD-08-009,sewing_thread,385.6,392.6,,available,train,synthetic
MAT-001142,FAC-001,2025-03-26,ORD-08-009,labels,133.3,133.5,,available,train,synthetic
MAT-001143,FAC-001,2025-03-27,ORD-08-009,zipper,100.0,104.9,,available,train,synthetic
MAT-001144,FAC-001,2025-03-29,ORD-08-009,labels,100.0,106.7,,available,train,synthetic
MAT-001145,FAC-001,2025-03-30,ORD-08-010,zipper,1808.5,1865.8,,available,train,synthetic
MAT-001146,FAC-001,2025-03-31,ORD-08-010,zipper,1123.1,1224.1,,available,train,synthetic
MAT-001147,FAC-001,2025-04-01,ORD-08-010,shell_fabric,1941.5,2143.5,,available,train,synthetic
MAT-001148,FAC-001,2025-04-02,ORD-08-010,sewing_thread,1812.8,1822.2,,available,train,synthetic
MAT-001149,FAC-001,2025-04-03,ORD-08-010,sewing_thread,1219.6,1268.6,,available,train,synthetic
MAT-001150,FAC-001,2025-04-05,ORD-08-010,shell_fabric,1373.4,1500.9,,available,train,synthetic
MAT-001151,FAC-001,2025-04-06,ORD-08-010,shell_fabric,844.4,912.2,,available,train,synthetic
MAT-001152,FAC-001,2025-04-07,ORD-08-010,zipper,678.5,736.2,,available,train,synthetic
MAT-001153,FAC-001,2025-04-08,ORD-08-010,shell_fabric,319.9,351.0,,available,train,synthetic
MAT-001154,FAC-001,2025-04-09,ORD-08-010,labels,100.0,108.9,,available,train,synthetic
MAT-001155,FAC-001,2025-04-10,ORD-08-011,sewing_thread,2151.0,2157.0,,available,train,synthetic
MAT-001156,FAC-001,2025-04-12,ORD-08-011,shell_fabric,1957.1,2154.4,,available,train,synthetic
MAT-001157,FAC-001,2025-04-13,ORD-08-011,buttons,1170.9,1266.9,,available,train,synthetic
MAT-001158,FAC-001,2025-04-14,ORD-08-011,sewing_thread,1377.1,1386.1,,available,train,synthetic
MAT-001159,FAC-001,2025-04-15,ORD-08-011,zipper,833.6,888.3,,available,train,synthetic
MAT-001160,FAC-001,2025-04-16,ORD-08-011,sewing_thread,608.3,616.2,,available,train,synthetic
MAT-001161,FAC-001,2025-04-17,ORD-08-011,zipper,457.6,505.8,,available,train,synthetic
MAT-001162,FAC-001,2025-04-19,ORD-08-011,sewing_thread,590.6,654.5,,available,train,synthetic
MAT-001163,FAC-001,2025-04-20,ORD-08-011,zipper,297.8,301.7,,available,train,synthetic
MAT-001164,FAC-001,2025-04-21,ORD-08-011,zipper,100.0,106.9,,available,train,synthetic
MAT-001165,FAC-001,2025-04-22,ORD-08-012,buttons,2252.2,2495.7,,available,train,synthetic
MAT-001166,FAC-001,2025-04-23,ORD-08-012,sewing_thread,2240.9,2246.4,,available,train,synthetic
MAT-001167,FAC-001,2025-04-24,ORD-08-012,sewing_thread,1558.8,1711.4,,available,train,synthetic
MAT-001168,FAC-001,2025-04-26,ORD-08-012,labels,649.0,691.3,,available,train,synthetic
MAT-001169,FAC-001,2025-04-27,ORD-08-012,zipper,656.7,730.2,,available,train,synthetic
MAT-001170,FAC-001,2025-04-28,ORD-08-012,buttons,100.0,101.1,,available,train,synthetic
MAT-001171,FAC-001,2025-04-29,ORD-08-013,shell_fabric,3657.9,3996.2,,available,train,synthetic
MAT-001172,FAC-001,2025-04-30,ORD-08-013,labels,2340.2,2589.5,,available,train,synthetic
MAT-001173,FAC-001,2025-05-01,ORD-08-013,labels,1690.5,1874.4,,available,validation,synthetic
MAT-001174,FAC-001,2025-05-03,ORD-08-013,labels,1910.0,1998.8,,available,validation,synthetic
MAT-001175,FAC-001,2025-05-04,ORD-08-013,zipper,1379.7,1449.4,,available,validation,synthetic
MAT-001176,FAC-001,2025-05-05,ORD-08-013,shell_fabric,908.7,928.0,,available,validation,synthetic
MAT-001177,FAC-001,2025-05-06,ORD-08-013,zipper,1057.6,1073.4,,available,validation,synthetic
MAT-001178,FAC-001,2025-05-07,ORD-08-013,zipper,842.4,876.0,,available,validation,synthetic
MAT-001179,FAC-001,2025-05-08,ORD-08-013,zipper,224.8,246.1,,available,validation,synthetic
MAT-001180,FAC-001,2025-05-10,ORD-08-014,sewing_thread,1059.9,1177.5,,available,validation,synthetic
MAT-001181,FAC-001,2025-05-11,ORD-08-014,zipper,561.3,614.7,,available,validation,synthetic
MAT-001182,FAC-001,2025-05-12,ORD-08-014,zipper,348.1,372.5,,available,validation,synthetic
MAT-001183,FAC-001,2025-05-13,ORD-08-014,zipper,576.1,635.2,,available,validation,synthetic
MAT-001184,FAC-001,2025-05-14,ORD-08-014,shell_fabric,348.3,381.9,,available,validation,synthetic
MAT-001185,FAC-001,2025-05-15,ORD-08-014,labels,100.0,111.7,,available,validation,synthetic
MAT-001186,FAC-001,2025-05-17,ORD-08-014,buttons,100.0,106.4,,available,validation,synthetic
MAT-001187,FAC-001,2025-05-18,ORD-08-014,zipper,100.0,109.5,,available,validation,synthetic
MAT-001188,FAC-001,2025-05-19,ORD-08-015,labels,1642.4,1657.6,,available,validation,synthetic
MAT-001189,FAC-001,2025-05-20,ORD-08-015,shell_fabric,1679.8,1805.9,,available,validation,synthetic
MAT-001190,FAC-001,2025-05-21,ORD-08-015,labels,1970.5,2071.3,,available,validation,synthetic
MAT-001191,FAC-001,2025-05-22,ORD-08-015,labels,1625.2,1774.6,,available,validation,synthetic
MAT-001192,FAC-001,2025-05-24,ORD-08-015,zipper,633.7,638.7,,available,validation,synthetic
MAT-001193,FAC-001,2025-05-25,ORD-08-015,zipper,881.0,959.4,,available,validation,synthetic
MAT-001194,FAC-001,2025-05-26,ORD-08-015,shell_fabric,617.6,681.7,,available,validation,synthetic
MAT-001195,FAC-001,2025-05-27,ORD-08-015,labels,116.4,118.7,,available,validation,synthetic
MAT-001196,FAC-001,2025-05-28,ORD-08-015,zipper,100.0,104.9,,available,validation,synthetic
MAT-001197,FAC-001,2025-05-29,ORD-08-016,shell_fabric,1703.0,1806.6,,available,validation,synthetic
MAT-001198,FAC-001,2025-05-31,ORD-08-016,sewing_thread,802.9,839.7,,available,validation,synthetic
MAT-001199,FAC-001,2025-06-01,ORD-08-016,buttons,797.2,835.6,,available,test,synthetic
MAT-001200,FAC-001,2025-06-02,ORD-08-016,sewing_thread,1437.1,1589.3,,available,test,synthetic
MAT-001201,FAC-001,2025-06-03,ORD-08-016,shell_fabric,946.4,1022.4,,available,test,synthetic
MAT-001202,FAC-001,2025-06-04,ORD-08-016,shell_fabric,678.4,692.7,,available,test,synthetic
MAT-001203,FAC-001,2025-06-05,ORD-08-016,labels,449.7,455.6,,available,test,synthetic
MAT-001204,FAC-001,2025-06-07,ORD-08-016,shell_fabric,717.5,543.6,2025-06-07T09:00:00+00:00,minor,test,synthetic
MAT-001205,FAC-001,2025-06-08,ORD-08-016,labels,321.2,338.0,,available,test,synthetic
MAT-001206,FAC-001,2025-06-09,ORD-08-016,buttons,245.1,178.3,2025-06-09T09:00:00+00:00,minor,test,synthetic
MAT-001207,FAC-001,2025-06-10,ORD-08-016,shell_fabric,116.9,127.6,,available,test,synthetic
MAT-001208,FAC-001,2025-06-11,ORD-08-016,sewing_thread,100.0,36.3,2025-06-12T09:00:00+00:00,critical,test,synthetic
MAT-001209,FAC-001,2025-06-12,ORD-08-016,labels,100.0,106.9,,available,test,synthetic
MAT-001210,FAC-001,2025-06-14,ORD-08-017,buttons,4038.3,4287.2,,available,test,synthetic
MAT-001211,FAC-001,2025-06-15,ORD-08-017,labels,2935.6,2958.2,,available,test,synthetic
MAT-001212,FAC-001,2025-06-16,ORD-08-017,sewing_thread,2659.1,2695.2,,available,test,synthetic
MAT-001213,FAC-001,2025-06-17,ORD-08-017,buttons,2017.8,2245.9,,available,test,synthetic
MAT-001214,FAC-001,2025-06-18,ORD-08-017,shell_fabric,816.1,828.6,,available,test,synthetic
MAT-001215,FAC-001,2025-06-19,ORD-08-017,sewing_thread,633.8,673.4,,available,test,synthetic
MAT-001216,FAC-001,2025-06-21,ORD-08-017,labels,359.7,373.2,,available,test,synthetic
MAT-001217,FAC-001,2025-06-22,ORD-08-017,zipper,100.0,100.2,,available,test,synthetic
MAT-001218,FAC-001,2025-06-23,ORD-08-018,labels,2315.9,2380.9,,available,test,synthetic
MAT-001219,FAC-001,2025-06-24,ORD-08-018,buttons,1135.5,929.3,2025-06-24T09:00:00+00:00,minor,test,synthetic
MAT-001220,FAC-001,2025-06-25,ORD-08-018,shell_fabric,1851.7,2052.0,,available,test,synthetic
MAT-001221,FAC-001,2025-06-26,ORD-08-018,shell_fabric,1225.8,1368.0,,available,test,synthetic
MAT-001222,FAC-001,2025-06-28,ORD-08-018,labels,663.8,680.3,,available,test,synthetic
MAT-001223,FAC-001,2025-06-29,ORD-08-018,shell_fabric,835.4,855.6,,available,test,synthetic
MAT-001224,FAC-001,2025-06-30,ORD-08-018,labels,541.6,324.1,2025-07-01T09:00:00+00:00,critical,test,synthetic
