quality_defect_id,factory_id,work_date,line_id,order_id,style_id,defect_code,defect_count,inspected_qty,severity,data_split,dataset_provenance
QDEF-000001,FAC-001,2025-01-04,LINE-01,ORD-01-001,STY-007,measurement_variance,2,297,minor,train,synthetic
QDEF-000002,FAC-001,2025-01-04,LINE-01,ORD-01-001,STY-007,open_seam,1,297,minor,train,synthetic
QDEF-000003,FAC-001,2025-01-04,LINE-01,ORD-01-001,STY-007,oil_mark,3,297,major,train,synthetic
QDEF-000004,FAC-001,2025-01-04,LINE-01,ORD-01-001,STY-007,puckering,4,297,major,train,synthetic
QDEF-000005,FAC-001,2025-01-04,LINE-01,ORD-01-001,STY-007,skip_stitch,2,297,minor,train,synthetic
QDEF-000006,FAC-001,2025-01-04,LINE-01,ORD-01-001,STY-007,uneven_stitch,1,297,major,train,synthetic
QDEF-000007,FAC-001,2025-01-05,LINE-01,ORD-01-001,STY-007,measurement_variance,3,428,major,train,synthetic
QDEF-000008,FAC-001,2025-01-05,LINE-01,ORD-01-001,STY-007,skip_stitch,2,428,minor,train,synthetic
QDEF-000009,FAC-001,2025-01-05,LINE-01,ORD-01-001,STY-007,uneven_stitch,2,428,major,train,synthetic
QDEF-000010,FAC-001,2025-01-05,LINE-01,ORD-01-001,STY-007,oil_mark,2,428,minor,train,synthetic
QDEF-000011,FAC-001,2025-01-05,LINE-01,ORD-01-001,STY-007,puckering,1,428,minor,train,synthetic
QDEF-000012,FAC-001,2025-01-05,LINE-01,ORD-01-001,STY-007,shade_variation,1,428,minor,train,synthetic
QDEF-000013,FAC-001,2025-01-05,LINE-01,ORD-01-001,STY-007,open_seam,2,428,major,train,synthetic
QDEF-000014,FAC-001,2025-01-06,LINE-01,ORD-01-001,STY-007,uneven_stitch,4,542,minor,train,synthetic
QDEF-000015,FAC-001,2025-01-06,LINE-01,ORD-01-001,STY-007,measurement_variance,2,542,major,train,synthetic
QDEF-000016,FAC-001,2025-01-06,LINE-01,ORD-01-001,STY-007,skip_stitch,1,542,minor,train,synthetic
QDEF-000017,FAC-001,2025-01-06,LINE-01,ORD-01-001,STY-007,open_seam,3,542,minor,train,synthetic
QDEF-000018,FAC-001,2025-01-06,LINE-01,ORD-01-001,STY-007,shade_variation,1,542,minor,train,synthetic
QDEF-000019,FAC-001,2025-01-06,LINE-01,ORD-01-001,STY-007,puckering,3,542,minor,train,synthetic
QDEF-000020,FAC-001,2025-01-06,LINE-01,ORD-01-001,STY-007,oil_mark,1,542,major,train,synthetic
QDEF-000021,FAC-001,2025-01-07,LINE-01,ORD-01-001,STY-007,puckering,3,616,major,train,synthetic
QDEF-000022,FAC-001,2025-01-07,LINE-01,ORD-01-001,STY-007,open_seam,2,616,minor,train,synthetic
QDEF-000023,FAC-001,2025-01-07,LINE-01,ORD-01-001,STY-007,uneven_stitch,3,616,minor,train,synthetic
QDEF-000024,FAC-001,2025-01-07,LINE-01,ORD-01-001,STY-007,oil_mark,2,616,minor,train,synthetic
QDEF-000025,FAC-001,2025-01-07,LINE-01,ORD-01-001,STY-007,shade_variation,1,616,major,train,synthetic
QDEF-000026,FAC-001,2025-01-08,LINE-01,ORD-01-001,STY-007,puckering,3,390,minor,train,synthetic
QDEF-000027,FAC-001,2025-01-08,LINE-01,ORD-01-001,STY-007,uneven_stitch,2,390,major,train,synthetic
QDEF-000028,FAC-001,2025-01-08,LINE-01,ORD-01-001,STY-007,shade_variation,1,390,minor,train,synthetic
QDEF-000029,FAC-001,2025-01-08,LINE-01,ORD-01-001,STY-007,oil_mark,2,390,major,train,synthetic
QDEF-000030,FAC-001,2025-01-08,LINE-01,ORD-01-001,STY-007,measurement_variance,2,390,major,train,synthetic
QDEF-000031,FAC-001,2025-01-08,LINE-01,ORD-01-001,STY-007,skip_stitch,1,390,minor,train,synthetic
QDEF-000032,FAC-001,2025-01-09,LINE-01,ORD-01-002,STY-023,uneven_stitch,5,380,minor,train,synthetic
QDEF-000033,FAC-001,2025-01-09,LINE-01,ORD-01-002,STY-023,shade_variation,1,380,major,train,synthetic
QDEF-000034,FAC-001,2025-01-09,LINE-01,ORD-01-002,STY-023,open_seam,7,380,minor,train,synthetic
QDEF-000035,FAC-001,2025-01-09,LINE-01,ORD-01-002,STY-023,measurement_variance,3,380,minor,train,synthetic
QDEF-000036,FAC-001,2025-01-09,LINE-01,ORD-01-002,STY-023,skip_stitch,5,380,minor,train,synthetic
QDEF-000037,FAC-001,2025-01-09,LINE-01,ORD-01-002,STY-023,oil_mark,3,380,minor,train,synthetic
QDEF-000038,FAC-001,2025-01-11,LINE-01,ORD-01-002,STY-023,uneven_stitch,13,406,major,train,synthetic
QDEF-000039,FAC-001,2025-01-11,LINE-01,ORD-01-002,STY-023,oil_mark,6,406,minor,train,synthetic
QDEF-000040,FAC-001,2025-01-11,LINE-01,ORD-01-002,STY-023,skip_stitch,3,406,minor,train,synthetic
QDEF-000041,FAC-001,2025-01-11,LINE-01,ORD-01-002,STY-023,open_seam,3,406,minor,train,synthetic
QDEF-000042,FAC-001,2025-01-11,LINE-01,ORD-01-002,STY-023,measurement_variance,2,406,major,train,synthetic
QDEF-000043,FAC-001,2025-01-11,LINE-01,ORD-01-002,STY-023,shade_variation,3,406,minor,train,synthetic
QDEF-000044,FAC-001,2025-01-11,LINE-01,ORD-01-002,STY-023,puckering,1,406,minor,train,synthetic
QDEF-000045,FAC-001,2025-01-12,LINE-01,ORD-01-002,STY-023,uneven_stitch,6,503,major,train,synthetic
QDEF-000046,FAC-001,2025-01-12,LINE-01,ORD-01-002,STY-023,measurement_variance,5,503,minor,train,synthetic
QDEF-000047,FAC-001,2025-01-12,LINE-01,ORD-01-002,STY-023,puckering,2,503,minor,train,synthetic
QDEF-000048,FAC-001,2025-01-12,LINE-01,ORD-01-002,STY-023,open_seam,2,503,minor,train,synthetic
QDEF-000049,FAC-001,2025-01-12,LINE-01,ORD-01-002,STY-023,oil_mark,3,503,minor,train,synthetic
QDEF-000050,FAC-001,2025-01-12,LINE-01,ORD-01-002,STY-023,skip_stitch,2,503,major,train,synthetic
QDEF-000051,FAC-001,2025-01-13,LINE-01,ORD-01-002,STY-023,oil_mark,5,454,major,train,synthetic
QDEF-000052,FAC-001,2025-01-13,LINE-01,ORD-01-002,STY-023,skip_stitch,8,454,critical,train,synthetic
QDEF-000053,FAC-001,2025-01-13,LINE-01,ORD-01-002,STY-023,uneven_stitch,7,454,minor,train,synthetic
QDEF-000054,FAC-001,2025-01-13,LINE-01,ORD-01-002,STY-023,measurement_variance,3,454,major,train,synthetic
QDEF-000055,FAC-001,2025-01-13,LINE-01,ORD-01-002,STY-023,puckering,11,454,minor,train,synthetic
QDEF-000056,FAC-001,2025-01-13,LINE-01,ORD-01-002,STY-023,shade_variation,4,454,minor,train,synthetic
QDEF-000057,FAC-001,2025-01-13,LINE-01,ORD-01-002,STY-023,open_seam,4,454,minor,train,synthetic
QDEF-000058,FAC-001,2025-01-14,LINE-01,ORD-01-002,STY-023,open_seam,1,266,minor,train,synthetic
QDEF-000059,FAC-001,2025-01-14,LINE-01,ORD-01-002,STY-023,puckering,3,266,minor,train,synthetic
QDEF-000060,FAC-001,2025-01-14,LINE-01,ORD-01-002,STY-023,uneven_stitch,2,266,minor,train,synthetic
QDEF-000061,FAC-001,2025-01-14,LINE-01,ORD-01-002,STY-023,oil_mark,1,266,minor,train,synthetic
QDEF-000062,FAC-001,2025-01-14,LINE-01,ORD-01-002,STY-023,shade_variation,1,266,major,train,synthetic
QDEF-000063,FAC-001,2025-01-15,LINE-01,ORD-01-003,STY-019,skip_stitch,1,246,minor,train,synthetic
QDEF-000064,FAC-001,2025-01-15,LINE-01,ORD-01-003,STY-019,measurement_variance,2,246,major,train,synthetic
QDEF-000065,FAC-001,2025-01-15,LINE-01,ORD-01-003,STY-019,puckering,2,246,major,train,synthetic
QDEF-000066,FAC-001,2025-01-15,LINE-01,ORD-01-003,STY-019,open_seam,1,246,minor,train,synthetic
QDEF-000067,FAC-001,2025-01-15,LINE-01,ORD-01-003,STY-019,shade_variation,1,246,minor,train,synthetic
QDEF-000068,FAC-001,2025-01-16,LINE-01,ORD-01-003,STY-019,shade_variation,1,565,minor,train,synthetic
QDEF-000069,FAC-001,2025-01-16,LINE-01,ORD-01-003,STY-019,puckering,3,565,major,train,synthetic
QDEF-000070,FAC-001,2025-01-16,LINE-01,ORD-01-003,STY-019,skip_stitch,2,565,major,train,synthetic
QDEF-000071,FAC-001,2025-01-16,LINE-01,ORD-01-003,STY-019,uneven_stitch,5,565,minor,train,synthetic
QDEF-000072,FAC-001,2025-01-16,LINE-01,ORD-01-003,STY-019,oil_mark,2,565,major,train,synthetic
QDEF-000073,FAC-001,2025-01-16,LINE-01,ORD-01-003,STY-019,open_seam,3,565,minor,train,synthetic
QDEF-000074,FAC-001,2025-01-16,LINE-01,ORD-01-003,STY-019,measurement_variance,2,565,minor,train,synthetic
QDEF-000075,FAC-001,2025-01-18,LINE-01,ORD-01-003,STY-019,open_seam,2,606,major,train,synthetic
QDEF-000076,FAC-001,2025-01-18,LINE-01,ORD-01-003,STY-019,oil_mark,4,606,minor,train,synthetic
QDEF-000077,FAC-001,2025-01-18,LINE-01,ORD-01-003,STY-019,uneven_stitch,2,606,minor,train,synthetic
QDEF-000078,FAC-001,2025-01-18,LINE-01,ORD-01-003,STY-019,measurement_variance,3,606,minor,train,synthetic
QDEF-000079,FAC-001,2025-01-18,LINE-01,ORD-01-003,STY-019,shade_variation,2,606,minor,train,synthetic
QDEF-000080,FAC-001,2025-01-18,LINE-01,ORD-01-003,STY-019,skip_stitch,2,606,critical,train,synthetic
QDEF-000081,FAC-001,2025-01-19,LINE-01,ORD-01-003,STY-019,measurement_variance,2,619,minor,train,synthetic
QDEF-000082,FAC-001,2025-01-19,LINE-01,ORD-01-003,STY-019,shade_variation,4,619,minor,train,synthetic
QDEF-000083,FAC-001,2025-01-19,LINE-01,ORD-01-003,STY-019,open_seam,4,619,major,train,synthetic
QDEF-000084,FAC-001,2025-01-19,LINE-01,ORD-01-003,STY-019,puckering,1,619,minor,train,synthetic
QDEF-000085,FAC-001,2025-01-19,LINE-01,ORD-01-003,STY-019,skip_stitch,2,619,minor,train,synthetic
QDEF-000086,FAC-001,2025-01-19,LINE-01,ORD-01-003,STY-019,uneven_stitch,4,619,major,train,synthetic
QDEF-000087,FAC-001,2025-01-20,LINE-01,ORD-01-003,STY-019,measurement_variance,3,578,major,train,synthetic
QDEF-000088,FAC-001,2025-01-20,LINE-01,ORD-01-003,STY-019,uneven_stitch,4,578,minor,train,synthetic
QDEF-000089,FAC-001,2025-01-20,LINE-01,ORD-01-003,STY-019,oil_mark,3,578,minor,train,synthetic
QDEF-000090,FAC-001,2025-01-20,LINE-01,ORD-01-003,STY-019,open_seam,4,578,major,train,synthetic
QDEF-000091,FAC-001,2025-01-20,LINE-01,ORD-01-003,STY-019,puckering,4,578,minor,train,synthetic
QDEF-000092,FAC-001,2025-01-21,LINE-01,ORD-01-003,STY-019,shade_variation,4,606,minor,train,synthetic
QDEF-000093,FAC-001,2025-01-21,LINE-01,ORD-01-003,STY-019,measurement_variance,1,606,minor,train,synthetic
QDEF-000094,FAC-001,2025-01-21,LINE-01,ORD-01-003,STY-019,uneven_stitch,2,606,minor,train,synthetic
QDEF-000095,FAC-001,2025-01-21,LINE-01,ORD-01-003,STY-019,oil_mark,1,606,minor,train,synthetic
QDEF-000096,FAC-001,2025-01-21,LINE-01,ORD-01-003,STY-019,skip_stitch,2,606,minor,train,synthetic
QDEF-000097,FAC-001,2025-01-21,LINE-01,ORD-01-003,STY-019,open_seam,4,606,minor,train,synthetic
QDEF-000098,FAC-001,2025-01-21,LINE-01,ORD-01-003,STY-019,puckering,2,606,major,train,synthetic
QDEF-000099,FAC-001,2025-01-22,LINE-01,ORD-01-003,STY-019,uneven_stitch,3,530,major,train,synthetic
QDEF-000100,FAC-001,2025-01-22,LINE-01,ORD-01-003,STY-019,puckering,5,530,minor,train,synthetic
QDEF-000101,FAC-001,2025-01-22,LINE-01,ORD-01-003,STY-019,skip_stitch,6,530,minor,train,synthetic
QDEF-000102,FAC-001,2025-01-22,LINE-01,ORD-01-003,STY-019,oil_mark,4,530,major,train,synthetic
QDEF-000103,FAC-001,2025-01-22,LINE-01,ORD-01-003,STY-019,measurement_variance,5,530,minor,train,synthetic
QDEF-000104,FAC-001,2025-01-22,LINE-01,ORD-01-003,STY-019,shade_variation,3,530,major,train,synthetic
QDEF-000105,FAC-001,2025-01-22,LINE-01,ORD-01-003,STY-019,open_seam,2,530,major,train,synthetic
QDEF-000106,FAC-001,2025-01-23,LINE-01,ORD-01-003,STY-019,skip_stitch,5,583,major,train,synthetic
QDEF-000107,FAC-001,2025-01-23,LINE-01,ORD-01-003,STY-019,oil_mark,5,583,minor,train,synthetic
QDEF-000108,FAC-001,2025-01-23,LINE-01,ORD-01-003,STY-019,shade_variation,3,583,minor,train,synthetic
QDEF-000109,FAC-001,2025-01-23,LINE-01,ORD-01-003,STY-019,uneven_stitch,2,583,minor,train,synthetic
QDEF-000110,FAC-001,2025-01-23,LINE-01,ORD-01-003,STY-019,open_seam,3,583,minor,train,synthetic
QDEF-000111,FAC-001,2025-01-23,LINE-01,ORD-01-003,STY-019,measurement_variance,3,583,minor,train,synthetic
QDEF-000112,FAC-001,2025-01-27,LINE-01,ORD-01-004,STY-033,uneven_stitch,2,773,minor,train,synthetic
QDEF-000113,FAC-001,2025-01-27,LINE-01,ORD-01-004,STY-033,puckering,2,773,minor,train,synthetic
QDEF-000114,FAC-001,2025-01-27,LINE-01,ORD-01-004,STY-033,open_seam,5,773,minor,train,synthetic
QDEF-000115,FAC-001,2025-01-27,LINE-01,ORD-01-004,STY-033,shade_variation,4,773,minor,train,synthetic
QDEF-000116,FAC-001,2025-01-27,LINE-01,ORD-01-004,STY-033,oil_mark,2,773,minor,train,synthetic
QDEF-000117,FAC-001,2025-01-27,LINE-01,ORD-01-004,STY-033,measurement_variance,1,773,minor,train,synthetic
QDEF-000118,FAC-001,2025-01-28,LINE-01,ORD-01-004,STY-033,open_seam,4,986,minor,train,synthetic
QDEF-000119,FAC-001,2025-01-28,LINE-01,ORD-01-004,STY-033,puckering,4,986,minor,train,synthetic
QDEF-000120,FAC-001,2025-01-28,LINE-01,ORD-01-004,STY-033,skip_stitch,2,986,critical,train,synthetic
QDEF-000121,FAC-001,2025-01-28,LINE-01,ORD-01-004,STY-033,uneven_stitch,3,986,major,train,synthetic
QDEF-000122,FAC-001,2025-01-28,LINE-01,ORD-01-004,STY-033,measurement_variance,3,986,major,train,synthetic
QDEF-000123,FAC-001,2025-01-28,LINE-01,ORD-01-004,STY-033,shade_variation,3,986,minor,train,synthetic
QDEF-000124,FAC-001,2025-01-29,LINE-01,ORD-01-004,STY-033,skip_stitch,2,1081,minor,train,synthetic
QDEF-000125,FAC-001,2025-01-29,LINE-01,ORD-01-004,STY-033,shade_variation,5,1081,minor,train,synthetic
QDEF-000126,FAC-001,2025-01-29,LINE-01,ORD-01-004,STY-033,puckering,2,1081,minor,train,synthetic
QDEF-000127,FAC-001,2025-01-29,LINE-01,ORD-01-004,STY-033,measurement_variance,3,1081,major,train,synthetic
QDEF-000128,FAC-001,2025-01-29,LINE-01,ORD-01-004,STY-033,oil_mark,3,1081,major,train,synthetic
QDEF-000129,FAC-001,2025-01-29,LINE-01,ORD-01-004,STY-033,open_seam,4,1081,minor,train,synthetic
QDEF-000130,FAC-001,2025-01-29,LINE-01,ORD-01-004,STY-033,uneven_stitch,1,1081,minor,train,synthetic
QDEF-000131,FAC-001,2025-01-30,LINE-01,ORD-01-004,STY-033,uneven_stitch,3,1030,major,train,synthetic
QDEF-000132,FAC-001,2025-01-30,LINE-01,ORD-01-004,STY-033,shade_variation,6,1030,minor,train,synthetic
QDEF-000133,FAC-001,2025-01-30,LINE-01,ORD-01-004,STY-033,puckering,3,1030,minor,train,synthetic
QDEF-000134,FAC-001,2025-01-30,LINE-01,ORD-01-004,STY-033,oil_mark,5,1030,minor,train,synthetic
QDEF-000135,FAC-001,2025-01-30,LINE-01,ORD-01-004,STY-033,open_seam,4,1030,major,train,synthetic
QDEF-000136,FAC-001,2025-01-30,LINE-01,ORD-01-004,STY-033,measurement_variance,2,1030,minor,train,synthetic
QDEF-000137,FAC-001,2025-01-30,LINE-01,ORD-01-004,STY-033,skip_stitch,2,1030,minor,train,synthetic
QDEF-000138,FAC-001,2025-02-01,LINE-01,ORD-01-004,STY-033,skip_stitch,4,939,minor,train,synthetic
QDEF-000139,FAC-001,2025-02-01,LINE-01,ORD-01-004,STY-033,measurement_variance,6,939,minor,train,synthetic
QDEF-000140,FAC-001,2025-02-01,LINE-01,ORD-01-004,STY-033,oil_mark,2,939,minor,train,synthetic
QDEF-000141,FAC-001,2025-02-01,LINE-01,ORD-01-004,STY-033,shade_variation,3,939,minor,train,synthetic
QDEF-000142,FAC-001,2025-02-01,LINE-01,ORD-01-004,STY-033,uneven_stitch,2,939,major,train,synthetic
QDEF-000143,FAC-001,2025-02-01,LINE-01,ORD-01-004,STY-033,puckering,2,939,minor,train,synthetic
QDEF-000144,FAC-001,2025-02-02,LINE-01,ORD-01-004,STY-033,shade_variation,2,918,major,train,synthetic
QDEF-000145,FAC-001,2025-02-02,LINE-01,ORD-01-004,STY-033,uneven_stitch,1,918,major,train,synthetic
QDEF-000146,FAC-001,2025-02-02,LINE-01,ORD-01-004,STY-033,oil_mark,2,918,minor,train,synthetic
QDEF-000147,FAC-001,2025-02-02,LINE-01,ORD-01-004,STY-033,open_seam,1,918,minor,train,synthetic
QDEF-000148,FAC-001,2025-02-02,LINE-01,ORD-01-004,STY-033,measurement_variance,4,918,minor,train,synthetic
QDEF-000149,FAC-001,2025-02-02,LINE-01,ORD-01-004,STY-033,puckering,6,918,major,train,synthetic
QDEF-000150,FAC-001,2025-02-03,LINE-01,ORD-01-004,STY-033,uneven_stitch,6,987,major,train,synthetic
QDEF-000151,FAC-001,2025-02-03,LINE-01,ORD-01-004,STY-033,measurement_variance,2,987,minor,train,synthetic
QDEF-000152,FAC-001,2025-02-03,LINE-01,ORD-01-004,STY-033,puckering,2,987,major,train,synthetic
QDEF-000153,FAC-001,2025-02-03,LINE-01,ORD-01-004,STY-033,shade_variation,1,987,major,train,synthetic
QDEF-000154,FAC-001,2025-02-03,LINE-01,ORD-01-004,STY-033,skip_stitch,3,987,minor,train,synthetic
QDEF-000155,FAC-001,2025-02-03,LINE-01,ORD-01-004,STY-033,oil_mark,1,987,major,train,synthetic
QDEF-000156,FAC-001,2025-02-04,LINE-01,ORD-01-004,STY-033,skip_stitch,4,1095,major,train,synthetic
QDEF-000157,FAC-001,2025-02-04,LINE-01,ORD-01-004,STY-033,shade_variation,6,1095,minor,train,synthetic
QDEF-000158,FAC-001,2025-02-04,LINE-01,ORD-01-004,STY-033,open_seam,1,1095,minor,train,synthetic
QDEF-000159,FAC-001,2025-02-04,LINE-01,ORD-01-004,STY-033,puckering,4,1095,minor,train,synthetic
QDEF-000160,FAC-001,2025-02-04,LINE-01,ORD-01-004,STY-033,oil_mark,4,1095,minor,train,synthetic
QDEF-000161,FAC-001,2025-02-05,LINE-01,ORD-01-004,STY-033,puckering,4,1252,major,train,synthetic
QDEF-000162,FAC-001,2025-02-05,LINE-01,ORD-01-004,STY-033,open_seam,4,1252,major,train,synthetic
QDEF-000163,FAC-001,2025-02-05,LINE-01,ORD-01-004,STY-033,shade_variation,7,1252,minor,train,synthetic
QDEF-000164,FAC-001,2025-02-05,LINE-01,ORD-01-004,STY-033,skip_stitch,4,1252,major,train,synthetic
QDEF-000165,FAC-001,2025-02-05,LINE-01,ORD-01-004,STY-033,oil_mark,3,1252,minor,train,synthetic
QDEF-000166,FAC-001,2025-02-05,LINE-01,ORD-01-004,STY-033,uneven_stitch,1,1252,minor,train,synthetic
QDEF-000167,FAC-001,2025-02-05,LINE-01,ORD-01-004,STY-033,measurement_variance,3,1252,critical,train,synthetic
QDEF-000168,FAC-001,2025-02-06,LINE-01,ORD-01-004,STY-033,uneven_stitch,3,437,minor,train,synthetic
QDEF-000169,FAC-001,2025-02-06,LINE-01,ORD-01-004,STY-033,oil_mark,2,437,minor,train,synthetic
QDEF-000170,FAC-001,2025-02-06,LINE-01,ORD-01-004,STY-033,measurement_variance,1,437,minor,train,synthetic
QDEF-000171,FAC-001,2025-02-06,LINE-01,ORD-01-004,STY-033,puckering,2,437,major,train,synthetic
QDEF-000172,FAC-001,2025-02-06,LINE-01,ORD-01-004,STY-033,open_seam,1,437,minor,train,synthetic
QDEF-000173,FAC-001,2025-02-09,LINE-01,ORD-01-005,STY-023,puckering,3,414,minor,train,synthetic
QDEF-000174,FAC-001,2025-02-09,LINE-01,ORD-01-005,STY-023,skip_stitch,2,414,minor,train,synthetic
QDEF-000175,FAC-001,2025-02-09,LINE-01,ORD-01-005,STY-023,oil_mark,4,414,major,train,synthetic
QDEF-000176,FAC-001,2025-02-09,LINE-01,ORD-01-005,STY-023,uneven_stitch,5,414,minor,train,synthetic
QDEF-000177,FAC-001,2025-02-09,LINE-01,ORD-01-005,STY-023,measurement_variance,4,414,minor,train,synthetic
QDEF-000178,FAC-001,2025-02-09,LINE-01,ORD-01-005,STY-023,shade_variation,3,414,minor,train,synthetic
QDEF-000179,FAC-001,2025-02-09,LINE-01,ORD-01-005,STY-023,open_seam,2,414,major,train,synthetic
QDEF-000180,FAC-001,2025-02-10,LINE-01,ORD-01-005,STY-023,uneven_stitch,4,500,minor,train,synthetic
QDEF-000181,FAC-001,2025-02-10,LINE-01,ORD-01-005,STY-023,puckering,2,500,minor,train,synthetic
QDEF-000182,FAC-001,2025-02-10,LINE-01,ORD-01-005,STY-023,oil_mark,3,500,minor,train,synthetic
QDEF-000183,FAC-001,2025-02-10,LINE-01,ORD-01-005,STY-023,skip_stitch,2,500,minor,train,synthetic
QDEF-000184,FAC-001,2025-02-10,LINE-01,ORD-01-005,STY-023,open_seam,2,500,minor,train,synthetic
QDEF-000185,FAC-001,2025-02-10,LINE-01,ORD-01-005,STY-023,shade_variation,2,500,minor,train,synthetic
QDEF-000186,FAC-001,2025-02-11,LINE-01,ORD-01-005,STY-023,uneven_stitch,3,536,minor,train,synthetic
QDEF-000187,FAC-001,2025-02-11,LINE-01,ORD-01-005,STY-023,skip_stitch,5,536,minor,train,synthetic
QDEF-000188,FAC-001,2025-02-11,LINE-01,ORD-01-005,STY-023,open_seam,3,536,minor,train,synthetic
QDEF-000189,FAC-001,2025-02-11,LINE-01,ORD-01-005,STY-023,measurement_variance,4,536,minor,train,synthetic
QDEF-000190,FAC-001,2025-02-11,LINE-01,ORD-01-005,STY-023,shade_variation,2,536,minor,train,synthetic
QDEF-000191,FAC-001,2025-02-11,LINE-01,ORD-01-005,STY-023,puckering,4,536,major,train,synthetic
QDEF-000192,FAC-001,2025-02-12,LINE-01,ORD-01-005,STY-023,skip_stitch,2,539,major,train,synthetic
QDEF-000193,FAC-001,2025-02-12,LINE-01,ORD-01-005,STY-023,open_seam,4,539,minor,train,synthetic
QDEF-000194,FAC-001,2025-02-12,LINE-01,ORD-01-005,STY-023,oil_mark,4,539,major,train,synthetic
QDEF-000195,FAC-001,2025-02-12,LINE-01,ORD-01-005,STY-023,measurement_variance,1,539,minor,train,synthetic
QDEF-000196,FAC-001,2025-02-12,LINE-01,ORD-01-005,STY-023,puckering,1,539,major,train,synthetic
QDEF-000197,FAC-001,2025-02-12,LINE-01,ORD-01-005,STY-023,uneven_stitch,3,539,minor,train,synthetic
QDEF-000198,FAC-001,2025-02-12,LINE-01,ORD-01-005,STY-023,shade_variation,1,539,major,train,synthetic
QDEF-000199,FAC-001,2025-02-13,LINE-01,ORD-01-005,STY-023,measurement_variance,6,355,minor,train,synthetic
QDEF-000200,FAC-001,2025-02-13,LINE-01,ORD-01-005,STY-023,oil_mark,4,355,major,train,synthetic
QDEF-000201,FAC-001,2025-02-13,LINE-01,ORD-01-005,STY-023,shade_variation,2,355,major,train,synthetic
QDEF-000202,FAC-001,2025-02-13,LINE-01,ORD-01-005,STY-023,skip_stitch,6,355,minor,train,synthetic
QDEF-000203,FAC-001,2025-02-13,LINE-01,ORD-01-005,STY-023,open_seam,2,355,minor,train,synthetic
QDEF-000204,FAC-001,2025-02-13,LINE-01,ORD-01-005,STY-023,puckering,4,355,minor,train,synthetic
QDEF-000205,FAC-001,2025-02-13,LINE-01,ORD-01-005,STY-023,uneven_stitch,1,355,major,train,synthetic
QDEF-000206,FAC-001,2025-02-15,LINE-01,ORD-01-005,STY-023,open_seam,5,538,minor,train,synthetic
QDEF-000207,FAC-001,2025-02-15,LINE-01,ORD-01-005,STY-023,measurement_variance,8,538,critical,train,synthetic
QDEF-000208,FAC-001,2025-02-15,LINE-01,ORD-01-005,STY-023,puckering,3,538,minor,train,synthetic
QDEF-000209,FAC-001,2025-02-15,LINE-01,ORD-01-005,STY-023,skip_stitch,4,538,major,train,synthetic
QDEF-000210,FAC-001,2025-02-15,LINE-01,ORD-01-005,STY-023,uneven_stitch,2,538,minor,train,synthetic
QDEF-000211,FAC-001,2025-02-15,LINE-01,ORD-01-005,STY-023,oil_mark,3,538,minor,train,synthetic
QDEF-000212,FAC-001,2025-02-15,LINE-01,ORD-01-005,STY-023,shade_variation,3,538,minor,train,synthetic
QDEF-000213,FAC-001,2025-02-16,LINE-01,ORD-01-005,STY-023,shade_variation,3,487,minor,train,synthetic
QDEF-000214,FAC-001,2025-02-16,LINE-01,ORD-01-005,STY-023,measurement_variance,6,487,minor,train,synthetic
QDEF-000215,FAC-001,2025-02-16,LINE-01,ORD-01-005,STY-023,open_seam,3,487,minor,train,synthetic
QDEF-000216,FAC-001,2025-02-16,LINE-01,ORD-01-005,STY-023,skip_stitch,2,487,minor,train,synthetic
QDEF-000217,FAC-001,2025-02-16,LINE-01,ORD-01-005,STY-023,uneven_stitch,2,487,major,train,synthetic
QDEF-000218,FAC-001,2025-02-16,LINE-01,ORD-01-005,STY-023,puckering,5,487,minor,train,synthetic
QDEF-000219,FAC-001,2025-02-17,LINE-01,ORD-01-005,STY-023,uneven_stitch,6,593,major,train,synthetic
QDEF-000220,FAC-001,2025-02-17,LINE-01,ORD-01-005,STY-023,shade_variation,4,593,minor,train,synthetic
QDEF-000221,FAC-001,2025-02-17,LINE-01,ORD-01-005,STY-023,skip_stitch,2,593,major,train,synthetic
QDEF-000222,FAC-001,2025-02-17,LINE-01,ORD-01-005,STY-023,measurement_variance,3,593,minor,train,synthetic
QDEF-000223,FAC-001,2025-02-17,LINE-01,ORD-01-005,STY-023,oil_mark,2,593,major,train,synthetic
QDEF-000224,FAC-001,2025-02-17,LINE-01,ORD-01-005,STY-023,open_seam,1,593,minor,train,synthetic
QDEF-000225,FAC-001,2025-02-18,LINE-01,ORD-01-005,STY-023,skip_stitch,3,511,major,train,synthetic
QDEF-000226,FAC-001,2025-02-18,LINE-01,ORD-01-005,STY-023,measurement_variance,4,511,minor,train,synthetic
QDEF-000227,FAC-001,2025-02-18,LINE-01,ORD-01-005,STY-023,open_seam,4,511,minor,train,synthetic
QDEF-000228,FAC-001,2025-02-18,LINE-01,ORD-01-005,STY-023,oil_mark,4,511,minor,train,synthetic
QDEF-000229,FAC-001,2025-02-18,LINE-01,ORD-01-005,STY-023,shade_variation,3,511,minor,train,synthetic
QDEF-000230,FAC-001,2025-02-18,LINE-01,ORD-01-005,STY-023,puckering,3,511,minor,train,synthetic
QDEF-000231,FAC-001,2025-02-19,LINE-01,ORD-01-005,STY-023,oil_mark,2,360,minor,train,synthetic
QDEF-000232,FAC-001,2025-02-19,LINE-01,ORD-01-005,STY-023,puckering,4,360,major,train,synthetic
QDEF-000233,FAC-001,2025-02-19,LINE-01,ORD-01-005,STY-023,shade_variation,2,360,minor,train,synthetic
QDEF-000234,FAC-001,2025-02-19,LINE-01,ORD-01-005,STY-023,uneven_stitch,2,360,minor,train,synthetic
QDEF-000235,FAC-001,2025-02-19,LINE-01,ORD-01-005,STY-023,measurement_variance,2,360,major,train,synthetic
QDEF-000236,FAC-001,2025-02-19,LINE-01,ORD-01-005,STY-023,skip_stitch,1,360,minor,train,synthetic
QDEF-000237,FAC-001,2025-02-20,LINE-01,ORD-01-005,STY-023,measurement_variance,1,15,minor,train,synthetic
QDEF-000238,FAC-001,2025-02-20,LINE-01,ORD-01-005,STY-023,puckering,1,15,minor,train,synthetic
QDEF-000239,FAC-001,2025-02-22,LINE-01,ORD-01-006,STY-007,oil_mark,1,415,major,train,synthetic
QDEF-000240,FAC-001,2025-02-22,LINE-01,ORD-01-006,STY-007,skip_stitch,1,415,major,train,synthetic
QDEF-000241,FAC-001,2025-02-22,LINE-01,ORD-01-006,STY-007,shade_variation,1,415,minor,train,synthetic
QDEF-000242,FAC-001,2025-02-22,LINE-01,ORD-01-006,STY-007,puckering,2,415,major,train,synthetic
QDEF-000243,FAC-001,2025-02-22,LINE-01,ORD-01-006,STY-007,uneven_stitch,2,415,minor,train,synthetic
QDEF-000244,FAC-001,2025-02-23,LINE-01,ORD-01-006,STY-007,uneven_stitch,1,469,critical,train,synthetic
QDEF-000245,FAC-001,2025-02-23,LINE-01,ORD-01-006,STY-007,shade_variation,1,469,major,train,synthetic
QDEF-000246,FAC-001,2025-02-23,LINE-01,ORD-01-006,STY-007,puckering,2,469,minor,train,synthetic
QDEF-000247,FAC-001,2025-02-23,LINE-01,ORD-01-006,STY-007,oil_mark,3,469,minor,train,synthetic
QDEF-000248,FAC-001,2025-02-23,LINE-01,ORD-01-006,STY-007,skip_stitch,1,469,minor,train,synthetic
QDEF-000249,FAC-001,2025-02-23,LINE-01,ORD-01-006,STY-007,open_seam,2,469,minor,train,synthetic
QDEF-000250,FAC-001,2025-02-24,LINE-01,ORD-01-006,STY-007,skip_stitch,4,467,major,train,synthetic
QDEF-000251,FAC-001,2025-02-24,LINE-01,ORD-01-006,STY-007,open_seam,2,467,minor,train,synthetic
QDEF-000252,FAC-001,2025-02-24,LINE-01,ORD-01-006,STY-007,uneven_stitch,1,467,minor,train,synthetic
QDEF-000253,FAC-001,2025-02-24,LINE-01,ORD-01-006,STY-007,shade_variation,4,467,minor,train,synthetic
QDEF-000254,FAC-001,2025-02-24,LINE-01,ORD-01-006,STY-007,measurement_variance,2,467,minor,train,synthetic
QDEF-000255,FAC-001,2025-02-24,LINE-01,ORD-01-006,STY-007,puckering,3,467,major,train,synthetic
QDEF-000256,FAC-001,2025-02-25,LINE-01,ORD-01-006,STY-007,skip_stitch,2,533,minor,train,synthetic
QDEF-000257,FAC-001,2025-02-25,LINE-01,ORD-01-006,STY-007,puckering,4,533,minor,train,synthetic
QDEF-000258,FAC-001,2025-02-25,LINE-01,ORD-01-006,STY-007,open_seam,1,533,minor,train,synthetic
QDEF-000259,FAC-001,2025-02-25,LINE-01,ORD-01-006,STY-007,uneven_stitch,3,533,minor,train,synthetic
QDEF-000260,FAC-001,2025-02-25,LINE-01,ORD-01-006,STY-007,measurement_variance,1,533,minor,train,synthetic
QDEF-000261,FAC-001,2025-02-25,LINE-01,ORD-01-006,STY-007,oil_mark,2,533,critical,train,synthetic
QDEF-000262,FAC-001,2025-02-26,LINE-01,ORD-01-006,STY-007,measurement_variance,1,523,major,train,synthetic
QDEF-000263,FAC-001,2025-02-26,LINE-01,ORD-01-006,STY-007,puckering,1,523,minor,train,synthetic
QDEF-000264,FAC-001,2025-02-26,LINE-01,ORD-01-006,STY-007,open_seam,2,523,critical,train,synthetic
QDEF-000265,FAC-001,2025-02-26,LINE-01,ORD-01-006,STY-007,uneven_stitch,2,523,major,train,synthetic
QDEF-000266,FAC-001,2025-02-26,LINE-01,ORD-01-006,STY-007,oil_mark,1,523,minor,train,synthetic
QDEF-000267,FAC-001,2025-02-27,LINE-01,ORD-01-006,STY-007,shade_variation,3,460,minor,train,synthetic
QDEF-000268,FAC-001,2025-02-27,LINE-01,ORD-01-006,STY-007,skip_stitch,2,460,minor,train,synthetic
QDEF-000269,FAC-001,2025-02-27,LINE-01,ORD-01-006,STY-007,open_seam,2,460,minor,train,synthetic
QDEF-000270,FAC-001,2025-02-27,LINE-01,ORD-01-006,STY-007,measurement_variance,1,460,minor,train,synthetic
QDEF-000271,FAC-001,2025-02-27,LINE-01,ORD-01-006,STY-007,puckering,3,460,major,train,synthetic
QDEF-000272,FAC-001,2025-02-27,LINE-01,ORD-01-006,STY-007,uneven_stitch,3,460,minor,train,synthetic
QDEF-000273,FAC-001,2025-03-01,LINE-01,ORD-01-006,STY-007,skip_stitch,2,381,critical,train,synthetic
QDEF-000274,FAC-001,2025-03-01,LINE-01,ORD-01-006,STY-007,open_seam,2,381,minor,train,synthetic
QDEF-000275,FAC-001,2025-03-01,LINE-01,ORD-01-006,STY-007,uneven_stitch,2,381,minor,train,synthetic
QDEF-000276,FAC-001,2025-03-01,LINE-01,ORD-01-006,STY-007,oil_mark,1,381,minor,train,synthetic
QDEF-000277,FAC-001,2025-03-01,LINE-01,ORD-01-006,STY-007,puckering,1,381,major,train,synthetic
QDEF-000278,FAC-001,2025-03-03,LINE-01,ORD-01-007,STY-017,open_seam,1,716,minor,train,synthetic
QDEF-000279,FAC-001,2025-03-03,LINE-01,ORD-01-007,STY-017,shade_variation,3,716,minor,train,synthetic
QDEF-000280,FAC-001,2025-03-03,LINE-01,ORD-01-007,STY-017,uneven_stitch,3,716,minor,train,synthetic
QDEF-000281,FAC-001,2025-03-03,LINE-01,ORD-01-007,STY-017,skip_stitch,1,716,major,train,synthetic
QDEF-000282,FAC-001,2025-03-03,LINE-01,ORD-01-007,STY-017,measurement_variance,2,716,minor,train,synthetic
QDEF-000283,FAC-001,2025-03-03,LINE-01,ORD-01-007,STY-017,puckering,1,716,minor,train,synthetic
QDEF-000284,FAC-001,2025-03-04,LINE-01,ORD-01-007,STY-017,uneven_stitch,4,818,minor,train,synthetic
QDEF-000285,FAC-001,2025-03-04,LINE-01,ORD-01-007,STY-017,open_seam,2,818,minor,train,synthetic
QDEF-000286,FAC-001,2025-03-04,LINE-01,ORD-01-007,STY-017,skip_stitch,2,818,minor,train,synthetic
QDEF-000287,FAC-001,2025-03-04,LINE-01,ORD-01-007,STY-017,oil_mark,2,818,major,train,synthetic
QDEF-000288,FAC-001,2025-03-04,LINE-01,ORD-01-007,STY-017,puckering,2,818,minor,train,synthetic
QDEF-000289,FAC-001,2025-03-04,LINE-01,ORD-01-007,STY-017,measurement_variance,1,818,minor,train,synthetic
QDEF-000290,FAC-001,2025-03-05,LINE-01,ORD-01-007,STY-017,open_seam,3,1026,major,train,synthetic
QDEF-000291,FAC-001,2025-03-05,LINE-01,ORD-01-007,STY-017,measurement_variance,2,1026,minor,train,synthetic
QDEF-000292,FAC-001,2025-03-05,LINE-01,ORD-01-007,STY-017,shade_variation,4,1026,minor,train,synthetic
QDEF-000293,FAC-001,2025-03-05,LINE-01,ORD-01-007,STY-017,oil_mark,4,1026,minor,train,synthetic
QDEF-000294,FAC-001,2025-03-05,LINE-01,ORD-01-007,STY-017,skip_stitch,3,1026,major,train,synthetic
QDEF-000295,FAC-001,2025-03-05,LINE-01,ORD-01-007,STY-017,uneven_stitch,1,1026,minor,train,synthetic
QDEF-000296,FAC-001,2025-03-05,LINE-01,ORD-01-007,STY-017,puckering,2,1026,minor,train,synthetic
QDEF-000297,FAC-001,2025-03-06,LINE-01,ORD-01-007,STY-017,open_seam,6,730,major,train,synthetic
QDEF-000298,FAC-001,2025-03-06,LINE-01,ORD-01-007,STY-017,puckering,1,730,minor,train,synthetic
QDEF-000299,FAC-001,2025-03-06,LINE-01,ORD-01-007,STY-017,measurement_variance,1,730,minor,train,synthetic
QDEF-000300,FAC-001,2025-03-06,LINE-01,ORD-01-007,STY-017,uneven_stitch,2,730,minor,train,synthetic
QDEF-000301,FAC-001,2025-03-06,LINE-01,ORD-01-007,STY-017,skip_stitch,2,730,minor,train,synthetic
QDEF-000302,FAC-001,2025-03-08,LINE-01,ORD-01-007,STY-017,measurement_variance,3,1139,major,train,synthetic
QDEF-000303,FAC-001,2025-03-08,LINE-01,ORD-01-007,STY-017,skip_stitch,3,1139,major,train,synthetic
QDEF-000304,FAC-001,2025-03-08,LINE-01,ORD-01-007,STY-017,uneven_stitch,2,1139,minor,train,synthetic
QDEF-000305,FAC-001,2025-03-08,LINE-01,ORD-01-007,STY-017,shade_variation,2,1139,major,train,synthetic
QDEF-000306,FAC-001,2025-03-08,LINE-01,ORD-01-007,STY-017,open_seam,4,1139,minor,train,synthetic
QDEF-000307,FAC-001,2025-03-08,LINE-01,ORD-01-007,STY-017,puckering,7,1139,minor,train,synthetic
QDEF-000308,FAC-001,2025-03-08,LINE-01,ORD-01-007,STY-017,oil_mark,1,1139,minor,train,synthetic
QDEF-000309,FAC-001,2025-03-09,LINE-01,ORD-01-007,STY-017,open_seam,3,959,minor,train,synthetic
QDEF-000310,FAC-001,2025-03-09,LINE-01,ORD-01-007,STY-017,skip_stitch,2,959,major,train,synthetic
QDEF-000311,FAC-001,2025-03-09,LINE-01,ORD-01-007,STY-017,measurement_variance,1,959,minor,train,synthetic
QDEF-000312,FAC-001,2025-03-09,LINE-01,ORD-01-007,STY-017,shade_variation,3,959,major,train,synthetic
QDEF-000313,FAC-001,2025-03-09,LINE-01,ORD-01-007,STY-017,oil_mark,1,959,minor,train,synthetic
QDEF-000314,FAC-001,2025-03-09,LINE-01,ORD-01-007,STY-017,uneven_stitch,2,959,major,train,synthetic
QDEF-000315,FAC-001,2025-03-10,LINE-01,ORD-01-007,STY-017,skip_stitch,4,1174,minor,train,synthetic
QDEF-000316,FAC-001,2025-03-10,LINE-01,ORD-01-007,STY-017,oil_mark,4,1174,major,train,synthetic
QDEF-000317,FAC-001,2025-03-10,LINE-01,ORD-01-007,STY-017,uneven_stitch,8,1174,minor,train,synthetic
QDEF-000318,FAC-001,2025-03-10,LINE-01,ORD-01-007,STY-017,shade_variation,4,1174,minor,train,synthetic
QDEF-000319,FAC-001,2025-03-10,LINE-01,ORD-01-007,STY-017,puckering,5,1174,minor,train,synthetic
QDEF-000320,FAC-001,2025-03-10,LINE-01,ORD-01-007,STY-017,open_seam,2,1174,major,train,synthetic
QDEF-000321,FAC-001,2025-03-10,LINE-01,ORD-01-007,STY-017,measurement_variance,2,1174,minor,train,synthetic
QDEF-000322,FAC-001,2025-03-11,LINE-01,ORD-01-007,STY-017,oil_mark,5,618,minor,train,synthetic
QDEF-000323,FAC-001,2025-03-11,LINE-01,ORD-01-007,STY-017,shade_variation,4,618,minor,train,synthetic
QDEF-000324,FAC-001,2025-03-11,LINE-01,ORD-01-007,STY-017,skip_stitch,1,618,minor,train,synthetic
QDEF-000325,FAC-001,2025-03-11,LINE-01,ORD-01-007,STY-017,uneven_stitch,5,618,major,train,synthetic
QDEF-000326,FAC-001,2025-03-11,LINE-01,ORD-01-007,STY-017,puckering,5,618,minor,train,synthetic
QDEF-000327,FAC-001,2025-03-11,LINE-01,ORD-01-007,STY-017,open_seam,3,618,major,train,synthetic
QDEF-000328,FAC-001,2025-03-11,LINE-01,ORD-01-007,STY-017,measurement_variance,3,618,minor,train,synthetic
QDEF-000329,FAC-001,2025-03-12,LINE-01,ORD-01-007,STY-017,measurement_variance,1,100,minor,train,synthetic
QDEF-000330,FAC-001,2025-03-15,LINE-01,ORD-01-008,STY-033,skip_stitch,5,800,major,train,synthetic
QDEF-000331,FAC-001,2025-03-15,LINE-01,ORD-01-008,STY-033,open_seam,2,800,minor,train,synthetic
QDEF-000332,FAC-001,2025-03-15,LINE-01,ORD-01-008,STY-033,uneven_stitch,3,800,major,train,synthetic
QDEF-000333,FAC-001,2025-03-15,LINE-01,ORD-01-008,STY-033,measurement_variance,3,800,minor,train,synthetic
QDEF-000334,FAC-001,2025-03-15,LINE-01,ORD-01-008,STY-033,puckering,1,800,major,train,synthetic
QDEF-000335,FAC-001,2025-03-16,LINE-01,ORD-01-008,STY-033,open_seam,3,859,minor,train,synthetic
QDEF-000336,FAC-001,2025-03-16,LINE-01,ORD-01-008,STY-033,uneven_stitch,4,859,minor,train,synthetic
QDEF-000337,FAC-001,2025-03-16,LINE-01,ORD-01-008,STY-033,oil_mark,3,859,major,train,synthetic
QDEF-000338,FAC-001,2025-03-16,LINE-01,ORD-01-008,STY-033,shade_variation,3,859,major,train,synthetic
QDEF-000339,FAC-001,2025-03-16,LINE-01,ORD-01-008,STY-033,skip_stitch,2,859,critical,train,synthetic
QDEF-000340,FAC-001,2025-03-16,LINE-01,ORD-01-008,STY-033,measurement_variance,2,859,minor,train,synthetic
QDEF-000341,FAC-001,2025-03-17,LINE-01,ORD-01-008,STY-033,measurement_variance,5,1052,minor,train,synthetic
QDEF-000342,FAC-001,2025-03-17,LINE-01,ORD-01-008,STY-033,oil_mark,4,1052,major,train,synthetic
QDEF-000343,FAC-001,2025-03-17,LINE-01,ORD-01-008,STY-033,open_seam,4,1052,major,train,synthetic
QDEF-000344,FAC-001,2025-03-17,LINE-01,ORD-01-008,STY-033,uneven_stitch,2,1052,major,train,synthetic
QDEF-000345,FAC-001,2025-03-17,LINE-01,ORD-01-008,STY-033,shade_variation,5,1052,minor,train,synthetic
QDEF-000346,FAC-001,2025-03-17,LINE-01,ORD-01-008,STY-033,skip_stitch,2,1052,minor,train,synthetic
QDEF-000347,FAC-001,2025-03-17,LINE-01,ORD-01-008,STY-033,puckering,2,1052,minor,train,synthetic
QDEF-000348,FAC-001,2025-03-18,LINE-01,ORD-01-008,STY-033,skip_stitch,4,1099,minor,train,synthetic
QDEF-000349,FAC-001,2025-03-18,LINE-01,ORD-01-008,STY-033,oil_mark,4,1099,minor,train,synthetic
QDEF-000350,FAC-001,2025-03-18,LINE-01,ORD-01-008,STY-033,shade_variation,4,1099,minor,train,synthetic
QDEF-000351,FAC-001,2025-03-18,LINE-01,ORD-01-008,STY-033,puckering,1,1099,minor,train,synthetic
QDEF-000352,FAC-001,2025-03-18,LINE-01,ORD-01-008,STY-033,uneven_stitch,6,1099,minor,train,synthetic
QDEF-000353,FAC-001,2025-03-18,LINE-01,ORD-01-008,STY-033,measurement_variance,6,1099,major,train,synthetic
QDEF-000354,FAC-001,2025-03-18,LINE-01,ORD-01-008,STY-033,open_seam,4,1099,minor,train,synthetic
QDEF-000355,FAC-001,2025-03-19,LINE-01,ORD-01-008,STY-033,skip_stitch,3,1129,major,train,synthetic
QDEF-000356,FAC-001,2025-03-19,LINE-01,ORD-01-008,STY-033,shade_variation,3,1129,minor,train,synthetic
QDEF-000357,FAC-001,2025-03-19,LINE-01,ORD-01-008,STY-033,uneven_stitch,5,1129,major,train,synthetic
QDEF-000358,FAC-001,2025-03-19,LINE-01,ORD-01-008,STY-033,oil_mark,3,1129,minor,train,synthetic
QDEF-000359,FAC-001,2025-03-19,LINE-01,ORD-01-008,STY-033,puckering,2,1129,major,train,synthetic
QDEF-000360,FAC-001,2025-03-19,LINE-01,ORD-01-008,STY-033,measurement_variance,1,1129,major,train,synthetic
QDEF-000361,FAC-001,2025-03-20,LINE-01,ORD-01-008,STY-033,measurement_variance,5,549,minor,train,synthetic
QDEF-000362,FAC-001,2025-03-20,LINE-01,ORD-01-008,STY-033,skip_stitch,1,549,minor,train,synthetic
QDEF-000363,FAC-001,2025-03-20,LINE-01,ORD-01-008,STY-033,oil_mark,1,549,minor,train,synthetic
QDEF-000364,FAC-001,2025-03-20,LINE-01,ORD-01-008,STY-033,open_seam,1,549,minor,train,synthetic
QDEF-000365,FAC-001,2025-03-20,LINE-01,ORD-01-008,STY-033,puckering,2,549,critical,train,synthetic
QDEF-000366,FAC-001,2025-03-22,LINE-01,ORD-01-008,STY-033,uneven_stitch,4,904,major,train,synthetic
QDEF-000367,FAC-001,2025-03-22,LINE-01,ORD-01-008,STY-033,puckering,6,904,major,train,synthetic
QDEF-000368,FAC-001,2025-03-22,LINE-01,ORD-01-008,STY-033,measurement_variance,1,904,minor,train,synthetic
QDEF-000369,FAC-001,2025-03-22,LINE-01,ORD-01-008,STY-033,shade_variation,3,904,minor,train,synthetic
QDEF-000370,FAC-001,2025-03-22,LINE-01,ORD-01-008,STY-033,skip_stitch,1,904,minor,train,synthetic
QDEF-000371,FAC-001,2025-03-23,LINE-01,ORD-01-009,STY-034,measurement_variance,2,706,major,train,synthetic
QDEF-000372,FAC-001,2025-03-23,LINE-01,ORD-01-009,STY-034,puckering,2,706,minor,train,synthetic
QDEF-000373,FAC-001,2025-03-23,LINE-01,ORD-01-009,STY-034,open_seam,1,706,minor,train,synthetic
QDEF-000374,FAC-001,2025-03-23,LINE-01,ORD-01-009,STY-034,oil_mark,2,706,minor,train,synthetic
QDEF-000375,FAC-001,2025-03-23,LINE-01,ORD-01-009,STY-034,uneven_stitch,2,706,minor,train,synthetic
QDEF-000376,FAC-001,2025-03-24,LINE-01,ORD-01-009,STY-034,uneven_stitch,3,698,major,train,synthetic
QDEF-000377,FAC-001,2025-03-24,LINE-01,ORD-01-009,STY-034,puckering,4,698,major,train,synthetic
QDEF-000378,FAC-001,2025-03-24,LINE-01,ORD-01-009,STY-034,shade_variation,1,698,minor,train,synthetic
QDEF-000379,FAC-001,2025-03-24,LINE-01,ORD-01-009,STY-034,skip_stitch,2,698,critical,train,synthetic
QDEF-000380,FAC-001,2025-03-24,LINE-01,ORD-01-009,STY-034,measurement_variance,1,698,minor,train,synthetic
QDEF-000381,FAC-001,2025-03-24,LINE-01,ORD-01-009,STY-034,open_seam,1,698,major,train,synthetic
QDEF-000382,FAC-001,2025-03-24,LINE-01,ORD-01-009,STY-034,oil_mark,1,698,minor,train,synthetic
QDEF-000383,FAC-001,2025-03-25,LINE-01,ORD-01-009,STY-034,puckering,3,967,major,train,synthetic
QDEF-000384,FAC-001,2025-03-25,LINE-01,ORD-01-009,STY-034,skip_stitch,3,967,minor,train,synthetic
QDEF-000385,FAC-001,2025-03-25,LINE-01,ORD-01-009,STY-034,oil_mark,1,967,minor,train,synthetic
QDEF-000386,FAC-001,2025-03-25,LINE-01,ORD-01-009,STY-034,open_seam,2,967,minor,train,synthetic
QDEF-000387,FAC-001,2025-03-25,LINE-01,ORD-01-009,STY-034,uneven_stitch,1,967,minor,train,synthetic
QDEF-000388,FAC-001,2025-03-26,LINE-01,ORD-01-009,STY-034,oil_mark,4,968,minor,train,synthetic
QDEF-000389,FAC-001,2025-03-26,LINE-01,ORD-01-009,STY-034,shade_variation,3,968,minor,train,synthetic
QDEF-000390,FAC-001,2025-03-26,LINE-01,ORD-01-009,STY-034,open_seam,3,968,minor,train,synthetic
QDEF-000391,FAC-001,2025-03-26,LINE-01,ORD-01-009,STY-034,skip_stitch,1,968,major,train,synthetic
QDEF-000392,FAC-001,2025-03-27,LINE-01,ORD-01-009,STY-034,shade_variation,2,973,minor,train,synthetic
QDEF-000393,FAC-001,2025-03-27,LINE-01,ORD-01-009,STY-034,uneven_stitch,3,973,major,train,synthetic
QDEF-000394,FAC-001,2025-03-27,LINE-01,ORD-01-009,STY-034,oil_mark,2,973,major,train,synthetic
QDEF-000395,FAC-001,2025-03-27,LINE-01,ORD-01-009,STY-034,skip_stitch,3,973,minor,train,synthetic
QDEF-000396,FAC-001,2025-03-27,LINE-01,ORD-01-009,STY-034,puckering,1,973,critical,train,synthetic
QDEF-000397,FAC-001,2025-03-29,LINE-01,ORD-01-009,STY-034,skip_stitch,4,998,critical,train,synthetic
QDEF-000398,FAC-001,2025-03-29,LINE-01,ORD-01-009,STY-034,uneven_stitch,4,998,major,train,synthetic
QDEF-000399,FAC-001,2025-03-29,LINE-01,ORD-01-009,STY-034,shade_variation,4,998,major,train,synthetic
QDEF-000400,FAC-001,2025-03-29,LINE-01,ORD-01-009,STY-034,puckering,2,998,major,train,synthetic
QDEF-000401,FAC-001,2025-03-29,LINE-01,ORD-01-009,STY-034,open_seam,1,998,minor,train,synthetic
QDEF-000402,FAC-001,2025-03-30,LINE-01,ORD-01-009,STY-034,measurement_variance,1,466,major,train,synthetic
QDEF-000403,FAC-001,2025-03-30,LINE-01,ORD-01-009,STY-034,puckering,1,466,minor,train,synthetic
QDEF-000404,FAC-001,2025-03-30,LINE-01,ORD-01-009,STY-034,open_seam,2,466,minor,train,synthetic
QDEF-000405,FAC-001,2025-03-30,LINE-01,ORD-01-009,STY-034,shade_variation,1,466,minor,train,synthetic
QDEF-000406,FAC-001,2025-03-30,LINE-01,ORD-01-009,STY-034,uneven_stitch,2,466,major,train,synthetic
QDEF-000407,FAC-001,2025-04-02,LINE-01,ORD-01-010,STY-008,skip_stitch,2,804,minor,train,synthetic
QDEF-000408,FAC-001,2025-04-02,LINE-01,ORD-01-010,STY-008,puckering,2,804,critical,train,synthetic
QDEF-000409,FAC-001,2025-04-02,LINE-01,ORD-01-010,STY-008,open_seam,4,804,major,train,synthetic
QDEF-000410,FAC-001,2025-04-02,LINE-01,ORD-01-010,STY-008,shade_variation,3,804,minor,train,synthetic
QDEF-000411,FAC-001,2025-04-02,LINE-01,ORD-01-010,STY-008,measurement_variance,3,804,major,train,synthetic
QDEF-000412,FAC-001,2025-04-02,LINE-01,ORD-01-010,STY-008,oil_mark,4,804,minor,train,synthetic
QDEF-000413,FAC-001,2025-04-03,LINE-01,ORD-01-010,STY-008,uneven_stitch,3,945,major,train,synthetic
QDEF-000414,FAC-001,2025-04-03,LINE-01,ORD-01-010,STY-008,puckering,5,945,major,train,synthetic
QDEF-000415,FAC-001,2025-04-03,LINE-01,ORD-01-010,STY-008,measurement_variance,4,945,major,train,synthetic
QDEF-000416,FAC-001,2025-04-03,LINE-01,ORD-01-010,STY-008,oil_mark,3,945,major,train,synthetic
QDEF-000417,FAC-001,2025-04-03,LINE-01,ORD-01-010,STY-008,skip_stitch,2,945,critical,train,synthetic
QDEF-000418,FAC-001,2025-04-03,LINE-01,ORD-01-010,STY-008,open_seam,4,945,minor,train,synthetic
QDEF-000419,FAC-001,2025-04-05,LINE-01,ORD-01-010,STY-008,open_seam,4,1133,minor,train,synthetic
QDEF-000420,FAC-001,2025-04-05,LINE-01,ORD-01-010,STY-008,skip_stitch,4,1133,minor,train,synthetic
QDEF-000421,FAC-001,2025-04-05,LINE-01,ORD-01-010,STY-008,uneven_stitch,2,1133,major,train,synthetic
QDEF-000422,FAC-001,2025-04-05,LINE-01,ORD-01-010,STY-008,measurement_variance,5,1133,major,train,synthetic
QDEF-000423,FAC-001,2025-04-05,LINE-01,ORD-01-010,STY-008,shade_variation,7,1133,minor,train,synthetic
QDEF-000424,FAC-001,2025-04-05,LINE-01,ORD-01-010,STY-008,puckering,3,1133,major,train,synthetic
QDEF-000425,FAC-001,2025-04-05,LINE-01,ORD-01-010,STY-008,oil_mark,5,1133,major,train,synthetic
QDEF-000426,FAC-001,2025-04-06,LINE-01,ORD-01-010,STY-008,open_seam,5,1201,major,train,synthetic
QDEF-000427,FAC-001,2025-04-06,LINE-01,ORD-01-010,STY-008,uneven_stitch,2,1201,major,train,synthetic
QDEF-000428,FAC-001,2025-04-06,LINE-01,ORD-01-010,STY-008,oil_mark,5,1201,critical,train,synthetic
QDEF-000429,FAC-001,2025-04-06,LINE-01,ORD-01-010,STY-008,shade_variation,3,1201,minor,train,synthetic
QDEF-000430,FAC-001,2025-04-06,LINE-01,ORD-01-010,STY-008,puckering,4,1201,minor,train,synthetic
QDEF-000431,FAC-001,2025-04-06,LINE-01,ORD-01-010,STY-008,measurement_variance,4,1201,minor,train,synthetic
QDEF-000432,FAC-001,2025-04-06,LINE-01,ORD-01-010,STY-008,skip_stitch,3,1201,minor,train,synthetic
QDEF-000433,FAC-001,2025-04-07,LINE-01,ORD-01-010,STY-008,uneven_stitch,7,1170,minor,train,synthetic
QDEF-000434,FAC-001,2025-04-07,LINE-01,ORD-01-010,STY-008,measurement_variance,10,1170,major,train,synthetic
QDEF-000435,FAC-001,2025-04-07,LINE-01,ORD-01-010,STY-008,shade_variation,7,1170,minor,train,synthetic
QDEF-000436,FAC-001,2025-04-07,LINE-01,ORD-01-010,STY-008,open_seam,5,1170,minor,train,synthetic
QDEF-000437,FAC-001,2025-04-07,LINE-01,ORD-01-010,STY-008,skip_stitch,2,1170,minor,train,synthetic
QDEF-000438,FAC-001,2025-04-07,LINE-01,ORD-01-010,STY-008,puckering,8,1170,minor,train,synthetic
QDEF-000439,FAC-001,2025-04-07,LINE-01,ORD-01-010,STY-008,oil_mark,2,1170,minor,train,synthetic
QDEF-000440,FAC-001,2025-04-08,LINE-01,ORD-01-010,STY-008,puckering,2,432,minor,train,synthetic
QDEF-000441,FAC-001,2025-04-08,LINE-01,ORD-01-010,STY-008,oil_mark,2,432,minor,train,synthetic
QDEF-000442,FAC-001,2025-04-08,LINE-01,ORD-01-010,STY-008,open_seam,1,432,minor,train,synthetic
QDEF-000443,FAC-001,2025-04-09,LINE-01,ORD-01-011,STY-020,uneven_stitch,2,309,critical,train,synthetic
QDEF-000444,FAC-001,2025-04-09,LINE-01,ORD-01-011,STY-020,skip_stitch,5,309,minor,train,synthetic
QDEF-000445,FAC-001,2025-04-09,LINE-01,ORD-01-011,STY-020,puckering,1,309,major,train,synthetic
QDEF-000446,FAC-001,2025-04-09,LINE-01,ORD-01-011,STY-020,measurement_variance,4,309,major,train,synthetic
QDEF-000447,FAC-001,2025-04-09,LINE-01,ORD-01-011,STY-020,oil_mark,3,309,minor,train,synthetic
QDEF-000448,FAC-001,2025-04-09,LINE-01,ORD-01-011,STY-020,open_seam,3,309,minor,train,synthetic
QDEF-000449,FAC-001,2025-04-09,LINE-01,ORD-01-011,STY-020,shade_variation,4,309,minor,train,synthetic
QDEF-000450,FAC-001,2025-04-10,LINE-01,ORD-01-011,STY-020,uneven_stitch,2,340,major,train,synthetic
QDEF-000451,FAC-001,2025-04-10,LINE-01,ORD-01-011,STY-020,shade_variation,1,340,minor,train,synthetic
QDEF-000452,FAC-001,2025-04-10,LINE-01,ORD-01-011,STY-020,skip_stitch,1,340,minor,train,synthetic
QDEF-000453,FAC-001,2025-04-10,LINE-01,ORD-01-011,STY-020,measurement_variance,1,340,minor,train,synthetic
QDEF-000454,FAC-001,2025-04-12,LINE-01,ORD-01-011,STY-020,skip_stitch,2,385,minor,train,synthetic
QDEF-000455,FAC-001,2025-04-12,LINE-01,ORD-01-011,STY-020,oil_mark,1,385,critical,train,synthetic
QDEF-000456,FAC-001,2025-04-12,LINE-01,ORD-01-011,STY-020,shade_variation,2,385,minor,train,synthetic
QDEF-000457,FAC-001,2025-04-12,LINE-01,ORD-01-011,STY-020,uneven_stitch,1,385,minor,train,synthetic
QDEF-000458,FAC-001,2025-04-12,LINE-01,ORD-01-011,STY-020,puckering,1,385,minor,train,synthetic
QDEF-000459,FAC-001,2025-04-13,LINE-01,ORD-01-011,STY-020,shade_variation,5,428,minor,train,synthetic
QDEF-000460,FAC-001,2025-04-13,LINE-01,ORD-01-011,STY-020,open_seam,3,428,minor,train,synthetic
QDEF-000461,FAC-001,2025-04-13,LINE-01,ORD-01-011,STY-020,puckering,2,428,critical,train,synthetic
QDEF-000462,FAC-001,2025-04-13,LINE-01,ORD-01-011,STY-020,measurement_variance,4,428,minor,train,synthetic
QDEF-000463,FAC-001,2025-04-13,LINE-01,ORD-01-011,STY-020,oil_mark,2,428,minor,train,synthetic
QDEF-000464,FAC-001,2025-04-13,LINE-01,ORD-01-011,STY-020,skip_stitch,3,428,major,train,synthetic
QDEF-000465,FAC-001,2025-04-13,LINE-01,ORD-01-011,STY-020,uneven_stitch,2,428,minor,train,synthetic
QDEF-000466,FAC-001,2025-04-14,LINE-01,ORD-01-011,STY-020,skip_stitch,5,504,minor,train,synthetic
QDEF-000467,FAC-001,2025-04-14,LINE-01,ORD-01-011,STY-020,shade_variation,2,504,minor,train,synthetic
QDEF-000468,FAC-001,2025-04-14,LINE-01,ORD-01-011,STY-020,puckering,4,504,minor,train,synthetic
QDEF-000469,FAC-001,2025-04-14,LINE-01,ORD-01-011,STY-020,measurement_variance,2,504,major,train,synthetic
QDEF-000470,FAC-001,2025-04-14,LINE-01,ORD-01-011,STY-020,oil_mark,2,504,minor,train,synthetic
QDEF-000471,FAC-001,2025-04-14,LINE-01,ORD-01-011,STY-020,open_seam,1,504,minor,train,synthetic
QDEF-000472,FAC-001,2025-04-14,LINE-01,ORD-01-011,STY-020,uneven_stitch,1,504,minor,train,synthetic
QDEF-000473,FAC-001,2025-04-15,LINE-01,ORD-01-011,STY-020,measurement_variance,2,439,minor,train,synthetic
QDEF-000474,FAC-001,2025-04-15,LINE-01,ORD-01-011,STY-020,oil_mark,1,439,minor,train,synthetic
QDEF-000475,FAC-001,2025-04-15,LINE-01,ORD-01-011,STY-020,puckering,2,439,major,train,synthetic
QDEF-000476,FAC-001,2025-04-16,LINE-01,ORD-01-011,STY-020,open_seam,6,506,major,train,synthetic
QDEF-000477,FAC-001,2025-04-16,LINE-01,ORD-01-011,STY-020,measurement_variance,2,506,minor,train,synthetic
QDEF-000478,FAC-001,2025-04-16,LINE-01,ORD-01-011,STY-020,oil_mark,3,506,minor,train,synthetic
QDEF-000479,FAC-001,2025-04-16,LINE-01,ORD-01-011,STY-020,skip_stitch,3,506,major,train,synthetic
QDEF-000480,FAC-001,2025-04-16,LINE-01,ORD-01-011,STY-020,puckering,2,506,minor,train,synthetic
QDEF-000481,FAC-001,2025-04-17,LINE-01,ORD-01-012,STY-008,open_seam,3,689,minor,train,synthetic
QDEF-000482,FAC-001,2025-04-17,LINE-01,ORD-01-012,STY-008,puckering,5,689,major,train,synthetic
QDEF-000483,FAC-001,2025-04-17,LINE-01,ORD-01-012,STY-008,uneven_stitch,4,689,critical,train,synthetic
QDEF-000484,FAC-001,2025-04-17,LINE-01,ORD-01-012,STY-008,measurement_variance,2,689,minor,train,synthetic
QDEF-000485,FAC-001,2025-04-17,LINE-01,ORD-01-012,STY-008,shade_variation,1,689,minor,train,synthetic
QDEF-000486,FAC-001,2025-04-17,LINE-01,ORD-01-012,STY-008,oil_mark,1,689,minor,train,synthetic
QDEF-000487,FAC-001,2025-04-19,LINE-01,ORD-01-012,STY-008,shade_variation,4,956,minor,train,synthetic
QDEF-000488,FAC-001,2025-04-19,LINE-01,ORD-01-012,STY-008,open_seam,4,956,minor,train,synthetic
QDEF-000489,FAC-001,2025-04-19,LINE-01,ORD-01-012,STY-008,puckering,3,956,minor,train,synthetic
QDEF-000490,FAC-001,2025-04-19,LINE-01,ORD-01-012,STY-008,skip_stitch,3,956,minor,train,synthetic
QDEF-000491,FAC-001,2025-04-19,LINE-01,ORD-01-012,STY-008,uneven_stitch,2,956,minor,train,synthetic
QDEF-000492,FAC-001,2025-04-19,LINE-01,ORD-01-012,STY-008,measurement_variance,4,956,minor,train,synthetic
QDEF-000493,FAC-001,2025-04-19,LINE-01,ORD-01-012,STY-008,oil_mark,1,956,major,train,synthetic
QDEF-000494,FAC-001,2025-04-20,LINE-01,ORD-01-012,STY-008,open_seam,7,838,minor,train,synthetic
QDEF-000495,FAC-001,2025-04-20,LINE-01,ORD-01-012,STY-008,uneven_stitch,7,838,critical,train,synthetic
QDEF-000496,FAC-001,2025-04-20,LINE-01,ORD-01-012,STY-008,oil_mark,4,838,minor,train,synthetic
QDEF-000497,FAC-001,2025-04-20,LINE-01,ORD-01-012,STY-008,shade_variation,5,838,minor,train,synthetic
QDEF-000498,FAC-001,2025-04-20,LINE-01,ORD-01-012,STY-008,puckering,8,838,minor,train,synthetic
QDEF-000499,FAC-001,2025-04-20,LINE-01,ORD-01-012,STY-008,measurement_variance,5,838,minor,train,synthetic
QDEF-000500,FAC-001,2025-04-20,LINE-01,ORD-01-012,STY-008,skip_stitch,7,838,critical,train,synthetic
QDEF-000501,FAC-001,2025-04-21,LINE-01,ORD-01-012,STY-008,oil_mark,3,706,minor,train,synthetic
QDEF-000502,FAC-001,2025-04-21,LINE-01,ORD-01-012,STY-008,shade_variation,1,706,minor,train,synthetic
QDEF-000503,FAC-001,2025-04-21,LINE-01,ORD-01-012,STY-008,puckering,2,706,minor,train,synthetic
QDEF-000504,FAC-001,2025-04-21,LINE-01,ORD-01-012,STY-008,skip_stitch,2,706,minor,train,synthetic
QDEF-000505,FAC-001,2025-04-21,LINE-01,ORD-01-012,STY-008,uneven_stitch,4,706,major,train,synthetic
QDEF-000506,FAC-001,2025-04-21,LINE-01,ORD-01-012,STY-008,open_seam,3,706,minor,train,synthetic
QDEF-000507,FAC-001,2025-04-21,LINE-01,ORD-01-012,STY-008,measurement_variance,3,706,major,train,synthetic
QDEF-000508,FAC-001,2025-04-22,LINE-01,ORD-01-012,STY-008,uneven_stitch,6,1131,minor,train,synthetic
QDEF-000509,FAC-001,2025-04-22,LINE-01,ORD-01-012,STY-008,oil_mark,4,1131,minor,train,synthetic
QDEF-000510,FAC-001,2025-04-22,LINE-01,ORD-01-012,STY-008,open_seam,6,1131,minor,train,synthetic
QDEF-000511,FAC-001,2025-04-22,LINE-01,ORD-01-012,STY-008,skip_stitch,3,1131,critical,train,synthetic
QDEF-000512,FAC-001,2025-04-22,LINE-01,ORD-01-012,STY-008,measurement_variance,6,1131,minor,train,synthetic
QDEF-000513,FAC-001,2025-04-22,LINE-01,ORD-01-012,STY-008,puckering,5,1131,minor,train,synthetic
QDEF-000514,FAC-001,2025-04-22,LINE-01,ORD-01-012,STY-008,shade_variation,4,1131,major,train,synthetic
QDEF-000515,FAC-001,2025-04-23,LINE-01,ORD-01-012,STY-008,skip_stitch,3,1034,minor,train,synthetic
QDEF-000516,FAC-001,2025-04-23,LINE-01,ORD-01-012,STY-008,oil_mark,5,1034,minor,train,synthetic
QDEF-000517,FAC-001,2025-04-23,LINE-01,ORD-01-012,STY-008,measurement_variance,3,1034,minor,train,synthetic
QDEF-000518,FAC-001,2025-04-23,LINE-01,ORD-01-012,STY-008,shade_variation,3,1034,major,train,synthetic
QDEF-000519,FAC-001,2025-04-23,LINE-01,ORD-01-012,STY-008,open_seam,5,1034,major,train,synthetic
QDEF-000520,FAC-001,2025-04-23,LINE-01,ORD-01-012,STY-008,puckering,1,1034,minor,train,synthetic
QDEF-000521,FAC-001,2025-04-24,LINE-01,ORD-01-012,STY-008,uneven_stitch,1,933,major,train,synthetic
QDEF-000522,FAC-001,2025-04-24,LINE-01,ORD-01-012,STY-008,shade_variation,5,933,minor,train,synthetic
QDEF-000523,FAC-001,2025-04-24,LINE-01,ORD-01-012,STY-008,open_seam,7,933,minor,train,synthetic
QDEF-000524,FAC-001,2025-04-24,LINE-01,ORD-01-012,STY-008,oil_mark,2,933,minor,train,synthetic
QDEF-000525,FAC-001,2025-04-24,LINE-01,ORD-01-012,STY-008,skip_stitch,1,933,minor,train,synthetic
QDEF-000526,FAC-001,2025-04-24,LINE-01,ORD-01-012,STY-008,measurement_variance,1,933,minor,train,synthetic
QDEF-000527,FAC-001,2025-04-24,LINE-01,ORD-01-012,STY-008,puckering,2,933,minor,train,synthetic
QDEF-000528,FAC-001,2025-04-26,LINE-01,ORD-01-013,STY-006,shade_variation,3,458,minor,train,synthetic
QDEF-000529,FAC-001,2025-04-26,LINE-01,ORD-01-013,STY-006,skip_stitch,1,458,minor,train,synthetic
QDEF-000530,FAC-001,2025-04-26,LINE-01,ORD-01-013,STY-006,oil_mark,1,458,major,train,synthetic
QDEF-000531,FAC-001,2025-04-26,LINE-01,ORD-01-013,STY-006,puckering,1,458,minor,train,synthetic
QDEF-000532,FAC-001,2025-04-27,LINE-01,ORD-01-013,STY-006,skip_stitch,2,574,major,train,synthetic
QDEF-000533,FAC-001,2025-04-27,LINE-01,ORD-01-013,STY-006,measurement_variance,3,574,minor,train,synthetic
QDEF-000534,FAC-001,2025-04-27,LINE-01,ORD-01-013,STY-006,oil_mark,3,574,minor,train,synthetic
QDEF-000535,FAC-001,2025-04-27,LINE-01,ORD-01-013,STY-006,puckering,3,574,major,train,synthetic
QDEF-000536,FAC-001,2025-04-28,LINE-01,ORD-01-013,STY-006,uneven_stitch,2,616,minor,train,synthetic
QDEF-000537,FAC-001,2025-04-28,LINE-01,ORD-01-013,STY-006,skip_stitch,3,616,minor,train,synthetic
QDEF-000538,FAC-001,2025-04-28,LINE-01,ORD-01-013,STY-006,measurement_variance,2,616,major,train,synthetic
QDEF-000539,FAC-001,2025-04-28,LINE-01,ORD-01-013,STY-006,shade_variation,1,616,minor,train,synthetic
QDEF-000540,FAC-001,2025-04-29,LINE-01,ORD-01-013,STY-006,measurement_variance,4,736,minor,train,synthetic
QDEF-000541,FAC-001,2025-04-29,LINE-01,ORD-01-013,STY-006,puckering,5,736,minor,train,synthetic
QDEF-000542,FAC-001,2025-04-29,LINE-01,ORD-01-013,STY-006,open_seam,1,736,critical,train,synthetic
QDEF-000543,FAC-001,2025-04-29,LINE-01,ORD-01-013,STY-006,shade_variation,2,736,minor,train,synthetic
QDEF-000544,FAC-001,2025-04-29,LINE-01,ORD-01-013,STY-006,uneven_stitch,2,736,minor,train,synthetic
QDEF-000545,FAC-001,2025-04-29,LINE-01,ORD-01-013,STY-006,skip_stitch,2,736,major,train,synthetic
QDEF-000546,FAC-001,2025-04-29,LINE-01,ORD-01-013,STY-006,oil_mark,2,736,minor,train,synthetic
QDEF-000547,FAC-001,2025-04-30,LINE-01,ORD-01-013,STY-006,open_seam,2,635,major,train,synthetic
QDEF-000548,FAC-001,2025-04-30,LINE-01,ORD-01-013,STY-006,measurement_variance,7,635,minor,train,synthetic
QDEF-000549,FAC-001,2025-04-30,LINE-01,ORD-01-013,STY-006,shade_variation,5,635,major,train,synthetic
QDEF-000550,FAC-001,2025-04-30,LINE-01,ORD-01-013,STY-006,skip_stitch,2,635,minor,train,synthetic
QDEF-000551,FAC-001,2025-04-30,LINE-01,ORD-01-013,STY-006,uneven_stitch,5,635,minor,train,synthetic
QDEF-000552,FAC-001,2025-04-30,LINE-01,ORD-01-013,STY-006,oil_mark,5,635,minor,train,synthetic
QDEF-000553,FAC-001,2025-05-01,LINE-01,ORD-01-013,STY-006,measurement_variance,1,632,minor,validation,synthetic
QDEF-000554,FAC-001,2025-05-01,LINE-01,ORD-01-013,STY-006,shade_variation,3,632,minor,validation,synthetic
QDEF-000555,FAC-001,2025-05-01,LINE-01,ORD-01-013,STY-006,skip_stitch,2,632,minor,validation,synthetic
QDEF-000556,FAC-001,2025-05-01,LINE-01,ORD-01-013,STY-006,uneven_stitch,4,632,minor,validation,synthetic
QDEF-000557,FAC-001,2025-05-01,LINE-01,ORD-01-013,STY-006,oil_mark,3,632,minor,validation,synthetic
QDEF-000558,FAC-001,2025-05-01,LINE-01,ORD-01-013,STY-006,puckering,2,632,minor,validation,synthetic
QDEF-000559,FAC-001,2025-05-03,LINE-01,ORD-01-013,STY-006,oil_mark,2,696,minor,validation,synthetic
QDEF-000560,FAC-001,2025-05-03,LINE-01,ORD-01-013,STY-006,shade_variation,2,696,minor,validation,synthetic
QDEF-000561,FAC-001,2025-05-03,LINE-01,ORD-01-013,STY-006,open_seam,2,696,minor,validation,synthetic
QDEF-000562,FAC-001,2025-05-03,LINE-01,ORD-01-013,STY-006,uneven_stitch,3,696,major,validation,synthetic
QDEF-000563,FAC-001,2025-05-03,LINE-01,ORD-01-013,STY-006,puckering,2,696,minor,validation,synthetic
QDEF-000564,FAC-001,2025-05-03,LINE-01,ORD-01-013,STY-006,measurement_variance,2,696,minor,validation,synthetic
QDEF-000565,FAC-001,2025-05-03,LINE-01,ORD-01-013,STY-006,skip_stitch,1,696,major,validation,synthetic
QDEF-000566,FAC-001,2025-05-04,LINE-01,ORD-01-013,STY-006,measurement_variance,3,611,minor,validation,synthetic
QDEF-000567,FAC-001,2025-05-04,LINE-01,ORD-01-013,STY-006,shade_variation,2,611,minor,validation,synthetic
QDEF-000568,FAC-001,2025-05-04,LINE-01,ORD-01-013,STY-006,open_seam,2,611,major,validation,synthetic
QDEF-000569,FAC-001,2025-05-04,LINE-01,ORD-01-013,STY-006,oil_mark,2,611,minor,validation,synthetic
QDEF-000570,FAC-001,2025-05-04,LINE-01,ORD-01-013,STY-006,uneven_stitch,4,611,critical,validation,synthetic
QDEF-000571,FAC-001,2025-05-04,LINE-01,ORD-01-013,STY-006,puckering,3,611,minor,validation,synthetic
QDEF-000572,FAC-001,2025-05-04,LINE-01,ORD-01-013,STY-006,skip_stitch,1,611,minor,validation,synthetic
QDEF-000573,FAC-001,2025-05-05,LINE-01,ORD-01-013,STY-006,shade_variation,1,63,minor,validation,synthetic
QDEF-000574,FAC-001,2025-05-08,LINE-01,ORD-01-014,STY-036,uneven_stitch,3,367,major,validation,synthetic
QDEF-000575,FAC-001,2025-05-08,LINE-01,ORD-01-014,STY-036,skip_stitch,6,367,critical,validation,synthetic
QDEF-000576,FAC-001,2025-05-08,LINE-01,ORD-01-014,STY-036,measurement_variance,3,367,major,validation,synthetic
QDEF-000577,FAC-001,2025-05-08,LINE-01,ORD-01-014,STY-036,oil_mark,2,367,minor,validation,synthetic
QDEF-000578,FAC-001,2025-05-08,LINE-01,ORD-01-014,STY-036,puckering,1,367,minor,validation,synthetic
QDEF-000579,FAC-001,2025-05-08,LINE-01,ORD-01-014,STY-036,shade_variation,1,367,minor,validation,synthetic
QDEF-000580,FAC-001,2025-05-10,LINE-01,ORD-01-014,STY-036,oil_mark,2,482,major,validation,synthetic
QDEF-000581,FAC-001,2025-05-10,LINE-01,ORD-01-014,STY-036,open_seam,5,482,major,validation,synthetic
QDEF-000582,FAC-001,2025-05-10,LINE-01,ORD-01-014,STY-036,measurement_variance,3,482,minor,validation,synthetic
QDEF-000583,FAC-001,2025-05-10,LINE-01,ORD-01-014,STY-036,puckering,3,482,critical,validation,synthetic
QDEF-000584,FAC-001,2025-05-10,LINE-01,ORD-01-014,STY-036,shade_variation,1,482,minor,validation,synthetic
QDEF-000585,FAC-001,2025-05-11,LINE-01,ORD-01-014,STY-036,skip_stitch,3,503,minor,validation,synthetic
QDEF-000586,FAC-001,2025-05-11,LINE-01,ORD-01-014,STY-036,open_seam,1,503,minor,validation,synthetic
QDEF-000587,FAC-001,2025-05-11,LINE-01,ORD-01-014,STY-036,shade_variation,3,503,minor,validation,synthetic
QDEF-000588,FAC-001,2025-05-11,LINE-01,ORD-01-014,STY-036,uneven_stitch,1,503,minor,validation,synthetic
QDEF-000589,FAC-001,2025-05-11,LINE-01,ORD-01-014,STY-036,puckering,1,503,minor,validation,synthetic
QDEF-000590,FAC-001,2025-05-11,LINE-01,ORD-01-014,STY-036,oil_mark,1,503,minor,validation,synthetic
QDEF-000591,FAC-001,2025-05-12,LINE-01,ORD-01-014,STY-036,open_seam,6,428,major,validation,synthetic
QDEF-000592,FAC-001,2025-05-12,LINE-01,ORD-01-014,STY-036,measurement_variance,4,428,minor,validation,synthetic
QDEF-000593,FAC-001,2025-05-12,LINE-01,ORD-01-014,STY-036,puckering,2,428,minor,validation,synthetic
QDEF-000594,FAC-001,2025-05-12,LINE-01,ORD-01-014,STY-036,uneven_stitch,3,428,minor,validation,synthetic
QDEF-000595,FAC-001,2025-05-12,LINE-01,ORD-01-014,STY-036,skip_stitch,3,428,major,validation,synthetic
QDEF-000596,FAC-001,2025-05-13,LINE-01,ORD-01-014,STY-036,skip_stitch,2,451,minor,validation,synthetic
QDEF-000597,FAC-001,2025-05-13,LINE-01,ORD-01-014,STY-036,uneven_stitch,4,451,minor,validation,synthetic
QDEF-000598,FAC-001,2025-05-13,LINE-01,ORD-01-014,STY-036,oil_mark,2,451,major,validation,synthetic
QDEF-000599,FAC-001,2025-05-13,LINE-01,ORD-01-014,STY-036,shade_variation,4,451,minor,validation,synthetic
QDEF-000600,FAC-001,2025-05-13,LINE-01,ORD-01-014,STY-036,open_seam,2,451,minor,validation,synthetic
QDEF-000601,FAC-001,2025-05-13,LINE-01,ORD-01-014,STY-036,measurement_variance,1,451,major,validation,synthetic
QDEF-000602,FAC-001,2025-05-14,LINE-01,ORD-01-014,STY-036,uneven_stitch,1,500,minor,validation,synthetic
QDEF-000603,FAC-001,2025-05-14,LINE-01,ORD-01-014,STY-036,oil_mark,4,500,minor,validation,synthetic
QDEF-000604,FAC-001,2025-05-14,LINE-01,ORD-01-014,STY-036,shade_variation,4,500,minor,validation,synthetic
QDEF-000605,FAC-001,2025-05-14,LINE-01,ORD-01-014,STY-036,measurement_variance,1,500,major,validation,synthetic
QDEF-000606,FAC-001,2025-05-14,LINE-01,ORD-01-014,STY-036,open_seam,1,500,minor,validation,synthetic
QDEF-000607,FAC-001,2025-05-14,LINE-01,ORD-01-014,STY-036,puckering,1,500,minor,validation,synthetic
QDEF-000608,FAC-001,2025-05-15,LINE-01,ORD-01-014,STY-036,oil_mark,3,443,minor,validation,synthetic
QDEF-000609,FAC-001,2025-05-15,LINE-01,ORD-01-014,STY-036,measurement_variance,1,443,minor,validation,synthetic
QDEF-000610,FAC-001,2025-05-15,LINE-01,ORD-01-014,STY-036,puckering,2,443,minor,validation,synthetic
QDEF-000611,FAC-001,2025-05-15,LINE-01,ORD-01-014,STY-036,skip_stitch,3,443,minor,validation,synthetic
QDEF-000612,FAC-001,2025-05-15,LINE-01,ORD-01-014,STY-036,uneven_stitch,1,443,major,validation,synthetic
QDEF-000613,FAC-001,2025-05-15,LINE-01,ORD-01-014,STY-036,shade_variation,2,443,major,validation,synthetic
QDEF-000614,FAC-001,2025-05-17,LINE-01,ORD-01-014,STY-036,oil_mark,3,503,minor,validation,synthetic
QDEF-000615,FAC-001,2025-05-17,LINE-01,ORD-01-014,STY-036,skip_stitch,4,503,critical,validation,synthetic
QDEF-000616,FAC-001,2025-05-17,LINE-01,ORD-01-014,STY-036,puckering,3,503,minor,validation,synthetic
QDEF-000617,FAC-001,2025-05-17,LINE-01,ORD-01-014,STY-036,open_seam,2,503,major,validation,synthetic
QDEF-000618,FAC-001,2025-05-17,LINE-01,ORD-01-014,STY-036,uneven_stitch,2,503,critical,validation,synthetic
QDEF-000619,FAC-001,2025-05-18,LINE-01,ORD-01-014,STY-036,open_seam,2,452,minor,validation,synthetic
QDEF-000620,FAC-001,2025-05-18,LINE-01,ORD-01-014,STY-036,oil_mark,4,452,minor,validation,synthetic
QDEF-000621,FAC-001,2025-05-18,LINE-01,ORD-01-014,STY-036,puckering,6,452,minor,validation,synthetic
QDEF-000622,FAC-001,2025-05-18,LINE-01,ORD-01-014,STY-036,measurement_variance,1,452,minor,validation,synthetic
QDEF-000623,FAC-001,2025-05-18,LINE-01,ORD-01-014,STY-036,shade_variation,1,452,minor,validation,synthetic
QDEF-000624,FAC-001,2025-05-18,LINE-01,ORD-01-014,STY-036,uneven_stitch,2,452,major,validation,synthetic
QDEF-000625,FAC-001,2025-05-19,LINE-01,ORD-01-014,STY-036,measurement_variance,2,397,minor,validation,synthetic
QDEF-000626,FAC-001,2025-05-19,LINE-01,ORD-01-014,STY-036,shade_variation,1,397,major,validation,synthetic
QDEF-000627,FAC-001,2025-05-19,LINE-01,ORD-01-014,STY-036,open_seam,2,397,minor,validation,synthetic
QDEF-000628,FAC-001,2025-05-19,LINE-01,ORD-01-014,STY-036,uneven_stitch,1,397,minor,validation,synthetic
QDEF-000629,FAC-001,2025-05-19,LINE-01,ORD-01-014,STY-036,puckering,1,397,critical,validation,synthetic
QDEF-000630,FAC-001,2025-05-19,LINE-01,ORD-01-014,STY-036,skip_stitch,1,397,minor,validation,synthetic
QDEF-000631,FAC-001,2025-05-22,LINE-01,ORD-01-015,STY-017,skip_stitch,2,847,critical,validation,synthetic
QDEF-000632,FAC-001,2025-05-22,LINE-01,ORD-01-015,STY-017,measurement_variance,1,847,minor,validation,synthetic
QDEF-000633,FAC-001,2025-05-22,LINE-01,ORD-01-015,STY-017,oil_mark,2,847,minor,validation,synthetic
QDEF-000634,FAC-001,2025-05-22,LINE-01,ORD-01-015,STY-017,shade_variation,3,847,minor,validation,synthetic
QDEF-000635,FAC-001,2025-05-22,LINE-01,ORD-01-015,STY-017,open_seam,2,847,minor,validation,synthetic
QDEF-000636,FAC-001,2025-05-22,LINE-01,ORD-01-015,STY-017,uneven_stitch,1,847,minor,validation,synthetic
QDEF-000637,FAC-001,2025-05-22,LINE-01,ORD-01-015,STY-017,puckering,1,847,major,validation,synthetic
QDEF-000638,FAC-001,2025-05-24,LINE-01,ORD-01-015,STY-017,skip_stitch,4,823,minor,validation,synthetic
QDEF-000639,FAC-001,2025-05-24,LINE-01,ORD-01-015,STY-017,shade_variation,3,823,major,validation,synthetic
QDEF-000640,FAC-001,2025-05-24,LINE-01,ORD-01-015,STY-017,open_seam,2,823,minor,validation,synthetic
QDEF-000641,FAC-001,2025-05-24,LINE-01,ORD-01-015,STY-017,oil_mark,2,823,major,validation,synthetic
QDEF-000642,FAC-001,2025-05-24,LINE-01,ORD-01-015,STY-017,measurement_variance,2,823,minor,validation,synthetic
QDEF-000643,FAC-001,2025-05-24,LINE-01,ORD-01-015,STY-017,puckering,1,823,minor,validation,synthetic
QDEF-000644,FAC-001,2025-05-25,LINE-01,ORD-01-015,STY-017,uneven_stitch,2,1038,minor,validation,synthetic
QDEF-000645,FAC-001,2025-05-25,LINE-01,ORD-01-015,STY-017,shade_variation,5,1038,minor,validation,synthetic
QDEF-000646,FAC-001,2025-05-25,LINE-01,ORD-01-015,STY-017,open_seam,1,1038,minor,validation,synthetic
QDEF-000647,FAC-001,2025-05-25,LINE-01,ORD-01-015,STY-017,skip_stitch,2,1038,minor,validation,synthetic
QDEF-000648,FAC-001,2025-05-25,LINE-01,ORD-01-015,STY-017,puckering,1,1038,critical,validation,synthetic
QDEF-000649,FAC-001,2025-05-25,LINE-01,ORD-01-015,STY-017,oil_mark,3,1038,minor,validation,synthetic
QDEF-000650,FAC-001,2025-05-25,LINE-01,ORD-01-015,STY-017,measurement_variance,2,1038,major,validation,synthetic
QDEF-000651,FAC-001,2025-05-26,LINE-01,ORD-01-015,STY-017,skip_stitch,4,1074,minor,validation,synthetic
QDEF-000652,FAC-001,2025-05-26,LINE-01,ORD-01-015,STY-017,uneven_stitch,4,1074,major,validation,synthetic
QDEF-000653,FAC-001,2025-05-26,LINE-01,ORD-01-015,STY-017,puckering,6,1074,minor,validation,synthetic
QDEF-000654,FAC-001,2025-05-26,LINE-01,ORD-01-015,STY-017,measurement_variance,2,1074,minor,validation,synthetic
QDEF-000655,FAC-001,2025-05-26,LINE-01,ORD-01-015,STY-017,oil_mark,2,1074,minor,validation,synthetic
QDEF-000656,FAC-001,2025-05-26,LINE-01,ORD-01-015,STY-017,open_seam,2,1074,major,validation,synthetic
QDEF-000657,FAC-001,2025-05-27,LINE-01,ORD-01-015,STY-017,oil_mark,5,1095,major,validation,synthetic
QDEF-000658,FAC-001,2025-05-27,LINE-01,ORD-01-015,STY-017,puckering,4,1095,minor,validation,synthetic
QDEF-000659,FAC-001,2025-05-27,LINE-01,ORD-01-015,STY-017,measurement_variance,2,1095,minor,validation,synthetic
QDEF-000660,FAC-001,2025-05-27,LINE-01,ORD-01-015,STY-017,shade_variation,1,1095,minor,validation,synthetic
QDEF-000661,FAC-001,2025-05-27,LINE-01,ORD-01-015,STY-017,skip_stitch,3,1095,minor,validation,synthetic
QDEF-000662,FAC-001,2025-05-27,LINE-01,ORD-01-015,STY-017,open_seam,1,1095,minor,validation,synthetic
QDEF-000663,FAC-001,2025-05-28,LINE-01,ORD-01-015,STY-017,skip_stitch,1,70,major,validation,synthetic
QDEF-000664,FAC-001,2025-05-28,LINE-01,ORD-01-015,STY-017,shade_variation,1,70,minor,validation,synthetic
QDEF-000665,FAC-001,2025-05-28,LINE-01,ORD-01-015,STY-017,puckering,1,70,critical,validation,synthetic
QDEF-000666,FAC-001,2025-05-28,LINE-01,ORD-01-015,STY-017,open_seam,1,70,critical,validation,synthetic
QDEF-000667,FAC-001,2025-05-31,LINE-01,ORD-01-016,STY-022,puckering,8,489,major,validation,synthetic
QDEF-000668,FAC-001,2025-05-31,LINE-01,ORD-01-016,STY-022,uneven_stitch,2,489,major,validation,synthetic
QDEF-000669,FAC-001,2025-05-31,LINE-01,ORD-01-016,STY-022,measurement_variance,5,489,minor,validation,synthetic
QDEF-000670,FAC-001,2025-05-31,LINE-01,ORD-01-016,STY-022,oil_mark,3,489,minor,validation,synthetic
QDEF-000671,FAC-001,2025-05-31,LINE-01,ORD-01-016,STY-022,open_seam,1,489,minor,validation,synthetic
QDEF-000672,FAC-001,2025-06-01,LINE-01,ORD-01-016,STY-022,skip_stitch,1,637,minor,test,synthetic
QDEF-000673,FAC-001,2025-06-01,LINE-01,ORD-01-016,STY-022,open_seam,4,637,critical,test,synthetic
QDEF-000674,FAC-001,2025-06-01,LINE-01,ORD-01-016,STY-022,measurement_variance,3,637,major,test,synthetic
QDEF-000675,FAC-001,2025-06-01,LINE-01,ORD-01-016,STY-022,oil_mark,4,637,major,test,synthetic
QDEF-000676,FAC-001,2025-06-01,LINE-01,ORD-01-016,STY-022,shade_variation,3,637,minor,test,synthetic
QDEF-000677,FAC-001,2025-06-01,LINE-01,ORD-01-016,STY-022,uneven_stitch,3,637,major,test,synthetic
QDEF-000678,FAC-001,2025-06-01,LINE-01,ORD-01-016,STY-022,puckering,2,637,minor,test,synthetic
QDEF-000679,FAC-001,2025-06-02,LINE-01,ORD-01-016,STY-022,skip_stitch,2,646,critical,test,synthetic
QDEF-000680,FAC-001,2025-06-02,LINE-01,ORD-01-016,STY-022,open_seam,3,646,minor,test,synthetic
QDEF-000681,FAC-001,2025-06-02,LINE-01,ORD-01-016,STY-022,measurement_variance,1,646,minor,test,synthetic
QDEF-000682,FAC-001,2025-06-02,LINE-01,ORD-01-016,STY-022,shade_variation,3,646,minor,test,synthetic
QDEF-000683,FAC-001,2025-06-02,LINE-01,ORD-01-016,STY-022,uneven_stitch,3,646,major,test,synthetic
QDEF-000684,FAC-001,2025-06-02,LINE-01,ORD-01-016,STY-022,oil_mark,2,646,critical,test,synthetic
QDEF-000685,FAC-001,2025-06-02,LINE-01,ORD-01-016,STY-022,puckering,2,646,major,test,synthetic
QDEF-000686,FAC-001,2025-06-03,LINE-01,ORD-01-016,STY-022,measurement_variance,3,596,minor,test,synthetic
QDEF-000687,FAC-001,2025-06-03,LINE-01,ORD-01-016,STY-022,puckering,2,596,minor,test,synthetic
QDEF-000688,FAC-001,2025-06-03,LINE-01,ORD-01-016,STY-022,skip_stitch,2,596,minor,test,synthetic
QDEF-000689,FAC-001,2025-06-03,LINE-01,ORD-01-016,STY-022,oil_mark,2,596,minor,test,synthetic
QDEF-000690,FAC-001,2025-06-03,LINE-01,ORD-01-016,STY-022,uneven_stitch,3,596,minor,test,synthetic
QDEF-000691,FAC-001,2025-06-03,LINE-01,ORD-01-016,STY-022,shade_variation,2,596,minor,test,synthetic
QDEF-000692,FAC-001,2025-06-03,LINE-01,ORD-01-016,STY-022,open_seam,1,596,minor,test,synthetic
QDEF-000693,FAC-001,2025-06-04,LINE-01,ORD-01-016,STY-022,open_seam,1,672,major,test,synthetic
QDEF-000694,FAC-001,2025-06-04,LINE-01,ORD-01-016,STY-022,uneven_stitch,4,672,minor,test,synthetic
QDEF-000695,FAC-001,2025-06-04,LINE-01,ORD-01-016,STY-022,measurement_variance,1,672,minor,test,synthetic
QDEF-000696,FAC-001,2025-06-04,LINE-01,ORD-01-016,STY-022,skip_stitch,3,672,minor,test,synthetic
QDEF-000697,FAC-001,2025-06-04,LINE-01,ORD-01-016,STY-022,shade_variation,3,672,minor,test,synthetic
QDEF-000698,FAC-001,2025-06-04,LINE-01,ORD-01-016,STY-022,oil_mark,4,672,major,test,synthetic
QDEF-000699,FAC-001,2025-06-04,LINE-01,ORD-01-016,STY-022,puckering,2,672,minor,test,synthetic
QDEF-000700,FAC-001,2025-06-05,LINE-01,ORD-01-016,STY-022,skip_stitch,4,730,minor,test,synthetic
QDEF-000701,FAC-001,2025-06-05,LINE-01,ORD-01-016,STY-022,uneven_stitch,6,730,minor,test,synthetic
QDEF-000702,FAC-001,2025-06-05,LINE-01,ORD-01-016,STY-022,measurement_variance,6,730,critical,test,synthetic
QDEF-000703,FAC-001,2025-06-05,LINE-01,ORD-01-016,STY-022,shade_variation,4,730,minor,test,synthetic
QDEF-000704,FAC-001,2025-06-05,LINE-01,ORD-01-016,STY-022,puckering,3,730,major,test,synthetic
QDEF-000705,FAC-001,2025-06-05,LINE-01,ORD-01-016,STY-022,oil_mark,2,730,minor,test,synthetic
QDEF-000706,FAC-001,2025-06-05,LINE-01,ORD-01-016,STY-022,open_seam,3,730,minor,test,synthetic
QDEF-000707,FAC-001,2025-06-07,LINE-01,ORD-01-016,STY-022,measurement_variance,3,806,minor,test,synthetic
QDEF-000708,FAC-001,2025-06-07,LINE-01,ORD-01-016,STY-022,uneven_stitch,2,806,major,test,synthetic
QDEF-000709,FAC-001,2025-06-07,LINE-01,ORD-01-016,STY-022,shade_variation,4,806,minor,test,synthetic
QDEF-000710,FAC-001,2025-06-07,LINE-01,ORD-01-016,STY-022,open_seam,2,806,minor,test,synthetic
QDEF-000711,FAC-001,2025-06-07,LINE-01,ORD-01-016,STY-022,oil_mark,1,806,critical,test,synthetic
QDEF-000712,FAC-001,2025-06-07,LINE-01,ORD-01-016,STY-022,puckering,5,806,minor,test,synthetic
QDEF-000713,FAC-001,2025-06-08,LINE-01,ORD-01-016,STY-022,uneven_stitch,6,567,minor,test,synthetic
QDEF-000714,FAC-001,2025-06-08,LINE-01,ORD-01-016,STY-022,oil_mark,5,567,minor,test,synthetic
QDEF-000715,FAC-001,2025-06-08,LINE-01,ORD-01-016,STY-022,puckering,4,567,minor,test,synthetic
QDEF-000716,FAC-001,2025-06-08,LINE-01,ORD-01-016,STY-022,skip_stitch,4,567,minor,test,synthetic
QDEF-000717,FAC-001,2025-06-08,LINE-01,ORD-01-016,STY-022,shade_variation,4,567,minor,test,synthetic
QDEF-000718,FAC-001,2025-06-08,LINE-01,ORD-01-016,STY-022,open_seam,3,567,minor,test,synthetic
QDEF-000719,FAC-001,2025-06-08,LINE-01,ORD-01-016,STY-022,measurement_variance,3,567,major,test,synthetic
QDEF-000720,FAC-001,2025-06-09,LINE-01,ORD-01-016,STY-022,open_seam,3,739,minor,test,synthetic
QDEF-000721,FAC-001,2025-06-09,LINE-01,ORD-01-016,STY-022,skip_stitch,1,739,minor,test,synthetic
QDEF-000722,FAC-001,2025-06-09,LINE-01,ORD-01-016,STY-022,uneven_stitch,2,739,minor,test,synthetic
QDEF-000723,FAC-001,2025-06-09,LINE-01,ORD-01-016,STY-022,measurement_variance,7,739,minor,test,synthetic
QDEF-000724,FAC-001,2025-06-09,LINE-01,ORD-01-016,STY-022,puckering,3,739,minor,test,synthetic
QDEF-000725,FAC-001,2025-06-09,LINE-01,ORD-01-016,STY-022,oil_mark,1,739,minor,test,synthetic
QDEF-000726,FAC-001,2025-06-09,LINE-01,ORD-01-016,STY-022,shade_variation,2,739,minor,test,synthetic
QDEF-000727,FAC-001,2025-06-10,LINE-01,ORD-01-017,STY-007,puckering,2,324,critical,test,synthetic
QDEF-000728,FAC-001,2025-06-10,LINE-01,ORD-01-017,STY-007,open_seam,2,324,minor,test,synthetic
QDEF-000729,FAC-001,2025-06-10,LINE-01,ORD-01-017,STY-007,skip_stitch,3,324,minor,test,synthetic
QDEF-000730,FAC-001,2025-06-10,LINE-01,ORD-01-017,STY-007,shade_variation,2,324,major,test,synthetic
QDEF-000731,FAC-001,2025-06-10,LINE-01,ORD-01-017,STY-007,oil_mark,1,324,minor,test,synthetic
QDEF-000732,FAC-001,2025-06-10,LINE-01,ORD-01-017,STY-007,measurement_variance,2,324,minor,test,synthetic
QDEF-000733,FAC-001,2025-06-11,LINE-01,ORD-01-017,STY-007,measurement_variance,2,479,minor,test,synthetic
QDEF-000734,FAC-001,2025-06-11,LINE-01,ORD-01-017,STY-007,uneven_stitch,1,479,major,test,synthetic
QDEF-000735,FAC-001,2025-06-11,LINE-01,ORD-01-017,STY-007,shade_variation,2,479,major,test,synthetic
QDEF-000736,FAC-001,2025-06-11,LINE-01,ORD-01-017,STY-007,puckering,3,479,minor,test,synthetic
QDEF-000737,FAC-001,2025-06-11,LINE-01,ORD-01-017,STY-007,open_seam,1,479,major,test,synthetic
QDEF-000738,FAC-001,2025-06-12,LINE-01,ORD-01-017,STY-007,measurement_variance,1,497,major,test,synthetic
QDEF-000739,FAC-001,2025-06-12,LINE-01,ORD-01-017,STY-007,oil_mark,2,497,major,test,synthetic
QDEF-000740,FAC-001,2025-06-12,LINE-01,ORD-01-017,STY-007,shade_variation,4,497,minor,test,synthetic
QDEF-000741,FAC-001,2025-06-12,LINE-01,ORD-01-017,STY-007,open_seam,1,497,major,test,synthetic
QDEF-000742,FAC-001,2025-06-12,LINE-01,ORD-01-017,STY-007,puckering,3,497,minor,test,synthetic
QDEF-000743,FAC-001,2025-06-12,LINE-01,ORD-01-017,STY-007,skip_stitch,2,497,minor,test,synthetic
QDEF-000744,FAC-001,2025-06-12,LINE-01,ORD-01-017,STY-007,uneven_stitch,1,497,minor,test,synthetic
QDEF-000745,FAC-001,2025-06-14,LINE-01,ORD-01-017,STY-007,skip_stitch,4,566,major,test,synthetic
QDEF-000746,FAC-001,2025-06-14,LINE-01,ORD-01-017,STY-007,uneven_stitch,2,566,minor,test,synthetic
QDEF-000747,FAC-001,2025-06-14,LINE-01,ORD-01-017,STY-007,measurement_variance,3,566,major,test,synthetic
QDEF-000748,FAC-001,2025-06-14,LINE-01,ORD-01-017,STY-007,oil_mark,1,566,minor,test,synthetic
QDEF-000749,FAC-001,2025-06-14,LINE-01,ORD-01-017,STY-007,open_seam,1,566,minor,test,synthetic
QDEF-000750,FAC-001,2025-06-15,LINE-01,ORD-01-017,STY-007,skip_stitch,2,596,minor,test,synthetic
QDEF-000751,FAC-001,2025-06-15,LINE-01,ORD-01-017,STY-007,shade_variation,1,596,minor,test,synthetic
QDEF-000752,FAC-001,2025-06-15,LINE-01,ORD-01-017,STY-007,puckering,2,596,minor,test,synthetic
QDEF-000753,FAC-001,2025-06-15,LINE-01,ORD-01-017,STY-007,uneven_stitch,1,596,minor,test,synthetic
QDEF-000754,FAC-001,2025-06-15,LINE-01,ORD-01-017,STY-007,open_seam,2,596,major,test,synthetic
QDEF-000755,FAC-001,2025-06-16,LINE-01,ORD-01-017,STY-007,open_seam,2,507,minor,test,synthetic
QDEF-000756,FAC-001,2025-06-16,LINE-01,ORD-01-017,STY-007,measurement_variance,2,507,minor,test,synthetic
QDEF-000757,FAC-001,2025-06-16,LINE-01,ORD-01-017,STY-007,oil_mark,1,507,minor,test,synthetic
QDEF-000758,FAC-001,2025-06-16,LINE-01,ORD-01-017,STY-007,uneven_stitch,3,507,critical,test,synthetic
QDEF-000759,FAC-001,2025-06-16,LINE-01,ORD-01-017,STY-007,puckering,2,507,minor,test,synthetic
QDEF-000760,FAC-001,2025-06-16,LINE-01,ORD-01-017,STY-007,shade_variation,1,507,minor,test,synthetic
QDEF-000761,FAC-001,2025-06-17,LINE-01,ORD-01-017,STY-007,uneven_stitch,3,516,minor,test,synthetic
QDEF-000762,FAC-001,2025-06-17,LINE-01,ORD-01-017,STY-007,skip_stitch,1,516,minor,test,synthetic
QDEF-000763,FAC-001,2025-06-17,LINE-01,ORD-01-017,STY-007,open_seam,3,516,major,test,synthetic
QDEF-000764,FAC-001,2025-06-17,LINE-01,ORD-01-017,STY-007,measurement_variance,1,516,minor,test,synthetic
QDEF-000765,FAC-001,2025-06-17,LINE-01,ORD-01-017,STY-007,oil_mark,3,516,major,test,synthetic
QDEF-000766,FAC-001,2025-06-17,LINE-01,ORD-01-017,STY-007,puckering,1,516,critical,test,synthetic
QDEF-000767,FAC-001,2025-06-18,LINE-01,ORD-01-017,STY-007,uneven_stitch,2,556,minor,test,synthetic
QDEF-000768,FAC-001,2025-06-18,LINE-01,ORD-01-017,STY-007,shade_variation,3,556,minor,test,synthetic
QDEF-000769,FAC-001,2025-06-18,LINE-01,ORD-01-017,STY-007,skip_stitch,1,556,major,test,synthetic
QDEF-000770,FAC-001,2025-06-18,LINE-01,ORD-01-017,STY-007,open_seam,2,556,minor,test,synthetic
QDEF-000771,FAC-001,2025-06-18,LINE-01,ORD-01-017,STY-007,measurement_variance,2,556,minor,test,synthetic
QDEF-000772,FAC-001,2025-06-18,LINE-01,ORD-01-017,STY-007,oil_mark,3,556,minor,test,synthetic
QDEF-000773,FAC-001,2025-06-19,LINE-01,ORD-01-017,STY-007,skip_stitch,5,657,minor,test,synthetic
QDEF-000774,FAC-001,2025-06-19,LINE-01,ORD-01-017,STY-007,shade_variation,4,657,major,test,synthetic
QDEF-000775,FAC-001,2025-06-19,LINE-01,ORD-01-017,STY-007,measurement_variance,3,657,minor,test,synthetic
QDEF-000776,FAC-001,2025-06-19,LINE-01,ORD-01-017,STY-007,open_seam,3,657,minor,test,synthetic
QDEF-000777,FAC-001,2025-06-19,LINE-01,ORD-01-017,STY-007,uneven_stitch,2,657,minor,test,synthetic
QDEF-000778,FAC-001,2025-06-19,LINE-01,ORD-01-017,STY-007,puckering,1,657,minor,test,synthetic
QDEF-000779,FAC-001,2025-06-21,LINE-01,ORD-01-017,STY-007,uneven_stitch,3,453,minor,test,synthetic
QDEF-000780,FAC-001,2025-06-21,LINE-01,ORD-01-017,STY-007,oil_mark,3,453,major,test,synthetic
QDEF-000781,FAC-001,2025-06-21,LINE-01,ORD-01-017,STY-007,skip_stitch,1,453,major,test,synthetic
QDEF-000782,FAC-001,2025-06-21,LINE-01,ORD-01-017,STY-007,measurement_variance,2,453,minor,test,synthetic
QDEF-000783,FAC-001,2025-06-21,LINE-01,ORD-01-017,STY-007,puckering,2,453,minor,test,synthetic
QDEF-000784,FAC-001,2025-06-21,LINE-01,ORD-01-017,STY-007,shade_variation,1,453,minor,test,synthetic
QDEF-000785,FAC-001,2025-06-21,LINE-01,ORD-01-017,STY-007,open_seam,1,453,minor,test,synthetic
QDEF-000786,FAC-001,2025-06-22,LINE-01,ORD-01-017,STY-007,puckering,1,218,critical,test,synthetic
QDEF-000787,FAC-001,2025-06-22,LINE-01,ORD-01-017,STY-007,measurement_variance,2,218,minor,test,synthetic
QDEF-000788,FAC-001,2025-06-22,LINE-01,ORD-01-017,STY-007,shade_variation,2,218,minor,test,synthetic
QDEF-000789,FAC-001,2025-06-22,LINE-01,ORD-01-017,STY-007,uneven_stitch,2,218,minor,test,synthetic
QDEF-000790,FAC-001,2025-06-22,LINE-01,ORD-01-017,STY-007,skip_stitch,1,218,minor,test,synthetic
QDEF-000791,FAC-001,2025-06-23,LINE-01,ORD-01-018,STY-005,shade_variation,2,237,major,test,synthetic
QDEF-000792,FAC-001,2025-06-23,LINE-01,ORD-01-018,STY-005,oil_mark,1,237,major,test,synthetic
QDEF-000793,FAC-001,2025-06-24,LINE-01,ORD-01-018,STY-005,skip_stitch,2,341,minor,test,synthetic
QDEF-000794,FAC-001,2025-06-24,LINE-01,ORD-01-018,STY-005,uneven_stitch,2,341,major,test,synthetic
QDEF-000795,FAC-001,2025-06-24,LINE-01,ORD-01-018,STY-005,measurement_variance,3,341,minor,test,synthetic
QDEF-000796,FAC-001,2025-06-24,LINE-01,ORD-01-018,STY-005,shade_variation,2,341,major,test,synthetic
QDEF-000797,FAC-001,2025-06-25,LINE-01,ORD-01-018,STY-005,open_seam,3,378,major,test,synthetic
QDEF-000798,FAC-001,2025-06-25,LINE-01,ORD-01-018,STY-005,shade_variation,3,378,minor,test,synthetic
QDEF-000799,FAC-001,2025-06-25,LINE-01,ORD-01-018,STY-005,puckering,1,378,major,test,synthetic
QDEF-000800,FAC-001,2025-06-25,LINE-01,ORD-01-018,STY-005,skip_stitch,3,378,minor,test,synthetic
QDEF-000801,FAC-001,2025-06-25,LINE-01,ORD-01-018,STY-005,oil_mark,2,378,minor,test,synthetic
QDEF-000802,FAC-001,2025-06-26,LINE-01,ORD-01-018,STY-005,puckering,1,403,minor,test,synthetic
QDEF-000803,FAC-001,2025-06-26,LINE-01,ORD-01-018,STY-005,open_seam,2,403,minor,test,synthetic
QDEF-000804,FAC-001,2025-06-26,LINE-01,ORD-01-018,STY-005,uneven_stitch,5,403,minor,test,synthetic
QDEF-000805,FAC-001,2025-06-26,LINE-01,ORD-01-018,STY-005,oil_mark,3,403,major,test,synthetic
QDEF-000806,FAC-001,2025-06-26,LINE-01,ORD-01-018,STY-005,measurement_variance,6,403,major,test,synthetic
QDEF-000807,FAC-001,2025-06-28,LINE-01,ORD-01-018,STY-005,skip_stitch,2,344,major,test,synthetic
QDEF-000808,FAC-001,2025-06-28,LINE-01,ORD-01-018,STY-005,shade_variation,2,344,minor,test,synthetic
QDEF-000809,FAC-001,2025-06-28,LINE-01,ORD-01-018,STY-005,oil_mark,2,344,minor,test,synthetic
QDEF-000810,FAC-001,2025-06-28,LINE-01,ORD-01-018,STY-005,uneven_stitch,1,344,minor,test,synthetic
QDEF-000811,FAC-001,2025-06-28,LINE-01,ORD-01-018,STY-005,puckering,2,344,minor,test,synthetic
QDEF-000812,FAC-001,2025-06-29,LINE-01,ORD-01-018,STY-005,measurement_variance,4,190,major,test,synthetic
QDEF-000813,FAC-001,2025-06-29,LINE-01,ORD-01-018,STY-005,uneven_stitch,2,190,minor,test,synthetic
QDEF-000814,FAC-001,2025-06-29,LINE-01,ORD-01-018,STY-005,puckering,5,190,major,test,synthetic
QDEF-000815,FAC-001,2025-06-29,LINE-01,ORD-01-018,STY-005,shade_variation,3,190,minor,test,synthetic
QDEF-000816,FAC-001,2025-06-29,LINE-01,ORD-01-018,STY-005,oil_mark,1,190,minor,test,synthetic
QDEF-000817,FAC-001,2025-06-29,LINE-01,ORD-01-018,STY-005,open_seam,1,190,minor,test,synthetic
QDEF-000818,FAC-001,2025-06-30,LINE-01,ORD-01-018,STY-005,oil_mark,1,13,minor,test,synthetic
QDEF-000819,FAC-001,2025-01-04,LINE-02,ORD-02-001,STY-033,measurement_variance,3,675,minor,train,synthetic
QDEF-000820,FAC-001,2025-01-04,LINE-02,ORD-02-001,STY-033,oil_mark,3,675,minor,train,synthetic
QDEF-000821,FAC-001,2025-01-04,LINE-02,ORD-02-001,STY-033,skip_stitch,2,675,minor,train,synthetic
QDEF-000822,FAC-001,2025-01-04,LINE-02,ORD-02-001,STY-033,uneven_stitch,1,675,minor,train,synthetic
QDEF-000823,FAC-001,2025-01-04,LINE-02,ORD-02-001,STY-033,open_seam,1,675,minor,train,synthetic
QDEF-000824,FAC-001,2025-01-04,LINE-02,ORD-02-001,STY-033,puckering,2,675,major,train,synthetic
QDEF-000825,FAC-001,2025-01-05,LINE-02,ORD-02-001,STY-033,shade_variation,4,921,minor,train,synthetic
QDEF-000826,FAC-001,2025-01-05,LINE-02,ORD-02-001,STY-033,puckering,2,921,minor,train,synthetic
QDEF-000827,FAC-001,2025-01-05,LINE-02,ORD-02-001,STY-033,measurement_variance,2,921,minor,train,synthetic
QDEF-000828,FAC-001,2025-01-05,LINE-02,ORD-02-001,STY-033,uneven_stitch,5,921,minor,train,synthetic
QDEF-000829,FAC-001,2025-01-05,LINE-02,ORD-02-001,STY-033,skip_stitch,1,921,minor,train,synthetic
QDEF-000830,FAC-001,2025-01-05,LINE-02,ORD-02-001,STY-033,open_seam,5,921,minor,train,synthetic
QDEF-000831,FAC-001,2025-01-05,LINE-02,ORD-02-001,STY-033,oil_mark,2,921,major,train,synthetic
QDEF-000832,FAC-001,2025-01-06,LINE-02,ORD-02-001,STY-033,uneven_stitch,4,1108,minor,train,synthetic
QDEF-000833,FAC-001,2025-01-06,LINE-02,ORD-02-001,STY-033,skip_stitch,4,1108,major,train,synthetic
QDEF-000834,FAC-001,2025-01-06,LINE-02,ORD-02-001,STY-033,open_seam,3,1108,minor,train,synthetic
QDEF-000835,FAC-001,2025-01-06,LINE-02,ORD-02-001,STY-033,measurement_variance,3,1108,minor,train,synthetic
QDEF-000836,FAC-001,2025-01-06,LINE-02,ORD-02-001,STY-033,oil_mark,2,1108,critical,train,synthetic
QDEF-000837,FAC-001,2025-01-06,LINE-02,ORD-02-001,STY-033,shade_variation,2,1108,minor,train,synthetic
QDEF-000838,FAC-001,2025-01-06,LINE-02,ORD-02-001,STY-033,puckering,3,1108,major,train,synthetic
QDEF-000839,FAC-001,2025-01-07,LINE-02,ORD-02-001,STY-033,skip_stitch,8,1128,minor,train,synthetic
QDEF-000840,FAC-001,2025-01-07,LINE-02,ORD-02-001,STY-033,uneven_stitch,4,1128,minor,train,synthetic
QDEF-000841,FAC-001,2025-01-07,LINE-02,ORD-02-001,STY-033,puckering,1,1128,minor,train,synthetic
QDEF-000842,FAC-001,2025-01-07,LINE-02,ORD-02-001,STY-033,oil_mark,6,1128,minor,train,synthetic
QDEF-000843,FAC-001,2025-01-07,LINE-02,ORD-02-001,STY-033,shade_variation,2,1128,major,train,synthetic
QDEF-000844,FAC-001,2025-01-07,LINE-02,ORD-02-001,STY-033,measurement_variance,4,1128,major,train,synthetic
QDEF-000845,FAC-001,2025-01-07,LINE-02,ORD-02-001,STY-033,open_seam,1,1128,minor,train,synthetic
QDEF-000846,FAC-001,2025-01-08,LINE-02,ORD-02-001,STY-033,open_seam,4,523,minor,train,synthetic
QDEF-000847,FAC-001,2025-01-08,LINE-02,ORD-02-001,STY-033,oil_mark,3,523,major,train,synthetic
QDEF-000848,FAC-001,2025-01-08,LINE-02,ORD-02-001,STY-033,measurement_variance,1,523,major,train,synthetic
QDEF-000849,FAC-001,2025-01-08,LINE-02,ORD-02-001,STY-033,shade_variation,2,523,minor,train,synthetic
QDEF-000850,FAC-001,2025-01-08,LINE-02,ORD-02-001,STY-033,uneven_stitch,1,523,major,train,synthetic
QDEF-000851,FAC-001,2025-01-09,LINE-02,ORD-02-002,STY-021,uneven_stitch,3,339,minor,train,synthetic
QDEF-000852,FAC-001,2025-01-09,LINE-02,ORD-02-002,STY-021,puckering,2,339,minor,train,synthetic
QDEF-000853,FAC-001,2025-01-09,LINE-02,ORD-02-002,STY-021,oil_mark,3,339,minor,train,synthetic
QDEF-000854,FAC-001,2025-01-09,LINE-02,ORD-02-002,STY-021,measurement_variance,2,339,minor,train,synthetic
QDEF-000855,FAC-001,2025-01-11,LINE-02,ORD-02-002,STY-021,puckering,5,421,major,train,synthetic
QDEF-000856,FAC-001,2025-01-11,LINE-02,ORD-02-002,STY-021,skip_stitch,2,421,major,train,synthetic
QDEF-000857,FAC-001,2025-01-11,LINE-02,ORD-02-002,STY-021,measurement_variance,4,421,minor,train,synthetic
QDEF-000858,FAC-001,2025-01-11,LINE-02,ORD-02-002,STY-021,oil_mark,2,421,minor,train,synthetic
QDEF-000859,FAC-001,2025-01-11,LINE-02,ORD-02-002,STY-021,shade_variation,2,421,minor,train,synthetic
QDEF-000860,FAC-001,2025-01-11,LINE-02,ORD-02-002,STY-021,open_seam,2,421,major,train,synthetic
QDEF-000861,FAC-001,2025-01-11,LINE-02,ORD-02-002,STY-021,uneven_stitch,3,421,critical,train,synthetic
QDEF-000862,FAC-001,2025-01-12,LINE-02,ORD-02-002,STY-021,puckering,2,295,minor,train,synthetic
QDEF-000863,FAC-001,2025-01-12,LINE-02,ORD-02-002,STY-021,measurement_variance,1,295,minor,train,synthetic
QDEF-000864,FAC-001,2025-01-12,LINE-02,ORD-02-002,STY-021,shade_variation,3,295,minor,train,synthetic
QDEF-000865,FAC-001,2025-01-12,LINE-02,ORD-02-002,STY-021,skip_stitch,1,295,major,train,synthetic
QDEF-000866,FAC-001,2025-01-12,LINE-02,ORD-02-002,STY-021,oil_mark,2,295,critical,train,synthetic
QDEF-000867,FAC-001,2025-01-13,LINE-02,ORD-02-002,STY-021,open_seam,4,421,major,train,synthetic
QDEF-000868,FAC-001,2025-01-13,LINE-02,ORD-02-002,STY-021,skip_stitch,1,421,minor,train,synthetic
QDEF-000869,FAC-001,2025-01-13,LINE-02,ORD-02-002,STY-021,oil_mark,2,421,major,train,synthetic
QDEF-000870,FAC-001,2025-01-13,LINE-02,ORD-02-002,STY-021,uneven_stitch,5,421,minor,train,synthetic
QDEF-000871,FAC-001,2025-01-13,LINE-02,ORD-02-002,STY-021,measurement_variance,3,421,minor,train,synthetic
QDEF-000872,FAC-001,2025-01-13,LINE-02,ORD-02-002,STY-021,shade_variation,2,421,minor,train,synthetic
QDEF-000873,FAC-001,2025-01-13,LINE-02,ORD-02-002,STY-021,puckering,3,421,minor,train,synthetic
QDEF-000874,FAC-001,2025-01-14,LINE-02,ORD-02-002,STY-021,skip_stitch,6,419,major,train,synthetic
QDEF-000875,FAC-001,2025-01-14,LINE-02,ORD-02-002,STY-021,measurement_variance,4,419,major,train,synthetic
QDEF-000876,FAC-001,2025-01-14,LINE-02,ORD-02-002,STY-021,puckering,10,419,major,train,synthetic
QDEF-000877,FAC-001,2025-01-14,LINE-02,ORD-02-002,STY-021,open_seam,7,419,minor,train,synthetic
QDEF-000878,FAC-001,2025-01-14,LINE-02,ORD-02-002,STY-021,uneven_stitch,5,419,minor,train,synthetic
QDEF-000879,FAC-001,2025-01-14,LINE-02,ORD-02-002,STY-021,shade_variation,4,419,minor,train,synthetic
QDEF-000880,FAC-001,2025-01-14,LINE-02,ORD-02-002,STY-021,oil_mark,5,419,minor,train,synthetic
QDEF-000881,FAC-001,2025-01-15,LINE-02,ORD-02-002,STY-021,measurement_variance,3,497,major,train,synthetic
QDEF-000882,FAC-001,2025-01-15,LINE-02,ORD-02-002,STY-021,open_seam,7,497,minor,train,synthetic
QDEF-000883,FAC-001,2025-01-15,LINE-02,ORD-02-002,STY-021,uneven_stitch,1,497,minor,train,synthetic
QDEF-000884,FAC-001,2025-01-15,LINE-02,ORD-02-002,STY-021,oil_mark,6,497,minor,train,synthetic
QDEF-000885,FAC-001,2025-01-15,LINE-02,ORD-02-002,STY-021,skip_stitch,4,497,major,train,synthetic
QDEF-000886,FAC-001,2025-01-15,LINE-02,ORD-02-002,STY-021,shade_variation,3,497,major,train,synthetic
QDEF-000887,FAC-001,2025-01-15,LINE-02,ORD-02-002,STY-021,puckering,4,497,major,train,synthetic
QDEF-000888,FAC-001,2025-01-16,LINE-02,ORD-02-002,STY-021,skip_stitch,2,391,minor,train,synthetic
QDEF-000889,FAC-001,2025-01-16,LINE-02,ORD-02-002,STY-021,uneven_stitch,4,391,minor,train,synthetic
QDEF-000890,FAC-001,2025-01-16,LINE-02,ORD-02-002,STY-021,oil_mark,1,391,major,train,synthetic
QDEF-000891,FAC-001,2025-01-16,LINE-02,ORD-02-002,STY-021,open_seam,3,391,critical,train,synthetic
QDEF-000892,FAC-001,2025-01-16,LINE-02,ORD-02-002,STY-021,measurement_variance,1,391,minor,train,synthetic
QDEF-000893,FAC-001,2025-01-16,LINE-02,ORD-02-002,STY-021,shade_variation,3,391,minor,train,synthetic
QDEF-000894,FAC-001,2025-01-18,LINE-02,ORD-02-002,STY-021,measurement_variance,1,42,major,train,synthetic
QDEF-000895,FAC-001,2025-01-18,LINE-02,ORD-02-002,STY-021,oil_mark,1,42,minor,train,synthetic
QDEF-000896,FAC-001,2025-01-18,LINE-02,ORD-02-002,STY-021,shade_variation,1,42,minor,train,synthetic
QDEF-000897,FAC-001,2025-01-18,LINE-02,ORD-02-002,STY-021,skip_stitch,1,42,minor,train,synthetic
QDEF-000898,FAC-001,2025-01-19,LINE-02,ORD-02-002,STY-021,skip_stitch,1,3,minor,train,synthetic
QDEF-000899,FAC-001,2025-01-20,LINE-02,ORD-02-003,STY-018,shade_variation,4,799,minor,train,synthetic
QDEF-000900,FAC-001,2025-01-20,LINE-02,ORD-02-003,STY-018,skip_stitch,5,799,major,train,synthetic
QDEF-000901,FAC-001,2025-01-20,LINE-02,ORD-02-003,STY-018,open_seam,2,799,critical,train,synthetic
QDEF-000902,FAC-001,2025-01-20,LINE-02,ORD-02-003,STY-018,uneven_stitch,4,799,minor,train,synthetic
QDEF-000903,FAC-001,2025-01-20,LINE-02,ORD-02-003,STY-018,measurement_variance,4,799,minor,train,synthetic
QDEF-000904,FAC-001,2025-01-20,LINE-02,ORD-02-003,STY-018,oil_mark,2,799,major,train,synthetic
QDEF-000905,FAC-001,2025-01-20,LINE-02,ORD-02-003,STY-018,puckering,2,799,major,train,synthetic
QDEF-000906,FAC-001,2025-01-21,LINE-02,ORD-02-003,STY-018,measurement_variance,4,1057,minor,train,synthetic
QDEF-000907,FAC-001,2025-01-21,LINE-02,ORD-02-003,STY-018,open_seam,2,1057,minor,train,synthetic
QDEF-000908,FAC-001,2025-01-21,LINE-02,ORD-02-003,STY-018,oil_mark,5,1057,minor,train,synthetic
QDEF-000909,FAC-001,2025-01-21,LINE-02,ORD-02-003,STY-018,puckering,3,1057,minor,train,synthetic
QDEF-000910,FAC-001,2025-01-21,LINE-02,ORD-02-003,STY-018,skip_stitch,4,1057,minor,train,synthetic
QDEF-000911,FAC-001,2025-01-21,LINE-02,ORD-02-003,STY-018,shade_variation,3,1057,minor,train,synthetic
QDEF-000912,FAC-001,2025-01-21,LINE-02,ORD-02-003,STY-018,uneven_stitch,1,1057,minor,train,synthetic
QDEF-000913,FAC-001,2025-01-22,LINE-02,ORD-02-003,STY-018,skip_stitch,4,1015,minor,train,synthetic
QDEF-000914,FAC-001,2025-01-22,LINE-02,ORD-02-003,STY-018,measurement_variance,3,1015,minor,train,synthetic
QDEF-000915,FAC-001,2025-01-22,LINE-02,ORD-02-003,STY-018,oil_mark,4,1015,minor,train,synthetic
QDEF-000916,FAC-001,2025-01-22,LINE-02,ORD-02-003,STY-018,open_seam,5,1015,minor,train,synthetic
QDEF-000917,FAC-001,2025-01-22,LINE-02,ORD-02-003,STY-018,uneven_stitch,3,1015,minor,train,synthetic
QDEF-000918,FAC-001,2025-01-22,LINE-02,ORD-02-003,STY-018,shade_variation,4,1015,minor,train,synthetic
QDEF-000919,FAC-001,2025-01-22,LINE-02,ORD-02-003,STY-018,puckering,4,1015,major,train,synthetic
QDEF-000920,FAC-001,2025-01-23,LINE-02,ORD-02-003,STY-018,open_seam,4,1021,major,train,synthetic
QDEF-000921,FAC-001,2025-01-23,LINE-02,ORD-02-003,STY-018,puckering,2,1021,major,train,synthetic
QDEF-000922,FAC-001,2025-01-23,LINE-02,ORD-02-003,STY-018,uneven_stitch,6,1021,minor,train,synthetic
QDEF-000923,FAC-001,2025-01-23,LINE-02,ORD-02-003,STY-018,shade_variation,3,1021,major,train,synthetic
QDEF-000924,FAC-001,2025-01-23,LINE-02,ORD-02-003,STY-018,measurement_variance,1,1021,minor,train,synthetic
QDEF-000925,FAC-001,2025-01-23,LINE-02,ORD-02-003,STY-018,skip_stitch,1,1021,major,train,synthetic
QDEF-000926,FAC-001,2025-01-23,LINE-02,ORD-02-003,STY-018,oil_mark,2,1021,minor,train,synthetic
QDEF-000927,FAC-001,2025-01-25,LINE-02,ORD-02-003,STY-018,skip_stitch,9,1138,major,train,synthetic
QDEF-000928,FAC-001,2025-01-25,LINE-02,ORD-02-003,STY-018,measurement_variance,5,1138,minor,train,synthetic
QDEF-000929,FAC-001,2025-01-25,LINE-02,ORD-02-003,STY-018,puckering,2,1138,major,train,synthetic
QDEF-000930,FAC-001,2025-01-25,LINE-02,ORD-02-003,STY-018,uneven_stitch,3,1138,minor,train,synthetic
QDEF-000931,FAC-001,2025-01-25,LINE-02,ORD-02-003,STY-018,oil_mark,3,1138,minor,train,synthetic
QDEF-000932,FAC-001,2025-01-25,LINE-02,ORD-02-003,STY-018,shade_variation,1,1138,minor,train,synthetic
QDEF-000933,FAC-001,2025-01-26,LINE-02,ORD-02-003,STY-018,open_seam,2,1047,minor,train,synthetic
QDEF-000934,FAC-001,2025-01-26,LINE-02,ORD-02-003,STY-018,oil_mark,3,1047,minor,train,synthetic
QDEF-000935,FAC-001,2025-01-26,LINE-02,ORD-02-003,STY-018,uneven_stitch,4,1047,major,train,synthetic
QDEF-000936,FAC-001,2025-01-26,LINE-02,ORD-02-003,STY-018,measurement_variance,5,1047,minor,train,synthetic
QDEF-000937,FAC-001,2025-01-26,LINE-02,ORD-02-003,STY-018,skip_stitch,2,1047,minor,train,synthetic
QDEF-000938,FAC-001,2025-01-26,LINE-02,ORD-02-003,STY-018,shade_variation,1,1047,minor,train,synthetic
QDEF-000939,FAC-001,2025-01-27,LINE-02,ORD-02-003,STY-018,uneven_stitch,2,697,critical,train,synthetic
QDEF-000940,FAC-001,2025-01-27,LINE-02,ORD-02-003,STY-018,measurement_variance,2,697,minor,train,synthetic
QDEF-000941,FAC-001,2025-01-27,LINE-02,ORD-02-003,STY-018,oil_mark,2,697,minor,train,synthetic
QDEF-000942,FAC-001,2025-01-27,LINE-02,ORD-02-003,STY-018,shade_variation,2,697,major,train,synthetic
QDEF-000943,FAC-001,2025-01-27,LINE-02,ORD-02-003,STY-018,open_seam,2,697,major,train,synthetic
QDEF-000944,FAC-001,2025-01-27,LINE-02,ORD-02-003,STY-018,skip_stitch,3,697,major,train,synthetic
QDEF-000945,FAC-001,2025-01-27,LINE-02,ORD-02-003,STY-018,puckering,2,697,minor,train,synthetic
QDEF-000946,FAC-001,2025-01-29,LINE-02,ORD-02-004,STY-001,open_seam,1,680,major,train,synthetic
QDEF-000947,FAC-001,2025-01-29,LINE-02,ORD-02-004,STY-001,measurement_variance,2,680,minor,train,synthetic
QDEF-000948,FAC-001,2025-01-29,LINE-02,ORD-02-004,STY-001,shade_variation,2,680,minor,train,synthetic
QDEF-000949,FAC-001,2025-01-29,LINE-02,ORD-02-004,STY-001,uneven_stitch,3,680,minor,train,synthetic
QDEF-000950,FAC-001,2025-01-29,LINE-02,ORD-02-004,STY-001,puckering,3,680,major,train,synthetic
QDEF-000951,FAC-001,2025-01-29,LINE-02,ORD-02-004,STY-001,oil_mark,1,680,minor,train,synthetic
QDEF-000952,FAC-001,2025-01-30,LINE-02,ORD-02-004,STY-001,shade_variation,2,667,minor,train,synthetic
QDEF-000953,FAC-001,2025-01-30,LINE-02,ORD-02-004,STY-001,puckering,4,667,minor,train,synthetic
QDEF-000954,FAC-001,2025-01-30,LINE-02,ORD-02-004,STY-001,measurement_variance,4,667,minor,train,synthetic
QDEF-000955,FAC-001,2025-01-30,LINE-02,ORD-02-004,STY-001,open_seam,2,667,major,train,synthetic
QDEF-000956,FAC-001,2025-01-30,LINE-02,ORD-02-004,STY-001,oil_mark,2,667,minor,train,synthetic
QDEF-000957,FAC-001,2025-01-30,LINE-02,ORD-02-004,STY-001,uneven_stitch,2,667,minor,train,synthetic
QDEF-000958,FAC-001,2025-02-01,LINE-02,ORD-02-004,STY-001,skip_stitch,8,910,minor,train,synthetic
QDEF-000959,FAC-001,2025-02-01,LINE-02,ORD-02-004,STY-001,puckering,6,910,major,train,synthetic
QDEF-000960,FAC-001,2025-02-01,LINE-02,ORD-02-004,STY-001,oil_mark,5,910,minor,train,synthetic
QDEF-000961,FAC-001,2025-02-01,LINE-02,ORD-02-004,STY-001,open_seam,5,910,major,train,synthetic
QDEF-000962,FAC-001,2025-02-01,LINE-02,ORD-02-004,STY-001,measurement_variance,8,910,minor,train,synthetic
QDEF-000963,FAC-001,2025-02-01,LINE-02,ORD-02-004,STY-001,shade_variation,3,910,minor,train,synthetic
QDEF-000964,FAC-001,2025-02-01,LINE-02,ORD-02-004,STY-001,uneven_stitch,4,910,minor,train,synthetic
QDEF-000965,FAC-001,2025-02-02,LINE-02,ORD-02-004,STY-001,skip_stitch,7,988,major,train,synthetic
QDEF-000966,FAC-001,2025-02-02,LINE-02,ORD-02-004,STY-001,open_seam,6,988,minor,train,synthetic
QDEF-000967,FAC-001,2025-02-02,LINE-02,ORD-02-004,STY-001,uneven_stitch,5,988,minor,train,synthetic
QDEF-000968,FAC-001,2025-02-02,LINE-02,ORD-02-004,STY-001,measurement_variance,5,988,minor,train,synthetic
QDEF-000969,FAC-001,2025-02-02,LINE-02,ORD-02-004,STY-001,oil_mark,8,988,major,train,synthetic
QDEF-000970,FAC-001,2025-02-02,LINE-02,ORD-02-004,STY-001,shade_variation,9,988,minor,train,synthetic
QDEF-000971,FAC-001,2025-02-02,LINE-02,ORD-02-004,STY-001,puckering,7,988,critical,train,synthetic
QDEF-000972,FAC-001,2025-02-03,LINE-02,ORD-02-004,STY-001,open_seam,3,1097,minor,train,synthetic
QDEF-000973,FAC-001,2025-02-03,LINE-02,ORD-02-004,STY-001,measurement_variance,3,1097,minor,train,synthetic
QDEF-000974,FAC-001,2025-02-03,LINE-02,ORD-02-004,STY-001,oil_mark,2,1097,minor,train,synthetic
QDEF-000975,FAC-001,2025-02-03,LINE-02,ORD-02-004,STY-001,shade_variation,3,1097,minor,train,synthetic
QDEF-000976,FAC-001,2025-02-03,LINE-02,ORD-02-004,STY-001,puckering,1,1097,major,train,synthetic
QDEF-000977,FAC-001,2025-02-04,LINE-02,ORD-02-004,STY-001,skip_stitch,12,1012,minor,train,synthetic
QDEF-000978,FAC-001,2025-02-04,LINE-02,ORD-02-004,STY-001,shade_variation,7,1012,major,train,synthetic
QDEF-000979,FAC-001,2025-02-04,LINE-02,ORD-02-004,STY-001,open_seam,7,1012,minor,train,synthetic
QDEF-000980,FAC-001,2025-02-04,LINE-02,ORD-02-004,STY-001,uneven_stitch,4,1012,minor,train,synthetic
QDEF-000981,FAC-001,2025-02-04,LINE-02,ORD-02-004,STY-001,puckering,8,1012,minor,train,synthetic
QDEF-000982,FAC-001,2025-02-04,LINE-02,ORD-02-004,STY-001,measurement_variance,1,1012,minor,train,synthetic
QDEF-000983,FAC-001,2025-02-04,LINE-02,ORD-02-004,STY-001,oil_mark,2,1012,major,train,synthetic
QDEF-000984,FAC-001,2025-02-05,LINE-02,ORD-02-004,STY-001,open_seam,3,1135,minor,train,synthetic
QDEF-000985,FAC-001,2025-02-05,LINE-02,ORD-02-004,STY-001,skip_stitch,6,1135,minor,train,synthetic
QDEF-000986,FAC-001,2025-02-05,LINE-02,ORD-02-004,STY-001,uneven_stitch,2,1135,major,train,synthetic
QDEF-000987,FAC-001,2025-02-05,LINE-02,ORD-02-004,STY-001,oil_mark,6,1135,minor,train,synthetic
QDEF-000988,FAC-001,2025-02-05,LINE-02,ORD-02-004,STY-001,measurement_variance,5,1135,major,train,synthetic
QDEF-000989,FAC-001,2025-02-05,LINE-02,ORD-02-004,STY-001,puckering,3,1135,minor,train,synthetic
QDEF-000990,FAC-001,2025-02-05,LINE-02,ORD-02-004,STY-001,shade_variation,4,1135,minor,train,synthetic
QDEF-000991,FAC-001,2025-02-06,LINE-02,ORD-02-004,STY-001,uneven_stitch,5,1064,minor,train,synthetic
QDEF-000992,FAC-001,2025-02-06,LINE-02,ORD-02-004,STY-001,shade_variation,3,1064,major,train,synthetic
QDEF-000993,FAC-001,2025-02-06,LINE-02,ORD-02-004,STY-001,measurement_variance,2,1064,minor,train,synthetic
QDEF-000994,FAC-001,2025-02-06,LINE-02,ORD-02-004,STY-001,puckering,3,1064,major,train,synthetic
QDEF-000995,FAC-001,2025-02-06,LINE-02,ORD-02-004,STY-001,oil_mark,2,1064,major,train,synthetic
QDEF-000996,FAC-001,2025-02-06,LINE-02,ORD-02-004,STY-001,skip_stitch,3,1064,minor,train,synthetic
QDEF-000997,FAC-001,2025-02-06,LINE-02,ORD-02-004,STY-001,open_seam,1,1064,major,train,synthetic
QDEF-000998,FAC-001,2025-02-08,LINE-02,ORD-02-004,STY-001,oil_mark,3,1080,minor,train,synthetic
QDEF-000999,FAC-001,2025-02-08,LINE-02,ORD-02-004,STY-001,shade_variation,1,1080,minor,train,synthetic
QDEF-001000,FAC-001,2025-02-08,LINE-02,ORD-02-004,STY-001,open_seam,4,1080,minor,train,synthetic
QDEF-001001,FAC-001,2025-02-08,LINE-02,ORD-02-004,STY-001,skip_stitch,2,1080,minor,train,synthetic
QDEF-001002,FAC-001,2025-02-08,LINE-02,ORD-02-004,STY-001,uneven_stitch,2,1080,minor,train,synthetic
QDEF-001003,FAC-001,2025-02-08,LINE-02,ORD-02-004,STY-001,puckering,2,1080,minor,train,synthetic
QDEF-001004,FAC-001,2025-02-08,LINE-02,ORD-02-004,STY-001,measurement_variance,2,1080,minor,train,synthetic
QDEF-001005,FAC-001,2025-02-09,LINE-02,ORD-02-004,STY-001,measurement_variance,4,1152,minor,train,synthetic
QDEF-001006,FAC-001,2025-02-09,LINE-02,ORD-02-004,STY-001,puckering,2,1152,critical,train,synthetic
QDEF-001007,FAC-001,2025-02-09,LINE-02,ORD-02-004,STY-001,skip_stitch,4,1152,major,train,synthetic
QDEF-001008,FAC-001,2025-02-09,LINE-02,ORD-02-004,STY-001,shade_variation,4,1152,minor,train,synthetic
QDEF-001009,FAC-001,2025-02-09,LINE-02,ORD-02-004,STY-001,oil_mark,4,1152,minor,train,synthetic
QDEF-001010,FAC-001,2025-02-09,LINE-02,ORD-02-004,STY-001,uneven_stitch,1,1152,minor,train,synthetic
QDEF-001011,FAC-001,2025-02-10,LINE-02,ORD-02-004,STY-001,skip_stitch,2,336,major,train,synthetic
QDEF-001012,FAC-001,2025-02-10,LINE-02,ORD-02-004,STY-001,measurement_variance,2,336,minor,train,synthetic
QDEF-001013,FAC-001,2025-02-12,LINE-02,ORD-02-005,STY-008,open_seam,4,790,minor,train,synthetic
QDEF-001014,FAC-001,2025-02-12,LINE-02,ORD-02-005,STY-008,uneven_stitch,1,790,minor,train,synthetic
QDEF-001015,FAC-001,2025-02-12,LINE-02,ORD-02-005,STY-008,oil_mark,8,790,major,train,synthetic
QDEF-001016,FAC-001,2025-02-12,LINE-02,ORD-02-005,STY-008,puckering,7,790,major,train,synthetic
QDEF-001017,FAC-001,2025-02-12,LINE-02,ORD-02-005,STY-008,shade_variation,2,790,major,train,synthetic
QDEF-001018,FAC-001,2025-02-13,LINE-02,ORD-02-005,STY-008,open_seam,2,796,major,train,synthetic
QDEF-001019,FAC-001,2025-02-13,LINE-02,ORD-02-005,STY-008,measurement_variance,6,796,minor,train,synthetic
QDEF-001020,FAC-001,2025-02-13,LINE-02,ORD-02-005,STY-008,uneven_stitch,1,796,minor,train,synthetic
QDEF-001021,FAC-001,2025-02-13,LINE-02,ORD-02-005,STY-008,shade_variation,5,796,minor,train,synthetic
QDEF-001022,FAC-001,2025-02-13,LINE-02,ORD-02-005,STY-008,puckering,5,796,major,train,synthetic
QDEF-001023,FAC-001,2025-02-13,LINE-02,ORD-02-005,STY-008,skip_stitch,1,796,minor,train,synthetic
QDEF-001024,FAC-001,2025-02-13,LINE-02,ORD-02-005,STY-008,oil_mark,1,796,major,train,synthetic
QDEF-001025,FAC-001,2025-02-15,LINE-02,ORD-02-005,STY-008,measurement_variance,10,1051,minor,train,synthetic
QDEF-001026,FAC-001,2025-02-15,LINE-02,ORD-02-005,STY-008,puckering,7,1051,minor,train,synthetic
QDEF-001027,FAC-001,2025-02-15,LINE-02,ORD-02-005,STY-008,skip_stitch,3,1051,major,train,synthetic
QDEF-001028,FAC-001,2025-02-15,LINE-02,ORD-02-005,STY-008,open_seam,1,1051,minor,train,synthetic
QDEF-001029,FAC-001,2025-02-15,LINE-02,ORD-02-005,STY-008,oil_mark,3,1051,minor,train,synthetic
QDEF-001030,FAC-001,2025-02-15,LINE-02,ORD-02-005,STY-008,uneven_stitch,3,1051,minor,train,synthetic
QDEF-001031,FAC-001,2025-02-15,LINE-02,ORD-02-005,STY-008,shade_variation,4,1051,minor,train,synthetic
QDEF-001032,FAC-001,2025-02-16,LINE-02,ORD-02-005,STY-008,skip_stitch,3,820,minor,train,synthetic
QDEF-001033,FAC-001,2025-02-16,LINE-02,ORD-02-005,STY-008,open_seam,5,820,major,train,synthetic
QDEF-001034,FAC-001,2025-02-16,LINE-02,ORD-02-005,STY-008,uneven_stitch,8,820,minor,train,synthetic
QDEF-001035,FAC-001,2025-02-16,LINE-02,ORD-02-005,STY-008,measurement_variance,9,820,major,train,synthetic
QDEF-001036,FAC-001,2025-02-16,LINE-02,ORD-02-005,STY-008,shade_variation,5,820,major,train,synthetic
QDEF-001037,FAC-001,2025-02-16,LINE-02,ORD-02-005,STY-008,oil_mark,6,820,major,train,synthetic
QDEF-001038,FAC-001,2025-02-16,LINE-02,ORD-02-005,STY-008,puckering,4,820,major,train,synthetic
QDEF-001039,FAC-001,2025-02-17,LINE-02,ORD-02-005,STY-008,uneven_stitch,5,1034,minor,train,synthetic
QDEF-001040,FAC-001,2025-02-17,LINE-02,ORD-02-005,STY-008,oil_mark,5,1034,minor,train,synthetic
QDEF-001041,FAC-001,2025-02-17,LINE-02,ORD-02-005,STY-008,measurement_variance,5,1034,minor,train,synthetic
QDEF-001042,FAC-001,2025-02-17,LINE-02,ORD-02-005,STY-008,puckering,4,1034,minor,train,synthetic
QDEF-001043,FAC-001,2025-02-17,LINE-02,ORD-02-005,STY-008,skip_stitch,2,1034,critical,train,synthetic
QDEF-001044,FAC-001,2025-02-17,LINE-02,ORD-02-005,STY-008,shade_variation,6,1034,minor,train,synthetic
QDEF-001045,FAC-001,2025-02-17,LINE-02,ORD-02-005,STY-008,open_seam,2,1034,minor,train,synthetic
QDEF-001046,FAC-001,2025-02-18,LINE-02,ORD-02-005,STY-008,open_seam,4,1088,major,train,synthetic
QDEF-001047,FAC-001,2025-02-18,LINE-02,ORD-02-005,STY-008,oil_mark,5,1088,minor,train,synthetic
QDEF-001048,FAC-001,2025-02-18,LINE-02,ORD-02-005,STY-008,skip_stitch,2,1088,minor,train,synthetic
QDEF-001049,FAC-001,2025-02-18,LINE-02,ORD-02-005,STY-008,shade_variation,5,1088,major,train,synthetic
QDEF-001050,FAC-001,2025-02-18,LINE-02,ORD-02-005,STY-008,uneven_stitch,5,1088,major,train,synthetic
QDEF-001051,FAC-001,2025-02-18,LINE-02,ORD-02-005,STY-008,puckering,4,1088,major,train,synthetic
QDEF-001052,FAC-001,2025-02-18,LINE-02,ORD-02-005,STY-008,measurement_variance,2,1088,minor,train,synthetic
QDEF-001053,FAC-001,2025-02-19,LINE-02,ORD-02-005,STY-008,uneven_stitch,6,891,major,train,synthetic
QDEF-001054,FAC-001,2025-02-19,LINE-02,ORD-02-005,STY-008,puckering,4,891,minor,train,synthetic
QDEF-001055,FAC-001,2025-02-19,LINE-02,ORD-02-005,STY-008,measurement_variance,1,891,minor,train,synthetic
QDEF-001056,FAC-001,2025-02-19,LINE-02,ORD-02-005,STY-008,oil_mark,3,891,major,train,synthetic
QDEF-001057,FAC-001,2025-02-19,LINE-02,ORD-02-005,STY-008,shade_variation,2,891,minor,train,synthetic
QDEF-001058,FAC-001,2025-02-19,LINE-02,ORD-02-005,STY-008,skip_stitch,1,891,minor,train,synthetic
QDEF-001059,FAC-001,2025-02-19,LINE-02,ORD-02-005,STY-008,open_seam,3,891,major,train,synthetic
QDEF-001060,FAC-001,2025-02-20,LINE-02,ORD-02-005,STY-008,measurement_variance,2,677,minor,train,synthetic
QDEF-001061,FAC-001,2025-02-20,LINE-02,ORD-02-005,STY-008,open_seam,9,677,minor,train,synthetic
QDEF-001062,FAC-001,2025-02-20,LINE-02,ORD-02-005,STY-008,uneven_stitch,1,677,minor,train,synthetic
QDEF-001063,FAC-001,2025-02-20,LINE-02,ORD-02-005,STY-008,shade_variation,6,677,minor,train,synthetic
QDEF-001064,FAC-001,2025-02-20,LINE-02,ORD-02-005,STY-008,skip_stitch,1,677,minor,train,synthetic
QDEF-001065,FAC-001,2025-02-20,LINE-02,ORD-02-005,STY-008,oil_mark,1,677,minor,train,synthetic
QDEF-001066,FAC-001,2025-02-20,LINE-02,ORD-02-005,STY-008,puckering,2,677,minor,train,synthetic
QDEF-001067,FAC-001,2025-02-22,LINE-02,ORD-02-006,STY-005,puckering,1,272,major,train,synthetic
QDEF-001068,FAC-001,2025-02-22,LINE-02,ORD-02-006,STY-005,uneven_stitch,2,272,major,train,synthetic
QDEF-001069,FAC-001,2025-02-22,LINE-02,ORD-02-006,STY-005,open_seam,2,272,minor,train,synthetic
QDEF-001070,FAC-001,2025-02-22,LINE-02,ORD-02-006,STY-005,measurement_variance,2,272,major,train,synthetic
QDEF-001071,FAC-001,2025-02-22,LINE-02,ORD-02-006,STY-005,oil_mark,1,272,minor,train,synthetic
QDEF-001072,FAC-001,2025-02-22,LINE-02,ORD-02-006,STY-005,skip_stitch,1,272,minor,train,synthetic
QDEF-001073,FAC-001,2025-02-22,LINE-02,ORD-02-006,STY-005,shade_variation,1,272,major,train,synthetic
QDEF-001074,FAC-001,2025-02-23,LINE-02,ORD-02-006,STY-005,uneven_stitch,3,334,minor,train,synthetic
QDEF-001075,FAC-001,2025-02-23,LINE-02,ORD-02-006,STY-005,oil_mark,3,334,critical,train,synthetic
QDEF-001076,FAC-001,2025-02-23,LINE-02,ORD-02-006,STY-005,shade_variation,4,334,minor,train,synthetic
QDEF-001077,FAC-001,2025-02-23,LINE-02,ORD-02-006,STY-005,measurement_variance,1,334,minor,train,synthetic
QDEF-001078,FAC-001,2025-02-23,LINE-02,ORD-02-006,STY-005,puckering,3,334,minor,train,synthetic
QDEF-001079,FAC-001,2025-02-24,LINE-02,ORD-02-006,STY-005,oil_mark,1,391,minor,train,synthetic
QDEF-001080,FAC-001,2025-02-24,LINE-02,ORD-02-006,STY-005,uneven_stitch,3,391,major,train,synthetic
QDEF-001081,FAC-001,2025-02-24,LINE-02,ORD-02-006,STY-005,open_seam,2,391,minor,train,synthetic
QDEF-001082,FAC-001,2025-02-24,LINE-02,ORD-02-006,STY-005,measurement_variance,3,391,major,train,synthetic
QDEF-001083,FAC-001,2025-02-24,LINE-02,ORD-02-006,STY-005,shade_variation,3,391,minor,train,synthetic
QDEF-001084,FAC-001,2025-02-25,LINE-02,ORD-02-006,STY-005,uneven_stitch,4,443,major,train,synthetic
QDEF-001085,FAC-001,2025-02-25,LINE-02,ORD-02-006,STY-005,measurement_variance,3,443,minor,train,synthetic
QDEF-001086,FAC-001,2025-02-25,LINE-02,ORD-02-006,STY-005,skip_stitch,2,443,minor,train,synthetic
QDEF-001087,FAC-001,2025-02-25,LINE-02,ORD-02-006,STY-005,open_seam,4,443,minor,train,synthetic
QDEF-001088,FAC-001,2025-02-25,LINE-02,ORD-02-006,STY-005,puckering,3,443,minor,train,synthetic
QDEF-001089,FAC-001,2025-02-25,LINE-02,ORD-02-006,STY-005,oil_mark,1,443,critical,train,synthetic
QDEF-001090,FAC-001,2025-02-26,LINE-02,ORD-02-006,STY-005,oil_mark,1,436,minor,train,synthetic
QDEF-001091,FAC-001,2025-02-26,LINE-02,ORD-02-006,STY-005,puckering,3,436,minor,train,synthetic
QDEF-001092,FAC-001,2025-02-26,LINE-02,ORD-02-006,STY-005,uneven_stitch,6,436,minor,train,synthetic
QDEF-001093,FAC-001,2025-02-26,LINE-02,ORD-02-006,STY-005,shade_variation,3,436,minor,train,synthetic
QDEF-001094,FAC-001,2025-02-26,LINE-02,ORD-02-006,STY-005,skip_stitch,4,436,minor,train,synthetic
QDEF-001095,FAC-001,2025-02-26,LINE-02,ORD-02-006,STY-005,open_seam,2,436,minor,train,synthetic
QDEF-001096,FAC-001,2025-02-27,LINE-02,ORD-02-006,STY-005,oil_mark,5,461,major,train,synthetic
QDEF-001097,FAC-001,2025-02-27,LINE-02,ORD-02-006,STY-005,shade_variation,4,461,major,train,synthetic
QDEF-001098,FAC-001,2025-02-27,LINE-02,ORD-02-006,STY-005,measurement_variance,2,461,minor,train,synthetic
QDEF-001099,FAC-001,2025-02-27,LINE-02,ORD-02-006,STY-005,open_seam,1,461,minor,train,synthetic
QDEF-001100,FAC-001,2025-02-27,LINE-02,ORD-02-006,STY-005,skip_stitch,2,461,major,train,synthetic
QDEF-001101,FAC-001,2025-02-27,LINE-02,ORD-02-006,STY-005,puckering,1,461,minor,train,synthetic
QDEF-001102,FAC-001,2025-02-27,LINE-02,ORD-02-006,STY-005,uneven_stitch,1,461,major,train,synthetic
QDEF-001103,FAC-001,2025-03-01,LINE-02,ORD-02-006,STY-005,shade_variation,2,441,major,train,synthetic
QDEF-001104,FAC-001,2025-03-01,LINE-02,ORD-02-006,STY-005,skip_stitch,2,441,major,train,synthetic
QDEF-001105,FAC-001,2025-03-01,LINE-02,ORD-02-006,STY-005,puckering,1,441,minor,train,synthetic
QDEF-001106,FAC-001,2025-03-01,LINE-02,ORD-02-006,STY-005,measurement_variance,4,441,minor,train,synthetic
QDEF-001107,FAC-001,2025-03-01,LINE-02,ORD-02-006,STY-005,oil_mark,1,441,critical,train,synthetic
QDEF-001108,FAC-001,2025-03-01,LINE-02,ORD-02-006,STY-005,uneven_stitch,2,441,minor,train,synthetic
QDEF-001109,FAC-001,2025-03-01,LINE-02,ORD-02-006,STY-005,open_seam,1,441,minor,train,synthetic
QDEF-001110,FAC-001,2025-03-02,LINE-02,ORD-02-006,STY-005,measurement_variance,3,453,minor,train,synthetic
QDEF-001111,FAC-001,2025-03-02,LINE-02,ORD-02-006,STY-005,shade_variation,3,453,major,train,synthetic
QDEF-001112,FAC-001,2025-03-02,LINE-02,ORD-02-006,STY-005,uneven_stitch,2,453,minor,train,synthetic
QDEF-001113,FAC-001,2025-03-02,LINE-02,ORD-02-006,STY-005,oil_mark,2,453,minor,train,synthetic
QDEF-001114,FAC-001,2025-03-02,LINE-02,ORD-02-006,STY-005,open_seam,1,453,minor,train,synthetic
QDEF-001115,FAC-001,2025-03-02,LINE-02,ORD-02-006,STY-005,puckering,2,453,major,train,synthetic
QDEF-001116,FAC-001,2025-03-02,LINE-02,ORD-02-006,STY-005,skip_stitch,3,453,minor,train,synthetic
QDEF-001117,FAC-001,2025-03-03,LINE-02,ORD-02-006,STY-005,uneven_stitch,3,422,major,train,synthetic
QDEF-001118,FAC-001,2025-03-03,LINE-02,ORD-02-006,STY-005,measurement_variance,1,422,minor,train,synthetic
QDEF-001119,FAC-001,2025-03-03,LINE-02,ORD-02-006,STY-005,puckering,4,422,major,train,synthetic
QDEF-001120,FAC-001,2025-03-03,LINE-02,ORD-02-006,STY-005,open_seam,1,422,critical,train,synthetic
QDEF-001121,FAC-001,2025-03-03,LINE-02,ORD-02-006,STY-005,shade_variation,2,422,major,train,synthetic
QDEF-001122,FAC-001,2025-03-04,LINE-02,ORD-02-006,STY-005,skip_stitch,3,405,minor,train,synthetic
QDEF-001123,FAC-001,2025-03-04,LINE-02,ORD-02-006,STY-005,measurement_variance,7,405,minor,train,synthetic
QDEF-001124,FAC-001,2025-03-04,LINE-02,ORD-02-006,STY-005,shade_variation,2,405,minor,train,synthetic
QDEF-001125,FAC-001,2025-03-04,LINE-02,ORD-02-006,STY-005,puckering,2,405,major,train,synthetic
QDEF-001126,FAC-001,2025-03-04,LINE-02,ORD-02-006,STY-005,uneven_stitch,1,405,major,train,synthetic
QDEF-001127,FAC-001,2025-03-04,LINE-02,ORD-02-006,STY-005,oil_mark,1,405,minor,train,synthetic
QDEF-001128,FAC-001,2025-03-06,LINE-02,ORD-02-007,STY-033,skip_stitch,5,789,major,train,synthetic
QDEF-001129,FAC-001,2025-03-06,LINE-02,ORD-02-007,STY-033,open_seam,3,789,minor,train,synthetic
QDEF-001130,FAC-001,2025-03-06,LINE-02,ORD-02-007,STY-033,uneven_stitch,1,789,minor,train,synthetic
QDEF-001131,FAC-001,2025-03-06,LINE-02,ORD-02-007,STY-033,shade_variation,4,789,major,train,synthetic
QDEF-001132,FAC-001,2025-03-06,LINE-02,ORD-02-007,STY-033,puckering,3,789,minor,train,synthetic
QDEF-001133,FAC-001,2025-03-06,LINE-02,ORD-02-007,STY-033,oil_mark,2,789,minor,train,synthetic
QDEF-001134,FAC-001,2025-03-08,LINE-02,ORD-02-007,STY-033,open_seam,5,927,minor,train,synthetic
QDEF-001135,FAC-001,2025-03-08,LINE-02,ORD-02-007,STY-033,oil_mark,1,927,minor,train,synthetic
QDEF-001136,FAC-001,2025-03-08,LINE-02,ORD-02-007,STY-033,measurement_variance,3,927,minor,train,synthetic
QDEF-001137,FAC-001,2025-03-08,LINE-02,ORD-02-007,STY-033,puckering,1,927,minor,train,synthetic
QDEF-001138,FAC-001,2025-03-08,LINE-02,ORD-02-007,STY-033,skip_stitch,1,927,minor,train,synthetic
QDEF-001139,FAC-001,2025-03-08,LINE-02,ORD-02-007,STY-033,uneven_stitch,2,927,minor,train,synthetic
QDEF-001140,FAC-001,2025-03-08,LINE-02,ORD-02-007,STY-033,shade_variation,3,927,minor,train,synthetic
QDEF-001141,FAC-001,2025-03-09,LINE-02,ORD-02-007,STY-033,skip_stitch,8,930,minor,train,synthetic
QDEF-001142,FAC-001,2025-03-09,LINE-02,ORD-02-007,STY-033,open_seam,3,930,minor,train,synthetic
QDEF-001143,FAC-001,2025-03-09,LINE-02,ORD-02-007,STY-033,uneven_stitch,6,930,minor,train,synthetic
QDEF-001144,FAC-001,2025-03-09,LINE-02,ORD-02-007,STY-033,oil_mark,5,930,minor,train,synthetic
QDEF-001145,FAC-001,2025-03-09,LINE-02,ORD-02-007,STY-033,puckering,7,930,major,train,synthetic
QDEF-001146,FAC-001,2025-03-09,LINE-02,ORD-02-007,STY-033,measurement_variance,6,930,minor,train,synthetic
QDEF-001147,FAC-001,2025-03-09,LINE-02,ORD-02-007,STY-033,shade_variation,5,930,major,train,synthetic
QDEF-001148,FAC-001,2025-03-10,LINE-02,ORD-02-007,STY-033,open_seam,4,1055,minor,train,synthetic
QDEF-001149,FAC-001,2025-03-10,LINE-02,ORD-02-007,STY-033,oil_mark,3,1055,minor,train,synthetic
QDEF-001150,FAC-001,2025-03-10,LINE-02,ORD-02-007,STY-033,puckering,5,1055,major,train,synthetic
QDEF-001151,FAC-001,2025-03-10,LINE-02,ORD-02-007,STY-033,measurement_variance,5,1055,minor,train,synthetic
QDEF-001152,FAC-001,2025-03-10,LINE-02,ORD-02-007,STY-033,skip_stitch,5,1055,minor,train,synthetic
QDEF-001153,FAC-001,2025-03-10,LINE-02,ORD-02-007,STY-033,uneven_stitch,3,1055,major,train,synthetic
QDEF-001154,FAC-001,2025-03-10,LINE-02,ORD-02-007,STY-033,shade_variation,1,1055,major,train,synthetic
QDEF-001155,FAC-001,2025-03-11,LINE-02,ORD-02-007,STY-033,skip_stitch,4,902,major,train,synthetic
QDEF-001156,FAC-001,2025-03-11,LINE-02,ORD-02-007,STY-033,open_seam,2,902,minor,train,synthetic
QDEF-001157,FAC-001,2025-03-11,LINE-02,ORD-02-007,STY-033,shade_variation,3,902,critical,train,synthetic
QDEF-001158,FAC-001,2025-03-11,LINE-02,ORD-02-007,STY-033,puckering,2,902,minor,train,synthetic
QDEF-001159,FAC-001,2025-03-11,LINE-02,ORD-02-007,STY-033,oil_mark,3,902,major,train,synthetic
QDEF-001160,FAC-001,2025-03-11,LINE-02,ORD-02-007,STY-033,measurement_variance,1,902,minor,train,synthetic
QDEF-001161,FAC-001,2025-03-11,LINE-02,ORD-02-007,STY-033,uneven_stitch,2,902,major,train,synthetic
QDEF-001162,FAC-001,2025-03-12,LINE-02,ORD-02-007,STY-033,skip_stitch,5,1140,minor,train,synthetic
QDEF-001163,FAC-001,2025-03-12,LINE-02,ORD-02-007,STY-033,open_seam,5,1140,critical,train,synthetic
QDEF-001164,FAC-001,2025-03-12,LINE-02,ORD-02-007,STY-033,oil_mark,8,1140,minor,train,synthetic
QDEF-001165,FAC-001,2025-03-12,LINE-02,ORD-02-007,STY-033,puckering,7,1140,minor,train,synthetic
QDEF-001166,FAC-001,2025-03-12,LINE-02,ORD-02-007,STY-033,uneven_stitch,6,1140,minor,train,synthetic
QDEF-001167,FAC-001,2025-03-12,LINE-02,ORD-02-007,STY-033,measurement_variance,10,1140,minor,train,synthetic
QDEF-001168,FAC-001,2025-03-12,LINE-02,ORD-02-007,STY-033,shade_variation,5,1140,minor,train,synthetic
QDEF-001169,FAC-001,2025-03-13,LINE-02,ORD-02-007,STY-033,open_seam,4,1156,minor,train,synthetic
QDEF-001170,FAC-001,2025-03-13,LINE-02,ORD-02-007,STY-033,oil_mark,4,1156,major,train,synthetic
QDEF-001171,FAC-001,2025-03-13,LINE-02,ORD-02-007,STY-033,skip_stitch,4,1156,minor,train,synthetic
QDEF-001172,FAC-001,2025-03-13,LINE-02,ORD-02-007,STY-033,uneven_stitch,3,1156,major,train,synthetic
QDEF-001173,FAC-001,2025-03-13,LINE-02,ORD-02-007,STY-033,measurement_variance,5,1156,minor,train,synthetic
QDEF-001174,FAC-001,2025-03-13,LINE-02,ORD-02-007,STY-033,shade_variation,2,1156,minor,train,synthetic
QDEF-001175,FAC-001,2025-03-13,LINE-02,ORD-02-007,STY-033,puckering,3,1156,minor,train,synthetic
QDEF-001176,FAC-001,2025-03-15,LINE-02,ORD-02-007,STY-033,open_seam,4,524,minor,train,synthetic
QDEF-001177,FAC-001,2025-03-15,LINE-02,ORD-02-007,STY-033,uneven_stitch,4,524,major,train,synthetic
QDEF-001178,FAC-001,2025-03-15,LINE-02,ORD-02-007,STY-033,skip_stitch,2,524,major,train,synthetic
QDEF-001179,FAC-001,2025-03-15,LINE-02,ORD-02-007,STY-033,oil_mark,1,524,major,train,synthetic
QDEF-001180,FAC-001,2025-03-16,LINE-02,ORD-02-008,STY-002,puckering,1,404,major,train,synthetic
QDEF-001181,FAC-001,2025-03-16,LINE-02,ORD-02-008,STY-002,shade_variation,1,404,minor,train,synthetic
QDEF-001182,FAC-001,2025-03-16,LINE-02,ORD-02-008,STY-002,measurement_variance,1,404,minor,train,synthetic
QDEF-001183,FAC-001,2025-03-16,LINE-02,ORD-02-008,STY-002,uneven_stitch,1,404,major,train,synthetic
QDEF-001184,FAC-001,2025-03-16,LINE-02,ORD-02-008,STY-002,oil_mark,2,404,major,train,synthetic
QDEF-001185,FAC-001,2025-03-17,LINE-02,ORD-02-008,STY-002,open_seam,2,941,minor,train,synthetic
QDEF-001186,FAC-001,2025-03-17,LINE-02,ORD-02-008,STY-002,oil_mark,4,941,minor,train,synthetic
QDEF-001187,FAC-001,2025-03-17,LINE-02,ORD-02-008,STY-002,skip_stitch,1,941,minor,train,synthetic
QDEF-001188,FAC-001,2025-03-17,LINE-02,ORD-02-008,STY-002,measurement_variance,3,941,major,train,synthetic
QDEF-001189,FAC-001,2025-03-17,LINE-02,ORD-02-008,STY-002,shade_variation,1,941,minor,train,synthetic
QDEF-001190,FAC-001,2025-03-18,LINE-02,ORD-02-008,STY-002,measurement_variance,3,1071,minor,train,synthetic
QDEF-001191,FAC-001,2025-03-18,LINE-02,ORD-02-008,STY-002,oil_mark,6,1071,minor,train,synthetic
QDEF-001192,FAC-001,2025-03-18,LINE-02,ORD-02-008,STY-002,shade_variation,1,1071,minor,train,synthetic
QDEF-001193,FAC-001,2025-03-18,LINE-02,ORD-02-008,STY-002,uneven_stitch,2,1071,minor,train,synthetic
QDEF-001194,FAC-001,2025-03-18,LINE-02,ORD-02-008,STY-002,puckering,1,1071,minor,train,synthetic
QDEF-001195,FAC-001,2025-03-19,LINE-02,ORD-02-008,STY-002,open_seam,3,1263,minor,train,synthetic
QDEF-001196,FAC-001,2025-03-19,LINE-02,ORD-02-008,STY-002,oil_mark,3,1263,minor,train,synthetic
QDEF-001197,FAC-001,2025-03-19,LINE-02,ORD-02-008,STY-002,shade_variation,5,1263,minor,train,synthetic
QDEF-001198,FAC-001,2025-03-19,LINE-02,ORD-02-008,STY-002,puckering,3,1263,critical,train,synthetic
QDEF-001199,FAC-001,2025-03-19,LINE-02,ORD-02-008,STY-002,skip_stitch,1,1263,minor,train,synthetic
QDEF-001200,FAC-001,2025-03-19,LINE-02,ORD-02-008,STY-002,uneven_stitch,3,1263,minor,train,synthetic
QDEF-001201,FAC-001,2025-03-19,LINE-02,ORD-02-008,STY-002,measurement_variance,1,1263,minor,train,synthetic
QDEF-001202,FAC-001,2025-03-20,LINE-02,ORD-02-008,STY-002,skip_stitch,3,1023,minor,train,synthetic
QDEF-001203,FAC-001,2025-03-20,LINE-02,ORD-02-008,STY-002,uneven_stitch,1,1023,major,train,synthetic
QDEF-001204,FAC-001,2025-03-20,LINE-02,ORD-02-008,STY-002,puckering,3,1023,minor,train,synthetic
QDEF-001205,FAC-001,2025-03-20,LINE-02,ORD-02-008,STY-002,oil_mark,3,1023,minor,train,synthetic
QDEF-001206,FAC-001,2025-03-20,LINE-02,ORD-02-008,STY-002,open_seam,1,1023,minor,train,synthetic
QDEF-001207,FAC-001,2025-03-20,LINE-02,ORD-02-008,STY-002,shade_variation,1,1023,major,train,synthetic
QDEF-001208,FAC-001,2025-03-22,LINE-02,ORD-02-008,STY-002,uneven_stitch,5,559,minor,train,synthetic
QDEF-001209,FAC-001,2025-03-22,LINE-02,ORD-02-008,STY-002,oil_mark,1,559,minor,train,synthetic
QDEF-001210,FAC-001,2025-03-22,LINE-02,ORD-02-008,STY-002,puckering,3,559,minor,train,synthetic
QDEF-001211,FAC-001,2025-03-22,LINE-02,ORD-02-008,STY-002,measurement_variance,1,559,major,train,synthetic
QDEF-001212,FAC-001,2025-03-22,LINE-02,ORD-02-008,STY-002,shade_variation,1,559,minor,train,synthetic
QDEF-001213,FAC-001,2025-03-23,LINE-02,ORD-02-008,STY-002,skip_stitch,1,120,minor,train,synthetic
QDEF-001214,FAC-001,2025-03-24,LINE-02,ORD-02-009,STY-006,uneven_stitch,5,442,major,train,synthetic
QDEF-001215,FAC-001,2025-03-24,LINE-02,ORD-02-009,STY-006,skip_stitch,3,442,minor,train,synthetic
QDEF-001216,FAC-001,2025-03-24,LINE-02,ORD-02-009,STY-006,oil_mark,4,442,major,train,synthetic
QDEF-001217,FAC-001,2025-03-24,LINE-02,ORD-02-009,STY-006,shade_variation,1,442,minor,train,synthetic
QDEF-001218,FAC-001,2025-03-24,LINE-02,ORD-02-009,STY-006,puckering,3,442,major,train,synthetic
QDEF-001219,FAC-001,2025-03-24,LINE-02,ORD-02-009,STY-006,open_seam,3,442,major,train,synthetic
QDEF-001220,FAC-001,2025-03-25,LINE-02,ORD-02-009,STY-006,puckering,3,686,minor,train,synthetic
QDEF-001221,FAC-001,2025-03-25,LINE-02,ORD-02-009,STY-006,skip_stitch,3,686,major,train,synthetic
QDEF-001222,FAC-001,2025-03-25,LINE-02,ORD-02-009,STY-006,uneven_stitch,1,686,minor,train,synthetic
QDEF-001223,FAC-001,2025-03-25,LINE-02,ORD-02-009,STY-006,oil_mark,1,686,minor,train,synthetic
QDEF-001224,FAC-001,2025-03-25,LINE-02,ORD-02-009,STY-006,open_seam,1,686,minor,train,synthetic
QDEF-001225,FAC-001,2025-03-26,LINE-02,ORD-02-009,STY-006,shade_variation,7,750,minor,train,synthetic
QDEF-001226,FAC-001,2025-03-26,LINE-02,ORD-02-009,STY-006,puckering,3,750,major,train,synthetic
QDEF-001227,FAC-001,2025-03-26,LINE-02,ORD-02-009,STY-006,skip_stitch,2,750,minor,train,synthetic
QDEF-001228,FAC-001,2025-03-26,LINE-02,ORD-02-009,STY-006,open_seam,1,750,critical,train,synthetic
QDEF-001229,FAC-001,2025-03-26,LINE-02,ORD-02-009,STY-006,oil_mark,1,750,minor,train,synthetic
QDEF-001230,FAC-001,2025-03-27,LINE-02,ORD-02-009,STY-006,open_seam,3,692,minor,train,synthetic
QDEF-001231,FAC-001,2025-03-27,LINE-02,ORD-02-009,STY-006,oil_mark,4,692,minor,train,synthetic
QDEF-001232,FAC-001,2025-03-27,LINE-02,ORD-02-009,STY-006,skip_stitch,4,692,minor,train,synthetic
QDEF-001233,FAC-001,2025-03-27,LINE-02,ORD-02-009,STY-006,uneven_stitch,4,692,minor,train,synthetic
QDEF-001234,FAC-001,2025-03-27,LINE-02,ORD-02-009,STY-006,shade_variation,1,692,minor,train,synthetic
QDEF-001235,FAC-001,2025-03-27,LINE-02,ORD-02-009,STY-006,measurement_variance,1,692,minor,train,synthetic
QDEF-001236,FAC-001,2025-03-27,LINE-02,ORD-02-009,STY-006,puckering,3,692,minor,train,synthetic
QDEF-001237,FAC-001,2025-03-29,LINE-02,ORD-02-009,STY-006,oil_mark,6,574,major,train,synthetic
QDEF-001238,FAC-001,2025-03-29,LINE-02,ORD-02-009,STY-006,puckering,1,574,major,train,synthetic
QDEF-001239,FAC-001,2025-03-29,LINE-02,ORD-02-009,STY-006,uneven_stitch,2,574,minor,train,synthetic
QDEF-001240,FAC-001,2025-03-29,LINE-02,ORD-02-009,STY-006,shade_variation,5,574,minor,train,synthetic
QDEF-001241,FAC-001,2025-03-29,LINE-02,ORD-02-009,STY-006,open_seam,2,574,minor,train,synthetic
QDEF-001242,FAC-001,2025-03-30,LINE-02,ORD-02-009,STY-006,puckering,2,557,minor,train,synthetic
QDEF-001243,FAC-001,2025-03-30,LINE-02,ORD-02-009,STY-006,skip_stitch,2,557,minor,train,synthetic
QDEF-001244,FAC-001,2025-03-30,LINE-02,ORD-02-009,STY-006,oil_mark,3,557,major,train,synthetic
QDEF-001245,FAC-001,2025-03-30,LINE-02,ORD-02-009,STY-006,open_seam,2,557,major,train,synthetic
QDEF-001246,FAC-001,2025-03-30,LINE-02,ORD-02-009,STY-006,shade_variation,3,557,major,train,synthetic
QDEF-001247,FAC-001,2025-03-31,LINE-02,ORD-02-010,STY-007,skip_stitch,2,376,minor,train,synthetic
QDEF-001248,FAC-001,2025-03-31,LINE-02,ORD-02-010,STY-007,open_seam,2,376,minor,train,synthetic
QDEF-001249,FAC-001,2025-03-31,LINE-02,ORD-02-010,STY-007,uneven_stitch,2,376,minor,train,synthetic
QDEF-001250,FAC-001,2025-03-31,LINE-02,ORD-02-010,STY-007,measurement_variance,2,376,minor,train,synthetic
QDEF-001251,FAC-001,2025-03-31,LINE-02,ORD-02-010,STY-007,puckering,2,376,minor,train,synthetic
QDEF-001252,FAC-001,2025-04-01,LINE-02,ORD-02-010,STY-007,uneven_stitch,3,558,minor,train,synthetic
QDEF-001253,FAC-001,2025-04-01,LINE-02,ORD-02-010,STY-007,puckering,2,558,major,train,synthetic
QDEF-001254,FAC-001,2025-04-01,LINE-02,ORD-02-010,STY-007,open_seam,1,558,minor,train,synthetic
QDEF-001255,FAC-001,2025-04-01,LINE-02,ORD-02-010,STY-007,measurement_variance,3,558,minor,train,synthetic
QDEF-001256,FAC-001,2025-04-01,LINE-02,ORD-02-010,STY-007,skip_stitch,2,558,major,train,synthetic
QDEF-001257,FAC-001,2025-04-01,LINE-02,ORD-02-010,STY-007,shade_variation,4,558,major,train,synthetic
QDEF-001258,FAC-001,2025-04-01,LINE-02,ORD-02-010,STY-007,oil_mark,1,558,minor,train,synthetic
QDEF-001259,FAC-001,2025-04-02,LINE-02,ORD-02-010,STY-007,skip_stitch,2,594,minor,train,synthetic
QDEF-001260,FAC-001,2025-04-02,LINE-02,ORD-02-010,STY-007,measurement_variance,2,594,major,train,synthetic
QDEF-001261,FAC-001,2025-04-02,LINE-02,ORD-02-010,STY-007,oil_mark,2,594,minor,train,synthetic
QDEF-001262,FAC-001,2025-04-02,LINE-02,ORD-02-010,STY-007,shade_variation,2,594,critical,train,synthetic
QDEF-001263,FAC-001,2025-04-02,LINE-02,ORD-02-010,STY-007,puckering,4,594,minor,train,synthetic
QDEF-001264,FAC-001,2025-04-02,LINE-02,ORD-02-010,STY-007,uneven_stitch,2,594,major,train,synthetic
QDEF-001265,FAC-001,2025-04-02,LINE-02,ORD-02-010,STY-007,open_seam,1,594,minor,train,synthetic
QDEF-001266,FAC-001,2025-04-03,LINE-02,ORD-02-010,STY-007,skip_stitch,2,658,major,train,synthetic
QDEF-001267,FAC-001,2025-04-03,LINE-02,ORD-02-010,STY-007,measurement_variance,2,658,minor,train,synthetic
QDEF-001268,FAC-001,2025-04-03,LINE-02,ORD-02-010,STY-007,oil_mark,2,658,minor,train,synthetic
QDEF-001269,FAC-001,2025-04-03,LINE-02,ORD-02-010,STY-007,shade_variation,1,658,minor,train,synthetic
QDEF-001270,FAC-001,2025-04-03,LINE-02,ORD-02-010,STY-007,open_seam,2,658,minor,train,synthetic
QDEF-001271,FAC-001,2025-04-03,LINE-02,ORD-02-010,STY-007,puckering,2,658,major,train,synthetic
QDEF-001272,FAC-001,2025-04-05,LINE-02,ORD-02-010,STY-007,shade_variation,1,586,major,train,synthetic
QDEF-001273,FAC-001,2025-04-05,LINE-02,ORD-02-010,STY-007,open_seam,3,586,minor,train,synthetic
QDEF-001274,FAC-001,2025-04-05,LINE-02,ORD-02-010,STY-007,uneven_stitch,1,586,minor,train,synthetic
QDEF-001275,FAC-001,2025-04-05,LINE-02,ORD-02-010,STY-007,puckering,2,586,minor,train,synthetic
QDEF-001276,FAC-001,2025-04-05,LINE-02,ORD-02-010,STY-007,oil_mark,1,586,minor,train,synthetic
QDEF-001277,FAC-001,2025-04-05,LINE-02,ORD-02-010,STY-007,skip_stitch,2,586,minor,train,synthetic
QDEF-001278,FAC-001,2025-04-05,LINE-02,ORD-02-010,STY-007,measurement_variance,1,586,minor,train,synthetic
QDEF-001279,FAC-001,2025-04-06,LINE-02,ORD-02-010,STY-007,open_seam,5,709,major,train,synthetic
QDEF-001280,FAC-001,2025-04-06,LINE-02,ORD-02-010,STY-007,uneven_stitch,1,709,minor,train,synthetic
QDEF-001281,FAC-001,2025-04-06,LINE-02,ORD-02-010,STY-007,skip_stitch,1,709,major,train,synthetic
QDEF-001282,FAC-001,2025-04-06,LINE-02,ORD-02-010,STY-007,shade_variation,3,709,minor,train,synthetic
QDEF-001283,FAC-001,2025-04-06,LINE-02,ORD-02-010,STY-007,measurement_variance,1,709,minor,train,synthetic
QDEF-001284,FAC-001,2025-04-06,LINE-02,ORD-02-010,STY-007,oil_mark,3,709,major,train,synthetic
QDEF-001285,FAC-001,2025-04-06,LINE-02,ORD-02-010,STY-007,puckering,1,709,minor,train,synthetic
QDEF-001286,FAC-001,2025-04-07,LINE-02,ORD-02-010,STY-007,puckering,2,554,major,train,synthetic
QDEF-001287,FAC-001,2025-04-07,LINE-02,ORD-02-010,STY-007,shade_variation,3,554,minor,train,synthetic
QDEF-001288,FAC-001,2025-04-07,LINE-02,ORD-02-010,STY-007,measurement_variance,3,554,minor,train,synthetic
QDEF-001289,FAC-001,2025-04-07,LINE-02,ORD-02-010,STY-007,skip_stitch,2,554,minor,train,synthetic
QDEF-001290,FAC-001,2025-04-07,LINE-02,ORD-02-010,STY-007,open_seam,4,554,major,train,synthetic
QDEF-001291,FAC-001,2025-04-07,LINE-02,ORD-02-010,STY-007,oil_mark,2,554,minor,train,synthetic
QDEF-001292,FAC-001,2025-04-08,LINE-02,ORD-02-010,STY-007,skip_stitch,3,558,minor,train,synthetic
QDEF-001293,FAC-001,2025-04-08,LINE-02,ORD-02-010,STY-007,puckering,1,558,major,train,synthetic
QDEF-001294,FAC-001,2025-04-08,LINE-02,ORD-02-010,STY-007,oil_mark,2,558,minor,train,synthetic
QDEF-001295,FAC-001,2025-04-08,LINE-02,ORD-02-010,STY-007,shade_variation,2,558,minor,train,synthetic
QDEF-001296,FAC-001,2025-04-08,LINE-02,ORD-02-010,STY-007,measurement_variance,2,558,critical,train,synthetic
QDEF-001297,FAC-001,2025-04-08,LINE-02,ORD-02-010,STY-007,uneven_stitch,1,558,minor,train,synthetic
QDEF-001298,FAC-001,2025-04-08,LINE-02,ORD-02-010,STY-007,open_seam,2,558,minor,train,synthetic
QDEF-001299,FAC-001,2025-04-09,LINE-02,ORD-02-010,STY-007,skip_stitch,2,553,minor,train,synthetic
QDEF-001300,FAC-001,2025-04-09,LINE-02,ORD-02-010,STY-007,open_seam,2,553,critical,train,synthetic
QDEF-001301,FAC-001,2025-04-09,LINE-02,ORD-02-010,STY-007,oil_mark,1,553,minor,train,synthetic
QDEF-001302,FAC-001,2025-04-09,LINE-02,ORD-02-010,STY-007,shade_variation,2,553,major,train,synthetic
QDEF-001303,FAC-001,2025-04-09,LINE-02,ORD-02-010,STY-007,measurement_variance,3,553,minor,train,synthetic
QDEF-001304,FAC-001,2025-04-09,LINE-02,ORD-02-010,STY-007,puckering,1,553,minor,train,synthetic
QDEF-001305,FAC-001,2025-04-10,LINE-02,ORD-02-010,STY-007,skip_stitch,1,343,minor,train,synthetic
QDEF-001306,FAC-001,2025-04-10,LINE-02,ORD-02-010,STY-007,oil_mark,3,343,minor,train,synthetic
QDEF-001307,FAC-001,2025-04-10,LINE-02,ORD-02-010,STY-007,shade_variation,2,343,minor,train,synthetic
QDEF-001308,FAC-001,2025-04-10,LINE-02,ORD-02-010,STY-007,uneven_stitch,2,343,major,train,synthetic
QDEF-001309,FAC-001,2025-04-10,LINE-02,ORD-02-010,STY-007,open_seam,1,343,major,train,synthetic
QDEF-001310,FAC-001,2025-04-12,LINE-02,ORD-02-010,STY-007,oil_mark,2,485,major,train,synthetic
QDEF-001311,FAC-001,2025-04-12,LINE-02,ORD-02-010,STY-007,open_seam,3,485,major,train,synthetic
QDEF-001312,FAC-001,2025-04-12,LINE-02,ORD-02-010,STY-007,shade_variation,2,485,minor,train,synthetic
QDEF-001313,FAC-001,2025-04-12,LINE-02,ORD-02-010,STY-007,puckering,2,485,major,train,synthetic
QDEF-001314,FAC-001,2025-04-12,LINE-02,ORD-02-010,STY-007,measurement_variance,2,485,minor,train,synthetic
QDEF-001315,FAC-001,2025-04-12,LINE-02,ORD-02-010,STY-007,uneven_stitch,1,485,minor,train,synthetic
QDEF-001316,FAC-001,2025-04-13,LINE-02,ORD-02-010,STY-007,shade_variation,1,23,major,train,synthetic
QDEF-001317,FAC-001,2025-04-14,LINE-02,ORD-02-011,STY-024,oil_mark,2,452,major,train,synthetic
QDEF-001318,FAC-001,2025-04-14,LINE-02,ORD-02-011,STY-024,measurement_variance,4,452,minor,train,synthetic
QDEF-001319,FAC-001,2025-04-14,LINE-02,ORD-02-011,STY-024,puckering,5,452,minor,train,synthetic
QDEF-001320,FAC-001,2025-04-14,LINE-02,ORD-02-011,STY-024,skip_stitch,2,452,minor,train,synthetic
QDEF-001321,FAC-001,2025-04-14,LINE-02,ORD-02-011,STY-024,shade_variation,3,452,critical,train,synthetic
QDEF-001322,FAC-001,2025-04-14,LINE-02,ORD-02-011,STY-024,open_seam,3,452,major,train,synthetic
QDEF-001323,FAC-001,2025-04-14,LINE-02,ORD-02-011,STY-024,uneven_stitch,1,452,minor,train,synthetic
QDEF-001324,FAC-001,2025-04-15,LINE-02,ORD-02-011,STY-024,uneven_stitch,6,993,major,train,synthetic
QDEF-001325,FAC-001,2025-04-15,LINE-02,ORD-02-011,STY-024,oil_mark,4,993,major,train,synthetic
QDEF-001326,FAC-001,2025-04-15,LINE-02,ORD-02-011,STY-024,shade_variation,9,993,minor,train,synthetic
QDEF-001327,FAC-001,2025-04-15,LINE-02,ORD-02-011,STY-024,skip_stitch,2,993,major,train,synthetic
QDEF-001328,FAC-001,2025-04-15,LINE-02,ORD-02-011,STY-024,puckering,4,993,minor,train,synthetic
QDEF-001329,FAC-001,2025-04-15,LINE-02,ORD-02-011,STY-024,measurement_variance,5,993,minor,train,synthetic
QDEF-001330,FAC-001,2025-04-16,LINE-02,ORD-02-011,STY-024,oil_mark,6,1021,major,train,synthetic
QDEF-001331,FAC-001,2025-04-16,LINE-02,ORD-02-011,STY-024,puckering,4,1021,minor,train,synthetic
QDEF-001332,FAC-001,2025-04-16,LINE-02,ORD-02-011,STY-024,skip_stitch,5,1021,critical,train,synthetic
QDEF-001333,FAC-001,2025-04-16,LINE-02,ORD-02-011,STY-024,open_seam,3,1021,minor,train,synthetic
QDEF-001334,FAC-001,2025-04-16,LINE-02,ORD-02-011,STY-024,uneven_stitch,5,1021,minor,train,synthetic
QDEF-001335,FAC-001,2025-04-16,LINE-02,ORD-02-011,STY-024,shade_variation,6,1021,minor,train,synthetic
QDEF-001336,FAC-001,2025-04-16,LINE-02,ORD-02-011,STY-024,measurement_variance,1,1021,minor,train,synthetic
QDEF-001337,FAC-001,2025-04-17,LINE-02,ORD-02-011,STY-024,oil_mark,4,1064,minor,train,synthetic
QDEF-001338,FAC-001,2025-04-17,LINE-02,ORD-02-011,STY-024,shade_variation,2,1064,minor,train,synthetic
QDEF-001339,FAC-001,2025-04-17,LINE-02,ORD-02-011,STY-024,uneven_stitch,3,1064,minor,train,synthetic
QDEF-001340,FAC-001,2025-04-17,LINE-02,ORD-02-011,STY-024,measurement_variance,2,1064,minor,train,synthetic
QDEF-001341,FAC-001,2025-04-17,LINE-02,ORD-02-011,STY-024,open_seam,5,1064,minor,train,synthetic
QDEF-001342,FAC-001,2025-04-17,LINE-02,ORD-02-011,STY-024,puckering,2,1064,minor,train,synthetic
QDEF-001343,FAC-001,2025-04-17,LINE-02,ORD-02-011,STY-024,skip_stitch,2,1064,minor,train,synthetic
QDEF-001344,FAC-001,2025-04-19,LINE-02,ORD-02-011,STY-024,open_seam,2,1061,minor,train,synthetic
QDEF-001345,FAC-001,2025-04-19,LINE-02,ORD-02-011,STY-024,shade_variation,3,1061,minor,train,synthetic
QDEF-001346,FAC-001,2025-04-19,LINE-02,ORD-02-011,STY-024,puckering,4,1061,minor,train,synthetic
QDEF-001347,FAC-001,2025-04-19,LINE-02,ORD-02-011,STY-024,skip_stitch,2,1061,critical,train,synthetic
QDEF-001348,FAC-001,2025-04-19,LINE-02,ORD-02-011,STY-024,oil_mark,3,1061,major,train,synthetic
QDEF-001349,FAC-001,2025-04-19,LINE-02,ORD-02-011,STY-024,uneven_stitch,2,1061,minor,train,synthetic
QDEF-001350,FAC-001,2025-04-19,LINE-02,ORD-02-011,STY-024,measurement_variance,3,1061,major,train,synthetic
QDEF-001351,FAC-001,2025-04-20,LINE-02,ORD-02-011,STY-024,uneven_stitch,3,545,minor,train,synthetic
QDEF-001352,FAC-001,2025-04-20,LINE-02,ORD-02-011,STY-024,puckering,2,545,minor,train,synthetic
QDEF-001353,FAC-001,2025-04-20,LINE-02,ORD-02-011,STY-024,shade_variation,1,545,critical,train,synthetic
QDEF-001354,FAC-001,2025-04-20,LINE-02,ORD-02-011,STY-024,open_seam,1,545,minor,train,synthetic
QDEF-001355,FAC-001,2025-04-20,LINE-02,ORD-02-011,STY-024,measurement_variance,2,545,critical,train,synthetic
QDEF-001356,FAC-001,2025-04-20,LINE-02,ORD-02-011,STY-024,oil_mark,1,545,major,train,synthetic
QDEF-001357,FAC-001,2025-04-21,LINE-02,ORD-02-012,STY-005,measurement_variance,1,267,minor,train,synthetic
QDEF-001358,FAC-001,2025-04-21,LINE-02,ORD-02-012,STY-005,skip_stitch,4,267,major,train,synthetic
QDEF-001359,FAC-001,2025-04-21,LINE-02,ORD-02-012,STY-005,open_seam,2,267,major,train,synthetic
QDEF-001360,FAC-001,2025-04-21,LINE-02,ORD-02-012,STY-005,shade_variation,3,267,minor,train,synthetic
QDEF-001361,FAC-001,2025-04-21,LINE-02,ORD-02-012,STY-005,puckering,1,267,minor,train,synthetic
QDEF-001362,FAC-001,2025-04-21,LINE-02,ORD-02-012,STY-005,uneven_stitch,1,267,major,train,synthetic
QDEF-001363,FAC-001,2025-04-22,LINE-02,ORD-02-012,STY-005,shade_variation,2,303,major,train,synthetic
QDEF-001364,FAC-001,2025-04-22,LINE-02,ORD-02-012,STY-005,puckering,2,303,major,train,synthetic
QDEF-001365,FAC-001,2025-04-22,LINE-02,ORD-02-012,STY-005,open_seam,2,303,critical,train,synthetic
QDEF-001366,FAC-001,2025-04-22,LINE-02,ORD-02-012,STY-005,oil_mark,2,303,major,train,synthetic
QDEF-001367,FAC-001,2025-04-22,LINE-02,ORD-02-012,STY-005,uneven_stitch,1,303,minor,train,synthetic
QDEF-001368,FAC-001,2025-04-22,LINE-02,ORD-02-012,STY-005,measurement_variance,1,303,major,train,synthetic
QDEF-001369,FAC-001,2025-04-23,LINE-02,ORD-02-012,STY-005,measurement_variance,2,392,minor,train,synthetic
QDEF-001370,FAC-001,2025-04-23,LINE-02,ORD-02-012,STY-005,uneven_stitch,2,392,minor,train,synthetic
QDEF-001371,FAC-001,2025-04-23,LINE-02,ORD-02-012,STY-005,skip_stitch,2,392,minor,train,synthetic
QDEF-001372,FAC-001,2025-04-23,LINE-02,ORD-02-012,STY-005,open_seam,4,392,minor,train,synthetic
QDEF-001373,FAC-001,2025-04-23,LINE-02,ORD-02-012,STY-005,shade_variation,1,392,major,train,synthetic
QDEF-001374,FAC-001,2025-04-23,LINE-02,ORD-02-012,STY-005,oil_mark,1,392,major,train,synthetic
QDEF-001375,FAC-001,2025-04-23,LINE-02,ORD-02-012,STY-005,puckering,2,392,major,train,synthetic
QDEF-001376,FAC-001,2025-04-24,LINE-02,ORD-02-012,STY-005,skip_stitch,4,458,minor,train,synthetic
QDEF-001377,FAC-001,2025-04-24,LINE-02,ORD-02-012,STY-005,shade_variation,4,458,minor,train,synthetic
QDEF-001378,FAC-001,2025-04-24,LINE-02,ORD-02-012,STY-005,uneven_stitch,2,458,minor,train,synthetic
QDEF-001379,FAC-001,2025-04-24,LINE-02,ORD-02-012,STY-005,measurement_variance,2,458,minor,train,synthetic
QDEF-001380,FAC-001,2025-04-24,LINE-02,ORD-02-012,STY-005,open_seam,2,458,minor,train,synthetic
QDEF-001381,FAC-001,2025-04-24,LINE-02,ORD-02-012,STY-005,puckering,1,458,minor,train,synthetic
QDEF-001382,FAC-001,2025-04-26,LINE-02,ORD-02-012,STY-005,puckering,4,412,minor,train,synthetic
QDEF-001383,FAC-001,2025-04-26,LINE-02,ORD-02-012,STY-005,shade_variation,1,412,major,train,synthetic
QDEF-001384,FAC-001,2025-04-26,LINE-02,ORD-02-012,STY-005,measurement_variance,1,412,major,train,synthetic
QDEF-001385,FAC-001,2025-04-26,LINE-02,ORD-02-012,STY-005,uneven_stitch,1,412,minor,train,synthetic
QDEF-001386,FAC-001,2025-04-26,LINE-02,ORD-02-012,STY-005,oil_mark,1,412,critical,train,synthetic
QDEF-001387,FAC-001,2025-04-27,LINE-02,ORD-02-012,STY-005,open_seam,3,414,major,train,synthetic
QDEF-001388,FAC-001,2025-04-27,LINE-02,ORD-02-012,STY-005,measurement_variance,2,414,minor,train,synthetic
QDEF-001389,FAC-001,2025-04-27,LINE-02,ORD-02-012,STY-005,oil_mark,3,414,major,train,synthetic
QDEF-001390,FAC-001,2025-04-27,LINE-02,ORD-02-012,STY-005,skip_stitch,1,414,major,train,synthetic
QDEF-001391,FAC-001,2025-04-27,LINE-02,ORD-02-012,STY-005,shade_variation,1,414,minor,train,synthetic
QDEF-001392,FAC-001,2025-04-28,LINE-02,ORD-02-012,STY-005,uneven_stitch,4,442,minor,train,synthetic
QDEF-001393,FAC-001,2025-04-28,LINE-02,ORD-02-012,STY-005,oil_mark,2,442,minor,train,synthetic
QDEF-001394,FAC-001,2025-04-28,LINE-02,ORD-02-012,STY-005,skip_stitch,3,442,major,train,synthetic
QDEF-001395,FAC-001,2025-04-28,LINE-02,ORD-02-012,STY-005,measurement_variance,2,442,major,train,synthetic
QDEF-001396,FAC-001,2025-04-28,LINE-02,ORD-02-012,STY-005,shade_variation,4,442,minor,train,synthetic
QDEF-001397,FAC-001,2025-04-29,LINE-02,ORD-02-012,STY-005,shade_variation,2,416,minor,train,synthetic
QDEF-001398,FAC-001,2025-04-29,LINE-02,ORD-02-012,STY-005,measurement_variance,2,416,minor,train,synthetic
QDEF-001399,FAC-001,2025-04-29,LINE-02,ORD-02-012,STY-005,open_seam,4,416,major,train,synthetic
QDEF-001400,FAC-001,2025-04-29,LINE-02,ORD-02-012,STY-005,oil_mark,3,416,major,train,synthetic
QDEF-001401,FAC-001,2025-04-29,LINE-02,ORD-02-012,STY-005,uneven_stitch,1,416,minor,train,synthetic
QDEF-001402,FAC-001,2025-04-29,LINE-02,ORD-02-012,STY-005,puckering,2,416,major,train,synthetic
QDEF-001403,FAC-001,2025-04-29,LINE-02,ORD-02-012,STY-005,skip_stitch,1,416,minor,train,synthetic
QDEF-001404,FAC-001,2025-04-30,LINE-02,ORD-02-012,STY-005,skip_stitch,3,241,minor,train,synthetic
QDEF-001405,FAC-001,2025-04-30,LINE-02,ORD-02-012,STY-005,uneven_stitch,2,241,major,train,synthetic
QDEF-001406,FAC-001,2025-04-30,LINE-02,ORD-02-012,STY-005,open_seam,2,241,major,train,synthetic
QDEF-001407,FAC-001,2025-04-30,LINE-02,ORD-02-012,STY-005,measurement_variance,1,241,minor,train,synthetic
QDEF-001408,FAC-001,2025-04-30,LINE-02,ORD-02-012,STY-005,oil_mark,1,241,major,train,synthetic
QDEF-001409,FAC-001,2025-05-03,LINE-02,ORD-02-013,STY-001,skip_stitch,3,615,major,validation,synthetic
QDEF-001410,FAC-001,2025-05-03,LINE-02,ORD-02-013,STY-001,measurement_variance,1,615,minor,validation,synthetic
QDEF-001411,FAC-001,2025-05-03,LINE-02,ORD-02-013,STY-001,puckering,2,615,minor,validation,synthetic
QDEF-001412,FAC-001,2025-05-03,LINE-02,ORD-02-013,STY-001,uneven_stitch,2,615,minor,validation,synthetic
QDEF-001413,FAC-001,2025-05-03,LINE-02,ORD-02-013,STY-001,shade_variation,1,615,minor,validation,synthetic
QDEF-001414,FAC-001,2025-05-04,LINE-02,ORD-02-013,STY-001,measurement_variance,5,967,minor,validation,synthetic
QDEF-001415,FAC-001,2025-05-04,LINE-02,ORD-02-013,STY-001,uneven_stitch,6,967,major,validation,synthetic
QDEF-001416,FAC-001,2025-05-04,LINE-02,ORD-02-013,STY-001,shade_variation,5,967,minor,validation,synthetic
QDEF-001417,FAC-001,2025-05-04,LINE-02,ORD-02-013,STY-001,open_seam,4,967,minor,validation,synthetic
QDEF-001418,FAC-001,2025-05-04,LINE-02,ORD-02-013,STY-001,puckering,2,967,minor,validation,synthetic
QDEF-001419,FAC-001,2025-05-04,LINE-02,ORD-02-013,STY-001,skip_stitch,1,967,minor,validation,synthetic
QDEF-001420,FAC-001,2025-05-05,LINE-02,ORD-02-013,STY-001,shade_variation,2,976,minor,validation,synthetic
QDEF-001421,FAC-001,2025-05-05,LINE-02,ORD-02-013,STY-001,open_seam,5,976,minor,validation,synthetic
QDEF-001422,FAC-001,2025-05-05,LINE-02,ORD-02-013,STY-001,measurement_variance,2,976,minor,validation,synthetic
QDEF-001423,FAC-001,2025-05-05,LINE-02,ORD-02-013,STY-001,oil_mark,2,976,minor,validation,synthetic
QDEF-001424,FAC-001,2025-05-05,LINE-02,ORD-02-013,STY-001,skip_stitch,2,976,major,validation,synthetic
QDEF-001425,FAC-001,2025-05-05,LINE-02,ORD-02-013,STY-001,uneven_stitch,1,976,minor,validation,synthetic
QDEF-001426,FAC-001,2025-05-05,LINE-02,ORD-02-013,STY-001,puckering,3,976,minor,validation,synthetic
QDEF-001427,FAC-001,2025-05-06,LINE-02,ORD-02-013,STY-001,open_seam,7,1091,critical,validation,synthetic
QDEF-001428,FAC-001,2025-05-06,LINE-02,ORD-02-013,STY-001,oil_mark,4,1091,minor,validation,synthetic
QDEF-001429,FAC-001,2025-05-06,LINE-02,ORD-02-013,STY-001,skip_stitch,1,1091,minor,validation,synthetic
QDEF-001430,FAC-001,2025-05-06,LINE-02,ORD-02-013,STY-001,uneven_stitch,2,1091,critical,validation,synthetic
QDEF-001431,FAC-001,2025-05-06,LINE-02,ORD-02-013,STY-001,measurement_variance,7,1091,minor,validation,synthetic
QDEF-001432,FAC-001,2025-05-06,LINE-02,ORD-02-013,STY-001,puckering,3,1091,minor,validation,synthetic
QDEF-001433,FAC-001,2025-05-06,LINE-02,ORD-02-013,STY-001,shade_variation,2,1091,minor,validation,synthetic
QDEF-001434,FAC-001,2025-05-07,LINE-02,ORD-02-013,STY-001,open_seam,6,1105,major,validation,synthetic
QDEF-001435,FAC-001,2025-05-07,LINE-02,ORD-02-013,STY-001,uneven_stitch,3,1105,major,validation,synthetic
QDEF-001436,FAC-001,2025-05-07,LINE-02,ORD-02-013,STY-001,measurement_variance,4,1105,minor,validation,synthetic
QDEF-001437,FAC-001,2025-05-07,LINE-02,ORD-02-013,STY-001,oil_mark,1,1105,major,validation,synthetic
QDEF-001438,FAC-001,2025-05-07,LINE-02,ORD-02-013,STY-001,shade_variation,5,1105,major,validation,synthetic
QDEF-001439,FAC-001,2025-05-07,LINE-02,ORD-02-013,STY-001,skip_stitch,3,1105,minor,validation,synthetic
QDEF-001440,FAC-001,2025-05-07,LINE-02,ORD-02-013,STY-001,puckering,1,1105,minor,validation,synthetic
QDEF-001441,FAC-001,2025-05-08,LINE-02,ORD-02-013,STY-001,oil_mark,6,1153,minor,validation,synthetic
QDEF-001442,FAC-001,2025-05-08,LINE-02,ORD-02-013,STY-001,skip_stitch,2,1153,minor,validation,synthetic
QDEF-001443,FAC-001,2025-05-08,LINE-02,ORD-02-013,STY-001,uneven_stitch,3,1153,minor,validation,synthetic
QDEF-001444,FAC-001,2025-05-08,LINE-02,ORD-02-013,STY-001,measurement_variance,3,1153,minor,validation,synthetic
QDEF-001445,FAC-001,2025-05-08,LINE-02,ORD-02-013,STY-001,shade_variation,3,1153,major,validation,synthetic
QDEF-001446,FAC-001,2025-05-08,LINE-02,ORD-02-013,STY-001,puckering,5,1153,major,validation,synthetic
QDEF-001447,FAC-001,2025-05-08,LINE-02,ORD-02-013,STY-001,open_seam,3,1153,major,validation,synthetic
QDEF-001448,FAC-001,2025-05-10,LINE-02,ORD-02-013,STY-001,oil_mark,1,55,major,validation,synthetic
QDEF-001449,FAC-001,2025-05-11,LINE-02,ORD-02-014,STY-036,puckering,4,387,minor,validation,synthetic
QDEF-001450,FAC-001,2025-05-11,LINE-02,ORD-02-014,STY-036,skip_stitch,1,387,critical,validation,synthetic
QDEF-001451,FAC-001,2025-05-11,LINE-02,ORD-02-014,STY-036,measurement_variance,1,387,minor,validation,synthetic
QDEF-001452,FAC-001,2025-05-11,LINE-02,ORD-02-014,STY-036,open_seam,1,387,minor,validation,synthetic
QDEF-001453,FAC-001,2025-05-11,LINE-02,ORD-02-014,STY-036,shade_variation,1,387,major,validation,synthetic
QDEF-001454,FAC-001,2025-05-12,LINE-02,ORD-02-014,STY-036,measurement_variance,2,525,major,validation,synthetic
QDEF-001455,FAC-001,2025-05-12,LINE-02,ORD-02-014,STY-036,open_seam,3,525,minor,validation,synthetic
QDEF-001456,FAC-001,2025-05-12,LINE-02,ORD-02-014,STY-036,skip_stitch,4,525,minor,validation,synthetic
QDEF-001457,FAC-001,2025-05-12,LINE-02,ORD-02-014,STY-036,uneven_stitch,1,525,minor,validation,synthetic
QDEF-001458,FAC-001,2025-05-13,LINE-02,ORD-02-014,STY-036,measurement_variance,1,496,minor,validation,synthetic
QDEF-001459,FAC-001,2025-05-13,LINE-02,ORD-02-014,STY-036,puckering,1,496,minor,validation,synthetic
QDEF-001460,FAC-001,2025-05-13,LINE-02,ORD-02-014,STY-036,uneven_stitch,2,496,major,validation,synthetic
QDEF-001461,FAC-001,2025-05-13,LINE-02,ORD-02-014,STY-036,skip_stitch,1,496,minor,validation,synthetic
QDEF-001462,FAC-001,2025-05-13,LINE-02,ORD-02-014,STY-036,open_seam,1,496,minor,validation,synthetic
QDEF-001463,FAC-001,2025-05-13,LINE-02,ORD-02-014,STY-036,oil_mark,1,496,minor,validation,synthetic
QDEF-001464,FAC-001,2025-05-14,LINE-02,ORD-02-014,STY-036,skip_stitch,1,483,minor,validation,synthetic
QDEF-001465,FAC-001,2025-05-14,LINE-02,ORD-02-014,STY-036,oil_mark,3,483,major,validation,synthetic
QDEF-001466,FAC-001,2025-05-14,LINE-02,ORD-02-014,STY-036,shade_variation,3,483,critical,validation,synthetic
QDEF-001467,FAC-001,2025-05-14,LINE-02,ORD-02-014,STY-036,open_seam,3,483,minor,validation,synthetic
QDEF-001468,FAC-001,2025-05-14,LINE-02,ORD-02-014,STY-036,measurement_variance,3,483,minor,validation,synthetic
QDEF-001469,FAC-001,2025-05-14,LINE-02,ORD-02-014,STY-036,uneven_stitch,2,483,major,validation,synthetic
QDEF-001470,FAC-001,2025-05-14,LINE-02,ORD-02-014,STY-036,puckering,4,483,major,validation,synthetic
QDEF-001471,FAC-001,2025-05-15,LINE-02,ORD-02-014,STY-036,open_seam,5,537,minor,validation,synthetic
QDEF-001472,FAC-001,2025-05-15,LINE-02,ORD-02-014,STY-036,measurement_variance,3,537,major,validation,synthetic
QDEF-001473,FAC-001,2025-05-15,LINE-02,ORD-02-014,STY-036,skip_stitch,2,537,major,validation,synthetic
QDEF-001474,FAC-001,2025-05-15,LINE-02,ORD-02-014,STY-036,oil_mark,1,537,minor,validation,synthetic
QDEF-001475,FAC-001,2025-05-15,LINE-02,ORD-02-014,STY-036,puckering,5,537,minor,validation,synthetic
QDEF-001476,FAC-001,2025-05-15,LINE-02,ORD-02-014,STY-036,shade_variation,2,537,minor,validation,synthetic
QDEF-001477,FAC-001,2025-05-17,LINE-02,ORD-02-014,STY-036,skip_stitch,2,364,critical,validation,synthetic
QDEF-001478,FAC-001,2025-05-17,LINE-02,ORD-02-014,STY-036,open_seam,2,364,major,validation,synthetic
QDEF-001479,FAC-001,2025-05-17,LINE-02,ORD-02-014,STY-036,puckering,1,364,minor,validation,synthetic
QDEF-001480,FAC-001,2025-05-18,LINE-02,ORD-02-014,STY-036,uneven_stitch,1,32,minor,validation,synthetic
QDEF-001481,FAC-001,2025-05-19,LINE-02,ORD-02-014,STY-036,shade_variation,1,5,minor,validation,synthetic
QDEF-001482,FAC-001,2025-05-21,LINE-02,ORD-02-015,STY-001,uneven_stitch,1,799,minor,validation,synthetic
QDEF-001483,FAC-001,2025-05-21,LINE-02,ORD-02-015,STY-001,oil_mark,3,799,major,validation,synthetic
QDEF-001484,FAC-001,2025-05-21,LINE-02,ORD-02-015,STY-001,shade_variation,6,799,minor,validation,synthetic
QDEF-001485,FAC-001,2025-05-21,LINE-02,ORD-02-015,STY-001,skip_stitch,4,799,minor,validation,synthetic
QDEF-001486,FAC-001,2025-05-21,LINE-02,ORD-02-015,STY-001,open_seam,3,799,minor,validation,synthetic
QDEF-001487,FAC-001,2025-05-21,LINE-02,ORD-02-015,STY-001,puckering,1,799,minor,validation,synthetic
QDEF-001488,FAC-001,2025-05-21,LINE-02,ORD-02-015,STY-001,measurement_variance,1,799,minor,validation,synthetic
QDEF-001489,FAC-001,2025-05-22,LINE-02,ORD-02-015,STY-001,oil_mark,5,982,minor,validation,synthetic
QDEF-001490,FAC-001,2025-05-22,LINE-02,ORD-02-015,STY-001,shade_variation,4,982,critical,validation,synthetic
QDEF-001491,FAC-001,2025-05-22,LINE-02,ORD-02-015,STY-001,puckering,4,982,minor,validation,synthetic
QDEF-001492,FAC-001,2025-05-22,LINE-02,ORD-02-015,STY-001,open_seam,5,982,minor,validation,synthetic
QDEF-001493,FAC-001,2025-05-22,LINE-02,ORD-02-015,STY-001,uneven_stitch,5,982,minor,validation,synthetic
QDEF-001494,FAC-001,2025-05-22,LINE-02,ORD-02-015,STY-001,skip_stitch,3,982,minor,validation,synthetic
QDEF-001495,FAC-001,2025-05-22,LINE-02,ORD-02-015,STY-001,measurement_variance,2,982,major,validation,synthetic
QDEF-001496,FAC-001,2025-05-24,LINE-02,ORD-02-015,STY-001,open_seam,3,1026,minor,validation,synthetic
QDEF-001497,FAC-001,2025-05-24,LINE-02,ORD-02-015,STY-001,oil_mark,2,1026,minor,validation,synthetic
QDEF-001498,FAC-001,2025-05-24,LINE-02,ORD-02-015,STY-001,shade_variation,5,1026,minor,validation,synthetic
QDEF-001499,FAC-001,2025-05-24,LINE-02,ORD-02-015,STY-001,puckering,7,1026,major,validation,synthetic
QDEF-001500,FAC-001,2025-05-24,LINE-02,ORD-02-015,STY-001,skip_stitch,2,1026,minor,validation,synthetic
QDEF-001501,FAC-001,2025-05-24,LINE-02,ORD-02-015,STY-001,uneven_stitch,5,1026,major,validation,synthetic
QDEF-001502,FAC-001,2025-05-24,LINE-02,ORD-02-015,STY-001,measurement_variance,1,1026,minor,validation,synthetic
QDEF-001503,FAC-001,2025-05-25,LINE-02,ORD-02-015,STY-001,open_seam,3,1174,minor,validation,synthetic
QDEF-001504,FAC-001,2025-05-25,LINE-02,ORD-02-015,STY-001,oil_mark,2,1174,minor,validation,synthetic
QDEF-001505,FAC-001,2025-05-25,LINE-02,ORD-02-015,STY-001,shade_variation,4,1174,major,validation,synthetic
QDEF-001506,FAC-001,2025-05-25,LINE-02,ORD-02-015,STY-001,puckering,2,1174,minor,validation,synthetic
QDEF-001507,FAC-001,2025-05-25,LINE-02,ORD-02-015,STY-001,skip_stitch,4,1174,major,validation,synthetic
QDEF-001508,FAC-001,2025-05-25,LINE-02,ORD-02-015,STY-001,uneven_stitch,1,1174,minor,validation,synthetic
QDEF-001509,FAC-001,2025-05-25,LINE-02,ORD-02-015,STY-001,measurement_variance,3,1174,major,validation,synthetic
QDEF-001510,FAC-001,2025-05-26,LINE-02,ORD-02-015,STY-001,skip_stitch,5,1053,minor,validation,synthetic
QDEF-001511,FAC-001,2025-05-26,LINE-02,ORD-02-015,STY-001,uneven_stitch,3,1053,minor,validation,synthetic
QDEF-001512,FAC-001,2025-05-26,LINE-02,ORD-02-015,STY-001,measurement_variance,3,1053,critical,validation,synthetic
QDEF-001513,FAC-001,2025-05-26,LINE-02,ORD-02-015,STY-001,open_seam,2,1053,major,validation,synthetic
QDEF-001514,FAC-001,2025-05-26,LINE-02,ORD-02-015,STY-001,shade_variation,8,1053,minor,validation,synthetic
QDEF-001515,FAC-001,2025-05-26,LINE-02,ORD-02-015,STY-001,puckering,6,1053,minor,validation,synthetic
QDEF-001516,FAC-001,2025-05-27,LINE-02,ORD-02-015,STY-001,puckering,5,1057,minor,validation,synthetic
QDEF-001517,FAC-001,2025-05-27,LINE-02,ORD-02-015,STY-001,skip_stitch,5,1057,major,validation,synthetic
QDEF-001518,FAC-001,2025-05-27,LINE-02,ORD-02-015,STY-001,uneven_stitch,3,1057,minor,validation,synthetic
QDEF-001519,FAC-001,2025-05-27,LINE-02,ORD-02-015,STY-001,oil_mark,5,1057,minor,validation,synthetic
QDEF-001520,FAC-001,2025-05-27,LINE-02,ORD-02-015,STY-001,open_seam,1,1057,minor,validation,synthetic
QDEF-001521,FAC-001,2025-05-27,LINE-02,ORD-02-015,STY-001,measurement_variance,1,1057,minor,validation,synthetic
QDEF-001522,FAC-001,2025-05-28,LINE-02,ORD-02-015,STY-001,skip_stitch,5,985,minor,validation,synthetic
QDEF-001523,FAC-001,2025-05-28,LINE-02,ORD-02-015,STY-001,uneven_stitch,5,985,major,validation,synthetic
QDEF-001524,FAC-001,2025-05-28,LINE-02,ORD-02-015,STY-001,measurement_variance,4,985,minor,validation,synthetic
QDEF-001525,FAC-001,2025-05-28,LINE-02,ORD-02-015,STY-001,oil_mark,7,985,minor,validation,synthetic
QDEF-001526,FAC-001,2025-05-28,LINE-02,ORD-02-015,STY-001,shade_variation,2,985,minor,validation,synthetic
QDEF-001527,FAC-001,2025-05-28,LINE-02,ORD-02-015,STY-001,open_seam,1,985,major,validation,synthetic
QDEF-001528,FAC-001,2025-05-28,LINE-02,ORD-02-015,STY-001,puckering,3,985,major,validation,synthetic
QDEF-001529,FAC-001,2025-05-29,LINE-02,ORD-02-015,STY-001,uneven_stitch,3,654,minor,validation,synthetic
QDEF-001530,FAC-001,2025-05-29,LINE-02,ORD-02-015,STY-001,skip_stitch,4,654,minor,validation,synthetic
QDEF-001531,FAC-001,2025-05-29,LINE-02,ORD-02-015,STY-001,open_seam,2,654,minor,validation,synthetic
QDEF-001532,FAC-001,2025-05-29,LINE-02,ORD-02-015,STY-001,oil_mark,2,654,minor,validation,synthetic
QDEF-001533,FAC-001,2025-05-29,LINE-02,ORD-02-015,STY-001,shade_variation,2,654,minor,validation,synthetic
QDEF-001534,FAC-001,2025-05-29,LINE-02,ORD-02-015,STY-001,measurement_variance,1,654,minor,validation,synthetic
QDEF-001535,FAC-001,2025-05-29,LINE-02,ORD-02-015,STY-001,puckering,1,654,minor,validation,synthetic
QDEF-001536,FAC-001,2025-05-31,LINE-02,ORD-02-016,STY-019,open_seam,2,448,major,validation,synthetic
QDEF-001537,FAC-001,2025-05-31,LINE-02,ORD-02-016,STY-019,uneven_stitch,2,448,major,validation,synthetic
QDEF-001538,FAC-001,2025-05-31,LINE-02,ORD-02-016,STY-019,shade_variation,2,448,major,validation,synthetic
QDEF-001539,FAC-001,2025-05-31,LINE-02,ORD-02-016,STY-019,skip_stitch,3,448,minor,validation,synthetic
QDEF-001540,FAC-001,2025-05-31,LINE-02,ORD-02-016,STY-019,measurement_variance,2,448,minor,validation,synthetic
QDEF-001541,FAC-001,2025-05-31,LINE-02,ORD-02-016,STY-019,oil_mark,2,448,major,validation,synthetic
QDEF-001542,FAC-001,2025-05-31,LINE-02,ORD-02-016,STY-019,puckering,1,448,minor,validation,synthetic
QDEF-001543,FAC-001,2025-06-01,LINE-02,ORD-02-016,STY-019,uneven_stitch,6,574,major,test,synthetic
QDEF-001544,FAC-001,2025-06-01,LINE-02,ORD-02-016,STY-019,oil_mark,4,574,minor,test,synthetic
QDEF-001545,FAC-001,2025-06-01,LINE-02,ORD-02-016,STY-019,measurement_variance,3,574,minor,test,synthetic
QDEF-001546,FAC-001,2025-06-01,LINE-02,ORD-02-016,STY-019,puckering,4,574,minor,test,synthetic
QDEF-001547,FAC-001,2025-06-01,LINE-02,ORD-02-016,STY-019,open_seam,1,574,minor,test,synthetic
QDEF-001548,FAC-001,2025-06-02,LINE-02,ORD-02-016,STY-019,uneven_stitch,4,590,major,test,synthetic
QDEF-001549,FAC-001,2025-06-02,LINE-02,ORD-02-016,STY-019,oil_mark,2,590,minor,test,synthetic
QDEF-001550,FAC-001,2025-06-02,LINE-02,ORD-02-016,STY-019,open_seam,1,590,minor,test,synthetic
QDEF-001551,FAC-001,2025-06-02,LINE-02,ORD-02-016,STY-019,measurement_variance,2,590,major,test,synthetic
QDEF-001552,FAC-001,2025-06-02,LINE-02,ORD-02-016,STY-019,puckering,1,590,minor,test,synthetic
QDEF-001553,FAC-001,2025-06-02,LINE-02,ORD-02-016,STY-019,shade_variation,2,590,minor,test,synthetic
QDEF-001554,FAC-001,2025-06-03,LINE-02,ORD-02-016,STY-019,skip_stitch,2,543,minor,test,synthetic
QDEF-001555,FAC-001,2025-06-03,LINE-02,ORD-02-016,STY-019,open_seam,4,543,minor,test,synthetic
QDEF-001556,FAC-001,2025-06-03,LINE-02,ORD-02-016,STY-019,uneven_stitch,4,543,minor,test,synthetic
QDEF-001557,FAC-001,2025-06-03,LINE-02,ORD-02-016,STY-019,oil_mark,3,543,major,test,synthetic
QDEF-001558,FAC-001,2025-06-04,LINE-02,ORD-02-016,STY-019,open_seam,2,684,minor,test,synthetic
QDEF-001559,FAC-001,2025-06-04,LINE-02,ORD-02-016,STY-019,measurement_variance,4,684,minor,test,synthetic
QDEF-001560,FAC-001,2025-06-04,LINE-02,ORD-02-016,STY-019,oil_mark,2,684,minor,test,synthetic
QDEF-001561,FAC-001,2025-06-04,LINE-02,ORD-02-016,STY-019,puckering,3,684,minor,test,synthetic
QDEF-001562,FAC-001,2025-06-04,LINE-02,ORD-02-016,STY-019,uneven_stitch,1,684,minor,test,synthetic
QDEF-001563,FAC-001,2025-06-04,LINE-02,ORD-02-016,STY-019,shade_variation,3,684,minor,test,synthetic
QDEF-001564,FAC-001,2025-06-04,LINE-02,ORD-02-016,STY-019,skip_stitch,6,684,minor,test,synthetic
QDEF-001565,FAC-001,2025-06-05,LINE-02,ORD-02-016,STY-019,shade_variation,1,192,major,test,synthetic
QDEF-001566,FAC-001,2025-06-05,LINE-02,ORD-02-016,STY-019,uneven_stitch,1,192,minor,test,synthetic
QDEF-001567,FAC-001,2025-06-05,LINE-02,ORD-02-016,STY-019,measurement_variance,2,192,minor,test,synthetic
QDEF-001568,FAC-001,2025-06-05,LINE-02,ORD-02-016,STY-019,oil_mark,1,192,minor,test,synthetic
QDEF-001569,FAC-001,2025-06-08,LINE-02,ORD-02-016,STY-019,uneven_stitch,1,6,major,test,synthetic
QDEF-001570,FAC-001,2025-06-10,LINE-02,ORD-02-017,STY-022,measurement_variance,2,568,minor,test,synthetic
QDEF-001571,FAC-001,2025-06-10,LINE-02,ORD-02-017,STY-022,shade_variation,3,568,major,test,synthetic
QDEF-001572,FAC-001,2025-06-10,LINE-02,ORD-02-017,STY-022,open_seam,2,568,minor,test,synthetic
QDEF-001573,FAC-001,2025-06-10,LINE-02,ORD-02-017,STY-022,oil_mark,4,568,minor,test,synthetic
QDEF-001574,FAC-001,2025-06-10,LINE-02,ORD-02-017,STY-022,skip_stitch,3,568,minor,test,synthetic
QDEF-001575,FAC-001,2025-06-11,LINE-02,ORD-02-017,STY-022,skip_stitch,1,663,minor,test,synthetic
QDEF-001576,FAC-001,2025-06-11,LINE-02,ORD-02-017,STY-022,uneven_stitch,4,663,major,test,synthetic
QDEF-001577,FAC-001,2025-06-11,LINE-02,ORD-02-017,STY-022,oil_mark,7,663,minor,test,synthetic
QDEF-001578,FAC-001,2025-06-11,LINE-02,ORD-02-017,STY-022,shade_variation,2,663,critical,test,synthetic
QDEF-001579,FAC-001,2025-06-11,LINE-02,ORD-02-017,STY-022,measurement_variance,3,663,minor,test,synthetic
QDEF-001580,FAC-001,2025-06-11,LINE-02,ORD-02-017,STY-022,puckering,3,663,critical,test,synthetic
QDEF-001581,FAC-001,2025-06-12,LINE-02,ORD-02-017,STY-022,open_seam,3,471,minor,test,synthetic
QDEF-001582,FAC-001,2025-06-12,LINE-02,ORD-02-017,STY-022,puckering,5,471,major,test,synthetic
QDEF-001583,FAC-001,2025-06-12,LINE-02,ORD-02-017,STY-022,oil_mark,3,471,major,test,synthetic
QDEF-001584,FAC-001,2025-06-12,LINE-02,ORD-02-017,STY-022,skip_stitch,2,471,major,test,synthetic
QDEF-001585,FAC-001,2025-06-12,LINE-02,ORD-02-017,STY-022,shade_variation,1,471,minor,test,synthetic
QDEF-001586,FAC-001,2025-06-12,LINE-02,ORD-02-017,STY-022,measurement_variance,2,471,major,test,synthetic
QDEF-001587,FAC-001,2025-06-14,LINE-02,ORD-02-017,STY-022,skip_stitch,2,892,minor,test,synthetic
QDEF-001588,FAC-001,2025-06-14,LINE-02,ORD-02-017,STY-022,open_seam,7,892,minor,test,synthetic
QDEF-001589,FAC-001,2025-06-14,LINE-02,ORD-02-017,STY-022,measurement_variance,4,892,minor,test,synthetic
QDEF-001590,FAC-001,2025-06-14,LINE-02,ORD-02-017,STY-022,oil_mark,3,892,major,test,synthetic
QDEF-001591,FAC-001,2025-06-14,LINE-02,ORD-02-017,STY-022,shade_variation,4,892,major,test,synthetic
QDEF-001592,FAC-001,2025-06-14,LINE-02,ORD-02-017,STY-022,uneven_stitch,3,892,minor,test,synthetic
QDEF-001593,FAC-001,2025-06-14,LINE-02,ORD-02-017,STY-022,puckering,3,892,major,test,synthetic
QDEF-001594,FAC-001,2025-06-15,LINE-02,ORD-02-017,STY-022,shade_variation,8,736,minor,test,synthetic
QDEF-001595,FAC-001,2025-06-15,LINE-02,ORD-02-017,STY-022,uneven_stitch,2,736,minor,test,synthetic
QDEF-001596,FAC-001,2025-06-15,LINE-02,ORD-02-017,STY-022,oil_mark,5,736,minor,test,synthetic
QDEF-001597,FAC-001,2025-06-15,LINE-02,ORD-02-017,STY-022,measurement_variance,2,736,major,test,synthetic
QDEF-001598,FAC-001,2025-06-15,LINE-02,ORD-02-017,STY-022,puckering,5,736,minor,test,synthetic
QDEF-001599,FAC-001,2025-06-15,LINE-02,ORD-02-017,STY-022,open_seam,2,736,minor,test,synthetic
QDEF-001600,FAC-001,2025-06-15,LINE-02,ORD-02-017,STY-022,skip_stitch,2,736,minor,test,synthetic
QDEF-001601,FAC-001,2025-06-16,LINE-02,ORD-02-017,STY-022,measurement_variance,7,883,minor,test,synthetic
QDEF-001602,FAC-001,2025-06-16,LINE-02,ORD-02-017,STY-022,oil_mark,1,883,minor,test,synthetic
QDEF-001603,FAC-001,2025-06-16,LINE-02,ORD-02-017,STY-022,puckering,5,883,critical,test,synthetic
QDEF-001604,FAC-001,2025-06-16,LINE-02,ORD-02-017,STY-022,skip_stitch,6,883,major,test,synthetic
QDEF-001605,FAC-001,2025-06-16,LINE-02,ORD-02-017,STY-022,uneven_stitch,1,883,major,test,synthetic
QDEF-001606,FAC-001,2025-06-16,LINE-02,ORD-02-017,STY-022,shade_variation,2,883,major,test,synthetic
QDEF-001607,FAC-001,2025-06-16,LINE-02,ORD-02-017,STY-022,open_seam,3,883,major,test,synthetic
QDEF-001608,FAC-001,2025-06-17,LINE-02,ORD-02-017,STY-022,puckering,4,950,minor,test,synthetic
QDEF-001609,FAC-001,2025-06-17,LINE-02,ORD-02-017,STY-022,skip_stitch,2,950,major,test,synthetic
QDEF-001610,FAC-001,2025-06-17,LINE-02,ORD-02-017,STY-022,measurement_variance,4,950,minor,test,synthetic
QDEF-001611,FAC-001,2025-06-17,LINE-02,ORD-02-017,STY-022,oil_mark,3,950,minor,test,synthetic
QDEF-001612,FAC-001,2025-06-17,LINE-02,ORD-02-017,STY-022,uneven_stitch,4,950,minor,test,synthetic
QDEF-001613,FAC-001,2025-06-17,LINE-02,ORD-02-017,STY-022,shade_variation,6,950,minor,test,synthetic
QDEF-001614,FAC-001,2025-06-17,LINE-02,ORD-02-017,STY-022,open_seam,2,950,major,test,synthetic
QDEF-001615,FAC-001,2025-06-18,LINE-02,ORD-02-017,STY-022,skip_stitch,3,615,minor,test,synthetic
QDEF-001616,FAC-001,2025-06-18,LINE-02,ORD-02-017,STY-022,open_seam,3,615,major,test,synthetic
QDEF-001617,FAC-001,2025-06-18,LINE-02,ORD-02-017,STY-022,puckering,4,615,major,test,synthetic
QDEF-001618,FAC-001,2025-06-18,LINE-02,ORD-02-017,STY-022,measurement_variance,1,615,minor,test,synthetic
QDEF-001619,FAC-001,2025-06-18,LINE-02,ORD-02-017,STY-022,oil_mark,2,615,minor,test,synthetic
QDEF-001620,FAC-001,2025-06-18,LINE-02,ORD-02-017,STY-022,shade_variation,3,615,minor,test,synthetic
QDEF-001621,FAC-001,2025-06-19,LINE-02,ORD-02-018,STY-023,oil_mark,4,454,minor,test,synthetic
QDEF-001622,FAC-001,2025-06-19,LINE-02,ORD-02-018,STY-023,uneven_stitch,3,454,minor,test,synthetic
QDEF-001623,FAC-001,2025-06-19,LINE-02,ORD-02-018,STY-023,shade_variation,3,454,major,test,synthetic
QDEF-001624,FAC-001,2025-06-19,LINE-02,ORD-02-018,STY-023,puckering,2,454,major,test,synthetic
QDEF-001625,FAC-001,2025-06-19,LINE-02,ORD-02-018,STY-023,measurement_variance,1,454,minor,test,synthetic
QDEF-001626,FAC-001,2025-06-19,LINE-02,ORD-02-018,STY-023,open_seam,1,454,minor,test,synthetic
QDEF-001627,FAC-001,2025-06-21,LINE-02,ORD-02-018,STY-023,measurement_variance,3,444,major,test,synthetic
QDEF-001628,FAC-001,2025-06-21,LINE-02,ORD-02-018,STY-023,oil_mark,1,444,major,test,synthetic
QDEF-001629,FAC-001,2025-06-21,LINE-02,ORD-02-018,STY-023,open_seam,5,444,minor,test,synthetic
QDEF-001630,FAC-001,2025-06-21,LINE-02,ORD-02-018,STY-023,shade_variation,4,444,minor,test,synthetic
QDEF-001631,FAC-001,2025-06-21,LINE-02,ORD-02-018,STY-023,puckering,3,444,minor,test,synthetic
QDEF-001632,FAC-001,2025-06-21,LINE-02,ORD-02-018,STY-023,uneven_stitch,2,444,minor,test,synthetic
QDEF-001633,FAC-001,2025-06-21,LINE-02,ORD-02-018,STY-023,skip_stitch,1,444,minor,test,synthetic
QDEF-001634,FAC-001,2025-06-22,LINE-02,ORD-02-018,STY-023,oil_mark,4,474,major,test,synthetic
QDEF-001635,FAC-001,2025-06-22,LINE-02,ORD-02-018,STY-023,puckering,5,474,minor,test,synthetic
QDEF-001636,FAC-001,2025-06-22,LINE-02,ORD-02-018,STY-023,skip_stitch,5,474,minor,test,synthetic
QDEF-001637,FAC-001,2025-06-22,LINE-02,ORD-02-018,STY-023,shade_variation,1,474,minor,test,synthetic
QDEF-001638,FAC-001,2025-06-22,LINE-02,ORD-02-018,STY-023,uneven_stitch,5,474,major,test,synthetic
QDEF-001639,FAC-001,2025-06-22,LINE-02,ORD-02-018,STY-023,open_seam,1,474,major,test,synthetic
QDEF-001640,FAC-001,2025-06-22,LINE-02,ORD-02-018,STY-023,measurement_variance,2,474,major,test,synthetic
QDEF-001641,FAC-001,2025-06-23,LINE-02,ORD-02-018,STY-023,uneven_stitch,2,589,major,test,synthetic
QDEF-001642,FAC-001,2025-06-23,LINE-02,ORD-02-018,STY-023,measurement_variance,4,589,minor,test,synthetic
QDEF-001643,FAC-001,2025-06-23,LINE-02,ORD-02-018,STY-023,open_seam,4,589,minor,test,synthetic
QDEF-001644,FAC-001,2025-06-23,LINE-02,ORD-02-018,STY-023,shade_variation,5,589,major,test,synthetic
QDEF-001645,FAC-001,2025-06-23,LINE-02,ORD-02-018,STY-023,puckering,3,589,major,test,synthetic
QDEF-001646,FAC-001,2025-06-23,LINE-02,ORD-02-018,STY-023,oil_mark,2,589,minor,test,synthetic
QDEF-001647,FAC-001,2025-06-23,LINE-02,ORD-02-018,STY-023,skip_stitch,1,589,minor,test,synthetic
QDEF-001648,FAC-001,2025-06-24,LINE-02,ORD-02-018,STY-023,skip_stitch,4,537,major,test,synthetic
QDEF-001649,FAC-001,2025-06-24,LINE-02,ORD-02-018,STY-023,open_seam,1,537,minor,test,synthetic
QDEF-001650,FAC-001,2025-06-24,LINE-02,ORD-02-018,STY-023,measurement_variance,4,537,minor,test,synthetic
QDEF-001651,FAC-001,2025-06-24,LINE-02,ORD-02-018,STY-023,oil_mark,5,537,minor,test,synthetic
QDEF-001652,FAC-001,2025-06-24,LINE-02,ORD-02-018,STY-023,uneven_stitch,2,537,minor,test,synthetic
QDEF-001653,FAC-001,2025-06-24,LINE-02,ORD-02-018,STY-023,shade_variation,1,537,minor,test,synthetic
QDEF-001654,FAC-001,2025-06-25,LINE-02,ORD-02-018,STY-023,skip_stitch,4,622,minor,test,synthetic
QDEF-001655,FAC-001,2025-06-25,LINE-02,ORD-02-018,STY-023,measurement_variance,7,622,minor,test,synthetic
QDEF-001656,FAC-001,2025-06-25,LINE-02,ORD-02-018,STY-023,open_seam,1,622,minor,test,synthetic
QDEF-001657,FAC-001,2025-06-25,LINE-02,ORD-02-018,STY-023,oil_mark,2,622,minor,test,synthetic
QDEF-001658,FAC-001,2025-06-25,LINE-02,ORD-02-018,STY-023,puckering,3,622,minor,test,synthetic
QDEF-001659,FAC-001,2025-06-25,LINE-02,ORD-02-018,STY-023,uneven_stitch,1,622,minor,test,synthetic
QDEF-001660,FAC-001,2025-06-25,LINE-02,ORD-02-018,STY-023,shade_variation,2,622,major,test,synthetic
QDEF-001661,FAC-001,2025-06-26,LINE-02,ORD-02-018,STY-023,uneven_stitch,6,624,critical,test,synthetic
QDEF-001662,FAC-001,2025-06-26,LINE-02,ORD-02-018,STY-023,measurement_variance,7,624,major,test,synthetic
QDEF-001663,FAC-001,2025-06-26,LINE-02,ORD-02-018,STY-023,shade_variation,6,624,minor,test,synthetic
QDEF-001664,FAC-001,2025-06-26,LINE-02,ORD-02-018,STY-023,puckering,3,624,minor,test,synthetic
QDEF-001665,FAC-001,2025-06-26,LINE-02,ORD-02-018,STY-023,skip_stitch,3,624,major,test,synthetic
QDEF-001666,FAC-001,2025-06-26,LINE-02,ORD-02-018,STY-023,open_seam,4,624,minor,test,synthetic
QDEF-001667,FAC-001,2025-06-26,LINE-02,ORD-02-018,STY-023,oil_mark,6,624,minor,test,synthetic
QDEF-001668,FAC-001,2025-06-28,LINE-02,ORD-02-018,STY-023,skip_stitch,5,534,major,test,synthetic
QDEF-001669,FAC-001,2025-06-28,LINE-02,ORD-02-018,STY-023,oil_mark,5,534,minor,test,synthetic
QDEF-001670,FAC-001,2025-06-28,LINE-02,ORD-02-018,STY-023,puckering,5,534,minor,test,synthetic
QDEF-001671,FAC-001,2025-06-28,LINE-02,ORD-02-018,STY-023,uneven_stitch,2,534,minor,test,synthetic
QDEF-001672,FAC-001,2025-06-28,LINE-02,ORD-02-018,STY-023,open_seam,1,534,minor,test,synthetic
QDEF-001673,FAC-001,2025-06-28,LINE-02,ORD-02-018,STY-023,measurement_variance,2,534,minor,test,synthetic
QDEF-001674,FAC-001,2025-06-29,LINE-02,ORD-02-018,STY-023,uneven_stitch,3,481,major,test,synthetic
QDEF-001675,FAC-001,2025-06-29,LINE-02,ORD-02-018,STY-023,measurement_variance,5,481,minor,test,synthetic
QDEF-001676,FAC-001,2025-06-29,LINE-02,ORD-02-018,STY-023,open_seam,4,481,major,test,synthetic
QDEF-001677,FAC-001,2025-06-29,LINE-02,ORD-02-018,STY-023,oil_mark,2,481,major,test,synthetic
QDEF-001678,FAC-001,2025-06-29,LINE-02,ORD-02-018,STY-023,skip_stitch,1,481,minor,test,synthetic
QDEF-001679,FAC-001,2025-06-29,LINE-02,ORD-02-018,STY-023,shade_variation,1,481,major,test,synthetic
QDEF-001680,FAC-001,2025-06-30,LINE-02,ORD-02-018,STY-023,skip_stitch,2,642,minor,test,synthetic
QDEF-001681,FAC-001,2025-06-30,LINE-02,ORD-02-018,STY-023,uneven_stitch,3,642,minor,test,synthetic
QDEF-001682,FAC-001,2025-06-30,LINE-02,ORD-02-018,STY-023,measurement_variance,4,642,major,test,synthetic
QDEF-001683,FAC-001,2025-06-30,LINE-02,ORD-02-018,STY-023,puckering,4,642,minor,test,synthetic
QDEF-001684,FAC-001,2025-06-30,LINE-02,ORD-02-018,STY-023,open_seam,2,642,minor,test,synthetic
QDEF-001685,FAC-001,2025-06-30,LINE-02,ORD-02-018,STY-023,shade_variation,2,642,major,test,synthetic
QDEF-001686,FAC-001,2025-01-04,LINE-03,ORD-03-001,STY-035,skip_stitch,1,452,major,train,synthetic
QDEF-001687,FAC-001,2025-01-04,LINE-03,ORD-03-001,STY-035,oil_mark,3,452,minor,train,synthetic
QDEF-001688,FAC-001,2025-01-04,LINE-03,ORD-03-001,STY-035,open_seam,1,452,major,train,synthetic
QDEF-001689,FAC-001,2025-01-04,LINE-03,ORD-03-001,STY-035,puckering,1,452,minor,train,synthetic
QDEF-001690,FAC-001,2025-01-04,LINE-03,ORD-03-001,STY-035,shade_variation,3,452,minor,train,synthetic
QDEF-001691,FAC-001,2025-01-04,LINE-03,ORD-03-001,STY-035,measurement_variance,1,452,major,train,synthetic
QDEF-001692,FAC-001,2025-01-04,LINE-03,ORD-03-001,STY-035,uneven_stitch,1,452,major,train,synthetic
QDEF-001693,FAC-001,2025-01-05,LINE-03,ORD-03-001,STY-035,skip_stitch,4,613,minor,train,synthetic
QDEF-001694,FAC-001,2025-01-05,LINE-03,ORD-03-001,STY-035,shade_variation,2,613,minor,train,synthetic
QDEF-001695,FAC-001,2025-01-05,LINE-03,ORD-03-001,STY-035,open_seam,1,613,minor,train,synthetic
QDEF-001696,FAC-001,2025-01-05,LINE-03,ORD-03-001,STY-035,uneven_stitch,4,613,major,train,synthetic
QDEF-001697,FAC-001,2025-01-05,LINE-03,ORD-03-001,STY-035,oil_mark,1,613,major,train,synthetic
QDEF-001698,FAC-001,2025-01-05,LINE-03,ORD-03-001,STY-035,measurement_variance,1,613,minor,train,synthetic
QDEF-001699,FAC-001,2025-01-05,LINE-03,ORD-03-001,STY-035,puckering,2,613,minor,train,synthetic
QDEF-001700,FAC-001,2025-01-06,LINE-03,ORD-03-001,STY-035,open_seam,1,522,minor,train,synthetic
QDEF-001701,FAC-001,2025-01-06,LINE-03,ORD-03-001,STY-035,shade_variation,1,522,minor,train,synthetic
QDEF-001702,FAC-001,2025-01-06,LINE-03,ORD-03-001,STY-035,skip_stitch,4,522,minor,train,synthetic
QDEF-001703,FAC-001,2025-01-06,LINE-03,ORD-03-001,STY-035,measurement_variance,1,522,major,train,synthetic
QDEF-001704,FAC-001,2025-01-06,LINE-03,ORD-03-001,STY-035,uneven_stitch,1,522,minor,train,synthetic
QDEF-001705,FAC-001,2025-01-06,LINE-03,ORD-03-001,STY-035,puckering,2,522,major,train,synthetic
QDEF-001706,FAC-001,2025-01-06,LINE-03,ORD-03-001,STY-035,oil_mark,1,522,minor,train,synthetic
QDEF-001707,FAC-001,2025-01-07,LINE-03,ORD-03-001,STY-035,skip_stitch,6,608,minor,train,synthetic
QDEF-001708,FAC-001,2025-01-07,LINE-03,ORD-03-001,STY-035,measurement_variance,4,608,minor,train,synthetic
QDEF-001709,FAC-001,2025-01-07,LINE-03,ORD-03-001,STY-035,oil_mark,5,608,minor,train,synthetic
QDEF-001710,FAC-001,2025-01-07,LINE-03,ORD-03-001,STY-035,shade_variation,6,608,major,train,synthetic
QDEF-001711,FAC-001,2025-01-07,LINE-03,ORD-03-001,STY-035,puckering,6,608,minor,train,synthetic
QDEF-001712,FAC-001,2025-01-07,LINE-03,ORD-03-001,STY-035,uneven_stitch,7,608,major,train,synthetic
QDEF-001713,FAC-001,2025-01-07,LINE-03,ORD-03-001,STY-035,open_seam,1,608,critical,train,synthetic
QDEF-001714,FAC-001,2025-01-08,LINE-03,ORD-03-001,STY-035,puckering,6,796,minor,train,synthetic
QDEF-001715,FAC-001,2025-01-08,LINE-03,ORD-03-001,STY-035,open_seam,4,796,major,train,synthetic
QDEF-001716,FAC-001,2025-01-08,LINE-03,ORD-03-001,STY-035,skip_stitch,3,796,minor,train,synthetic
QDEF-001717,FAC-001,2025-01-08,LINE-03,ORD-03-001,STY-035,oil_mark,1,796,minor,train,synthetic
QDEF-001718,FAC-001,2025-01-08,LINE-03,ORD-03-001,STY-035,measurement_variance,3,796,minor,train,synthetic
QDEF-001719,FAC-001,2025-01-08,LINE-03,ORD-03-001,STY-035,shade_variation,1,796,major,train,synthetic
QDEF-001720,FAC-001,2025-01-09,LINE-03,ORD-03-001,STY-035,skip_stitch,3,332,major,train,synthetic
QDEF-001721,FAC-001,2025-01-09,LINE-03,ORD-03-001,STY-035,oil_mark,1,332,minor,train,synthetic
QDEF-001722,FAC-001,2025-01-09,LINE-03,ORD-03-001,STY-035,open_seam,3,332,minor,train,synthetic
QDEF-001723,FAC-001,2025-01-11,LINE-03,ORD-03-001,STY-035,measurement_variance,1,52,minor,train,synthetic
QDEF-001724,FAC-001,2025-01-12,LINE-03,ORD-03-001,STY-035,oil_mark,1,1,minor,train,synthetic
QDEF-001725,FAC-001,2025-01-13,LINE-03,ORD-03-002,STY-018,measurement_variance,1,640,minor,train,synthetic
QDEF-001726,FAC-001,2025-01-13,LINE-03,ORD-03-002,STY-018,oil_mark,1,640,major,train,synthetic
QDEF-001727,FAC-001,2025-01-13,LINE-03,ORD-03-002,STY-018,puckering,1,640,major,train,synthetic
QDEF-001728,FAC-001,2025-01-13,LINE-03,ORD-03-002,STY-018,uneven_stitch,3,640,minor,train,synthetic
QDEF-001729,FAC-001,2025-01-14,LINE-03,ORD-03-002,STY-018,open_seam,5,834,minor,train,synthetic
QDEF-001730,FAC-001,2025-01-14,LINE-03,ORD-03-002,STY-018,oil_mark,4,834,minor,train,synthetic
QDEF-001731,FAC-001,2025-01-14,LINE-03,ORD-03-002,STY-018,puckering,3,834,minor,train,synthetic
QDEF-001732,FAC-001,2025-01-14,LINE-03,ORD-03-002,STY-018,uneven_stitch,2,834,minor,train,synthetic
QDEF-001733,FAC-001,2025-01-14,LINE-03,ORD-03-002,STY-018,shade_variation,3,834,minor,train,synthetic
QDEF-001734,FAC-001,2025-01-14,LINE-03,ORD-03-002,STY-018,skip_stitch,3,834,major,train,synthetic
QDEF-001735,FAC-001,2025-01-15,LINE-03,ORD-03-002,STY-018,skip_stitch,2,836,major,train,synthetic
QDEF-001736,FAC-001,2025-01-15,LINE-03,ORD-03-002,STY-018,open_seam,3,836,minor,train,synthetic
QDEF-001737,FAC-001,2025-01-15,LINE-03,ORD-03-002,STY-018,puckering,2,836,major,train,synthetic
QDEF-001738,FAC-001,2025-01-15,LINE-03,ORD-03-002,STY-018,uneven_stitch,2,836,major,train,synthetic
QDEF-001739,FAC-001,2025-01-15,LINE-03,ORD-03-002,STY-018,measurement_variance,4,836,minor,train,synthetic
QDEF-001740,FAC-001,2025-01-16,LINE-03,ORD-03-002,STY-018,open_seam,2,853,minor,train,synthetic
QDEF-001741,FAC-001,2025-01-16,LINE-03,ORD-03-002,STY-018,skip_stitch,2,853,minor,train,synthetic
QDEF-001742,FAC-001,2025-01-16,LINE-03,ORD-03-002,STY-018,uneven_stitch,2,853,minor,train,synthetic
QDEF-001743,FAC-001,2025-01-16,LINE-03,ORD-03-002,STY-018,oil_mark,4,853,major,train,synthetic
QDEF-001744,FAC-001,2025-01-16,LINE-03,ORD-03-002,STY-018,shade_variation,1,853,minor,train,synthetic
QDEF-001745,FAC-001,2025-01-16,LINE-03,ORD-03-002,STY-018,puckering,4,853,minor,train,synthetic
QDEF-001746,FAC-001,2025-01-16,LINE-03,ORD-03-002,STY-018,measurement_variance,1,853,major,train,synthetic
QDEF-001747,FAC-001,2025-01-18,LINE-03,ORD-03-002,STY-018,uneven_stitch,2,419,minor,train,synthetic
QDEF-001748,FAC-001,2025-01-18,LINE-03,ORD-03-002,STY-018,measurement_variance,2,419,minor,train,synthetic
QDEF-001749,FAC-001,2025-01-18,LINE-03,ORD-03-002,STY-018,shade_variation,1,419,major,train,synthetic
QDEF-001750,FAC-001,2025-01-18,LINE-03,ORD-03-002,STY-018,oil_mark,2,419,major,train,synthetic
QDEF-001751,FAC-001,2025-01-21,LINE-03,ORD-03-003,STY-017,open_seam,2,698,minor,train,synthetic
QDEF-001752,FAC-001,2025-01-21,LINE-03,ORD-03-003,STY-017,uneven_stitch,3,698,minor,train,synthetic
QDEF-001753,FAC-001,2025-01-21,LINE-03,ORD-03-003,STY-017,measurement_variance,6,698,minor,train,synthetic
QDEF-001754,FAC-001,2025-01-21,LINE-03,ORD-03-003,STY-017,oil_mark,4,698,major,train,synthetic
QDEF-001755,FAC-001,2025-01-21,LINE-03,ORD-03-003,STY-017,shade_variation,3,698,major,train,synthetic
QDEF-001756,FAC-001,2025-01-21,LINE-03,ORD-03-003,STY-017,puckering,2,698,minor,train,synthetic
QDEF-001757,FAC-001,2025-01-21,LINE-03,ORD-03-003,STY-017,skip_stitch,2,698,minor,train,synthetic
QDEF-001758,FAC-001,2025-01-22,LINE-03,ORD-03-003,STY-017,puckering,3,846,major,train,synthetic
QDEF-001759,FAC-001,2025-01-22,LINE-03,ORD-03-003,STY-017,skip_stitch,3,846,minor,train,synthetic
QDEF-001760,FAC-001,2025-01-22,LINE-03,ORD-03-003,STY-017,measurement_variance,5,846,minor,train,synthetic
QDEF-001761,FAC-001,2025-01-22,LINE-03,ORD-03-003,STY-017,shade_variation,6,846,major,train,synthetic
QDEF-001762,FAC-001,2025-01-22,LINE-03,ORD-03-003,STY-017,open_seam,6,846,minor,train,synthetic
QDEF-001763,FAC-001,2025-01-22,LINE-03,ORD-03-003,STY-017,oil_mark,3,846,minor,train,synthetic
QDEF-001764,FAC-001,2025-01-22,LINE-03,ORD-03-003,STY-017,uneven_stitch,1,846,minor,train,synthetic
QDEF-001765,FAC-001,2025-01-23,LINE-03,ORD-03-003,STY-017,open_seam,7,1086,critical,train,synthetic
QDEF-001766,FAC-001,2025-01-23,LINE-03,ORD-03-003,STY-017,uneven_stitch,8,1086,minor,train,synthetic
QDEF-001767,FAC-001,2025-01-23,LINE-03,ORD-03-003,STY-017,measurement_variance,6,1086,minor,train,synthetic
QDEF-001768,FAC-001,2025-01-23,LINE-03,ORD-03-003,STY-017,shade_variation,10,1086,minor,train,synthetic
QDEF-001769,FAC-001,2025-01-23,LINE-03,ORD-03-003,STY-017,puckering,4,1086,minor,train,synthetic
QDEF-001770,FAC-001,2025-01-23,LINE-03,ORD-03-003,STY-017,skip_stitch,8,1086,minor,train,synthetic
QDEF-001771,FAC-001,2025-01-23,LINE-03,ORD-03-003,STY-017,oil_mark,4,1086,major,train,synthetic
QDEF-001772,FAC-001,2025-01-25,LINE-03,ORD-03-003,STY-017,puckering,5,1056,minor,train,synthetic
QDEF-001773,FAC-001,2025-01-25,LINE-03,ORD-03-003,STY-017,open_seam,1,1056,minor,train,synthetic
QDEF-001774,FAC-001,2025-01-25,LINE-03,ORD-03-003,STY-017,oil_mark,1,1056,minor,train,synthetic
QDEF-001775,FAC-001,2025-01-25,LINE-03,ORD-03-003,STY-017,shade_variation,3,1056,minor,train,synthetic
QDEF-001776,FAC-001,2025-01-25,LINE-03,ORD-03-003,STY-017,uneven_stitch,2,1056,minor,train,synthetic
QDEF-001777,FAC-001,2025-01-25,LINE-03,ORD-03-003,STY-017,measurement_variance,2,1056,major,train,synthetic
QDEF-001778,FAC-001,2025-01-25,LINE-03,ORD-03-003,STY-017,skip_stitch,5,1056,minor,train,synthetic
QDEF-001779,FAC-001,2025-01-26,LINE-03,ORD-03-003,STY-017,uneven_stitch,9,1200,minor,train,synthetic
QDEF-001780,FAC-001,2025-01-26,LINE-03,ORD-03-003,STY-017,shade_variation,4,1200,major,train,synthetic
QDEF-001781,FAC-001,2025-01-26,LINE-03,ORD-03-003,STY-017,measurement_variance,6,1200,minor,train,synthetic
QDEF-001782,FAC-001,2025-01-26,LINE-03,ORD-03-003,STY-017,puckering,2,1200,major,train,synthetic
QDEF-001783,FAC-001,2025-01-26,LINE-03,ORD-03-003,STY-017,skip_stitch,3,1200,major,train,synthetic
QDEF-001784,FAC-001,2025-01-26,LINE-03,ORD-03-003,STY-017,open_seam,3,1200,major,train,synthetic
QDEF-001785,FAC-001,2025-01-26,LINE-03,ORD-03-003,STY-017,oil_mark,2,1200,minor,train,synthetic
QDEF-001786,FAC-001,2025-01-27,LINE-03,ORD-03-003,STY-017,open_seam,2,1146,minor,train,synthetic
QDEF-001787,FAC-001,2025-01-27,LINE-03,ORD-03-003,STY-017,shade_variation,4,1146,major,train,synthetic
QDEF-001788,FAC-001,2025-01-27,LINE-03,ORD-03-003,STY-017,skip_stitch,2,1146,major,train,synthetic
QDEF-001789,FAC-001,2025-01-27,LINE-03,ORD-03-003,STY-017,uneven_stitch,2,1146,major,train,synthetic
QDEF-001790,FAC-001,2025-01-27,LINE-03,ORD-03-003,STY-017,measurement_variance,1,1146,major,train,synthetic
QDEF-001791,FAC-001,2025-01-27,LINE-03,ORD-03-003,STY-017,oil_mark,1,1146,minor,train,synthetic
QDEF-001792,FAC-001,2025-01-27,LINE-03,ORD-03-003,STY-017,puckering,4,1146,minor,train,synthetic
QDEF-001793,FAC-001,2025-01-28,LINE-03,ORD-03-003,STY-017,shade_variation,4,865,major,train,synthetic
QDEF-001794,FAC-001,2025-01-28,LINE-03,ORD-03-003,STY-017,puckering,3,865,minor,train,synthetic
QDEF-001795,FAC-001,2025-01-28,LINE-03,ORD-03-003,STY-017,uneven_stitch,2,865,minor,train,synthetic
QDEF-001796,FAC-001,2025-01-28,LINE-03,ORD-03-003,STY-017,skip_stitch,1,865,minor,train,synthetic
QDEF-001797,FAC-001,2025-01-28,LINE-03,ORD-03-003,STY-017,open_seam,1,865,minor,train,synthetic
QDEF-001798,FAC-001,2025-02-01,LINE-03,ORD-03-004,STY-007,oil_mark,3,367,major,train,synthetic
QDEF-001799,FAC-001,2025-02-01,LINE-03,ORD-03-004,STY-007,shade_variation,1,367,minor,train,synthetic
QDEF-001800,FAC-001,2025-02-02,LINE-03,ORD-03-004,STY-007,uneven_stitch,1,465,major,train,synthetic
QDEF-001801,FAC-001,2025-02-02,LINE-03,ORD-03-004,STY-007,measurement_variance,2,465,minor,train,synthetic
QDEF-001802,FAC-001,2025-02-02,LINE-03,ORD-03-004,STY-007,skip_stitch,3,465,minor,train,synthetic
QDEF-001803,FAC-001,2025-02-02,LINE-03,ORD-03-004,STY-007,puckering,1,465,major,train,synthetic
QDEF-001804,FAC-001,2025-02-02,LINE-03,ORD-03-004,STY-007,shade_variation,2,465,minor,train,synthetic
QDEF-001805,FAC-001,2025-02-03,LINE-03,ORD-03-004,STY-007,open_seam,3,497,minor,train,synthetic
QDEF-001806,FAC-001,2025-02-03,LINE-03,ORD-03-004,STY-007,oil_mark,2,497,minor,train,synthetic
QDEF-001807,FAC-001,2025-02-03,LINE-03,ORD-03-004,STY-007,shade_variation,2,497,major,train,synthetic
QDEF-001808,FAC-001,2025-02-03,LINE-03,ORD-03-004,STY-007,uneven_stitch,5,497,minor,train,synthetic
QDEF-001809,FAC-001,2025-02-03,LINE-03,ORD-03-004,STY-007,skip_stitch,1,497,minor,train,synthetic
QDEF-001810,FAC-001,2025-02-03,LINE-03,ORD-03-004,STY-007,puckering,1,497,minor,train,synthetic
QDEF-001811,FAC-001,2025-02-04,LINE-03,ORD-03-004,STY-007,puckering,5,556,minor,train,synthetic
QDEF-001812,FAC-001,2025-02-04,LINE-03,ORD-03-004,STY-007,open_seam,4,556,minor,train,synthetic
QDEF-001813,FAC-001,2025-02-04,LINE-03,ORD-03-004,STY-007,uneven_stitch,1,556,minor,train,synthetic
QDEF-001814,FAC-001,2025-02-04,LINE-03,ORD-03-004,STY-007,oil_mark,2,556,major,train,synthetic
QDEF-001815,FAC-001,2025-02-04,LINE-03,ORD-03-004,STY-007,skip_stitch,2,556,major,train,synthetic
QDEF-001816,FAC-001,2025-02-04,LINE-03,ORD-03-004,STY-007,measurement_variance,2,556,minor,train,synthetic
QDEF-001817,FAC-001,2025-02-05,LINE-03,ORD-03-004,STY-007,puckering,2,497,minor,train,synthetic
QDEF-001818,FAC-001,2025-02-05,LINE-03,ORD-03-004,STY-007,open_seam,1,497,minor,train,synthetic
QDEF-001819,FAC-001,2025-02-05,LINE-03,ORD-03-004,STY-007,uneven_stitch,1,497,minor,train,synthetic
QDEF-001820,FAC-001,2025-02-05,LINE-03,ORD-03-004,STY-007,measurement_variance,3,497,critical,train,synthetic
QDEF-001821,FAC-001,2025-02-05,LINE-03,ORD-03-004,STY-007,oil_mark,3,497,minor,train,synthetic
QDEF-001822,FAC-001,2025-02-05,LINE-03,ORD-03-004,STY-007,shade_variation,2,497,minor,train,synthetic
QDEF-001823,FAC-001,2025-02-06,LINE-03,ORD-03-004,STY-007,shade_variation,4,537,minor,train,synthetic
QDEF-001824,FAC-001,2025-02-06,LINE-03,ORD-03-004,STY-007,open_seam,2,537,minor,train,synthetic
QDEF-001825,FAC-001,2025-02-06,LINE-03,ORD-03-004,STY-007,uneven_stitch,2,537,major,train,synthetic
QDEF-001826,FAC-001,2025-02-06,LINE-03,ORD-03-004,STY-007,measurement_variance,4,537,minor,train,synthetic
QDEF-001827,FAC-001,2025-02-06,LINE-03,ORD-03-004,STY-007,oil_mark,1,537,minor,train,synthetic
QDEF-001828,FAC-001,2025-02-06,LINE-03,ORD-03-004,STY-007,puckering,1,537,minor,train,synthetic
QDEF-001829,FAC-001,2025-02-06,LINE-03,ORD-03-004,STY-007,skip_stitch,1,537,major,train,synthetic
QDEF-001830,FAC-001,2025-02-08,LINE-03,ORD-03-004,STY-007,oil_mark,3,263,major,train,synthetic
QDEF-001831,FAC-001,2025-02-08,LINE-03,ORD-03-004,STY-007,puckering,5,263,major,train,synthetic
QDEF-001832,FAC-001,2025-02-08,LINE-03,ORD-03-004,STY-007,shade_variation,3,263,minor,train,synthetic
QDEF-001833,FAC-001,2025-02-08,LINE-03,ORD-03-004,STY-007,open_seam,3,263,major,train,synthetic
QDEF-001834,FAC-001,2025-02-08,LINE-03,ORD-03-004,STY-007,uneven_stitch,1,263,minor,train,synthetic
QDEF-001835,FAC-001,2025-02-08,LINE-03,ORD-03-004,STY-007,measurement_variance,2,263,major,train,synthetic
QDEF-001836,FAC-001,2025-02-08,LINE-03,ORD-03-004,STY-007,skip_stitch,1,263,minor,train,synthetic
QDEF-001837,FAC-001,2025-02-09,LINE-03,ORD-03-004,STY-007,skip_stitch,2,480,major,train,synthetic
QDEF-001838,FAC-001,2025-02-09,LINE-03,ORD-03-004,STY-007,puckering,1,480,minor,train,synthetic
QDEF-001839,FAC-001,2025-02-09,LINE-03,ORD-03-004,STY-007,open_seam,2,480,minor,train,synthetic
QDEF-001840,FAC-001,2025-02-09,LINE-03,ORD-03-004,STY-007,oil_mark,2,480,minor,train,synthetic
QDEF-001841,FAC-001,2025-02-09,LINE-03,ORD-03-004,STY-007,shade_variation,2,480,minor,train,synthetic
QDEF-001842,FAC-001,2025-02-09,LINE-03,ORD-03-004,STY-007,measurement_variance,2,480,minor,train,synthetic
QDEF-001843,FAC-001,2025-02-10,LINE-03,ORD-03-004,STY-007,measurement_variance,1,511,minor,train,synthetic
QDEF-001844,FAC-001,2025-02-10,LINE-03,ORD-03-004,STY-007,skip_stitch,1,511,minor,train,synthetic
QDEF-001845,FAC-001,2025-02-10,LINE-03,ORD-03-004,STY-007,oil_mark,1,511,minor,train,synthetic
QDEF-001846,FAC-001,2025-02-10,LINE-03,ORD-03-004,STY-007,open_seam,1,511,minor,train,synthetic
QDEF-001847,FAC-001,2025-02-10,LINE-03,ORD-03-004,STY-007,puckering,1,511,minor,train,synthetic
QDEF-001848,FAC-001,2025-02-11,LINE-03,ORD-03-004,STY-007,skip_stitch,2,582,major,train,synthetic
QDEF-001849,FAC-001,2025-02-11,LINE-03,ORD-03-004,STY-007,open_seam,3,582,minor,train,synthetic
QDEF-001850,FAC-001,2025-02-11,LINE-03,ORD-03-004,STY-007,oil_mark,5,582,minor,train,synthetic
QDEF-001851,FAC-001,2025-02-11,LINE-03,ORD-03-004,STY-007,puckering,3,582,minor,train,synthetic
QDEF-001852,FAC-001,2025-02-11,LINE-03,ORD-03-004,STY-007,measurement_variance,2,582,major,train,synthetic
QDEF-001853,FAC-001,2025-02-11,LINE-03,ORD-03-004,STY-007,shade_variation,2,582,minor,train,synthetic
QDEF-001854,FAC-001,2025-02-11,LINE-03,ORD-03-004,STY-007,uneven_stitch,5,582,major,train,synthetic
QDEF-001855,FAC-001,2025-02-12,LINE-03,ORD-03-004,STY-007,measurement_variance,4,304,minor,train,synthetic
QDEF-001856,FAC-001,2025-02-12,LINE-03,ORD-03-004,STY-007,open_seam,2,304,critical,train,synthetic
QDEF-001857,FAC-001,2025-02-12,LINE-03,ORD-03-004,STY-007,uneven_stitch,3,304,minor,train,synthetic
QDEF-001858,FAC-001,2025-02-12,LINE-03,ORD-03-004,STY-007,skip_stitch,2,304,minor,train,synthetic
QDEF-001859,FAC-001,2025-02-12,LINE-03,ORD-03-004,STY-007,oil_mark,4,304,minor,train,synthetic
QDEF-001860,FAC-001,2025-02-12,LINE-03,ORD-03-004,STY-007,puckering,3,304,minor,train,synthetic
QDEF-001861,FAC-001,2025-02-12,LINE-03,ORD-03-004,STY-007,shade_variation,1,304,minor,train,synthetic
QDEF-001862,FAC-001,2025-02-13,LINE-03,ORD-03-004,STY-007,shade_variation,1,68,minor,train,synthetic
QDEF-001863,FAC-001,2025-02-13,LINE-03,ORD-03-004,STY-007,puckering,1,68,minor,train,synthetic
QDEF-001864,FAC-001,2025-02-16,LINE-03,ORD-03-005,STY-035,measurement_variance,3,487,major,train,synthetic
QDEF-001865,FAC-001,2025-02-16,LINE-03,ORD-03-005,STY-035,uneven_stitch,2,487,minor,train,synthetic
QDEF-001866,FAC-001,2025-02-16,LINE-03,ORD-03-005,STY-035,open_seam,1,487,minor,train,synthetic
QDEF-001867,FAC-001,2025-02-16,LINE-03,ORD-03-005,STY-035,oil_mark,1,487,minor,train,synthetic
QDEF-001868,FAC-001,2025-02-16,LINE-03,ORD-03-005,STY-035,puckering,1,487,minor,train,synthetic
QDEF-001869,FAC-001,2025-02-16,LINE-03,ORD-03-005,STY-035,shade_variation,1,487,minor,train,synthetic
QDEF-001870,FAC-001,2025-02-16,LINE-03,ORD-03-005,STY-035,skip_stitch,1,487,minor,train,synthetic
QDEF-001871,FAC-001,2025-02-17,LINE-03,ORD-03-005,STY-035,uneven_stitch,2,521,major,train,synthetic
QDEF-001872,FAC-001,2025-02-17,LINE-03,ORD-03-005,STY-035,oil_mark,1,521,minor,train,synthetic
QDEF-001873,FAC-001,2025-02-17,LINE-03,ORD-03-005,STY-035,measurement_variance,3,521,major,train,synthetic
QDEF-001874,FAC-001,2025-02-17,LINE-03,ORD-03-005,STY-035,shade_variation,2,521,minor,train,synthetic
QDEF-001875,FAC-001,2025-02-17,LINE-03,ORD-03-005,STY-035,puckering,2,521,minor,train,synthetic
QDEF-001876,FAC-001,2025-02-18,LINE-03,ORD-03-005,STY-035,skip_stitch,4,722,critical,train,synthetic
QDEF-001877,FAC-001,2025-02-18,LINE-03,ORD-03-005,STY-035,oil_mark,2,722,minor,train,synthetic
QDEF-001878,FAC-001,2025-02-18,LINE-03,ORD-03-005,STY-035,puckering,4,722,minor,train,synthetic
QDEF-001879,FAC-001,2025-02-18,LINE-03,ORD-03-005,STY-035,uneven_stitch,2,722,minor,train,synthetic
QDEF-001880,FAC-001,2025-02-18,LINE-03,ORD-03-005,STY-035,open_seam,1,722,minor,train,synthetic
QDEF-001881,FAC-001,2025-02-18,LINE-03,ORD-03-005,STY-035,shade_variation,2,722,minor,train,synthetic
QDEF-001882,FAC-001,2025-02-19,LINE-03,ORD-03-005,STY-035,uneven_stitch,4,722,minor,train,synthetic
QDEF-001883,FAC-001,2025-02-19,LINE-03,ORD-03-005,STY-035,open_seam,3,722,minor,train,synthetic
QDEF-001884,FAC-001,2025-02-19,LINE-03,ORD-03-005,STY-035,measurement_variance,4,722,minor,train,synthetic
QDEF-001885,FAC-001,2025-02-19,LINE-03,ORD-03-005,STY-035,oil_mark,5,722,major,train,synthetic
QDEF-001886,FAC-001,2025-02-19,LINE-03,ORD-03-005,STY-035,skip_stitch,1,722,minor,train,synthetic
QDEF-001887,FAC-001,2025-02-19,LINE-03,ORD-03-005,STY-035,shade_variation,1,722,major,train,synthetic
QDEF-001888,FAC-001,2025-02-20,LINE-03,ORD-03-005,STY-035,measurement_variance,2,134,minor,train,synthetic
QDEF-001889,FAC-001,2025-02-20,LINE-03,ORD-03-005,STY-035,shade_variation,1,134,minor,train,synthetic
QDEF-001890,FAC-001,2025-02-20,LINE-03,ORD-03-005,STY-035,skip_stitch,1,134,major,train,synthetic
QDEF-001891,FAC-001,2025-02-20,LINE-03,ORD-03-005,STY-035,puckering,1,134,minor,train,synthetic
QDEF-001892,FAC-001,2025-02-22,LINE-03,ORD-03-005,STY-035,open_seam,1,13,critical,train,synthetic
QDEF-001893,FAC-001,2025-02-24,LINE-03,ORD-03-006,STY-034,open_seam,2,576,major,train,synthetic
QDEF-001894,FAC-001,2025-02-24,LINE-03,ORD-03-006,STY-034,uneven_stitch,2,576,major,train,synthetic
QDEF-001895,FAC-001,2025-02-24,LINE-03,ORD-03-006,STY-034,measurement_variance,1,576,minor,train,synthetic
QDEF-001896,FAC-001,2025-02-24,LINE-03,ORD-03-006,STY-034,oil_mark,1,576,minor,train,synthetic
QDEF-001897,FAC-001,2025-02-24,LINE-03,ORD-03-006,STY-034,skip_stitch,1,576,minor,train,synthetic
QDEF-001898,FAC-001,2025-02-25,LINE-03,ORD-03-006,STY-034,measurement_variance,2,654,minor,train,synthetic
QDEF-001899,FAC-001,2025-02-25,LINE-03,ORD-03-006,STY-034,puckering,6,654,minor,train,synthetic
QDEF-001900,FAC-001,2025-02-25,LINE-03,ORD-03-006,STY-034,skip_stitch,4,654,minor,train,synthetic
QDEF-001901,FAC-001,2025-02-25,LINE-03,ORD-03-006,STY-034,open_seam,3,654,minor,train,synthetic
QDEF-001902,FAC-001,2025-02-25,LINE-03,ORD-03-006,STY-034,oil_mark,2,654,minor,train,synthetic
QDEF-001903,FAC-001,2025-02-25,LINE-03,ORD-03-006,STY-034,uneven_stitch,2,654,minor,train,synthetic
QDEF-001904,FAC-001,2025-02-26,LINE-03,ORD-03-006,STY-034,puckering,2,880,minor,train,synthetic
QDEF-001905,FAC-001,2025-02-26,LINE-03,ORD-03-006,STY-034,open_seam,3,880,minor,train,synthetic
QDEF-001906,FAC-001,2025-02-26,LINE-03,ORD-03-006,STY-034,measurement_variance,1,880,minor,train,synthetic
QDEF-001907,FAC-001,2025-02-26,LINE-03,ORD-03-006,STY-034,shade_variation,7,880,minor,train,synthetic
QDEF-001908,FAC-001,2025-02-26,LINE-03,ORD-03-006,STY-034,uneven_stitch,2,880,minor,train,synthetic
QDEF-001909,FAC-001,2025-02-26,LINE-03,ORD-03-006,STY-034,skip_stitch,3,880,minor,train,synthetic
QDEF-001910,FAC-001,2025-02-26,LINE-03,ORD-03-006,STY-034,oil_mark,1,880,minor,train,synthetic
QDEF-001911,FAC-001,2025-02-27,LINE-03,ORD-03-006,STY-034,measurement_variance,4,953,minor,train,synthetic
QDEF-001912,FAC-001,2025-02-27,LINE-03,ORD-03-006,STY-034,oil_mark,2,953,minor,train,synthetic
QDEF-001913,FAC-001,2025-02-27,LINE-03,ORD-03-006,STY-034,shade_variation,4,953,major,train,synthetic
QDEF-001914,FAC-001,2025-02-27,LINE-03,ORD-03-006,STY-034,puckering,5,953,minor,train,synthetic
QDEF-001915,FAC-001,2025-02-27,LINE-03,ORD-03-006,STY-034,open_seam,9,953,minor,train,synthetic
QDEF-001916,FAC-001,2025-02-27,LINE-03,ORD-03-006,STY-034,uneven_stitch,3,953,major,train,synthetic
QDEF-001917,FAC-001,2025-02-27,LINE-03,ORD-03-006,STY-034,skip_stitch,2,953,major,train,synthetic
QDEF-001918,FAC-001,2025-03-01,LINE-03,ORD-03-006,STY-034,shade_variation,2,850,minor,train,synthetic
QDEF-001919,FAC-001,2025-03-01,LINE-03,ORD-03-006,STY-034,open_seam,3,850,major,train,synthetic
QDEF-001920,FAC-001,2025-03-01,LINE-03,ORD-03-006,STY-034,uneven_stitch,3,850,major,train,synthetic
QDEF-001921,FAC-001,2025-03-01,LINE-03,ORD-03-006,STY-034,puckering,3,850,major,train,synthetic
QDEF-001922,FAC-001,2025-03-01,LINE-03,ORD-03-006,STY-034,oil_mark,1,850,critical,train,synthetic
QDEF-001923,FAC-001,2025-03-02,LINE-03,ORD-03-006,STY-034,measurement_variance,2,981,critical,train,synthetic
QDEF-001924,FAC-001,2025-03-02,LINE-03,ORD-03-006,STY-034,open_seam,1,981,minor,train,synthetic
QDEF-001925,FAC-001,2025-03-02,LINE-03,ORD-03-006,STY-034,oil_mark,3,981,minor,train,synthetic
QDEF-001926,FAC-001,2025-03-02,LINE-03,ORD-03-006,STY-034,puckering,2,981,minor,train,synthetic
QDEF-001927,FAC-001,2025-03-02,LINE-03,ORD-03-006,STY-034,shade_variation,3,981,major,train,synthetic
QDEF-001928,FAC-001,2025-03-02,LINE-03,ORD-03-006,STY-034,skip_stitch,1,981,minor,train,synthetic
QDEF-001929,FAC-001,2025-03-02,LINE-03,ORD-03-006,STY-034,uneven_stitch,1,981,minor,train,synthetic
QDEF-001930,FAC-001,2025-03-03,LINE-03,ORD-03-006,STY-034,skip_stitch,4,902,minor,train,synthetic
QDEF-001931,FAC-001,2025-03-03,LINE-03,ORD-03-006,STY-034,uneven_stitch,5,902,minor,train,synthetic
QDEF-001932,FAC-001,2025-03-03,LINE-03,ORD-03-006,STY-034,measurement_variance,4,902,minor,train,synthetic
QDEF-001933,FAC-001,2025-03-03,LINE-03,ORD-03-006,STY-034,shade_variation,2,902,critical,train,synthetic
QDEF-001934,FAC-001,2025-03-03,LINE-03,ORD-03-006,STY-034,puckering,7,902,critical,train,synthetic
QDEF-001935,FAC-001,2025-03-03,LINE-03,ORD-03-006,STY-034,open_seam,3,902,minor,train,synthetic
QDEF-001936,FAC-001,2025-03-03,LINE-03,ORD-03-006,STY-034,oil_mark,3,902,minor,train,synthetic
QDEF-001937,FAC-001,2025-03-04,LINE-03,ORD-03-006,STY-034,skip_stitch,3,1171,minor,train,synthetic
QDEF-001938,FAC-001,2025-03-04,LINE-03,ORD-03-006,STY-034,open_seam,6,1171,major,train,synthetic
QDEF-001939,FAC-001,2025-03-04,LINE-03,ORD-03-006,STY-034,puckering,2,1171,minor,train,synthetic
QDEF-001940,FAC-001,2025-03-04,LINE-03,ORD-03-006,STY-034,shade_variation,3,1171,major,train,synthetic
QDEF-001941,FAC-001,2025-03-04,LINE-03,ORD-03-006,STY-034,uneven_stitch,1,1171,minor,train,synthetic
QDEF-001942,FAC-001,2025-03-05,LINE-03,ORD-03-006,STY-034,measurement_variance,1,181,critical,train,synthetic
QDEF-001943,FAC-001,2025-03-05,LINE-03,ORD-03-006,STY-034,uneven_stitch,1,181,minor,train,synthetic
QDEF-001944,FAC-001,2025-03-05,LINE-03,ORD-03-006,STY-034,puckering,1,181,major,train,synthetic
QDEF-001945,FAC-001,2025-03-06,LINE-03,ORD-03-007,STY-005,puckering,3,277,minor,train,synthetic
QDEF-001946,FAC-001,2025-03-06,LINE-03,ORD-03-007,STY-005,open_seam,1,277,minor,train,synthetic
QDEF-001947,FAC-001,2025-03-06,LINE-03,ORD-03-007,STY-005,measurement_variance,3,277,minor,train,synthetic
QDEF-001948,FAC-001,2025-03-06,LINE-03,ORD-03-007,STY-005,uneven_stitch,1,277,major,train,synthetic
QDEF-001949,FAC-001,2025-03-08,LINE-03,ORD-03-007,STY-005,open_seam,2,362,minor,train,synthetic
QDEF-001950,FAC-001,2025-03-08,LINE-03,ORD-03-007,STY-005,shade_variation,4,362,critical,train,synthetic
QDEF-001951,FAC-001,2025-03-08,LINE-03,ORD-03-007,STY-005,uneven_stitch,2,362,minor,train,synthetic
QDEF-001952,FAC-001,2025-03-08,LINE-03,ORD-03-007,STY-005,measurement_variance,1,362,minor,train,synthetic
QDEF-001953,FAC-001,2025-03-08,LINE-03,ORD-03-007,STY-005,oil_mark,2,362,minor,train,synthetic
QDEF-001954,FAC-001,2025-03-09,LINE-03,ORD-03-007,STY-005,open_seam,1,225,minor,train,synthetic
QDEF-001955,FAC-001,2025-03-09,LINE-03,ORD-03-007,STY-005,oil_mark,2,225,major,train,synthetic
QDEF-001956,FAC-001,2025-03-09,LINE-03,ORD-03-007,STY-005,uneven_stitch,1,225,minor,train,synthetic
QDEF-001957,FAC-001,2025-03-09,LINE-03,ORD-03-007,STY-005,measurement_variance,1,225,minor,train,synthetic
QDEF-001958,FAC-001,2025-03-10,LINE-03,ORD-03-007,STY-005,shade_variation,2,411,minor,train,synthetic
QDEF-001959,FAC-001,2025-03-10,LINE-03,ORD-03-007,STY-005,open_seam,5,411,major,train,synthetic
QDEF-001960,FAC-001,2025-03-10,LINE-03,ORD-03-007,STY-005,measurement_variance,4,411,minor,train,synthetic
QDEF-001961,FAC-001,2025-03-10,LINE-03,ORD-03-007,STY-005,oil_mark,2,411,major,train,synthetic
QDEF-001962,FAC-001,2025-03-10,LINE-03,ORD-03-007,STY-005,puckering,1,411,major,train,synthetic
QDEF-001963,FAC-001,2025-03-10,LINE-03,ORD-03-007,STY-005,skip_stitch,1,411,major,train,synthetic
QDEF-001964,FAC-001,2025-03-10,LINE-03,ORD-03-007,STY-005,uneven_stitch,1,411,minor,train,synthetic
QDEF-001965,FAC-001,2025-03-11,LINE-03,ORD-03-007,STY-005,skip_stitch,2,413,minor,train,synthetic
QDEF-001966,FAC-001,2025-03-11,LINE-03,ORD-03-007,STY-005,measurement_variance,2,413,major,train,synthetic
QDEF-001967,FAC-001,2025-03-11,LINE-03,ORD-03-007,STY-005,puckering,2,413,minor,train,synthetic
QDEF-001968,FAC-001,2025-03-11,LINE-03,ORD-03-007,STY-005,oil_mark,1,413,major,train,synthetic
QDEF-001969,FAC-001,2025-03-11,LINE-03,ORD-03-007,STY-005,shade_variation,1,413,minor,train,synthetic
QDEF-001970,FAC-001,2025-03-11,LINE-03,ORD-03-007,STY-005,open_seam,2,413,major,train,synthetic
QDEF-001971,FAC-001,2025-03-11,LINE-03,ORD-03-007,STY-005,uneven_stitch,1,413,minor,train,synthetic
QDEF-001972,FAC-001,2025-03-12,LINE-03,ORD-03-007,STY-005,oil_mark,2,356,minor,train,synthetic
QDEF-001973,FAC-001,2025-03-12,LINE-03,ORD-03-007,STY-005,shade_variation,1,356,minor,train,synthetic
QDEF-001974,FAC-001,2025-03-12,LINE-03,ORD-03-007,STY-005,puckering,2,356,minor,train,synthetic
QDEF-001975,FAC-001,2025-03-12,LINE-03,ORD-03-007,STY-005,measurement_variance,1,356,minor,train,synthetic
QDEF-001976,FAC-001,2025-03-13,LINE-03,ORD-03-007,STY-005,oil_mark,3,312,critical,train,synthetic
QDEF-001977,FAC-001,2025-03-13,LINE-03,ORD-03-007,STY-005,measurement_variance,1,312,minor,train,synthetic
QDEF-001978,FAC-001,2025-03-13,LINE-03,ORD-03-007,STY-005,shade_variation,1,312,minor,train,synthetic
QDEF-001979,FAC-001,2025-03-13,LINE-03,ORD-03-007,STY-005,skip_stitch,2,312,minor,train,synthetic
QDEF-001980,FAC-001,2025-03-13,LINE-03,ORD-03-007,STY-005,open_seam,2,312,minor,train,synthetic
QDEF-001981,FAC-001,2025-03-16,LINE-03,ORD-03-008,STY-008,measurement_variance,5,661,minor,train,synthetic
QDEF-001982,FAC-001,2025-03-16,LINE-03,ORD-03-008,STY-008,skip_stitch,4,661,major,train,synthetic
QDEF-001983,FAC-001,2025-03-16,LINE-03,ORD-03-008,STY-008,uneven_stitch,4,661,minor,train,synthetic
QDEF-001984,FAC-001,2025-03-16,LINE-03,ORD-03-008,STY-008,shade_variation,3,661,minor,train,synthetic
QDEF-001985,FAC-001,2025-03-16,LINE-03,ORD-03-008,STY-008,puckering,4,661,minor,train,synthetic
QDEF-001986,FAC-001,2025-03-16,LINE-03,ORD-03-008,STY-008,open_seam,1,661,major,train,synthetic
QDEF-001987,FAC-001,2025-03-17,LINE-03,ORD-03-008,STY-008,uneven_stitch,1,907,major,train,synthetic
QDEF-001988,FAC-001,2025-03-17,LINE-03,ORD-03-008,STY-008,open_seam,4,907,critical,train,synthetic
QDEF-001989,FAC-001,2025-03-17,LINE-03,ORD-03-008,STY-008,skip_stitch,1,907,major,train,synthetic
QDEF-001990,FAC-001,2025-03-17,LINE-03,ORD-03-008,STY-008,measurement_variance,6,907,minor,train,synthetic
QDEF-001991,FAC-001,2025-03-17,LINE-03,ORD-03-008,STY-008,oil_mark,4,907,minor,train,synthetic
QDEF-001992,FAC-001,2025-03-17,LINE-03,ORD-03-008,STY-008,puckering,1,907,minor,train,synthetic
QDEF-001993,FAC-001,2025-03-17,LINE-03,ORD-03-008,STY-008,shade_variation,1,907,major,train,synthetic
QDEF-001994,FAC-001,2025-03-18,LINE-03,ORD-03-008,STY-008,open_seam,3,918,minor,train,synthetic
QDEF-001995,FAC-001,2025-03-18,LINE-03,ORD-03-008,STY-008,shade_variation,3,918,major,train,synthetic
QDEF-001996,FAC-001,2025-03-18,LINE-03,ORD-03-008,STY-008,measurement_variance,6,918,minor,train,synthetic
QDEF-001997,FAC-001,2025-03-18,LINE-03,ORD-03-008,STY-008,oil_mark,3,918,major,train,synthetic
QDEF-001998,FAC-001,2025-03-18,LINE-03,ORD-03-008,STY-008,puckering,4,918,minor,train,synthetic
QDEF-001999,FAC-001,2025-03-18,LINE-03,ORD-03-008,STY-008,uneven_stitch,1,918,minor,train,synthetic
QDEF-002000,FAC-001,2025-03-18,LINE-03,ORD-03-008,STY-008,skip_stitch,2,918,major,train,synthetic
QDEF-002001,FAC-001,2025-03-19,LINE-03,ORD-03-008,STY-008,skip_stitch,6,1069,minor,train,synthetic
QDEF-002002,FAC-001,2025-03-19,LINE-03,ORD-03-008,STY-008,open_seam,3,1069,minor,train,synthetic
QDEF-002003,FAC-001,2025-03-19,LINE-03,ORD-03-008,STY-008,measurement_variance,5,1069,minor,train,synthetic
QDEF-002004,FAC-001,2025-03-19,LINE-03,ORD-03-008,STY-008,oil_mark,4,1069,major,train,synthetic
QDEF-002005,FAC-001,2025-03-19,LINE-03,ORD-03-008,STY-008,shade_variation,1,1069,minor,train,synthetic
QDEF-002006,FAC-001,2025-03-19,LINE-03,ORD-03-008,STY-008,puckering,1,1069,minor,train,synthetic
QDEF-002007,FAC-001,2025-03-19,LINE-03,ORD-03-008,STY-008,uneven_stitch,4,1069,major,train,synthetic
QDEF-002008,FAC-001,2025-03-20,LINE-03,ORD-03-008,STY-008,open_seam,6,1038,major,train,synthetic
QDEF-002009,FAC-001,2025-03-20,LINE-03,ORD-03-008,STY-008,oil_mark,10,1038,major,train,synthetic
QDEF-002010,FAC-001,2025-03-20,LINE-03,ORD-03-008,STY-008,shade_variation,3,1038,minor,train,synthetic
QDEF-002011,FAC-001,2025-03-20,LINE-03,ORD-03-008,STY-008,puckering,6,1038,major,train,synthetic
QDEF-002012,FAC-001,2025-03-20,LINE-03,ORD-03-008,STY-008,skip_stitch,2,1038,minor,train,synthetic
QDEF-002013,FAC-001,2025-03-20,LINE-03,ORD-03-008,STY-008,measurement_variance,3,1038,major,train,synthetic
QDEF-002014,FAC-001,2025-03-20,LINE-03,ORD-03-008,STY-008,uneven_stitch,3,1038,minor,train,synthetic
QDEF-002015,FAC-001,2025-03-22,LINE-03,ORD-03-008,STY-008,measurement_variance,2,1059,minor,train,synthetic
QDEF-002016,FAC-001,2025-03-22,LINE-03,ORD-03-008,STY-008,oil_mark,10,1059,minor,train,synthetic
QDEF-002017,FAC-001,2025-03-22,LINE-03,ORD-03-008,STY-008,shade_variation,3,1059,minor,train,synthetic
QDEF-002018,FAC-001,2025-03-22,LINE-03,ORD-03-008,STY-008,skip_stitch,4,1059,minor,train,synthetic
QDEF-002019,FAC-001,2025-03-22,LINE-03,ORD-03-008,STY-008,uneven_stitch,5,1059,minor,train,synthetic
QDEF-002020,FAC-001,2025-03-22,LINE-03,ORD-03-008,STY-008,puckering,3,1059,minor,train,synthetic
QDEF-002021,FAC-001,2025-03-22,LINE-03,ORD-03-008,STY-008,open_seam,3,1059,minor,train,synthetic
QDEF-002022,FAC-001,2025-03-23,LINE-03,ORD-03-008,STY-008,skip_stitch,11,845,minor,train,synthetic
QDEF-002023,FAC-001,2025-03-23,LINE-03,ORD-03-008,STY-008,uneven_stitch,6,845,minor,train,synthetic
QDEF-002024,FAC-001,2025-03-23,LINE-03,ORD-03-008,STY-008,open_seam,9,845,major,train,synthetic
QDEF-002025,FAC-001,2025-03-23,LINE-03,ORD-03-008,STY-008,oil_mark,7,845,major,train,synthetic
QDEF-002026,FAC-001,2025-03-23,LINE-03,ORD-03-008,STY-008,shade_variation,3,845,minor,train,synthetic
QDEF-002027,FAC-001,2025-03-23,LINE-03,ORD-03-008,STY-008,puckering,7,845,minor,train,synthetic
QDEF-002028,FAC-001,2025-03-23,LINE-03,ORD-03-008,STY-008,measurement_variance,1,845,major,train,synthetic
QDEF-002029,FAC-001,2025-03-24,LINE-03,ORD-03-008,STY-008,open_seam,4,1092,major,train,synthetic
QDEF-002030,FAC-001,2025-03-24,LINE-03,ORD-03-008,STY-008,uneven_stitch,4,1092,minor,train,synthetic
QDEF-002031,FAC-001,2025-03-24,LINE-03,ORD-03-008,STY-008,measurement_variance,4,1092,minor,train,synthetic
QDEF-002032,FAC-001,2025-03-24,LINE-03,ORD-03-008,STY-008,puckering,3,1092,minor,train,synthetic
QDEF-002033,FAC-001,2025-03-24,LINE-03,ORD-03-008,STY-008,skip_stitch,3,1092,minor,train,synthetic
QDEF-002034,FAC-001,2025-03-24,LINE-03,ORD-03-008,STY-008,shade_variation,2,1092,major,train,synthetic
QDEF-002035,FAC-001,2025-03-24,LINE-03,ORD-03-008,STY-008,oil_mark,4,1092,minor,train,synthetic
QDEF-002036,FAC-001,2025-03-25,LINE-03,ORD-03-008,STY-008,uneven_stitch,5,1141,minor,train,synthetic
QDEF-002037,FAC-001,2025-03-25,LINE-03,ORD-03-008,STY-008,shade_variation,5,1141,major,train,synthetic
QDEF-002038,FAC-001,2025-03-25,LINE-03,ORD-03-008,STY-008,skip_stitch,8,1141,major,train,synthetic
QDEF-002039,FAC-001,2025-03-25,LINE-03,ORD-03-008,STY-008,open_seam,5,1141,minor,train,synthetic
QDEF-002040,FAC-001,2025-03-25,LINE-03,ORD-03-008,STY-008,oil_mark,5,1141,minor,train,synthetic
QDEF-002041,FAC-001,2025-03-25,LINE-03,ORD-03-008,STY-008,puckering,3,1141,major,train,synthetic
QDEF-002042,FAC-001,2025-03-26,LINE-03,ORD-03-008,STY-008,measurement_variance,2,318,minor,train,synthetic
QDEF-002043,FAC-001,2025-03-26,LINE-03,ORD-03-008,STY-008,shade_variation,1,318,minor,train,synthetic
QDEF-002044,FAC-001,2025-03-26,LINE-03,ORD-03-008,STY-008,open_seam,1,318,major,train,synthetic
QDEF-002045,FAC-001,2025-03-26,LINE-03,ORD-03-008,STY-008,uneven_stitch,1,318,major,train,synthetic
QDEF-002046,FAC-001,2025-03-26,LINE-03,ORD-03-008,STY-008,puckering,3,318,minor,train,synthetic
QDEF-002047,FAC-001,2025-03-29,LINE-03,ORD-03-009,STY-018,open_seam,3,656,major,train,synthetic
QDEF-002048,FAC-001,2025-03-29,LINE-03,ORD-03-009,STY-018,uneven_stitch,3,656,minor,train,synthetic
QDEF-002049,FAC-001,2025-03-29,LINE-03,ORD-03-009,STY-018,shade_variation,2,656,major,train,synthetic
QDEF-002050,FAC-001,2025-03-29,LINE-03,ORD-03-009,STY-018,oil_mark,1,656,minor,train,synthetic
QDEF-002051,FAC-001,2025-03-30,LINE-03,ORD-03-009,STY-018,open_seam,4,939,minor,train,synthetic
QDEF-002052,FAC-001,2025-03-30,LINE-03,ORD-03-009,STY-018,measurement_variance,5,939,minor,train,synthetic
QDEF-002053,FAC-001,2025-03-30,LINE-03,ORD-03-009,STY-018,shade_variation,7,939,minor,train,synthetic
QDEF-002054,FAC-001,2025-03-30,LINE-03,ORD-03-009,STY-018,skip_stitch,6,939,minor,train,synthetic
QDEF-002055,FAC-001,2025-03-30,LINE-03,ORD-03-009,STY-018,oil_mark,4,939,minor,train,synthetic
QDEF-002056,FAC-001,2025-03-30,LINE-03,ORD-03-009,STY-018,uneven_stitch,2,939,critical,train,synthetic
QDEF-002057,FAC-001,2025-03-30,LINE-03,ORD-03-009,STY-018,puckering,1,939,major,train,synthetic
QDEF-002058,FAC-001,2025-03-31,LINE-03,ORD-03-009,STY-018,skip_stitch,3,961,minor,train,synthetic
QDEF-002059,FAC-001,2025-03-31,LINE-03,ORD-03-009,STY-018,uneven_stitch,4,961,major,train,synthetic
QDEF-002060,FAC-001,2025-03-31,LINE-03,ORD-03-009,STY-018,oil_mark,1,961,major,train,synthetic
QDEF-002061,FAC-001,2025-03-31,LINE-03,ORD-03-009,STY-018,open_seam,2,961,minor,train,synthetic
QDEF-002062,FAC-001,2025-03-31,LINE-03,ORD-03-009,STY-018,puckering,3,961,minor,train,synthetic
QDEF-002063,FAC-001,2025-03-31,LINE-03,ORD-03-009,STY-018,measurement_variance,2,961,major,train,synthetic
QDEF-002064,FAC-001,2025-03-31,LINE-03,ORD-03-009,STY-018,shade_variation,1,961,minor,train,synthetic
QDEF-002065,FAC-001,2025-04-01,LINE-03,ORD-03-009,STY-018,skip_stitch,3,911,minor,train,synthetic
QDEF-002066,FAC-001,2025-04-01,LINE-03,ORD-03-009,STY-018,uneven_stitch,1,911,minor,train,synthetic
QDEF-002067,FAC-001,2025-04-01,LINE-03,ORD-03-009,STY-018,shade_variation,4,911,minor,train,synthetic
QDEF-002068,FAC-001,2025-04-01,LINE-03,ORD-03-009,STY-018,puckering,3,911,major,train,synthetic
QDEF-002069,FAC-001,2025-04-01,LINE-03,ORD-03-009,STY-018,oil_mark,1,911,minor,train,synthetic
QDEF-002070,FAC-001,2025-04-01,LINE-03,ORD-03-009,STY-018,open_seam,1,911,major,train,synthetic
QDEF-002071,FAC-001,2025-04-02,LINE-03,ORD-03-009,STY-018,shade_variation,3,796,minor,train,synthetic
QDEF-002072,FAC-001,2025-04-02,LINE-03,ORD-03-009,STY-018,open_seam,2,796,minor,train,synthetic
QDEF-002073,FAC-001,2025-04-02,LINE-03,ORD-03-009,STY-018,oil_mark,2,796,minor,train,synthetic
QDEF-002074,FAC-001,2025-04-02,LINE-03,ORD-03-009,STY-018,uneven_stitch,1,796,minor,train,synthetic
QDEF-002075,FAC-001,2025-04-02,LINE-03,ORD-03-009,STY-018,measurement_variance,2,796,major,train,synthetic
QDEF-002076,FAC-001,2025-04-02,LINE-03,ORD-03-009,STY-018,puckering,2,796,major,train,synthetic
QDEF-002077,FAC-001,2025-04-02,LINE-03,ORD-03-009,STY-018,skip_stitch,3,796,minor,train,synthetic
QDEF-002078,FAC-001,2025-04-03,LINE-03,ORD-03-009,STY-018,skip_stitch,2,313,major,train,synthetic
QDEF-002079,FAC-001,2025-04-03,LINE-03,ORD-03-009,STY-018,measurement_variance,3,313,minor,train,synthetic
QDEF-002080,FAC-001,2025-04-03,LINE-03,ORD-03-009,STY-018,oil_mark,2,313,major,train,synthetic
QDEF-002081,FAC-001,2025-04-03,LINE-03,ORD-03-009,STY-018,shade_variation,1,313,minor,train,synthetic
QDEF-002082,FAC-001,2025-04-03,LINE-03,ORD-03-009,STY-018,uneven_stitch,1,313,major,train,synthetic
QDEF-002083,FAC-001,2025-04-05,LINE-03,ORD-03-010,STY-005,skip_stitch,2,232,minor,train,synthetic
QDEF-002084,FAC-001,2025-04-05,LINE-03,ORD-03-010,STY-005,oil_mark,1,232,minor,train,synthetic
QDEF-002085,FAC-001,2025-04-05,LINE-03,ORD-03-010,STY-005,uneven_stitch,1,232,major,train,synthetic
QDEF-002086,FAC-001,2025-04-05,LINE-03,ORD-03-010,STY-005,measurement_variance,2,232,major,train,synthetic
QDEF-002087,FAC-001,2025-04-05,LINE-03,ORD-03-010,STY-005,shade_variation,2,232,critical,train,synthetic
QDEF-002088,FAC-001,2025-04-06,LINE-03,ORD-03-010,STY-005,oil_mark,2,392,minor,train,synthetic
QDEF-002089,FAC-001,2025-04-06,LINE-03,ORD-03-010,STY-005,puckering,1,392,minor,train,synthetic
QDEF-002090,FAC-001,2025-04-06,LINE-03,ORD-03-010,STY-005,skip_stitch,2,392,minor,train,synthetic
QDEF-002091,FAC-001,2025-04-06,LINE-03,ORD-03-010,STY-005,open_seam,2,392,minor,train,synthetic
QDEF-002092,FAC-001,2025-04-06,LINE-03,ORD-03-010,STY-005,shade_variation,2,392,minor,train,synthetic
QDEF-002093,FAC-001,2025-04-06,LINE-03,ORD-03-010,STY-005,uneven_stitch,4,392,minor,train,synthetic
QDEF-002094,FAC-001,2025-04-06,LINE-03,ORD-03-010,STY-005,measurement_variance,1,392,minor,train,synthetic
QDEF-002095,FAC-001,2025-04-07,LINE-03,ORD-03-010,STY-005,skip_stitch,2,345,minor,train,synthetic
QDEF-002096,FAC-001,2025-04-07,LINE-03,ORD-03-010,STY-005,open_seam,2,345,critical,train,synthetic
QDEF-002097,FAC-001,2025-04-07,LINE-03,ORD-03-010,STY-005,puckering,3,345,minor,train,synthetic
QDEF-002098,FAC-001,2025-04-07,LINE-03,ORD-03-010,STY-005,uneven_stitch,1,345,major,train,synthetic
QDEF-002099,FAC-001,2025-04-07,LINE-03,ORD-03-010,STY-005,shade_variation,1,345,minor,train,synthetic
QDEF-002100,FAC-001,2025-04-07,LINE-03,ORD-03-010,STY-005,measurement_variance,1,345,major,train,synthetic
QDEF-002101,FAC-001,2025-04-08,LINE-03,ORD-03-010,STY-005,skip_stitch,1,304,minor,train,synthetic
QDEF-002102,FAC-001,2025-04-08,LINE-03,ORD-03-010,STY-005,measurement_variance,2,304,minor,train,synthetic
QDEF-002103,FAC-001,2025-04-08,LINE-03,ORD-03-010,STY-005,puckering,1,304,minor,train,synthetic
QDEF-002104,FAC-001,2025-04-08,LINE-03,ORD-03-010,STY-005,oil_mark,1,304,minor,train,synthetic
QDEF-002105,FAC-001,2025-04-09,LINE-03,ORD-03-010,STY-005,measurement_variance,2,372,minor,train,synthetic
QDEF-002106,FAC-001,2025-04-09,LINE-03,ORD-03-010,STY-005,uneven_stitch,3,372,minor,train,synthetic
QDEF-002107,FAC-001,2025-04-09,LINE-03,ORD-03-010,STY-005,oil_mark,1,372,minor,train,synthetic
QDEF-002108,FAC-001,2025-04-09,LINE-03,ORD-03-010,STY-005,shade_variation,3,372,minor,train,synthetic
QDEF-002109,FAC-001,2025-04-09,LINE-03,ORD-03-010,STY-005,puckering,1,372,minor,train,synthetic
QDEF-002110,FAC-001,2025-04-09,LINE-03,ORD-03-010,STY-005,skip_stitch,2,372,major,train,synthetic
QDEF-002111,FAC-001,2025-04-09,LINE-03,ORD-03-010,STY-005,open_seam,2,372,major,train,synthetic
QDEF-002112,FAC-001,2025-04-10,LINE-03,ORD-03-010,STY-005,open_seam,1,136,minor,train,synthetic
QDEF-002113,FAC-001,2025-04-10,LINE-03,ORD-03-010,STY-005,oil_mark,1,136,minor,train,synthetic
QDEF-002114,FAC-001,2025-04-10,LINE-03,ORD-03-010,STY-005,skip_stitch,1,136,major,train,synthetic
QDEF-002115,FAC-001,2025-04-10,LINE-03,ORD-03-010,STY-005,measurement_variance,1,136,minor,train,synthetic
QDEF-002116,FAC-001,2025-04-10,LINE-03,ORD-03-010,STY-005,puckering,1,136,minor,train,synthetic
QDEF-002117,FAC-001,2025-04-12,LINE-03,ORD-03-010,STY-005,uneven_stitch,1,18,minor,train,synthetic
QDEF-002118,FAC-001,2025-04-15,LINE-03,ORD-03-011,STY-034,oil_mark,3,715,critical,train,synthetic
QDEF-002119,FAC-001,2025-04-15,LINE-03,ORD-03-011,STY-034,uneven_stitch,3,715,major,train,synthetic
QDEF-002120,FAC-001,2025-04-15,LINE-03,ORD-03-011,STY-034,puckering,3,715,minor,train,synthetic
QDEF-002121,FAC-001,2025-04-15,LINE-03,ORD-03-011,STY-034,open_seam,2,715,minor,train,synthetic
QDEF-002122,FAC-001,2025-04-15,LINE-03,ORD-03-011,STY-034,skip_stitch,1,715,minor,train,synthetic
QDEF-002123,FAC-001,2025-04-15,LINE-03,ORD-03-011,STY-034,measurement_variance,1,715,major,train,synthetic
QDEF-002124,FAC-001,2025-04-16,LINE-03,ORD-03-011,STY-034,shade_variation,2,811,minor,train,synthetic
QDEF-002125,FAC-001,2025-04-16,LINE-03,ORD-03-011,STY-034,puckering,3,811,minor,train,synthetic
QDEF-002126,FAC-001,2025-04-16,LINE-03,ORD-03-011,STY-034,skip_stitch,2,811,minor,train,synthetic
QDEF-002127,FAC-001,2025-04-16,LINE-03,ORD-03-011,STY-034,open_seam,3,811,minor,train,synthetic
QDEF-002128,FAC-001,2025-04-16,LINE-03,ORD-03-011,STY-034,measurement_variance,4,811,minor,train,synthetic
QDEF-002129,FAC-001,2025-04-16,LINE-03,ORD-03-011,STY-034,uneven_stitch,1,811,major,train,synthetic
QDEF-002130,FAC-001,2025-04-16,LINE-03,ORD-03-011,STY-034,oil_mark,1,811,major,train,synthetic
QDEF-002131,FAC-001,2025-04-17,LINE-03,ORD-03-011,STY-034,skip_stitch,3,839,minor,train,synthetic
QDEF-002132,FAC-001,2025-04-17,LINE-03,ORD-03-011,STY-034,puckering,4,839,minor,train,synthetic
QDEF-002133,FAC-001,2025-04-17,LINE-03,ORD-03-011,STY-034,open_seam,2,839,major,train,synthetic
QDEF-002134,FAC-001,2025-04-17,LINE-03,ORD-03-011,STY-034,oil_mark,1,839,minor,train,synthetic
QDEF-002135,FAC-001,2025-04-17,LINE-03,ORD-03-011,STY-034,uneven_stitch,4,839,major,train,synthetic
QDEF-002136,FAC-001,2025-04-17,LINE-03,ORD-03-011,STY-034,shade_variation,2,839,minor,train,synthetic
QDEF-002137,FAC-001,2025-04-17,LINE-03,ORD-03-011,STY-034,measurement_variance,2,839,minor,train,synthetic
QDEF-002138,FAC-001,2025-04-19,LINE-03,ORD-03-011,STY-034,oil_mark,5,833,minor,train,synthetic
QDEF-002139,FAC-001,2025-04-19,LINE-03,ORD-03-011,STY-034,puckering,4,833,minor,train,synthetic
QDEF-002140,FAC-001,2025-04-19,LINE-03,ORD-03-011,STY-034,open_seam,3,833,minor,train,synthetic
QDEF-002141,FAC-001,2025-04-19,LINE-03,ORD-03-011,STY-034,measurement_variance,3,833,minor,train,synthetic
QDEF-002142,FAC-001,2025-04-19,LINE-03,ORD-03-011,STY-034,skip_stitch,1,833,minor,train,synthetic
QDEF-002143,FAC-001,2025-04-20,LINE-03,ORD-03-011,STY-034,puckering,1,354,critical,train,synthetic
QDEF-002144,FAC-001,2025-04-21,LINE-03,ORD-03-011,STY-034,oil_mark,1,185,major,train,synthetic
QDEF-002145,FAC-001,2025-04-22,LINE-03,ORD-03-011,STY-034,uneven_stitch,1,12,minor,train,synthetic
QDEF-002146,FAC-001,2025-04-23,LINE-03,ORD-03-012,STY-007,puckering,5,384,minor,train,synthetic
QDEF-002147,FAC-001,2025-04-23,LINE-03,ORD-03-012,STY-007,skip_stitch,3,384,minor,train,synthetic
QDEF-002148,FAC-001,2025-04-23,LINE-03,ORD-03-012,STY-007,oil_mark,1,384,major,train,synthetic
QDEF-002149,FAC-001,2025-04-23,LINE-03,ORD-03-012,STY-007,open_seam,3,384,minor,train,synthetic
QDEF-002150,FAC-001,2025-04-23,LINE-03,ORD-03-012,STY-007,uneven_stitch,1,384,major,train,synthetic
QDEF-002151,FAC-001,2025-04-23,LINE-03,ORD-03-012,STY-007,measurement_variance,2,384,minor,train,synthetic
QDEF-002152,FAC-001,2025-04-23,LINE-03,ORD-03-012,STY-007,shade_variation,1,384,minor,train,synthetic
QDEF-002153,FAC-001,2025-04-24,LINE-03,ORD-03-012,STY-007,skip_stitch,2,427,major,train,synthetic
QDEF-002154,FAC-001,2025-04-24,LINE-03,ORD-03-012,STY-007,puckering,1,427,minor,train,synthetic
QDEF-002155,FAC-001,2025-04-24,LINE-03,ORD-03-012,STY-007,shade_variation,1,427,major,train,synthetic
QDEF-002156,FAC-001,2025-04-24,LINE-03,ORD-03-012,STY-007,oil_mark,1,427,minor,train,synthetic
QDEF-002157,FAC-001,2025-04-24,LINE-03,ORD-03-012,STY-007,measurement_variance,2,427,major,train,synthetic
QDEF-002158,FAC-001,2025-04-26,LINE-03,ORD-03-012,STY-007,open_seam,4,529,minor,train,synthetic
QDEF-002159,FAC-001,2025-04-26,LINE-03,ORD-03-012,STY-007,oil_mark,3,529,major,train,synthetic
QDEF-002160,FAC-001,2025-04-26,LINE-03,ORD-03-012,STY-007,skip_stitch,3,529,major,train,synthetic
QDEF-002161,FAC-001,2025-04-26,LINE-03,ORD-03-012,STY-007,measurement_variance,3,529,major,train,synthetic
QDEF-002162,FAC-001,2025-04-26,LINE-03,ORD-03-012,STY-007,puckering,3,529,major,train,synthetic
QDEF-002163,FAC-001,2025-04-27,LINE-03,ORD-03-012,STY-007,puckering,3,592,major,train,synthetic
QDEF-002164,FAC-001,2025-04-27,LINE-03,ORD-03-012,STY-007,skip_stitch,1,592,minor,train,synthetic
QDEF-002165,FAC-001,2025-04-27,LINE-03,ORD-03-012,STY-007,uneven_stitch,2,592,major,train,synthetic
QDEF-002166,FAC-001,2025-04-27,LINE-03,ORD-03-012,STY-007,oil_mark,2,592,major,train,synthetic
QDEF-002167,FAC-001,2025-04-27,LINE-03,ORD-03-012,STY-007,shade_variation,1,592,minor,train,synthetic
QDEF-002168,FAC-001,2025-04-28,LINE-03,ORD-03-012,STY-007,measurement_variance,1,598,major,train,synthetic
QDEF-002169,FAC-001,2025-04-28,LINE-03,ORD-03-012,STY-007,open_seam,4,598,minor,train,synthetic
QDEF-002170,FAC-001,2025-04-28,LINE-03,ORD-03-012,STY-007,shade_variation,1,598,minor,train,synthetic
QDEF-002171,FAC-001,2025-04-28,LINE-03,ORD-03-012,STY-007,uneven_stitch,1,598,minor,train,synthetic
QDEF-002172,FAC-001,2025-04-28,LINE-03,ORD-03-012,STY-007,oil_mark,2,598,minor,train,synthetic
QDEF-002173,FAC-001,2025-04-29,LINE-03,ORD-03-012,STY-007,uneven_stitch,1,578,minor,train,synthetic
QDEF-002174,FAC-001,2025-04-29,LINE-03,ORD-03-012,STY-007,puckering,1,578,major,train,synthetic
QDEF-002175,FAC-001,2025-04-29,LINE-03,ORD-03-012,STY-007,oil_mark,3,578,major,train,synthetic
QDEF-002176,FAC-001,2025-04-29,LINE-03,ORD-03-012,STY-007,shade_variation,4,578,minor,train,synthetic
QDEF-002177,FAC-001,2025-04-29,LINE-03,ORD-03-012,STY-007,open_seam,2,578,minor,train,synthetic
QDEF-002178,FAC-001,2025-04-29,LINE-03,ORD-03-012,STY-007,measurement_variance,1,578,minor,train,synthetic
QDEF-002179,FAC-001,2025-04-30,LINE-03,ORD-03-012,STY-007,oil_mark,5,564,major,train,synthetic
QDEF-002180,FAC-001,2025-04-30,LINE-03,ORD-03-012,STY-007,skip_stitch,2,564,minor,train,synthetic
QDEF-002181,FAC-001,2025-04-30,LINE-03,ORD-03-012,STY-007,measurement_variance,1,564,major,train,synthetic
QDEF-002182,FAC-001,2025-04-30,LINE-03,ORD-03-012,STY-007,open_seam,2,564,minor,train,synthetic
QDEF-002183,FAC-001,2025-04-30,LINE-03,ORD-03-012,STY-007,uneven_stitch,1,564,minor,train,synthetic
QDEF-002184,FAC-001,2025-04-30,LINE-03,ORD-03-012,STY-007,puckering,1,564,minor,train,synthetic
QDEF-002185,FAC-001,2025-05-01,LINE-03,ORD-03-012,STY-007,shade_variation,2,576,minor,validation,synthetic
QDEF-002186,FAC-001,2025-05-01,LINE-03,ORD-03-012,STY-007,uneven_stitch,3,576,minor,validation,synthetic
QDEF-002187,FAC-001,2025-05-01,LINE-03,ORD-03-012,STY-007,oil_mark,3,576,minor,validation,synthetic
QDEF-002188,FAC-001,2025-05-01,LINE-03,ORD-03-012,STY-007,measurement_variance,2,576,major,validation,synthetic
QDEF-002189,FAC-001,2025-05-01,LINE-03,ORD-03-012,STY-007,skip_stitch,1,576,major,validation,synthetic
QDEF-002190,FAC-001,2025-05-01,LINE-03,ORD-03-012,STY-007,open_seam,1,576,minor,validation,synthetic
QDEF-002191,FAC-001,2025-05-03,LINE-03,ORD-03-012,STY-007,open_seam,1,588,minor,validation,synthetic
QDEF-002192,FAC-001,2025-05-03,LINE-03,ORD-03-012,STY-007,shade_variation,3,588,major,validation,synthetic
QDEF-002193,FAC-001,2025-05-03,LINE-03,ORD-03-012,STY-007,measurement_variance,2,588,critical,validation,synthetic
QDEF-002194,FAC-001,2025-05-03,LINE-03,ORD-03-012,STY-007,oil_mark,3,588,minor,validation,synthetic
QDEF-002195,FAC-001,2025-05-03,LINE-03,ORD-03-012,STY-007,skip_stitch,1,588,major,validation,synthetic
QDEF-002196,FAC-001,2025-05-03,LINE-03,ORD-03-012,STY-007,uneven_stitch,4,588,critical,validation,synthetic
QDEF-002197,FAC-001,2025-05-03,LINE-03,ORD-03-012,STY-007,puckering,2,588,major,validation,synthetic
QDEF-002198,FAC-001,2025-05-04,LINE-03,ORD-03-012,STY-007,measurement_variance,3,583,minor,validation,synthetic
QDEF-002199,FAC-001,2025-05-04,LINE-03,ORD-03-012,STY-007,oil_mark,1,583,minor,validation,synthetic
QDEF-002200,FAC-001,2025-05-04,LINE-03,ORD-03-012,STY-007,uneven_stitch,3,583,major,validation,synthetic
QDEF-002201,FAC-001,2025-05-04,LINE-03,ORD-03-012,STY-007,open_seam,2,583,major,validation,synthetic
QDEF-002202,FAC-001,2025-05-05,LINE-03,ORD-03-012,STY-007,puckering,1,36,minor,validation,synthetic
QDEF-002203,FAC-001,2025-05-07,LINE-03,ORD-03-013,STY-005,puckering,1,249,minor,validation,synthetic
QDEF-002204,FAC-001,2025-05-07,LINE-03,ORD-03-013,STY-005,open_seam,3,249,minor,validation,synthetic
QDEF-002205,FAC-001,2025-05-07,LINE-03,ORD-03-013,STY-005,uneven_stitch,1,249,minor,validation,synthetic
QDEF-002206,FAC-001,2025-05-07,LINE-03,ORD-03-013,STY-005,oil_mark,1,249,minor,validation,synthetic
QDEF-002207,FAC-001,2025-05-07,LINE-03,ORD-03-013,STY-005,shade_variation,2,249,minor,validation,synthetic
QDEF-002208,FAC-001,2025-05-07,LINE-03,ORD-03-013,STY-005,measurement_variance,1,249,minor,validation,synthetic
QDEF-002209,FAC-001,2025-05-08,LINE-03,ORD-03-013,STY-005,skip_stitch,1,352,minor,validation,synthetic
QDEF-002210,FAC-001,2025-05-08,LINE-03,ORD-03-013,STY-005,uneven_stitch,3,352,minor,validation,synthetic
QDEF-002211,FAC-001,2025-05-08,LINE-03,ORD-03-013,STY-005,puckering,1,352,major,validation,synthetic
QDEF-002212,FAC-001,2025-05-08,LINE-03,ORD-03-013,STY-005,measurement_variance,1,352,minor,validation,synthetic
QDEF-002213,FAC-001,2025-05-10,LINE-03,ORD-03-013,STY-005,shade_variation,1,396,minor,validation,synthetic
QDEF-002214,FAC-001,2025-05-10,LINE-03,ORD-03-013,STY-005,puckering,4,396,minor,validation,synthetic
QDEF-002215,FAC-001,2025-05-10,LINE-03,ORD-03-013,STY-005,oil_mark,4,396,minor,validation,synthetic
QDEF-002216,FAC-001,2025-05-10,LINE-03,ORD-03-013,STY-005,uneven_stitch,3,396,minor,validation,synthetic
QDEF-002217,FAC-001,2025-05-10,LINE-03,ORD-03-013,STY-005,skip_stitch,1,396,major,validation,synthetic
QDEF-002218,FAC-001,2025-05-10,LINE-03,ORD-03-013,STY-005,open_seam,1,396,minor,validation,synthetic
QDEF-002219,FAC-001,2025-05-11,LINE-03,ORD-03-013,STY-005,skip_stitch,3,404,major,validation,synthetic
QDEF-002220,FAC-001,2025-05-11,LINE-03,ORD-03-013,STY-005,uneven_stitch,1,404,major,validation,synthetic
QDEF-002221,FAC-001,2025-05-11,LINE-03,ORD-03-013,STY-005,measurement_variance,2,404,critical,validation,synthetic
QDEF-002222,FAC-001,2025-05-11,LINE-03,ORD-03-013,STY-005,oil_mark,3,404,minor,validation,synthetic
QDEF-002223,FAC-001,2025-05-11,LINE-03,ORD-03-013,STY-005,puckering,1,404,minor,validation,synthetic
QDEF-002224,FAC-001,2025-05-12,LINE-03,ORD-03-013,STY-005,skip_stitch,3,373,minor,validation,synthetic
QDEF-002225,FAC-001,2025-05-12,LINE-03,ORD-03-013,STY-005,shade_variation,1,373,minor,validation,synthetic
QDEF-002226,FAC-001,2025-05-12,LINE-03,ORD-03-013,STY-005,puckering,3,373,critical,validation,synthetic
QDEF-002227,FAC-001,2025-05-12,LINE-03,ORD-03-013,STY-005,uneven_stitch,2,373,minor,validation,synthetic
QDEF-002228,FAC-001,2025-05-12,LINE-03,ORD-03-013,STY-005,oil_mark,1,373,minor,validation,synthetic
QDEF-002229,FAC-001,2025-05-13,LINE-03,ORD-03-013,STY-005,uneven_stitch,1,440,minor,validation,synthetic
QDEF-002230,FAC-001,2025-05-13,LINE-03,ORD-03-013,STY-005,oil_mark,2,440,minor,validation,synthetic
QDEF-002231,FAC-001,2025-05-13,LINE-03,ORD-03-013,STY-005,skip_stitch,3,440,minor,validation,synthetic
QDEF-002232,FAC-001,2025-05-13,LINE-03,ORD-03-013,STY-005,shade_variation,2,440,minor,validation,synthetic
QDEF-002233,FAC-001,2025-05-13,LINE-03,ORD-03-013,STY-005,puckering,2,440,minor,validation,synthetic
QDEF-002234,FAC-001,2025-05-14,LINE-03,ORD-03-013,STY-005,measurement_variance,1,398,minor,validation,synthetic
QDEF-002235,FAC-001,2025-05-14,LINE-03,ORD-03-013,STY-005,open_seam,2,398,critical,validation,synthetic
QDEF-002236,FAC-001,2025-05-14,LINE-03,ORD-03-013,STY-005,skip_stitch,1,398,minor,validation,synthetic
QDEF-002237,FAC-001,2025-05-14,LINE-03,ORD-03-013,STY-005,shade_variation,1,398,minor,validation,synthetic
QDEF-002238,FAC-001,2025-05-14,LINE-03,ORD-03-013,STY-005,uneven_stitch,1,398,minor,validation,synthetic
QDEF-002239,FAC-001,2025-05-15,LINE-03,ORD-03-013,STY-005,puckering,5,337,major,validation,synthetic
QDEF-002240,FAC-001,2025-05-15,LINE-03,ORD-03-013,STY-005,measurement_variance,1,337,minor,validation,synthetic
QDEF-002241,FAC-001,2025-05-15,LINE-03,ORD-03-013,STY-005,open_seam,2,337,major,validation,synthetic
QDEF-002242,FAC-001,2025-05-15,LINE-03,ORD-03-013,STY-005,skip_stitch,2,337,minor,validation,synthetic
QDEF-002243,FAC-001,2025-05-17,LINE-03,ORD-03-013,STY-005,open_seam,3,369,minor,validation,synthetic
QDEF-002244,FAC-001,2025-05-17,LINE-03,ORD-03-013,STY-005,oil_mark,1,369,major,validation,synthetic
QDEF-002245,FAC-001,2025-05-17,LINE-03,ORD-03-013,STY-005,shade_variation,3,369,minor,validation,synthetic
QDEF-002246,FAC-001,2025-05-17,LINE-03,ORD-03-013,STY-005,puckering,2,369,minor,validation,synthetic
QDEF-002247,FAC-001,2025-05-17,LINE-03,ORD-03-013,STY-005,skip_stitch,1,369,minor,validation,synthetic
QDEF-002248,FAC-001,2025-05-17,LINE-03,ORD-03-013,STY-005,measurement_variance,1,369,major,validation,synthetic
QDEF-002249,FAC-001,2025-05-18,LINE-03,ORD-03-013,STY-005,skip_stitch,1,273,minor,validation,synthetic
QDEF-002250,FAC-001,2025-05-18,LINE-03,ORD-03-013,STY-005,measurement_variance,1,273,major,validation,synthetic
QDEF-002251,FAC-001,2025-05-18,LINE-03,ORD-03-013,STY-005,oil_mark,1,273,minor,validation,synthetic
QDEF-002252,FAC-001,2025-05-18,LINE-03,ORD-03-013,STY-005,uneven_stitch,1,273,major,validation,synthetic
QDEF-002253,FAC-001,2025-05-18,LINE-03,ORD-03-013,STY-005,puckering,3,273,minor,validation,synthetic
QDEF-002254,FAC-001,2025-05-19,LINE-03,ORD-03-013,STY-005,measurement_variance,1,367,minor,validation,synthetic
QDEF-002255,FAC-001,2025-05-19,LINE-03,ORD-03-013,STY-005,puckering,1,367,major,validation,synthetic
QDEF-002256,FAC-001,2025-05-19,LINE-03,ORD-03-013,STY-005,skip_stitch,3,367,minor,validation,synthetic
QDEF-002257,FAC-001,2025-05-19,LINE-03,ORD-03-013,STY-005,uneven_stitch,2,367,minor,validation,synthetic
QDEF-002258,FAC-001,2025-05-19,LINE-03,ORD-03-013,STY-005,shade_variation,1,367,critical,validation,synthetic
QDEF-002259,FAC-001,2025-05-20,LINE-03,ORD-03-013,STY-005,oil_mark,1,29,minor,validation,synthetic
QDEF-002260,FAC-001,2025-05-20,LINE-03,ORD-03-013,STY-005,shade_variation,1,29,minor,validation,synthetic
QDEF-002261,FAC-001,2025-05-21,LINE-03,ORD-03-014,STY-002,open_seam,3,690,major,validation,synthetic
QDEF-002262,FAC-001,2025-05-21,LINE-03,ORD-03-014,STY-002,oil_mark,1,690,major,validation,synthetic
QDEF-002263,FAC-001,2025-05-21,LINE-03,ORD-03-014,STY-002,shade_variation,3,690,minor,validation,synthetic
QDEF-002264,FAC-001,2025-05-21,LINE-03,ORD-03-014,STY-002,skip_stitch,3,690,major,validation,synthetic
QDEF-002265,FAC-001,2025-05-21,LINE-03,ORD-03-014,STY-002,puckering,2,690,minor,validation,synthetic
QDEF-002266,FAC-001,2025-05-22,LINE-03,ORD-03-014,STY-002,open_seam,2,1037,minor,validation,synthetic
QDEF-002267,FAC-001,2025-05-22,LINE-03,ORD-03-014,STY-002,oil_mark,2,1037,minor,validation,synthetic
QDEF-002268,FAC-001,2025-05-22,LINE-03,ORD-03-014,STY-002,uneven_stitch,4,1037,minor,validation,synthetic
QDEF-002269,FAC-001,2025-05-22,LINE-03,ORD-03-014,STY-002,measurement_variance,1,1037,minor,validation,synthetic
QDEF-002270,FAC-001,2025-05-22,LINE-03,ORD-03-014,STY-002,skip_stitch,2,1037,minor,validation,synthetic
QDEF-002271,FAC-001,2025-05-22,LINE-03,ORD-03-014,STY-002,puckering,1,1037,minor,validation,synthetic
QDEF-002272,FAC-001,2025-05-22,LINE-03,ORD-03-014,STY-002,shade_variation,1,1037,minor,validation,synthetic
QDEF-002273,FAC-001,2025-05-24,LINE-03,ORD-03-014,STY-002,skip_stitch,3,1062,minor,validation,synthetic
QDEF-002274,FAC-001,2025-05-24,LINE-03,ORD-03-014,STY-002,measurement_variance,3,1062,minor,validation,synthetic
QDEF-002275,FAC-001,2025-05-24,LINE-03,ORD-03-014,STY-002,puckering,2,1062,minor,validation,synthetic
QDEF-002276,FAC-001,2025-05-24,LINE-03,ORD-03-014,STY-002,oil_mark,2,1062,minor,validation,synthetic
QDEF-002277,FAC-001,2025-05-24,LINE-03,ORD-03-014,STY-002,open_seam,2,1062,minor,validation,synthetic
QDEF-002278,FAC-001,2025-05-24,LINE-03,ORD-03-014,STY-002,uneven_stitch,1,1062,minor,validation,synthetic
QDEF-002279,FAC-001,2025-05-24,LINE-03,ORD-03-014,STY-002,shade_variation,1,1062,critical,validation,synthetic
QDEF-002280,FAC-001,2025-05-25,LINE-03,ORD-03-014,STY-002,uneven_stitch,3,1024,minor,validation,synthetic
QDEF-002281,FAC-001,2025-05-25,LINE-03,ORD-03-014,STY-002,oil_mark,2,1024,minor,validation,synthetic
QDEF-002282,FAC-001,2025-05-25,LINE-03,ORD-03-014,STY-002,shade_variation,5,1024,minor,validation,synthetic
QDEF-002283,FAC-001,2025-05-25,LINE-03,ORD-03-014,STY-002,skip_stitch,1,1024,minor,validation,synthetic
QDEF-002284,FAC-001,2025-05-25,LINE-03,ORD-03-014,STY-002,puckering,2,1024,minor,validation,synthetic
QDEF-002285,FAC-001,2025-05-25,LINE-03,ORD-03-014,STY-002,open_seam,1,1024,critical,validation,synthetic
QDEF-002286,FAC-001,2025-05-26,LINE-03,ORD-03-014,STY-002,shade_variation,1,1039,minor,validation,synthetic
QDEF-002287,FAC-001,2025-05-26,LINE-03,ORD-03-014,STY-002,open_seam,2,1039,minor,validation,synthetic
QDEF-002288,FAC-001,2025-05-26,LINE-03,ORD-03-014,STY-002,measurement_variance,6,1039,minor,validation,synthetic
QDEF-002289,FAC-001,2025-05-26,LINE-03,ORD-03-014,STY-002,skip_stitch,1,1039,minor,validation,synthetic
QDEF-002290,FAC-001,2025-05-26,LINE-03,ORD-03-014,STY-002,oil_mark,2,1039,minor,validation,synthetic
QDEF-002291,FAC-001,2025-05-27,LINE-03,ORD-03-014,STY-002,open_seam,1,1081,minor,validation,synthetic
QDEF-002292,FAC-001,2025-05-27,LINE-03,ORD-03-014,STY-002,oil_mark,2,1081,minor,validation,synthetic
QDEF-002293,FAC-001,2025-05-27,LINE-03,ORD-03-014,STY-002,shade_variation,1,1081,minor,validation,synthetic
QDEF-002294,FAC-001,2025-05-27,LINE-03,ORD-03-014,STY-002,puckering,3,1081,major,validation,synthetic
QDEF-002295,FAC-001,2025-05-27,LINE-03,ORD-03-014,STY-002,skip_stitch,1,1081,minor,validation,synthetic
QDEF-002296,FAC-001,2025-05-27,LINE-03,ORD-03-014,STY-002,measurement_variance,2,1081,major,validation,synthetic
QDEF-002297,FAC-001,2025-05-27,LINE-03,ORD-03-014,STY-002,uneven_stitch,1,1081,major,validation,synthetic
QDEF-002298,FAC-001,2025-05-28,LINE-03,ORD-03-014,STY-002,uneven_stitch,4,1202,minor,validation,synthetic
QDEF-002299,FAC-001,2025-05-28,LINE-03,ORD-03-014,STY-002,skip_stitch,3,1202,minor,validation,synthetic
QDEF-002300,FAC-001,2025-05-28,LINE-03,ORD-03-014,STY-002,open_seam,1,1202,minor,validation,synthetic
QDEF-002301,FAC-001,2025-05-28,LINE-03,ORD-03-014,STY-002,oil_mark,3,1202,minor,validation,synthetic
QDEF-002302,FAC-001,2025-05-28,LINE-03,ORD-03-014,STY-002,shade_variation,3,1202,minor,validation,synthetic
QDEF-002303,FAC-001,2025-05-28,LINE-03,ORD-03-014,STY-002,puckering,1,1202,minor,validation,synthetic
QDEF-002304,FAC-001,2025-05-29,LINE-03,ORD-03-014,STY-002,measurement_variance,4,908,minor,validation,synthetic
QDEF-002305,FAC-001,2025-05-29,LINE-03,ORD-03-014,STY-002,oil_mark,3,908,critical,validation,synthetic
QDEF-002306,FAC-001,2025-05-29,LINE-03,ORD-03-014,STY-002,uneven_stitch,2,908,major,validation,synthetic
QDEF-002307,FAC-001,2025-05-29,LINE-03,ORD-03-014,STY-002,open_seam,2,908,minor,validation,synthetic
QDEF-002308,FAC-001,2025-05-29,LINE-03,ORD-03-014,STY-002,shade_variation,2,908,minor,validation,synthetic
QDEF-002309,FAC-001,2025-05-29,LINE-03,ORD-03-014,STY-002,skip_stitch,1,908,minor,validation,synthetic
QDEF-002310,FAC-001,2025-05-29,LINE-03,ORD-03-014,STY-002,puckering,1,908,major,validation,synthetic
QDEF-002311,FAC-001,2025-05-31,LINE-03,ORD-03-014,STY-002,uneven_stitch,3,1124,minor,validation,synthetic
QDEF-002312,FAC-001,2025-05-31,LINE-03,ORD-03-014,STY-002,measurement_variance,3,1124,minor,validation,synthetic
QDEF-002313,FAC-001,2025-05-31,LINE-03,ORD-03-014,STY-002,skip_stitch,1,1124,minor,validation,synthetic
QDEF-002314,FAC-001,2025-05-31,LINE-03,ORD-03-014,STY-002,open_seam,2,1124,major,validation,synthetic
QDEF-002315,FAC-001,2025-05-31,LINE-03,ORD-03-014,STY-002,shade_variation,2,1124,minor,validation,synthetic
QDEF-002316,FAC-001,2025-05-31,LINE-03,ORD-03-014,STY-002,oil_mark,3,1124,critical,validation,synthetic
QDEF-002317,FAC-001,2025-06-01,LINE-03,ORD-03-014,STY-002,oil_mark,1,327,minor,test,synthetic
QDEF-002318,FAC-001,2025-06-01,LINE-03,ORD-03-014,STY-002,puckering,1,327,minor,test,synthetic
QDEF-002319,FAC-001,2025-06-01,LINE-03,ORD-03-014,STY-002,skip_stitch,1,327,minor,test,synthetic
QDEF-002320,FAC-001,2025-06-01,LINE-03,ORD-03-014,STY-002,uneven_stitch,1,327,minor,test,synthetic
QDEF-002321,FAC-001,2025-06-02,LINE-03,ORD-03-015,STY-017,uneven_stitch,3,663,minor,test,synthetic
QDEF-002322,FAC-001,2025-06-02,LINE-03,ORD-03-015,STY-017,oil_mark,4,663,minor,test,synthetic
QDEF-002323,FAC-001,2025-06-02,LINE-03,ORD-03-015,STY-017,skip_stitch,4,663,minor,test,synthetic
QDEF-002324,FAC-001,2025-06-02,LINE-03,ORD-03-015,STY-017,measurement_variance,1,663,major,test,synthetic
QDEF-002325,FAC-001,2025-06-02,LINE-03,ORD-03-015,STY-017,open_seam,3,663,minor,test,synthetic
QDEF-002326,FAC-001,2025-06-02,LINE-03,ORD-03-015,STY-017,shade_variation,2,663,major,test,synthetic
QDEF-002327,FAC-001,2025-06-03,LINE-03,ORD-03-015,STY-017,open_seam,6,917,minor,test,synthetic
QDEF-002328,FAC-001,2025-06-03,LINE-03,ORD-03-015,STY-017,shade_variation,3,917,minor,test,synthetic
QDEF-002329,FAC-001,2025-06-03,LINE-03,ORD-03-015,STY-017,puckering,1,917,minor,test,synthetic
QDEF-002330,FAC-001,2025-06-03,LINE-03,ORD-03-015,STY-017,oil_mark,1,917,major,test,synthetic
QDEF-002331,FAC-001,2025-06-04,LINE-03,ORD-03-015,STY-017,skip_stitch,2,913,major,test,synthetic
QDEF-002332,FAC-001,2025-06-04,LINE-03,ORD-03-015,STY-017,oil_mark,2,913,minor,test,synthetic
QDEF-002333,FAC-001,2025-06-04,LINE-03,ORD-03-015,STY-017,shade_variation,3,913,major,test,synthetic
QDEF-002334,FAC-001,2025-06-04,LINE-03,ORD-03-015,STY-017,uneven_stitch,3,913,major,test,synthetic
QDEF-002335,FAC-001,2025-06-04,LINE-03,ORD-03-015,STY-017,measurement_variance,2,913,major,test,synthetic
QDEF-002336,FAC-001,2025-06-04,LINE-03,ORD-03-015,STY-017,open_seam,2,913,major,test,synthetic
QDEF-002337,FAC-001,2025-06-05,LINE-03,ORD-03-015,STY-017,shade_variation,3,1042,minor,test,synthetic
QDEF-002338,FAC-001,2025-06-05,LINE-03,ORD-03-015,STY-017,open_seam,2,1042,major,test,synthetic
QDEF-002339,FAC-001,2025-06-05,LINE-03,ORD-03-015,STY-017,skip_stitch,1,1042,major,test,synthetic
QDEF-002340,FAC-001,2025-06-05,LINE-03,ORD-03-015,STY-017,measurement_variance,1,1042,minor,test,synthetic
QDEF-002341,FAC-001,2025-06-05,LINE-03,ORD-03-015,STY-017,oil_mark,2,1042,minor,test,synthetic
QDEF-002342,FAC-001,2025-06-05,LINE-03,ORD-03-015,STY-017,uneven_stitch,1,1042,minor,test,synthetic
QDEF-002343,FAC-001,2025-06-05,LINE-03,ORD-03-015,STY-017,puckering,1,1042,minor,test,synthetic
QDEF-002344,FAC-001,2025-06-07,LINE-03,ORD-03-015,STY-017,skip_stitch,3,1029,minor,test,synthetic
QDEF-002345,FAC-001,2025-06-07,LINE-03,ORD-03-015,STY-017,open_seam,4,1029,minor,test,synthetic
QDEF-002346,FAC-001,2025-06-07,LINE-03,ORD-03-015,STY-017,uneven_stitch,3,1029,minor,test,synthetic
QDEF-002347,FAC-001,2025-06-07,LINE-03,ORD-03-015,STY-017,puckering,3,1029,major,test,synthetic
QDEF-002348,FAC-001,2025-06-07,LINE-03,ORD-03-015,STY-017,measurement_variance,1,1029,minor,test,synthetic
QDEF-002349,FAC-001,2025-06-07,LINE-03,ORD-03-015,STY-017,oil_mark,1,1029,minor,test,synthetic
QDEF-002350,FAC-001,2025-06-07,LINE-03,ORD-03-015,STY-017,shade_variation,1,1029,minor,test,synthetic
QDEF-002351,FAC-001,2025-06-08,LINE-03,ORD-03-015,STY-017,skip_stitch,2,1121,minor,test,synthetic
QDEF-002352,FAC-001,2025-06-08,LINE-03,ORD-03-015,STY-017,oil_mark,7,1121,minor,test,synthetic
QDEF-002353,FAC-001,2025-06-08,LINE-03,ORD-03-015,STY-017,puckering,5,1121,minor,test,synthetic
QDEF-002354,FAC-001,2025-06-08,LINE-03,ORD-03-015,STY-017,open_seam,3,1121,major,test,synthetic
QDEF-002355,FAC-001,2025-06-08,LINE-03,ORD-03-015,STY-017,measurement_variance,1,1121,minor,test,synthetic
QDEF-002356,FAC-001,2025-06-08,LINE-03,ORD-03-015,STY-017,shade_variation,1,1121,minor,test,synthetic
QDEF-002357,FAC-001,2025-06-09,LINE-03,ORD-03-015,STY-017,open_seam,3,1072,critical,test,synthetic
QDEF-002358,FAC-001,2025-06-09,LINE-03,ORD-03-015,STY-017,puckering,4,1072,minor,test,synthetic
QDEF-002359,FAC-001,2025-06-09,LINE-03,ORD-03-015,STY-017,measurement_variance,3,1072,minor,test,synthetic
QDEF-002360,FAC-001,2025-06-09,LINE-03,ORD-03-015,STY-017,shade_variation,3,1072,minor,test,synthetic
QDEF-002361,FAC-001,2025-06-09,LINE-03,ORD-03-015,STY-017,skip_stitch,3,1072,minor,test,synthetic
QDEF-002362,FAC-001,2025-06-09,LINE-03,ORD-03-015,STY-017,uneven_stitch,5,1072,minor,test,synthetic
QDEF-002363,FAC-001,2025-06-10,LINE-03,ORD-03-015,STY-017,open_seam,2,1203,major,test,synthetic
QDEF-002364,FAC-001,2025-06-10,LINE-03,ORD-03-015,STY-017,uneven_stitch,2,1203,major,test,synthetic
QDEF-002365,FAC-001,2025-06-10,LINE-03,ORD-03-015,STY-017,measurement_variance,4,1203,critical,test,synthetic
QDEF-002366,FAC-001,2025-06-10,LINE-03,ORD-03-015,STY-017,shade_variation,2,1203,critical,test,synthetic
QDEF-002367,FAC-001,2025-06-10,LINE-03,ORD-03-015,STY-017,puckering,3,1203,major,test,synthetic
QDEF-002368,FAC-001,2025-06-10,LINE-03,ORD-03-015,STY-017,oil_mark,3,1203,minor,test,synthetic
QDEF-002369,FAC-001,2025-06-10,LINE-03,ORD-03-015,STY-017,skip_stitch,2,1203,minor,test,synthetic
QDEF-002370,FAC-001,2025-06-11,LINE-03,ORD-03-015,STY-017,open_seam,3,1067,minor,test,synthetic
QDEF-002371,FAC-001,2025-06-11,LINE-03,ORD-03-015,STY-017,skip_stitch,5,1067,minor,test,synthetic
QDEF-002372,FAC-001,2025-06-11,LINE-03,ORD-03-015,STY-017,uneven_stitch,3,1067,minor,test,synthetic
QDEF-002373,FAC-001,2025-06-11,LINE-03,ORD-03-015,STY-017,oil_mark,1,1067,minor,test,synthetic
QDEF-002374,FAC-001,2025-06-11,LINE-03,ORD-03-015,STY-017,puckering,3,1067,minor,test,synthetic
QDEF-002375,FAC-001,2025-06-11,LINE-03,ORD-03-015,STY-017,measurement_variance,2,1067,minor,test,synthetic
QDEF-002376,FAC-001,2025-06-11,LINE-03,ORD-03-015,STY-017,shade_variation,1,1067,major,test,synthetic
QDEF-002377,FAC-001,2025-06-12,LINE-03,ORD-03-015,STY-017,oil_mark,1,255,minor,test,synthetic
QDEF-002378,FAC-001,2025-06-12,LINE-03,ORD-03-015,STY-017,shade_variation,2,255,major,test,synthetic
QDEF-002379,FAC-001,2025-06-12,LINE-03,ORD-03-015,STY-017,puckering,1,255,minor,test,synthetic
QDEF-002380,FAC-001,2025-06-12,LINE-03,ORD-03-015,STY-017,open_seam,1,255,major,test,synthetic
QDEF-002381,FAC-001,2025-06-14,LINE-03,ORD-03-015,STY-017,oil_mark,2,112,minor,test,synthetic
QDEF-002382,FAC-001,2025-06-14,LINE-03,ORD-03-015,STY-017,measurement_variance,1,112,major,test,synthetic
QDEF-002383,FAC-001,2025-06-15,LINE-03,ORD-03-016,STY-005,shade_variation,4,308,minor,test,synthetic
QDEF-002384,FAC-001,2025-06-15,LINE-03,ORD-03-016,STY-005,measurement_variance,1,308,major,test,synthetic
QDEF-002385,FAC-001,2025-06-15,LINE-03,ORD-03-016,STY-005,skip_stitch,3,308,minor,test,synthetic
QDEF-002386,FAC-001,2025-06-16,LINE-03,ORD-03-016,STY-005,skip_stitch,3,322,major,test,synthetic
QDEF-002387,FAC-001,2025-06-16,LINE-03,ORD-03-016,STY-005,measurement_variance,4,322,minor,test,synthetic
QDEF-002388,FAC-001,2025-06-16,LINE-03,ORD-03-016,STY-005,open_seam,1,322,minor,test,synthetic
QDEF-002389,FAC-001,2025-06-16,LINE-03,ORD-03-016,STY-005,oil_mark,5,322,minor,test,synthetic
QDEF-002390,FAC-001,2025-06-16,LINE-03,ORD-03-016,STY-005,puckering,1,322,critical,test,synthetic
QDEF-002391,FAC-001,2025-06-16,LINE-03,ORD-03-016,STY-005,uneven_stitch,1,322,minor,test,synthetic
QDEF-002392,FAC-001,2025-06-16,LINE-03,ORD-03-016,STY-005,shade_variation,1,322,minor,test,synthetic
QDEF-002393,FAC-001,2025-06-17,LINE-03,ORD-03-016,STY-005,puckering,3,390,minor,test,synthetic
QDEF-002394,FAC-001,2025-06-17,LINE-03,ORD-03-016,STY-005,measurement_variance,2,390,minor,test,synthetic
QDEF-002395,FAC-001,2025-06-17,LINE-03,ORD-03-016,STY-005,open_seam,1,390,minor,test,synthetic
QDEF-002396,FAC-001,2025-06-17,LINE-03,ORD-03-016,STY-005,uneven_stitch,3,390,minor,test,synthetic
QDEF-002397,FAC-001,2025-06-17,LINE-03,ORD-03-016,STY-005,skip_stitch,1,390,major,test,synthetic
QDEF-002398,FAC-001,2025-06-18,LINE-03,ORD-03-016,STY-005,uneven_stitch,3,279,minor,test,synthetic
QDEF-002399,FAC-001,2025-06-18,LINE-03,ORD-03-016,STY-005,skip_stitch,6,279,minor,test,synthetic
QDEF-002400,FAC-001,2025-06-18,LINE-03,ORD-03-016,STY-005,puckering,3,279,minor,test,synthetic
QDEF-002401,FAC-001,2025-06-18,LINE-03,ORD-03-016,STY-005,open_seam,3,279,major,test,synthetic
QDEF-002402,FAC-001,2025-06-18,LINE-03,ORD-03-016,STY-005,measurement_variance,2,279,minor,test,synthetic
QDEF-002403,FAC-001,2025-06-18,LINE-03,ORD-03-016,STY-005,oil_mark,1,279,minor,test,synthetic
QDEF-002404,FAC-001,2025-06-18,LINE-03,ORD-03-016,STY-005,shade_variation,1,279,major,test,synthetic
QDEF-002405,FAC-001,2025-06-19,LINE-03,ORD-03-016,STY-005,skip_stitch,2,420,minor,test,synthetic
QDEF-002406,FAC-001,2025-06-19,LINE-03,ORD-03-016,STY-005,uneven_stitch,3,420,minor,test,synthetic
QDEF-002407,FAC-001,2025-06-19,LINE-03,ORD-03-016,STY-005,measurement_variance,3,420,minor,test,synthetic
QDEF-002408,FAC-001,2025-06-19,LINE-03,ORD-03-016,STY-005,puckering,3,420,minor,test,synthetic
QDEF-002409,FAC-001,2025-06-19,LINE-03,ORD-03-016,STY-005,open_seam,2,420,minor,test,synthetic
QDEF-002410,FAC-001,2025-06-21,LINE-03,ORD-03-016,STY-005,oil_mark,4,444,minor,test,synthetic
QDEF-002411,FAC-001,2025-06-21,LINE-03,ORD-03-016,STY-005,open_seam,2,444,major,test,synthetic
QDEF-002412,FAC-001,2025-06-21,LINE-03,ORD-03-016,STY-005,skip_stitch,2,444,minor,test,synthetic
QDEF-002413,FAC-001,2025-06-21,LINE-03,ORD-03-016,STY-005,measurement_variance,2,444,major,test,synthetic
QDEF-002414,FAC-001,2025-06-21,LINE-03,ORD-03-016,STY-005,puckering,2,444,major,test,synthetic
QDEF-002415,FAC-001,2025-06-21,LINE-03,ORD-03-016,STY-005,uneven_stitch,4,444,major,test,synthetic
QDEF-002416,FAC-001,2025-06-21,LINE-03,ORD-03-016,STY-005,shade_variation,1,444,minor,test,synthetic
QDEF-002417,FAC-001,2025-06-22,LINE-03,ORD-03-016,STY-005,skip_stitch,3,422,critical,test,synthetic
QDEF-002418,FAC-001,2025-06-22,LINE-03,ORD-03-016,STY-005,open_seam,2,422,minor,test,synthetic
QDEF-002419,FAC-001,2025-06-22,LINE-03,ORD-03-016,STY-005,shade_variation,2,422,minor,test,synthetic
QDEF-002420,FAC-001,2025-06-22,LINE-03,ORD-03-016,STY-005,puckering,2,422,minor,test,synthetic
QDEF-002421,FAC-001,2025-06-22,LINE-03,ORD-03-016,STY-005,measurement_variance,4,422,minor,test,synthetic
QDEF-002422,FAC-001,2025-06-22,LINE-03,ORD-03-016,STY-005,uneven_stitch,1,422,minor,test,synthetic
QDEF-002423,FAC-001,2025-06-22,LINE-03,ORD-03-016,STY-005,oil_mark,2,422,major,test,synthetic
QDEF-002424,FAC-001,2025-06-23,LINE-03,ORD-03-016,STY-005,oil_mark,1,406,major,test,synthetic
QDEF-002425,FAC-001,2025-06-23,LINE-03,ORD-03-016,STY-005,puckering,2,406,major,test,synthetic
QDEF-002426,FAC-001,2025-06-23,LINE-03,ORD-03-016,STY-005,open_seam,1,406,minor,test,synthetic
QDEF-002427,FAC-001,2025-06-23,LINE-03,ORD-03-016,STY-005,uneven_stitch,1,406,major,test,synthetic
QDEF-002428,FAC-001,2025-06-24,LINE-03,ORD-03-016,STY-005,skip_stitch,2,380,minor,test,synthetic
QDEF-002429,FAC-001,2025-06-24,LINE-03,ORD-03-016,STY-005,oil_mark,3,380,minor,test,synthetic
QDEF-002430,FAC-001,2025-06-24,LINE-03,ORD-03-016,STY-005,puckering,1,380,minor,test,synthetic
QDEF-002431,FAC-001,2025-06-24,LINE-03,ORD-03-016,STY-005,open_seam,1,380,major,test,synthetic
QDEF-002432,FAC-001,2025-06-24,LINE-03,ORD-03-016,STY-005,measurement_variance,1,380,minor,test,synthetic
QDEF-002433,FAC-001,2025-06-25,LINE-03,ORD-03-016,STY-005,shade_variation,1,251,minor,test,synthetic
QDEF-002434,FAC-001,2025-06-25,LINE-03,ORD-03-016,STY-005,skip_stitch,3,251,critical,test,synthetic
QDEF-002435,FAC-001,2025-06-25,LINE-03,ORD-03-016,STY-005,open_seam,1,251,minor,test,synthetic
QDEF-002436,FAC-001,2025-06-25,LINE-03,ORD-03-016,STY-005,puckering,2,251,major,test,synthetic
QDEF-002437,FAC-001,2025-06-25,LINE-03,ORD-03-016,STY-005,oil_mark,3,251,major,test,synthetic
QDEF-002438,FAC-001,2025-06-26,LINE-03,ORD-03-016,STY-005,measurement_variance,1,48,minor,test,synthetic
QDEF-002439,FAC-001,2025-06-26,LINE-03,ORD-03-016,STY-005,shade_variation,1,48,major,test,synthetic
QDEF-002440,FAC-001,2025-06-26,LINE-03,ORD-03-016,STY-005,open_seam,1,48,minor,test,synthetic
QDEF-002441,FAC-001,2025-06-29,LINE-03,ORD-03-017,STY-017,puckering,3,607,major,test,synthetic
QDEF-002442,FAC-001,2025-06-29,LINE-03,ORD-03-017,STY-017,oil_mark,2,607,minor,test,synthetic
QDEF-002443,FAC-001,2025-06-29,LINE-03,ORD-03-017,STY-017,shade_variation,2,607,minor,test,synthetic
QDEF-002444,FAC-001,2025-06-29,LINE-03,ORD-03-017,STY-017,skip_stitch,3,607,minor,test,synthetic
QDEF-002445,FAC-001,2025-06-30,LINE-03,ORD-03-017,STY-017,skip_stitch,1,1024,major,test,synthetic
QDEF-002446,FAC-001,2025-06-30,LINE-03,ORD-03-017,STY-017,puckering,2,1024,major,test,synthetic
QDEF-002447,FAC-001,2025-06-30,LINE-03,ORD-03-017,STY-017,oil_mark,4,1024,major,test,synthetic
QDEF-002448,FAC-001,2025-06-30,LINE-03,ORD-03-017,STY-017,open_seam,2,1024,minor,test,synthetic
QDEF-002449,FAC-001,2025-06-30,LINE-03,ORD-03-017,STY-017,uneven_stitch,2,1024,minor,test,synthetic
QDEF-002450,FAC-001,2025-06-30,LINE-03,ORD-03-017,STY-017,shade_variation,1,1024,minor,test,synthetic
QDEF-002451,FAC-001,2025-01-04,LINE-04,ORD-04-001,STY-009,shade_variation,3,206,minor,train,synthetic
QDEF-002452,FAC-001,2025-01-04,LINE-04,ORD-04-001,STY-009,skip_stitch,1,206,minor,train,synthetic
QDEF-002453,FAC-001,2025-01-04,LINE-04,ORD-04-001,STY-009,uneven_stitch,1,206,minor,train,synthetic
QDEF-002454,FAC-001,2025-01-04,LINE-04,ORD-04-001,STY-009,open_seam,1,206,minor,train,synthetic
QDEF-002455,FAC-001,2025-01-05,LINE-04,ORD-04-001,STY-009,uneven_stitch,2,325,minor,train,synthetic
QDEF-002456,FAC-001,2025-01-05,LINE-04,ORD-04-001,STY-009,measurement_variance,3,325,minor,train,synthetic
QDEF-002457,FAC-001,2025-01-05,LINE-04,ORD-04-001,STY-009,skip_stitch,2,325,minor,train,synthetic
QDEF-002458,FAC-001,2025-01-06,LINE-04,ORD-04-001,STY-009,oil_mark,3,334,minor,train,synthetic
QDEF-002459,FAC-001,2025-01-06,LINE-04,ORD-04-001,STY-009,puckering,1,334,minor,train,synthetic
QDEF-002460,FAC-001,2025-01-06,LINE-04,ORD-04-001,STY-009,shade_variation,3,334,major,train,synthetic
QDEF-002461,FAC-001,2025-01-06,LINE-04,ORD-04-001,STY-009,skip_stitch,1,334,minor,train,synthetic
QDEF-002462,FAC-001,2025-01-06,LINE-04,ORD-04-001,STY-009,uneven_stitch,2,334,minor,train,synthetic
QDEF-002463,FAC-001,2025-01-06,LINE-04,ORD-04-001,STY-009,measurement_variance,1,334,minor,train,synthetic
QDEF-002464,FAC-001,2025-01-07,LINE-04,ORD-04-001,STY-009,shade_variation,4,347,major,train,synthetic
QDEF-002465,FAC-001,2025-01-07,LINE-04,ORD-04-001,STY-009,skip_stitch,4,347,minor,train,synthetic
QDEF-002466,FAC-001,2025-01-07,LINE-04,ORD-04-001,STY-009,puckering,2,347,minor,train,synthetic
QDEF-002467,FAC-001,2025-01-07,LINE-04,ORD-04-001,STY-009,open_seam,1,347,minor,train,synthetic
QDEF-002468,FAC-001,2025-01-07,LINE-04,ORD-04-001,STY-009,oil_mark,6,347,minor,train,synthetic
QDEF-002469,FAC-001,2025-01-07,LINE-04,ORD-04-001,STY-009,uneven_stitch,1,347,major,train,synthetic
QDEF-002470,FAC-001,2025-01-07,LINE-04,ORD-04-001,STY-009,measurement_variance,1,347,minor,train,synthetic
QDEF-002471,FAC-001,2025-01-08,LINE-04,ORD-04-001,STY-009,open_seam,2,331,major,train,synthetic
QDEF-002472,FAC-001,2025-01-08,LINE-04,ORD-04-001,STY-009,oil_mark,1,331,major,train,synthetic
QDEF-002473,FAC-001,2025-01-08,LINE-04,ORD-04-001,STY-009,skip_stitch,1,331,major,train,synthetic
QDEF-002474,FAC-001,2025-01-08,LINE-04,ORD-04-001,STY-009,uneven_stitch,2,331,minor,train,synthetic
QDEF-002475,FAC-001,2025-01-08,LINE-04,ORD-04-001,STY-009,shade_variation,1,331,minor,train,synthetic
QDEF-002476,FAC-001,2025-01-08,LINE-04,ORD-04-001,STY-009,measurement_variance,1,331,major,train,synthetic
QDEF-002477,FAC-001,2025-01-09,LINE-04,ORD-04-001,STY-009,uneven_stitch,2,378,major,train,synthetic
QDEF-002478,FAC-001,2025-01-09,LINE-04,ORD-04-001,STY-009,open_seam,2,378,minor,train,synthetic
QDEF-002479,FAC-001,2025-01-09,LINE-04,ORD-04-001,STY-009,oil_mark,1,378,minor,train,synthetic
QDEF-002480,FAC-001,2025-01-09,LINE-04,ORD-04-001,STY-009,skip_stitch,1,378,minor,train,synthetic
QDEF-002481,FAC-001,2025-01-09,LINE-04,ORD-04-001,STY-009,measurement_variance,2,378,critical,train,synthetic
QDEF-002482,FAC-001,2025-01-09,LINE-04,ORD-04-001,STY-009,shade_variation,1,378,minor,train,synthetic
QDEF-002483,FAC-001,2025-01-11,LINE-04,ORD-04-001,STY-009,skip_stitch,4,296,minor,train,synthetic
QDEF-002484,FAC-001,2025-01-11,LINE-04,ORD-04-001,STY-009,open_seam,1,296,major,train,synthetic
QDEF-002485,FAC-001,2025-01-11,LINE-04,ORD-04-001,STY-009,measurement_variance,2,296,minor,train,synthetic
QDEF-002486,FAC-001,2025-01-12,LINE-04,ORD-04-001,STY-009,uneven_stitch,3,341,minor,train,synthetic
QDEF-002487,FAC-001,2025-01-12,LINE-04,ORD-04-001,STY-009,puckering,3,341,minor,train,synthetic
QDEF-002488,FAC-001,2025-01-12,LINE-04,ORD-04-001,STY-009,measurement_variance,3,341,minor,train,synthetic
QDEF-002489,FAC-001,2025-01-12,LINE-04,ORD-04-001,STY-009,oil_mark,3,341,minor,train,synthetic
QDEF-002490,FAC-001,2025-01-12,LINE-04,ORD-04-001,STY-009,shade_variation,2,341,minor,train,synthetic
QDEF-002491,FAC-001,2025-01-12,LINE-04,ORD-04-001,STY-009,skip_stitch,1,341,minor,train,synthetic
QDEF-002492,FAC-001,2025-01-12,LINE-04,ORD-04-001,STY-009,open_seam,3,341,minor,train,synthetic
QDEF-002493,FAC-001,2025-01-13,LINE-04,ORD-04-001,STY-009,oil_mark,2,201,major,train,synthetic
QDEF-002494,FAC-001,2025-01-13,LINE-04,ORD-04-001,STY-009,shade_variation,1,201,critical,train,synthetic
QDEF-002495,FAC-001,2025-01-13,LINE-04,ORD-04-001,STY-009,puckering,1,201,minor,train,synthetic
QDEF-002496,FAC-001,2025-01-13,LINE-04,ORD-04-001,STY-009,uneven_stitch,2,201,minor,train,synthetic
QDEF-002497,FAC-001,2025-01-13,LINE-04,ORD-04-001,STY-009,measurement_variance,1,201,minor,train,synthetic
QDEF-002498,FAC-001,2025-01-13,LINE-04,ORD-04-001,STY-009,open_seam,1,201,minor,train,synthetic
QDEF-002499,FAC-001,2025-01-15,LINE-04,ORD-04-002,STY-016,puckering,1,305,critical,train,synthetic
QDEF-002500,FAC-001,2025-01-15,LINE-04,ORD-04-002,STY-016,open_seam,3,305,major,train,synthetic
QDEF-002501,FAC-001,2025-01-15,LINE-04,ORD-04-002,STY-016,measurement_variance,2,305,major,train,synthetic
QDEF-002502,FAC-001,2025-01-15,LINE-04,ORD-04-002,STY-016,shade_variation,1,305,minor,train,synthetic
QDEF-002503,FAC-001,2025-01-15,LINE-04,ORD-04-002,STY-016,skip_stitch,1,305,major,train,synthetic
QDEF-002504,FAC-001,2025-01-15,LINE-04,ORD-04-002,STY-016,uneven_stitch,1,305,minor,train,synthetic
QDEF-002505,FAC-001,2025-01-16,LINE-04,ORD-04-002,STY-016,oil_mark,5,559,minor,train,synthetic
QDEF-002506,FAC-001,2025-01-16,LINE-04,ORD-04-002,STY-016,skip_stitch,7,559,minor,train,synthetic
QDEF-002507,FAC-001,2025-01-16,LINE-04,ORD-04-002,STY-016,uneven_stitch,4,559,major,train,synthetic
QDEF-002508,FAC-001,2025-01-16,LINE-04,ORD-04-002,STY-016,measurement_variance,2,559,minor,train,synthetic
QDEF-002509,FAC-001,2025-01-16,LINE-04,ORD-04-002,STY-016,open_seam,1,559,minor,train,synthetic
QDEF-002510,FAC-001,2025-01-16,LINE-04,ORD-04-002,STY-016,puckering,2,559,major,train,synthetic
QDEF-002511,FAC-001,2025-01-16,LINE-04,ORD-04-002,STY-016,shade_variation,1,559,minor,train,synthetic
QDEF-002512,FAC-001,2025-01-18,LINE-04,ORD-04-002,STY-016,open_seam,3,588,major,train,synthetic
QDEF-002513,FAC-001,2025-01-18,LINE-04,ORD-04-002,STY-016,uneven_stitch,2,588,major,train,synthetic
QDEF-002514,FAC-001,2025-01-18,LINE-04,ORD-04-002,STY-016,oil_mark,5,588,minor,train,synthetic
QDEF-002515,FAC-001,2025-01-18,LINE-04,ORD-04-002,STY-016,shade_variation,4,588,minor,train,synthetic
QDEF-002516,FAC-001,2025-01-18,LINE-04,ORD-04-002,STY-016,measurement_variance,3,588,minor,train,synthetic
QDEF-002517,FAC-001,2025-01-18,LINE-04,ORD-04-002,STY-016,puckering,2,588,minor,train,synthetic
QDEF-002518,FAC-001,2025-01-18,LINE-04,ORD-04-002,STY-016,skip_stitch,4,588,critical,train,synthetic
QDEF-002519,FAC-001,2025-01-19,LINE-04,ORD-04-002,STY-016,skip_stitch,1,592,major,train,synthetic
QDEF-002520,FAC-001,2025-01-19,LINE-04,ORD-04-002,STY-016,open_seam,4,592,major,train,synthetic
QDEF-002521,FAC-001,2025-01-19,LINE-04,ORD-04-002,STY-016,uneven_stitch,3,592,minor,train,synthetic
QDEF-002522,FAC-001,2025-01-19,LINE-04,ORD-04-002,STY-016,measurement_variance,5,592,minor,train,synthetic
QDEF-002523,FAC-001,2025-01-19,LINE-04,ORD-04-002,STY-016,oil_mark,3,592,minor,train,synthetic
QDEF-002524,FAC-001,2025-01-19,LINE-04,ORD-04-002,STY-016,shade_variation,6,592,minor,train,synthetic
QDEF-002525,FAC-001,2025-01-19,LINE-04,ORD-04-002,STY-016,puckering,3,592,major,train,synthetic
QDEF-002526,FAC-001,2025-01-20,LINE-04,ORD-04-002,STY-016,skip_stitch,3,619,minor,train,synthetic
QDEF-002527,FAC-001,2025-01-20,LINE-04,ORD-04-002,STY-016,uneven_stitch,8,619,minor,train,synthetic
QDEF-002528,FAC-001,2025-01-20,LINE-04,ORD-04-002,STY-016,measurement_variance,6,619,minor,train,synthetic
QDEF-002529,FAC-001,2025-01-20,LINE-04,ORD-04-002,STY-016,shade_variation,4,619,minor,train,synthetic
QDEF-002530,FAC-001,2025-01-20,LINE-04,ORD-04-002,STY-016,open_seam,4,619,minor,train,synthetic
QDEF-002531,FAC-001,2025-01-20,LINE-04,ORD-04-002,STY-016,oil_mark,3,619,major,train,synthetic
QDEF-002532,FAC-001,2025-01-20,LINE-04,ORD-04-002,STY-016,puckering,6,619,minor,train,synthetic
QDEF-002533,FAC-001,2025-01-21,LINE-04,ORD-04-002,STY-016,open_seam,4,564,minor,train,synthetic
QDEF-002534,FAC-001,2025-01-21,LINE-04,ORD-04-002,STY-016,uneven_stitch,3,564,major,train,synthetic
QDEF-002535,FAC-001,2025-01-21,LINE-04,ORD-04-002,STY-016,oil_mark,1,564,minor,train,synthetic
QDEF-002536,FAC-001,2025-01-21,LINE-04,ORD-04-002,STY-016,shade_variation,4,564,minor,train,synthetic
QDEF-002537,FAC-001,2025-01-21,LINE-04,ORD-04-002,STY-016,measurement_variance,2,564,minor,train,synthetic
QDEF-002538,FAC-001,2025-01-21,LINE-04,ORD-04-002,STY-016,puckering,3,564,major,train,synthetic
QDEF-002539,FAC-001,2025-01-22,LINE-04,ORD-04-003,STY-025,measurement_variance,3,284,major,train,synthetic
QDEF-002540,FAC-001,2025-01-22,LINE-04,ORD-04-003,STY-025,puckering,2,284,minor,train,synthetic
QDEF-002541,FAC-001,2025-01-22,LINE-04,ORD-04-003,STY-025,skip_stitch,2,284,major,train,synthetic
QDEF-002542,FAC-001,2025-01-22,LINE-04,ORD-04-003,STY-025,open_seam,2,284,minor,train,synthetic
QDEF-002543,FAC-001,2025-01-22,LINE-04,ORD-04-003,STY-025,uneven_stitch,2,284,minor,train,synthetic
QDEF-002544,FAC-001,2025-01-22,LINE-04,ORD-04-003,STY-025,oil_mark,1,284,major,train,synthetic
QDEF-002545,FAC-001,2025-01-23,LINE-04,ORD-04-003,STY-025,measurement_variance,5,246,minor,train,synthetic
QDEF-002546,FAC-001,2025-01-23,LINE-04,ORD-04-003,STY-025,shade_variation,6,246,minor,train,synthetic
QDEF-002547,FAC-001,2025-01-23,LINE-04,ORD-04-003,STY-025,oil_mark,3,246,major,train,synthetic
QDEF-002548,FAC-001,2025-01-23,LINE-04,ORD-04-003,STY-025,skip_stitch,3,246,minor,train,synthetic
QDEF-002549,FAC-001,2025-01-23,LINE-04,ORD-04-003,STY-025,puckering,3,246,minor,train,synthetic
QDEF-002550,FAC-001,2025-01-23,LINE-04,ORD-04-003,STY-025,open_seam,2,246,minor,train,synthetic
QDEF-002551,FAC-001,2025-01-23,LINE-04,ORD-04-003,STY-025,uneven_stitch,6,246,minor,train,synthetic
QDEF-002552,FAC-001,2025-01-25,LINE-04,ORD-04-003,STY-025,uneven_stitch,3,398,minor,train,synthetic
QDEF-002553,FAC-001,2025-01-25,LINE-04,ORD-04-003,STY-025,puckering,3,398,minor,train,synthetic
QDEF-002554,FAC-001,2025-01-25,LINE-04,ORD-04-003,STY-025,skip_stitch,5,398,major,train,synthetic
QDEF-002555,FAC-001,2025-01-25,LINE-04,ORD-04-003,STY-025,shade_variation,1,398,minor,train,synthetic
QDEF-002556,FAC-001,2025-01-25,LINE-04,ORD-04-003,STY-025,measurement_variance,2,398,minor,train,synthetic
QDEF-002557,FAC-001,2025-01-26,LINE-04,ORD-04-003,STY-025,shade_variation,1,350,minor,train,synthetic
QDEF-002558,FAC-001,2025-01-26,LINE-04,ORD-04-003,STY-025,uneven_stitch,2,350,minor,train,synthetic
QDEF-002559,FAC-001,2025-01-26,LINE-04,ORD-04-003,STY-025,oil_mark,3,350,minor,train,synthetic
QDEF-002560,FAC-001,2025-01-26,LINE-04,ORD-04-003,STY-025,measurement_variance,1,350,minor,train,synthetic
QDEF-002561,FAC-001,2025-01-27,LINE-04,ORD-04-003,STY-025,oil_mark,2,207,minor,train,synthetic
QDEF-002562,FAC-001,2025-01-27,LINE-04,ORD-04-003,STY-025,skip_stitch,4,207,major,train,synthetic
QDEF-002563,FAC-001,2025-01-27,LINE-04,ORD-04-003,STY-025,open_seam,1,207,minor,train,synthetic
QDEF-002564,FAC-001,2025-01-27,LINE-04,ORD-04-003,STY-025,uneven_stitch,1,207,minor,train,synthetic
QDEF-002565,FAC-001,2025-01-28,LINE-04,ORD-04-004,STY-011,shade_variation,3,230,minor,train,synthetic
QDEF-002566,FAC-001,2025-01-28,LINE-04,ORD-04-004,STY-011,open_seam,1,230,minor,train,synthetic
QDEF-002567,FAC-001,2025-01-28,LINE-04,ORD-04-004,STY-011,oil_mark,2,230,major,train,synthetic
QDEF-002568,FAC-001,2025-01-28,LINE-04,ORD-04-004,STY-011,uneven_stitch,1,230,minor,train,synthetic
QDEF-002569,FAC-001,2025-01-28,LINE-04,ORD-04-004,STY-011,puckering,1,230,minor,train,synthetic
QDEF-002570,FAC-001,2025-01-29,LINE-04,ORD-04-004,STY-011,oil_mark,2,378,minor,train,synthetic
QDEF-002571,FAC-001,2025-01-29,LINE-04,ORD-04-004,STY-011,uneven_stitch,5,378,minor,train,synthetic
QDEF-002572,FAC-001,2025-01-29,LINE-04,ORD-04-004,STY-011,measurement_variance,3,378,major,train,synthetic
QDEF-002573,FAC-001,2025-01-29,LINE-04,ORD-04-004,STY-011,open_seam,3,378,major,train,synthetic
QDEF-002574,FAC-001,2025-01-29,LINE-04,ORD-04-004,STY-011,shade_variation,2,378,minor,train,synthetic
QDEF-002575,FAC-001,2025-01-29,LINE-04,ORD-04-004,STY-011,puckering,1,378,major,train,synthetic
QDEF-002576,FAC-001,2025-01-30,LINE-04,ORD-04-004,STY-011,skip_stitch,1,369,minor,train,synthetic
QDEF-002577,FAC-001,2025-01-30,LINE-04,ORD-04-004,STY-011,open_seam,2,369,major,train,synthetic
QDEF-002578,FAC-001,2025-01-30,LINE-04,ORD-04-004,STY-011,measurement_variance,4,369,minor,train,synthetic
QDEF-002579,FAC-001,2025-01-30,LINE-04,ORD-04-004,STY-011,uneven_stitch,3,369,minor,train,synthetic
QDEF-002580,FAC-001,2025-01-30,LINE-04,ORD-04-004,STY-011,shade_variation,1,369,minor,train,synthetic
QDEF-002581,FAC-001,2025-01-30,LINE-04,ORD-04-004,STY-011,puckering,2,369,minor,train,synthetic
QDEF-002582,FAC-001,2025-02-01,LINE-04,ORD-04-004,STY-011,open_seam,2,393,major,train,synthetic
QDEF-002583,FAC-001,2025-02-01,LINE-04,ORD-04-004,STY-011,measurement_variance,6,393,minor,train,synthetic
QDEF-002584,FAC-001,2025-02-01,LINE-04,ORD-04-004,STY-011,uneven_stitch,4,393,major,train,synthetic
QDEF-002585,FAC-001,2025-02-01,LINE-04,ORD-04-004,STY-011,shade_variation,3,393,major,train,synthetic
QDEF-002586,FAC-001,2025-02-01,LINE-04,ORD-04-004,STY-011,puckering,1,393,minor,train,synthetic
QDEF-002587,FAC-001,2025-02-01,LINE-04,ORD-04-004,STY-011,skip_stitch,2,393,minor,train,synthetic
QDEF-002588,FAC-001,2025-02-01,LINE-04,ORD-04-004,STY-011,oil_mark,2,393,major,train,synthetic
QDEF-002589,FAC-001,2025-02-02,LINE-04,ORD-04-004,STY-011,open_seam,5,340,minor,train,synthetic
QDEF-002590,FAC-001,2025-02-02,LINE-04,ORD-04-004,STY-011,uneven_stitch,3,340,minor,train,synthetic
QDEF-002591,FAC-001,2025-02-02,LINE-04,ORD-04-004,STY-011,puckering,2,340,minor,train,synthetic
QDEF-002592,FAC-001,2025-02-02,LINE-04,ORD-04-004,STY-011,oil_mark,2,340,critical,train,synthetic
QDEF-002593,FAC-001,2025-02-02,LINE-04,ORD-04-004,STY-011,shade_variation,1,340,minor,train,synthetic
QDEF-002594,FAC-001,2025-02-02,LINE-04,ORD-04-004,STY-011,skip_stitch,1,340,minor,train,synthetic
QDEF-002595,FAC-001,2025-02-03,LINE-04,ORD-04-004,STY-011,measurement_variance,4,425,major,train,synthetic
QDEF-002596,FAC-001,2025-02-03,LINE-04,ORD-04-004,STY-011,skip_stitch,6,425,minor,train,synthetic
QDEF-002597,FAC-001,2025-02-03,LINE-04,ORD-04-004,STY-011,open_seam,3,425,major,train,synthetic
QDEF-002598,FAC-001,2025-02-03,LINE-04,ORD-04-004,STY-011,uneven_stitch,4,425,minor,train,synthetic
QDEF-002599,FAC-001,2025-02-03,LINE-04,ORD-04-004,STY-011,puckering,2,425,minor,train,synthetic
QDEF-002600,FAC-001,2025-02-03,LINE-04,ORD-04-004,STY-011,oil_mark,1,425,minor,train,synthetic
QDEF-002601,FAC-001,2025-02-04,LINE-04,ORD-04-004,STY-011,puckering,3,384,minor,train,synthetic
QDEF-002602,FAC-001,2025-02-04,LINE-04,ORD-04-004,STY-011,open_seam,1,384,minor,train,synthetic
QDEF-002603,FAC-001,2025-02-04,LINE-04,ORD-04-004,STY-011,skip_stitch,2,384,minor,train,synthetic
QDEF-002604,FAC-001,2025-02-04,LINE-04,ORD-04-004,STY-011,uneven_stitch,3,384,major,train,synthetic
QDEF-002605,FAC-001,2025-02-04,LINE-04,ORD-04-004,STY-011,measurement_variance,1,384,minor,train,synthetic
QDEF-002606,FAC-001,2025-02-04,LINE-04,ORD-04-004,STY-011,shade_variation,1,384,minor,train,synthetic
QDEF-002607,FAC-001,2025-02-04,LINE-04,ORD-04-004,STY-011,oil_mark,1,384,minor,train,synthetic
QDEF-002608,FAC-001,2025-02-05,LINE-04,ORD-04-004,STY-011,uneven_stitch,1,127,minor,train,synthetic
QDEF-002609,FAC-001,2025-02-05,LINE-04,ORD-04-004,STY-011,measurement_variance,1,127,minor,train,synthetic
QDEF-002610,FAC-001,2025-02-05,LINE-04,ORD-04-004,STY-011,skip_stitch,1,127,minor,train,synthetic
QDEF-002611,FAC-001,2025-02-05,LINE-04,ORD-04-004,STY-011,shade_variation,1,127,minor,train,synthetic
QDEF-002612,FAC-001,2025-02-06,LINE-04,ORD-04-004,STY-011,open_seam,1,103,minor,train,synthetic
QDEF-002613,FAC-001,2025-02-06,LINE-04,ORD-04-004,STY-011,measurement_variance,3,103,major,train,synthetic
QDEF-002614,FAC-001,2025-02-06,LINE-04,ORD-04-004,STY-011,skip_stitch,1,103,minor,train,synthetic
QDEF-002615,FAC-001,2025-02-06,LINE-04,ORD-04-004,STY-011,uneven_stitch,1,103,minor,train,synthetic
QDEF-002616,FAC-001,2025-02-06,LINE-04,ORD-04-004,STY-011,oil_mark,1,103,major,train,synthetic
QDEF-002617,FAC-001,2025-02-08,LINE-04,ORD-04-005,STY-009,open_seam,1,267,minor,train,synthetic
QDEF-002618,FAC-001,2025-02-08,LINE-04,ORD-04-005,STY-009,measurement_variance,2,267,critical,train,synthetic
QDEF-002619,FAC-001,2025-02-08,LINE-04,ORD-04-005,STY-009,oil_mark,1,267,minor,train,synthetic
QDEF-002620,FAC-001,2025-02-08,LINE-04,ORD-04-005,STY-009,puckering,2,267,minor,train,synthetic
QDEF-002621,FAC-001,2025-02-08,LINE-04,ORD-04-005,STY-009,shade_variation,3,267,minor,train,synthetic
QDEF-002622,FAC-001,2025-02-08,LINE-04,ORD-04-005,STY-009,uneven_stitch,2,267,minor,train,synthetic
QDEF-002623,FAC-001,2025-02-09,LINE-04,ORD-04-005,STY-009,uneven_stitch,2,319,major,train,synthetic
QDEF-002624,FAC-001,2025-02-09,LINE-04,ORD-04-005,STY-009,open_seam,5,319,minor,train,synthetic
QDEF-002625,FAC-001,2025-02-09,LINE-04,ORD-04-005,STY-009,measurement_variance,1,319,minor,train,synthetic
QDEF-002626,FAC-001,2025-02-09,LINE-04,ORD-04-005,STY-009,oil_mark,2,319,major,train,synthetic
QDEF-002627,FAC-001,2025-02-09,LINE-04,ORD-04-005,STY-009,shade_variation,2,319,minor,train,synthetic
QDEF-002628,FAC-001,2025-02-09,LINE-04,ORD-04-005,STY-009,puckering,2,319,minor,train,synthetic
QDEF-002629,FAC-001,2025-02-10,LINE-04,ORD-04-005,STY-009,open_seam,1,353,minor,train,synthetic
QDEF-002630,FAC-001,2025-02-10,LINE-04,ORD-04-005,STY-009,uneven_stitch,2,353,minor,train,synthetic
QDEF-002631,FAC-001,2025-02-10,LINE-04,ORD-04-005,STY-009,oil_mark,3,353,major,train,synthetic
QDEF-002632,FAC-001,2025-02-10,LINE-04,ORD-04-005,STY-009,skip_stitch,1,353,minor,train,synthetic
QDEF-002633,FAC-001,2025-02-10,LINE-04,ORD-04-005,STY-009,puckering,1,353,minor,train,synthetic
QDEF-002634,FAC-001,2025-02-10,LINE-04,ORD-04-005,STY-009,shade_variation,1,353,major,train,synthetic
QDEF-002635,FAC-001,2025-02-11,LINE-04,ORD-04-005,STY-009,measurement_variance,3,366,minor,train,synthetic
QDEF-002636,FAC-001,2025-02-11,LINE-04,ORD-04-005,STY-009,puckering,1,366,minor,train,synthetic
QDEF-002637,FAC-001,2025-02-11,LINE-04,ORD-04-005,STY-009,oil_mark,3,366,minor,train,synthetic
QDEF-002638,FAC-001,2025-02-11,LINE-04,ORD-04-005,STY-009,open_seam,3,366,critical,train,synthetic
QDEF-002639,FAC-001,2025-02-11,LINE-04,ORD-04-005,STY-009,shade_variation,4,366,minor,train,synthetic
QDEF-002640,FAC-001,2025-02-12,LINE-04,ORD-04-005,STY-009,skip_stitch,2,329,major,train,synthetic
QDEF-002641,FAC-001,2025-02-12,LINE-04,ORD-04-005,STY-009,measurement_variance,3,329,minor,train,synthetic
QDEF-002642,FAC-001,2025-02-12,LINE-04,ORD-04-005,STY-009,shade_variation,3,329,critical,train,synthetic
QDEF-002643,FAC-001,2025-02-12,LINE-04,ORD-04-005,STY-009,open_seam,2,329,minor,train,synthetic
QDEF-002644,FAC-001,2025-02-12,LINE-04,ORD-04-005,STY-009,puckering,1,329,minor,train,synthetic
QDEF-002645,FAC-001,2025-02-12,LINE-04,ORD-04-005,STY-009,oil_mark,1,329,minor,train,synthetic
QDEF-002646,FAC-001,2025-02-13,LINE-04,ORD-04-005,STY-009,shade_variation,2,314,minor,train,synthetic
QDEF-002647,FAC-001,2025-02-13,LINE-04,ORD-04-005,STY-009,oil_mark,3,314,minor,train,synthetic
QDEF-002648,FAC-001,2025-02-13,LINE-04,ORD-04-005,STY-009,puckering,1,314,major,train,synthetic
QDEF-002649,FAC-001,2025-02-13,LINE-04,ORD-04-005,STY-009,skip_stitch,3,314,major,train,synthetic
QDEF-002650,FAC-001,2025-02-13,LINE-04,ORD-04-005,STY-009,open_seam,4,314,major,train,synthetic
QDEF-002651,FAC-001,2025-02-13,LINE-04,ORD-04-005,STY-009,uneven_stitch,1,314,minor,train,synthetic
QDEF-002652,FAC-001,2025-02-13,LINE-04,ORD-04-005,STY-009,measurement_variance,1,314,minor,train,synthetic
QDEF-002653,FAC-001,2025-02-15,LINE-04,ORD-04-005,STY-009,open_seam,1,320,critical,train,synthetic
QDEF-002654,FAC-001,2025-02-15,LINE-04,ORD-04-005,STY-009,shade_variation,3,320,minor,train,synthetic
QDEF-002655,FAC-001,2025-02-15,LINE-04,ORD-04-005,STY-009,skip_stitch,3,320,minor,train,synthetic
QDEF-002656,FAC-001,2025-02-15,LINE-04,ORD-04-005,STY-009,oil_mark,2,320,minor,train,synthetic
QDEF-002657,FAC-001,2025-02-15,LINE-04,ORD-04-005,STY-009,uneven_stitch,1,320,minor,train,synthetic
QDEF-002658,FAC-001,2025-02-15,LINE-04,ORD-04-005,STY-009,measurement_variance,1,320,major,train,synthetic
QDEF-002659,FAC-001,2025-02-16,LINE-04,ORD-04-005,STY-009,measurement_variance,4,387,minor,train,synthetic
QDEF-002660,FAC-001,2025-02-16,LINE-04,ORD-04-005,STY-009,shade_variation,3,387,major,train,synthetic
QDEF-002661,FAC-001,2025-02-16,LINE-04,ORD-04-005,STY-009,open_seam,1,387,major,train,synthetic
QDEF-002662,FAC-001,2025-02-16,LINE-04,ORD-04-005,STY-009,puckering,2,387,minor,train,synthetic
QDEF-002663,FAC-001,2025-02-16,LINE-04,ORD-04-005,STY-009,skip_stitch,1,387,major,train,synthetic
QDEF-002664,FAC-001,2025-02-16,LINE-04,ORD-04-005,STY-009,uneven_stitch,1,387,major,train,synthetic
QDEF-002665,FAC-001,2025-02-16,LINE-04,ORD-04-005,STY-009,oil_mark,1,387,minor,train,synthetic
QDEF-002666,FAC-001,2025-02-17,LINE-04,ORD-04-005,STY-009,skip_stitch,5,383,minor,train,synthetic
QDEF-002667,FAC-001,2025-02-17,LINE-04,ORD-04-005,STY-009,puckering,4,383,major,train,synthetic
QDEF-002668,FAC-001,2025-02-17,LINE-04,ORD-04-005,STY-009,shade_variation,2,383,major,train,synthetic
QDEF-002669,FAC-001,2025-02-17,LINE-04,ORD-04-005,STY-009,uneven_stitch,3,383,major,train,synthetic
QDEF-002670,FAC-001,2025-02-17,LINE-04,ORD-04-005,STY-009,open_seam,2,383,minor,train,synthetic
QDEF-002671,FAC-001,2025-02-17,LINE-04,ORD-04-005,STY-009,measurement_variance,1,383,minor,train,synthetic
QDEF-002672,FAC-001,2025-02-18,LINE-04,ORD-04-005,STY-009,uneven_stitch,1,28,minor,train,synthetic
QDEF-002673,FAC-001,2025-02-18,LINE-04,ORD-04-005,STY-009,puckering,1,28,major,train,synthetic
QDEF-002674,FAC-001,2025-02-19,LINE-04,ORD-04-005,STY-009,open_seam,1,1,minor,train,synthetic
QDEF-002675,FAC-001,2025-02-20,LINE-04,ORD-04-006,STY-028,skip_stitch,2,198,minor,train,synthetic
QDEF-002676,FAC-001,2025-02-20,LINE-04,ORD-04-006,STY-028,open_seam,2,198,major,train,synthetic
QDEF-002677,FAC-001,2025-02-20,LINE-04,ORD-04-006,STY-028,shade_variation,1,198,major,train,synthetic
QDEF-002678,FAC-001,2025-02-20,LINE-04,ORD-04-006,STY-028,oil_mark,1,198,minor,train,synthetic
QDEF-002679,FAC-001,2025-02-22,LINE-04,ORD-04-006,STY-028,open_seam,2,290,major,train,synthetic
QDEF-002680,FAC-001,2025-02-22,LINE-04,ORD-04-006,STY-028,uneven_stitch,2,290,minor,train,synthetic
QDEF-002681,FAC-001,2025-02-22,LINE-04,ORD-04-006,STY-028,puckering,1,290,minor,train,synthetic
QDEF-002682,FAC-001,2025-02-22,LINE-04,ORD-04-006,STY-028,measurement_variance,1,290,major,train,synthetic
QDEF-002683,FAC-001,2025-02-22,LINE-04,ORD-04-006,STY-028,skip_stitch,1,290,minor,train,synthetic
QDEF-002684,FAC-001,2025-02-22,LINE-04,ORD-04-006,STY-028,shade_variation,1,290,minor,train,synthetic
QDEF-002685,FAC-001,2025-02-23,LINE-04,ORD-04-006,STY-028,skip_stitch,1,315,minor,train,synthetic
QDEF-002686,FAC-001,2025-02-23,LINE-04,ORD-04-006,STY-028,uneven_stitch,2,315,minor,train,synthetic
QDEF-002687,FAC-001,2025-02-23,LINE-04,ORD-04-006,STY-028,measurement_variance,1,315,minor,train,synthetic
QDEF-002688,FAC-001,2025-02-23,LINE-04,ORD-04-006,STY-028,oil_mark,2,315,major,train,synthetic
QDEF-002689,FAC-001,2025-02-23,LINE-04,ORD-04-006,STY-028,shade_variation,1,315,minor,train,synthetic
QDEF-002690,FAC-001,2025-02-23,LINE-04,ORD-04-006,STY-028,puckering,5,315,minor,train,synthetic
QDEF-002691,FAC-001,2025-02-24,LINE-04,ORD-04-006,STY-028,open_seam,1,308,minor,train,synthetic
QDEF-002692,FAC-001,2025-02-24,LINE-04,ORD-04-006,STY-028,puckering,2,308,major,train,synthetic
QDEF-002693,FAC-001,2025-02-24,LINE-04,ORD-04-006,STY-028,uneven_stitch,3,308,minor,train,synthetic
QDEF-002694,FAC-001,2025-02-24,LINE-04,ORD-04-006,STY-028,skip_stitch,1,308,major,train,synthetic
QDEF-002695,FAC-001,2025-02-24,LINE-04,ORD-04-006,STY-028,measurement_variance,2,308,major,train,synthetic
QDEF-002696,FAC-001,2025-02-24,LINE-04,ORD-04-006,STY-028,oil_mark,3,308,major,train,synthetic
QDEF-002697,FAC-001,2025-02-24,LINE-04,ORD-04-006,STY-028,shade_variation,1,308,minor,train,synthetic
QDEF-002698,FAC-001,2025-02-25,LINE-04,ORD-04-006,STY-028,open_seam,2,306,minor,train,synthetic
QDEF-002699,FAC-001,2025-02-25,LINE-04,ORD-04-006,STY-028,skip_stitch,2,306,minor,train,synthetic
QDEF-002700,FAC-001,2025-02-25,LINE-04,ORD-04-006,STY-028,uneven_stitch,2,306,minor,train,synthetic
QDEF-002701,FAC-001,2025-02-25,LINE-04,ORD-04-006,STY-028,puckering,2,306,minor,train,synthetic
QDEF-002702,FAC-001,2025-02-25,LINE-04,ORD-04-006,STY-028,shade_variation,4,306,minor,train,synthetic
QDEF-002703,FAC-001,2025-02-25,LINE-04,ORD-04-006,STY-028,oil_mark,1,306,minor,train,synthetic
QDEF-002704,FAC-001,2025-02-25,LINE-04,ORD-04-006,STY-028,measurement_variance,1,306,minor,train,synthetic
QDEF-002705,FAC-001,2025-02-26,LINE-04,ORD-04-006,STY-028,skip_stitch,3,336,minor,train,synthetic
QDEF-002706,FAC-001,2025-02-26,LINE-04,ORD-04-006,STY-028,open_seam,5,336,minor,train,synthetic
QDEF-002707,FAC-001,2025-02-26,LINE-04,ORD-04-006,STY-028,shade_variation,4,336,major,train,synthetic
QDEF-002708,FAC-001,2025-02-26,LINE-04,ORD-04-006,STY-028,uneven_stitch,4,336,major,train,synthetic
QDEF-002709,FAC-001,2025-02-26,LINE-04,ORD-04-006,STY-028,measurement_variance,3,336,minor,train,synthetic
QDEF-002710,FAC-001,2025-02-26,LINE-04,ORD-04-006,STY-028,oil_mark,5,336,minor,train,synthetic
QDEF-002711,FAC-001,2025-02-27,LINE-04,ORD-04-006,STY-028,shade_variation,2,306,minor,train,synthetic
QDEF-002712,FAC-001,2025-02-27,LINE-04,ORD-04-006,STY-028,puckering,5,306,major,train,synthetic
QDEF-002713,FAC-001,2025-02-27,LINE-04,ORD-04-006,STY-028,oil_mark,3,306,minor,train,synthetic
QDEF-002714,FAC-001,2025-02-27,LINE-04,ORD-04-006,STY-028,open_seam,4,306,minor,train,synthetic
QDEF-002715,FAC-001,2025-02-27,LINE-04,ORD-04-006,STY-028,measurement_variance,1,306,minor,train,synthetic
QDEF-002716,FAC-001,2025-02-27,LINE-04,ORD-04-006,STY-028,uneven_stitch,2,306,minor,train,synthetic
QDEF-002717,FAC-001,2025-03-01,LINE-04,ORD-04-006,STY-028,open_seam,4,299,minor,train,synthetic
QDEF-002718,FAC-001,2025-03-01,LINE-04,ORD-04-006,STY-028,shade_variation,1,299,major,train,synthetic
QDEF-002719,FAC-001,2025-03-01,LINE-04,ORD-04-006,STY-028,puckering,1,299,minor,train,synthetic
QDEF-002720,FAC-001,2025-03-01,LINE-04,ORD-04-006,STY-028,uneven_stitch,2,299,minor,train,synthetic
QDEF-002721,FAC-001,2025-03-01,LINE-04,ORD-04-006,STY-028,measurement_variance,3,299,minor,train,synthetic
QDEF-002722,FAC-001,2025-03-01,LINE-04,ORD-04-006,STY-028,oil_mark,3,299,minor,train,synthetic
QDEF-002723,FAC-001,2025-03-01,LINE-04,ORD-04-006,STY-028,skip_stitch,1,299,major,train,synthetic
QDEF-002724,FAC-001,2025-03-02,LINE-04,ORD-04-006,STY-028,open_seam,1,223,minor,train,synthetic
QDEF-002725,FAC-001,2025-03-02,LINE-04,ORD-04-006,STY-028,measurement_variance,3,223,critical,train,synthetic
QDEF-002726,FAC-001,2025-03-02,LINE-04,ORD-04-006,STY-028,uneven_stitch,2,223,minor,train,synthetic
QDEF-002727,FAC-001,2025-03-02,LINE-04,ORD-04-006,STY-028,oil_mark,4,223,major,train,synthetic
QDEF-002728,FAC-001,2025-03-02,LINE-04,ORD-04-006,STY-028,skip_stitch,2,223,minor,train,synthetic
QDEF-002729,FAC-001,2025-03-02,LINE-04,ORD-04-006,STY-028,shade_variation,2,223,major,train,synthetic
QDEF-002730,FAC-001,2025-03-02,LINE-04,ORD-04-006,STY-028,puckering,3,223,minor,train,synthetic
QDEF-002731,FAC-001,2025-03-03,LINE-04,ORD-04-007,STY-015,measurement_variance,2,352,minor,train,synthetic
QDEF-002732,FAC-001,2025-03-03,LINE-04,ORD-04-007,STY-015,skip_stitch,3,352,major,train,synthetic
QDEF-002733,FAC-001,2025-03-03,LINE-04,ORD-04-007,STY-015,shade_variation,2,352,minor,train,synthetic
QDEF-002734,FAC-001,2025-03-03,LINE-04,ORD-04-007,STY-015,uneven_stitch,1,352,minor,train,synthetic
QDEF-002735,FAC-001,2025-03-03,LINE-04,ORD-04-007,STY-015,puckering,1,352,minor,train,synthetic
QDEF-002736,FAC-001,2025-03-04,LINE-04,ORD-04-007,STY-015,skip_stitch,4,412,major,train,synthetic
QDEF-002737,FAC-001,2025-03-04,LINE-04,ORD-04-007,STY-015,open_seam,2,412,minor,train,synthetic
QDEF-002738,FAC-001,2025-03-04,LINE-04,ORD-04-007,STY-015,measurement_variance,3,412,minor,train,synthetic
QDEF-002739,FAC-001,2025-03-04,LINE-04,ORD-04-007,STY-015,puckering,1,412,minor,train,synthetic
QDEF-002740,FAC-001,2025-03-04,LINE-04,ORD-04-007,STY-015,oil_mark,1,412,minor,train,synthetic
QDEF-002741,FAC-001,2025-03-04,LINE-04,ORD-04-007,STY-015,uneven_stitch,1,412,major,train,synthetic
QDEF-002742,FAC-001,2025-03-05,LINE-04,ORD-04-007,STY-015,skip_stitch,4,558,minor,train,synthetic
QDEF-002743,FAC-001,2025-03-05,LINE-04,ORD-04-007,STY-015,open_seam,3,558,minor,train,synthetic
QDEF-002744,FAC-001,2025-03-05,LINE-04,ORD-04-007,STY-015,oil_mark,4,558,minor,train,synthetic
QDEF-002745,FAC-001,2025-03-05,LINE-04,ORD-04-007,STY-015,shade_variation,3,558,critical,train,synthetic
QDEF-002746,FAC-001,2025-03-05,LINE-04,ORD-04-007,STY-015,puckering,5,558,major,train,synthetic
QDEF-002747,FAC-001,2025-03-05,LINE-04,ORD-04-007,STY-015,uneven_stitch,3,558,minor,train,synthetic
QDEF-002748,FAC-001,2025-03-05,LINE-04,ORD-04-007,STY-015,measurement_variance,3,558,minor,train,synthetic
QDEF-002749,FAC-001,2025-03-06,LINE-04,ORD-04-007,STY-015,puckering,5,567,minor,train,synthetic
QDEF-002750,FAC-001,2025-03-06,LINE-04,ORD-04-007,STY-015,skip_stitch,2,567,minor,train,synthetic
QDEF-002751,FAC-001,2025-03-06,LINE-04,ORD-04-007,STY-015,measurement_variance,3,567,minor,train,synthetic
QDEF-002752,FAC-001,2025-03-06,LINE-04,ORD-04-007,STY-015,open_seam,3,567,minor,train,synthetic
QDEF-002753,FAC-001,2025-03-06,LINE-04,ORD-04-007,STY-015,shade_variation,5,567,critical,train,synthetic
QDEF-002754,FAC-001,2025-03-06,LINE-04,ORD-04-007,STY-015,oil_mark,3,567,major,train,synthetic
QDEF-002755,FAC-001,2025-03-06,LINE-04,ORD-04-007,STY-015,uneven_stitch,2,567,major,train,synthetic
QDEF-002756,FAC-001,2025-03-08,LINE-04,ORD-04-007,STY-015,measurement_variance,2,347,major,train,synthetic
QDEF-002757,FAC-001,2025-03-08,LINE-04,ORD-04-007,STY-015,oil_mark,3,347,minor,train,synthetic
QDEF-002758,FAC-001,2025-03-08,LINE-04,ORD-04-007,STY-015,open_seam,2,347,minor,train,synthetic
QDEF-002759,FAC-001,2025-03-08,LINE-04,ORD-04-007,STY-015,shade_variation,1,347,critical,train,synthetic
QDEF-002760,FAC-001,2025-03-08,LINE-04,ORD-04-007,STY-015,puckering,2,347,minor,train,synthetic
QDEF-002761,FAC-001,2025-03-08,LINE-04,ORD-04-007,STY-015,skip_stitch,1,347,minor,train,synthetic
QDEF-002762,FAC-001,2025-03-10,LINE-04,ORD-04-008,STY-011,skip_stitch,2,241,minor,train,synthetic
QDEF-002763,FAC-001,2025-03-10,LINE-04,ORD-04-008,STY-011,uneven_stitch,2,241,major,train,synthetic
QDEF-002764,FAC-001,2025-03-10,LINE-04,ORD-04-008,STY-011,open_seam,3,241,major,train,synthetic
QDEF-002765,FAC-001,2025-03-10,LINE-04,ORD-04-008,STY-011,shade_variation,2,241,minor,train,synthetic
QDEF-002766,FAC-001,2025-03-10,LINE-04,ORD-04-008,STY-011,puckering,1,241,major,train,synthetic
QDEF-002767,FAC-001,2025-03-10,LINE-04,ORD-04-008,STY-011,measurement_variance,1,241,minor,train,synthetic
QDEF-002768,FAC-001,2025-03-11,LINE-04,ORD-04-008,STY-011,oil_mark,1,375,minor,train,synthetic
QDEF-002769,FAC-001,2025-03-11,LINE-04,ORD-04-008,STY-011,shade_variation,1,375,minor,train,synthetic
QDEF-002770,FAC-001,2025-03-11,LINE-04,ORD-04-008,STY-011,uneven_stitch,3,375,major,train,synthetic
QDEF-002771,FAC-001,2025-03-11,LINE-04,ORD-04-008,STY-011,measurement_variance,3,375,minor,train,synthetic
QDEF-002772,FAC-001,2025-03-11,LINE-04,ORD-04-008,STY-011,open_seam,1,375,minor,train,synthetic
QDEF-002773,FAC-001,2025-03-12,LINE-04,ORD-04-008,STY-011,measurement_variance,3,391,critical,train,synthetic
QDEF-002774,FAC-001,2025-03-12,LINE-04,ORD-04-008,STY-011,oil_mark,1,391,major,train,synthetic
QDEF-002775,FAC-001,2025-03-12,LINE-04,ORD-04-008,STY-011,skip_stitch,1,391,minor,train,synthetic
QDEF-002776,FAC-001,2025-03-12,LINE-04,ORD-04-008,STY-011,puckering,2,391,critical,train,synthetic
QDEF-002777,FAC-001,2025-03-12,LINE-04,ORD-04-008,STY-011,uneven_stitch,2,391,minor,train,synthetic
QDEF-002778,FAC-001,2025-03-12,LINE-04,ORD-04-008,STY-011,open_seam,1,391,major,train,synthetic
QDEF-002779,FAC-001,2025-03-13,LINE-04,ORD-04-008,STY-011,open_seam,2,438,minor,train,synthetic
QDEF-002780,FAC-001,2025-03-13,LINE-04,ORD-04-008,STY-011,shade_variation,2,438,minor,train,synthetic
QDEF-002781,FAC-001,2025-03-13,LINE-04,ORD-04-008,STY-011,puckering,1,438,critical,train,synthetic
QDEF-002782,FAC-001,2025-03-13,LINE-04,ORD-04-008,STY-011,skip_stitch,3,438,major,train,synthetic
QDEF-002783,FAC-001,2025-03-13,LINE-04,ORD-04-008,STY-011,measurement_variance,3,438,minor,train,synthetic
QDEF-002784,FAC-001,2025-03-13,LINE-04,ORD-04-008,STY-011,oil_mark,5,438,minor,train,synthetic
QDEF-002785,FAC-001,2025-03-13,LINE-04,ORD-04-008,STY-011,uneven_stitch,2,438,major,train,synthetic
QDEF-002786,FAC-001,2025-03-15,LINE-04,ORD-04-008,STY-011,skip_stitch,2,351,minor,train,synthetic
QDEF-002787,FAC-001,2025-03-15,LINE-04,ORD-04-008,STY-011,open_seam,3,351,minor,train,synthetic
QDEF-002788,FAC-001,2025-03-15,LINE-04,ORD-04-008,STY-011,puckering,1,351,minor,train,synthetic
QDEF-002789,FAC-001,2025-03-15,LINE-04,ORD-04-008,STY-011,oil_mark,2,351,minor,train,synthetic
QDEF-002790,FAC-001,2025-03-15,LINE-04,ORD-04-008,STY-011,shade_variation,2,351,minor,train,synthetic
QDEF-002791,FAC-001,2025-03-15,LINE-04,ORD-04-008,STY-011,measurement_variance,3,351,minor,train,synthetic
QDEF-002792,FAC-001,2025-03-15,LINE-04,ORD-04-008,STY-011,uneven_stitch,4,351,minor,train,synthetic
QDEF-002793,FAC-001,2025-03-16,LINE-04,ORD-04-008,STY-011,uneven_stitch,1,391,major,train,synthetic
QDEF-002794,FAC-001,2025-03-16,LINE-04,ORD-04-008,STY-011,oil_mark,2,391,minor,train,synthetic
QDEF-002795,FAC-001,2025-03-16,LINE-04,ORD-04-008,STY-011,measurement_variance,2,391,minor,train,synthetic
QDEF-002796,FAC-001,2025-03-16,LINE-04,ORD-04-008,STY-011,shade_variation,1,391,minor,train,synthetic
QDEF-002797,FAC-001,2025-03-16,LINE-04,ORD-04-008,STY-011,skip_stitch,3,391,minor,train,synthetic
QDEF-002798,FAC-001,2025-03-16,LINE-04,ORD-04-008,STY-011,open_seam,2,391,minor,train,synthetic
QDEF-002799,FAC-001,2025-03-16,LINE-04,ORD-04-008,STY-011,puckering,2,391,minor,train,synthetic
QDEF-002800,FAC-001,2025-03-17,LINE-04,ORD-04-008,STY-011,puckering,4,246,major,train,synthetic
QDEF-002801,FAC-001,2025-03-17,LINE-04,ORD-04-008,STY-011,skip_stitch,1,246,minor,train,synthetic
QDEF-002802,FAC-001,2025-03-17,LINE-04,ORD-04-008,STY-011,measurement_variance,1,246,major,train,synthetic
QDEF-002803,FAC-001,2025-03-17,LINE-04,ORD-04-008,STY-011,oil_mark,1,246,minor,train,synthetic
QDEF-002804,FAC-001,2025-03-17,LINE-04,ORD-04-008,STY-011,open_seam,2,246,minor,train,synthetic
QDEF-002805,FAC-001,2025-03-17,LINE-04,ORD-04-008,STY-011,uneven_stitch,1,246,minor,train,synthetic
QDEF-002806,FAC-001,2025-03-19,LINE-04,ORD-04-009,STY-012,skip_stitch,1,225,minor,train,synthetic
QDEF-002807,FAC-001,2025-03-19,LINE-04,ORD-04-009,STY-012,open_seam,1,225,minor,train,synthetic
QDEF-002808,FAC-001,2025-03-19,LINE-04,ORD-04-009,STY-012,oil_mark,1,225,major,train,synthetic
QDEF-002809,FAC-001,2025-03-19,LINE-04,ORD-04-009,STY-012,shade_variation,1,225,minor,train,synthetic
QDEF-002810,FAC-001,2025-03-20,LINE-04,ORD-04-009,STY-012,skip_stitch,2,284,major,train,synthetic
QDEF-002811,FAC-001,2025-03-20,LINE-04,ORD-04-009,STY-012,open_seam,3,284,major,train,synthetic
QDEF-002812,FAC-001,2025-03-20,LINE-04,ORD-04-009,STY-012,shade_variation,1,284,minor,train,synthetic
QDEF-002813,FAC-001,2025-03-20,LINE-04,ORD-04-009,STY-012,puckering,3,284,major,train,synthetic
QDEF-002814,FAC-001,2025-03-20,LINE-04,ORD-04-009,STY-012,oil_mark,2,284,major,train,synthetic
QDEF-002815,FAC-001,2025-03-20,LINE-04,ORD-04-009,STY-012,uneven_stitch,2,284,minor,train,synthetic
QDEF-002816,FAC-001,2025-03-22,LINE-04,ORD-04-009,STY-012,measurement_variance,2,324,minor,train,synthetic
QDEF-002817,FAC-001,2025-03-22,LINE-04,ORD-04-009,STY-012,shade_variation,4,324,major,train,synthetic
QDEF-002818,FAC-001,2025-03-22,LINE-04,ORD-04-009,STY-012,skip_stitch,1,324,major,train,synthetic
QDEF-002819,FAC-001,2025-03-22,LINE-04,ORD-04-009,STY-012,puckering,2,324,minor,train,synthetic
QDEF-002820,FAC-001,2025-03-22,LINE-04,ORD-04-009,STY-012,uneven_stitch,1,324,minor,train,synthetic
QDEF-002821,FAC-001,2025-03-23,LINE-04,ORD-04-009,STY-012,skip_stitch,7,352,major,train,synthetic
QDEF-002822,FAC-001,2025-03-23,LINE-04,ORD-04-009,STY-012,uneven_stitch,2,352,minor,train,synthetic
QDEF-002823,FAC-001,2025-03-23,LINE-04,ORD-04-009,STY-012,measurement_variance,2,352,minor,train,synthetic
QDEF-002824,FAC-001,2025-03-23,LINE-04,ORD-04-009,STY-012,shade_variation,2,352,minor,train,synthetic
QDEF-002825,FAC-001,2025-03-23,LINE-04,ORD-04-009,STY-012,puckering,1,352,minor,train,synthetic
QDEF-002826,FAC-001,2025-03-24,LINE-04,ORD-04-009,STY-012,oil_mark,1,102,major,train,synthetic
QDEF-002827,FAC-001,2025-03-24,LINE-04,ORD-04-009,STY-012,shade_variation,3,102,major,train,synthetic
QDEF-002828,FAC-001,2025-03-24,LINE-04,ORD-04-009,STY-012,puckering,1,102,minor,train,synthetic
QDEF-002829,FAC-001,2025-03-24,LINE-04,ORD-04-009,STY-012,open_seam,2,102,minor,train,synthetic
QDEF-002830,FAC-001,2025-03-24,LINE-04,ORD-04-009,STY-012,skip_stitch,1,102,major,train,synthetic
QDEF-002831,FAC-001,2025-03-26,LINE-04,ORD-04-010,STY-028,oil_mark,3,206,minor,train,synthetic
QDEF-002832,FAC-001,2025-03-26,LINE-04,ORD-04-010,STY-028,puckering,4,206,minor,train,synthetic
QDEF-002833,FAC-001,2025-03-26,LINE-04,ORD-04-010,STY-028,skip_stitch,3,206,minor,train,synthetic
QDEF-002834,FAC-001,2025-03-26,LINE-04,ORD-04-010,STY-028,open_seam,1,206,minor,train,synthetic
QDEF-002835,FAC-001,2025-03-26,LINE-04,ORD-04-010,STY-028,measurement_variance,2,206,minor,train,synthetic
QDEF-002836,FAC-001,2025-03-26,LINE-04,ORD-04-010,STY-028,shade_variation,3,206,minor,train,synthetic
QDEF-002837,FAC-001,2025-03-27,LINE-04,ORD-04-010,STY-028,skip_stitch,8,283,minor,train,synthetic
QDEF-002838,FAC-001,2025-03-27,LINE-04,ORD-04-010,STY-028,oil_mark,4,283,minor,train,synthetic
QDEF-002839,FAC-001,2025-03-27,LINE-04,ORD-04-010,STY-028,uneven_stitch,2,283,critical,train,synthetic
QDEF-002840,FAC-001,2025-03-27,LINE-04,ORD-04-010,STY-028,shade_variation,2,283,major,train,synthetic
QDEF-002841,FAC-001,2025-03-27,LINE-04,ORD-04-010,STY-028,puckering,1,283,minor,train,synthetic
QDEF-002842,FAC-001,2025-03-27,LINE-04,ORD-04-010,STY-028,measurement_variance,1,283,major,train,synthetic
QDEF-002843,FAC-001,2025-03-27,LINE-04,ORD-04-010,STY-028,open_seam,1,283,minor,train,synthetic
QDEF-002844,FAC-001,2025-03-29,LINE-04,ORD-04-010,STY-028,puckering,4,295,major,train,synthetic
QDEF-002845,FAC-001,2025-03-29,LINE-04,ORD-04-010,STY-028,uneven_stitch,4,295,minor,train,synthetic
QDEF-002846,FAC-001,2025-03-29,LINE-04,ORD-04-010,STY-028,oil_mark,3,295,minor,train,synthetic
QDEF-002847,FAC-001,2025-03-29,LINE-04,ORD-04-010,STY-028,shade_variation,3,295,minor,train,synthetic
QDEF-002848,FAC-001,2025-03-29,LINE-04,ORD-04-010,STY-028,skip_stitch,1,295,major,train,synthetic
QDEF-002849,FAC-001,2025-03-29,LINE-04,ORD-04-010,STY-028,measurement_variance,1,295,minor,train,synthetic
QDEF-002850,FAC-001,2025-03-29,LINE-04,ORD-04-010,STY-028,open_seam,2,295,minor,train,synthetic
QDEF-002851,FAC-001,2025-03-30,LINE-04,ORD-04-010,STY-028,skip_stitch,2,296,major,train,synthetic
QDEF-002852,FAC-001,2025-03-30,LINE-04,ORD-04-010,STY-028,shade_variation,4,296,minor,train,synthetic
QDEF-002853,FAC-001,2025-03-30,LINE-04,ORD-04-010,STY-028,puckering,2,296,major,train,synthetic
QDEF-002854,FAC-001,2025-03-30,LINE-04,ORD-04-010,STY-028,open_seam,3,296,major,train,synthetic
QDEF-002855,FAC-001,2025-03-30,LINE-04,ORD-04-010,STY-028,uneven_stitch,2,296,major,train,synthetic
QDEF-002856,FAC-001,2025-03-30,LINE-04,ORD-04-010,STY-028,measurement_variance,5,296,minor,train,synthetic
QDEF-002857,FAC-001,2025-03-30,LINE-04,ORD-04-010,STY-028,oil_mark,1,296,minor,train,synthetic
QDEF-002858,FAC-001,2025-03-31,LINE-04,ORD-04-010,STY-028,open_seam,4,359,minor,train,synthetic
QDEF-002859,FAC-001,2025-03-31,LINE-04,ORD-04-010,STY-028,oil_mark,7,359,minor,train,synthetic
QDEF-002860,FAC-001,2025-03-31,LINE-04,ORD-04-010,STY-028,uneven_stitch,4,359,minor,train,synthetic
QDEF-002861,FAC-001,2025-03-31,LINE-04,ORD-04-010,STY-028,puckering,2,359,minor,train,synthetic
QDEF-002862,FAC-001,2025-03-31,LINE-04,ORD-04-010,STY-028,measurement_variance,5,359,critical,train,synthetic
QDEF-002863,FAC-001,2025-03-31,LINE-04,ORD-04-010,STY-028,shade_variation,2,359,minor,train,synthetic
QDEF-002864,FAC-001,2025-03-31,LINE-04,ORD-04-010,STY-028,skip_stitch,1,359,minor,train,synthetic
QDEF-002865,FAC-001,2025-04-01,LINE-04,ORD-04-010,STY-028,uneven_stitch,2,293,minor,train,synthetic
QDEF-002866,FAC-001,2025-04-01,LINE-04,ORD-04-010,STY-028,measurement_variance,1,293,major,train,synthetic
QDEF-002867,FAC-001,2025-04-01,LINE-04,ORD-04-010,STY-028,shade_variation,3,293,major,train,synthetic
QDEF-002868,FAC-001,2025-04-01,LINE-04,ORD-04-010,STY-028,skip_stitch,2,293,major,train,synthetic
QDEF-002869,FAC-001,2025-04-01,LINE-04,ORD-04-010,STY-028,oil_mark,1,293,major,train,synthetic
QDEF-002870,FAC-001,2025-04-01,LINE-04,ORD-04-010,STY-028,puckering,3,293,major,train,synthetic
QDEF-002871,FAC-001,2025-04-01,LINE-04,ORD-04-010,STY-028,open_seam,2,293,minor,train,synthetic
QDEF-002872,FAC-001,2025-04-02,LINE-04,ORD-04-010,STY-028,uneven_stitch,1,143,minor,train,synthetic
QDEF-002873,FAC-001,2025-04-02,LINE-04,ORD-04-010,STY-028,measurement_variance,1,143,minor,train,synthetic
QDEF-002874,FAC-001,2025-04-02,LINE-04,ORD-04-010,STY-028,open_seam,2,143,minor,train,synthetic
QDEF-002875,FAC-001,2025-04-02,LINE-04,ORD-04-010,STY-028,skip_stitch,1,143,major,train,synthetic
QDEF-002876,FAC-001,2025-04-05,LINE-04,ORD-04-011,STY-025,measurement_variance,2,248,major,train,synthetic
QDEF-002877,FAC-001,2025-04-05,LINE-04,ORD-04-011,STY-025,open_seam,1,248,critical,train,synthetic
QDEF-002878,FAC-001,2025-04-05,LINE-04,ORD-04-011,STY-025,uneven_stitch,1,248,minor,train,synthetic
QDEF-002879,FAC-001,2025-04-05,LINE-04,ORD-04-011,STY-025,oil_mark,2,248,minor,train,synthetic
QDEF-002880,FAC-001,2025-04-05,LINE-04,ORD-04-011,STY-025,skip_stitch,1,248,minor,train,synthetic
QDEF-002881,FAC-001,2025-04-06,LINE-04,ORD-04-011,STY-025,skip_stitch,3,334,minor,train,synthetic
QDEF-002882,FAC-001,2025-04-06,LINE-04,ORD-04-011,STY-025,open_seam,1,334,major,train,synthetic
QDEF-002883,FAC-001,2025-04-06,LINE-04,ORD-04-011,STY-025,uneven_stitch,6,334,major,train,synthetic
QDEF-002884,FAC-001,2025-04-06,LINE-04,ORD-04-011,STY-025,measurement_variance,3,334,minor,train,synthetic
QDEF-002885,FAC-001,2025-04-06,LINE-04,ORD-04-011,STY-025,shade_variation,1,334,minor,train,synthetic
QDEF-002886,FAC-001,2025-04-06,LINE-04,ORD-04-011,STY-025,puckering,2,334,minor,train,synthetic
QDEF-002887,FAC-001,2025-04-06,LINE-04,ORD-04-011,STY-025,oil_mark,1,334,minor,train,synthetic
QDEF-002888,FAC-001,2025-04-07,LINE-04,ORD-04-011,STY-025,oil_mark,5,387,minor,train,synthetic
QDEF-002889,FAC-001,2025-04-07,LINE-04,ORD-04-011,STY-025,puckering,3,387,minor,train,synthetic
QDEF-002890,FAC-001,2025-04-07,LINE-04,ORD-04-011,STY-025,shade_variation,2,387,major,train,synthetic
QDEF-002891,FAC-001,2025-04-07,LINE-04,ORD-04-011,STY-025,open_seam,4,387,minor,train,synthetic
QDEF-002892,FAC-001,2025-04-07,LINE-04,ORD-04-011,STY-025,measurement_variance,1,387,major,train,synthetic
QDEF-002893,FAC-001,2025-04-07,LINE-04,ORD-04-011,STY-025,skip_stitch,1,387,major,train,synthetic
QDEF-002894,FAC-001,2025-04-07,LINE-04,ORD-04-011,STY-025,uneven_stitch,1,387,minor,train,synthetic
QDEF-002895,FAC-001,2025-04-08,LINE-04,ORD-04-011,STY-025,skip_stitch,3,436,minor,train,synthetic
QDEF-002896,FAC-001,2025-04-08,LINE-04,ORD-04-011,STY-025,oil_mark,3,436,minor,train,synthetic
QDEF-002897,FAC-001,2025-04-08,LINE-04,ORD-04-011,STY-025,puckering,1,436,major,train,synthetic
QDEF-002898,FAC-001,2025-04-08,LINE-04,ORD-04-011,STY-025,measurement_variance,2,436,minor,train,synthetic
QDEF-002899,FAC-001,2025-04-08,LINE-04,ORD-04-011,STY-025,open_seam,4,436,minor,train,synthetic
QDEF-002900,FAC-001,2025-04-08,LINE-04,ORD-04-011,STY-025,uneven_stitch,4,436,minor,train,synthetic
QDEF-002901,FAC-001,2025-04-08,LINE-04,ORD-04-011,STY-025,shade_variation,2,436,minor,train,synthetic
QDEF-002902,FAC-001,2025-04-09,LINE-04,ORD-04-011,STY-025,open_seam,5,424,minor,train,synthetic
QDEF-002903,FAC-001,2025-04-09,LINE-04,ORD-04-011,STY-025,uneven_stitch,3,424,major,train,synthetic
QDEF-002904,FAC-001,2025-04-09,LINE-04,ORD-04-011,STY-025,skip_stitch,2,424,minor,train,synthetic
QDEF-002905,FAC-001,2025-04-09,LINE-04,ORD-04-011,STY-025,oil_mark,2,424,minor,train,synthetic
QDEF-002906,FAC-001,2025-04-09,LINE-04,ORD-04-011,STY-025,shade_variation,3,424,minor,train,synthetic
QDEF-002907,FAC-001,2025-04-09,LINE-04,ORD-04-011,STY-025,puckering,2,424,major,train,synthetic
QDEF-002908,FAC-001,2025-04-09,LINE-04,ORD-04-011,STY-025,measurement_variance,1,424,minor,train,synthetic
QDEF-002909,FAC-001,2025-04-10,LINE-04,ORD-04-011,STY-025,puckering,5,434,minor,train,synthetic
QDEF-002910,FAC-001,2025-04-10,LINE-04,ORD-04-011,STY-025,measurement_variance,2,434,minor,train,synthetic
QDEF-002911,FAC-001,2025-04-10,LINE-04,ORD-04-011,STY-025,oil_mark,2,434,major,train,synthetic
QDEF-002912,FAC-001,2025-04-10,LINE-04,ORD-04-011,STY-025,open_seam,3,434,minor,train,synthetic
QDEF-002913,FAC-001,2025-04-10,LINE-04,ORD-04-011,STY-025,skip_stitch,3,434,minor,train,synthetic
QDEF-002914,FAC-001,2025-04-10,LINE-04,ORD-04-011,STY-025,shade_variation,1,434,minor,train,synthetic
QDEF-002915,FAC-001,2025-04-12,LINE-04,ORD-04-011,STY-025,oil_mark,1,115,minor,train,synthetic
QDEF-002916,FAC-001,2025-04-12,LINE-04,ORD-04-011,STY-025,skip_stitch,1,115,minor,train,synthetic
QDEF-002917,FAC-001,2025-04-14,LINE-04,ORD-04-012,STY-014,open_seam,1,170,critical,train,synthetic
QDEF-002918,FAC-001,2025-04-14,LINE-04,ORD-04-012,STY-014,shade_variation,1,170,major,train,synthetic
QDEF-002919,FAC-001,2025-04-14,LINE-04,ORD-04-012,STY-014,uneven_stitch,1,170,major,train,synthetic
QDEF-002920,FAC-001,2025-04-14,LINE-04,ORD-04-012,STY-014,skip_stitch,1,170,major,train,synthetic
QDEF-002921,FAC-001,2025-04-15,LINE-04,ORD-04-012,STY-014,uneven_stitch,3,204,minor,train,synthetic
QDEF-002922,FAC-001,2025-04-15,LINE-04,ORD-04-012,STY-014,oil_mark,1,204,minor,train,synthetic
QDEF-002923,FAC-001,2025-04-15,LINE-04,ORD-04-012,STY-014,shade_variation,3,204,minor,train,synthetic
QDEF-002924,FAC-001,2025-04-15,LINE-04,ORD-04-012,STY-014,puckering,2,204,major,train,synthetic
QDEF-002925,FAC-001,2025-04-15,LINE-04,ORD-04-012,STY-014,measurement_variance,4,204,major,train,synthetic
QDEF-002926,FAC-001,2025-04-15,LINE-04,ORD-04-012,STY-014,open_seam,3,204,minor,train,synthetic
QDEF-002927,FAC-001,2025-04-16,LINE-04,ORD-04-012,STY-014,oil_mark,1,249,minor,train,synthetic
QDEF-002928,FAC-001,2025-04-16,LINE-04,ORD-04-012,STY-014,skip_stitch,3,249,minor,train,synthetic
QDEF-002929,FAC-001,2025-04-16,LINE-04,ORD-04-012,STY-014,open_seam,2,249,minor,train,synthetic
QDEF-002930,FAC-001,2025-04-16,LINE-04,ORD-04-012,STY-014,shade_variation,2,249,minor,train,synthetic
QDEF-002931,FAC-001,2025-04-16,LINE-04,ORD-04-012,STY-014,uneven_stitch,1,249,minor,train,synthetic
QDEF-002932,FAC-001,2025-04-16,LINE-04,ORD-04-012,STY-014,puckering,2,249,minor,train,synthetic
QDEF-002933,FAC-001,2025-04-16,LINE-04,ORD-04-012,STY-014,measurement_variance,1,249,minor,train,synthetic
QDEF-002934,FAC-001,2025-04-17,LINE-04,ORD-04-012,STY-014,open_seam,2,235,major,train,synthetic
QDEF-002935,FAC-001,2025-04-17,LINE-04,ORD-04-012,STY-014,skip_stitch,3,235,major,train,synthetic
QDEF-002936,FAC-001,2025-04-17,LINE-04,ORD-04-012,STY-014,puckering,1,235,minor,train,synthetic
QDEF-002937,FAC-001,2025-04-17,LINE-04,ORD-04-012,STY-014,oil_mark,1,235,minor,train,synthetic
QDEF-002938,FAC-001,2025-04-17,LINE-04,ORD-04-012,STY-014,uneven_stitch,2,235,minor,train,synthetic
QDEF-002939,FAC-001,2025-04-17,LINE-04,ORD-04-012,STY-014,shade_variation,1,235,major,train,synthetic
QDEF-002940,FAC-001,2025-04-19,LINE-04,ORD-04-012,STY-014,skip_stitch,4,140,minor,train,synthetic
QDEF-002941,FAC-001,2025-04-19,LINE-04,ORD-04-012,STY-014,uneven_stitch,1,140,minor,train,synthetic
QDEF-002942,FAC-001,2025-04-19,LINE-04,ORD-04-012,STY-014,measurement_variance,1,140,minor,train,synthetic
QDEF-002943,FAC-001,2025-04-19,LINE-04,ORD-04-012,STY-014,puckering,2,140,major,train,synthetic
QDEF-002944,FAC-001,2025-04-19,LINE-04,ORD-04-012,STY-014,shade_variation,1,140,minor,train,synthetic
QDEF-002945,FAC-001,2025-04-19,LINE-04,ORD-04-012,STY-014,open_seam,1,140,minor,train,synthetic
QDEF-002946,FAC-001,2025-04-19,LINE-04,ORD-04-012,STY-014,oil_mark,1,140,minor,train,synthetic
QDEF-002947,FAC-001,2025-04-20,LINE-04,ORD-04-012,STY-014,uneven_stitch,4,277,minor,train,synthetic
QDEF-002948,FAC-001,2025-04-20,LINE-04,ORD-04-012,STY-014,shade_variation,2,277,minor,train,synthetic
QDEF-002949,FAC-001,2025-04-20,LINE-04,ORD-04-012,STY-014,skip_stitch,2,277,major,train,synthetic
QDEF-002950,FAC-001,2025-04-20,LINE-04,ORD-04-012,STY-014,open_seam,2,277,minor,train,synthetic
QDEF-002951,FAC-001,2025-04-21,LINE-04,ORD-04-012,STY-014,open_seam,3,154,major,train,synthetic
QDEF-002952,FAC-001,2025-04-21,LINE-04,ORD-04-012,STY-014,puckering,2,154,minor,train,synthetic
QDEF-002953,FAC-001,2025-04-21,LINE-04,ORD-04-012,STY-014,measurement_variance,2,154,minor,train,synthetic
QDEF-002954,FAC-001,2025-04-21,LINE-04,ORD-04-012,STY-014,oil_mark,1,154,major,train,synthetic
QDEF-002955,FAC-001,2025-04-21,LINE-04,ORD-04-012,STY-014,uneven_stitch,1,154,minor,train,synthetic
QDEF-002956,FAC-001,2025-04-21,LINE-04,ORD-04-012,STY-014,shade_variation,1,154,major,train,synthetic
QDEF-002957,FAC-001,2025-04-23,LINE-04,ORD-04-013,STY-015,open_seam,1,363,minor,train,synthetic
QDEF-002958,FAC-001,2025-04-23,LINE-04,ORD-04-013,STY-015,measurement_variance,2,363,major,train,synthetic
QDEF-002959,FAC-001,2025-04-23,LINE-04,ORD-04-013,STY-015,oil_mark,2,363,minor,train,synthetic
QDEF-002960,FAC-001,2025-04-23,LINE-04,ORD-04-013,STY-015,puckering,3,363,minor,train,synthetic
QDEF-002961,FAC-001,2025-04-23,LINE-04,ORD-04-013,STY-015,uneven_stitch,2,363,major,train,synthetic
QDEF-002962,FAC-001,2025-04-24,LINE-04,ORD-04-013,STY-015,open_seam,2,489,minor,train,synthetic
QDEF-002963,FAC-001,2025-04-24,LINE-04,ORD-04-013,STY-015,measurement_variance,4,489,major,train,synthetic
QDEF-002964,FAC-001,2025-04-24,LINE-04,ORD-04-013,STY-015,puckering,1,489,minor,train,synthetic
QDEF-002965,FAC-001,2025-04-24,LINE-04,ORD-04-013,STY-015,skip_stitch,5,489,minor,train,synthetic
QDEF-002966,FAC-001,2025-04-24,LINE-04,ORD-04-013,STY-015,uneven_stitch,2,489,major,train,synthetic
QDEF-002967,FAC-001,2025-04-24,LINE-04,ORD-04-013,STY-015,shade_variation,2,489,minor,train,synthetic
QDEF-002968,FAC-001,2025-04-24,LINE-04,ORD-04-013,STY-015,oil_mark,2,489,major,train,synthetic
QDEF-002969,FAC-001,2025-04-26,LINE-04,ORD-04-013,STY-015,skip_stitch,2,566,minor,train,synthetic
QDEF-002970,FAC-001,2025-04-26,LINE-04,ORD-04-013,STY-015,open_seam,4,566,minor,train,synthetic
QDEF-002971,FAC-001,2025-04-26,LINE-04,ORD-04-013,STY-015,puckering,4,566,minor,train,synthetic
QDEF-002972,FAC-001,2025-04-26,LINE-04,ORD-04-013,STY-015,oil_mark,1,566,minor,train,synthetic
QDEF-002973,FAC-001,2025-04-26,LINE-04,ORD-04-013,STY-015,shade_variation,5,566,major,train,synthetic
QDEF-002974,FAC-001,2025-04-26,LINE-04,ORD-04-013,STY-015,uneven_stitch,4,566,minor,train,synthetic
QDEF-002975,FAC-001,2025-04-26,LINE-04,ORD-04-013,STY-015,measurement_variance,2,566,minor,train,synthetic
QDEF-002976,FAC-001,2025-04-27,LINE-04,ORD-04-013,STY-015,skip_stitch,2,596,major,train,synthetic
QDEF-002977,FAC-001,2025-04-27,LINE-04,ORD-04-013,STY-015,uneven_stitch,4,596,minor,train,synthetic
QDEF-002978,FAC-001,2025-04-27,LINE-04,ORD-04-013,STY-015,open_seam,5,596,major,train,synthetic
QDEF-002979,FAC-001,2025-04-27,LINE-04,ORD-04-013,STY-015,shade_variation,3,596,minor,train,synthetic
QDEF-002980,FAC-001,2025-04-27,LINE-04,ORD-04-013,STY-015,oil_mark,2,596,minor,train,synthetic
QDEF-002981,FAC-001,2025-04-28,LINE-04,ORD-04-013,STY-015,skip_stitch,3,460,minor,train,synthetic
QDEF-002982,FAC-001,2025-04-28,LINE-04,ORD-04-013,STY-015,uneven_stitch,2,460,minor,train,synthetic
QDEF-002983,FAC-001,2025-04-28,LINE-04,ORD-04-013,STY-015,puckering,3,460,minor,train,synthetic
QDEF-002984,FAC-001,2025-04-28,LINE-04,ORD-04-013,STY-015,oil_mark,3,460,minor,train,synthetic
QDEF-002985,FAC-001,2025-04-28,LINE-04,ORD-04-013,STY-015,measurement_variance,4,460,major,train,synthetic
QDEF-002986,FAC-001,2025-04-28,LINE-04,ORD-04-013,STY-015,open_seam,1,460,minor,train,synthetic
QDEF-002987,FAC-001,2025-04-28,LINE-04,ORD-04-013,STY-015,shade_variation,1,460,major,train,synthetic
QDEF-002988,FAC-001,2025-04-29,LINE-04,ORD-04-013,STY-015,puckering,2,607,major,train,synthetic
QDEF-002989,FAC-001,2025-04-29,LINE-04,ORD-04-013,STY-015,skip_stitch,4,607,minor,train,synthetic
QDEF-002990,FAC-001,2025-04-29,LINE-04,ORD-04-013,STY-015,measurement_variance,4,607,minor,train,synthetic
QDEF-002991,FAC-001,2025-04-29,LINE-04,ORD-04-013,STY-015,oil_mark,2,607,critical,train,synthetic
QDEF-002992,FAC-001,2025-04-29,LINE-04,ORD-04-013,STY-015,uneven_stitch,2,607,minor,train,synthetic
QDEF-002993,FAC-001,2025-04-29,LINE-04,ORD-04-013,STY-015,shade_variation,4,607,critical,train,synthetic
QDEF-002994,FAC-001,2025-04-29,LINE-04,ORD-04-013,STY-015,open_seam,6,607,critical,train,synthetic
QDEF-002995,FAC-001,2025-04-30,LINE-04,ORD-04-013,STY-015,open_seam,5,583,minor,train,synthetic
QDEF-002996,FAC-001,2025-04-30,LINE-04,ORD-04-013,STY-015,measurement_variance,6,583,major,train,synthetic
QDEF-002997,FAC-001,2025-04-30,LINE-04,ORD-04-013,STY-015,skip_stitch,2,583,minor,train,synthetic
QDEF-002998,FAC-001,2025-04-30,LINE-04,ORD-04-013,STY-015,puckering,3,583,major,train,synthetic
QDEF-002999,FAC-001,2025-04-30,LINE-04,ORD-04-013,STY-015,shade_variation,1,583,minor,train,synthetic
QDEF-003000,FAC-001,2025-04-30,LINE-04,ORD-04-013,STY-015,uneven_stitch,3,583,major,train,synthetic
QDEF-003001,FAC-001,2025-05-01,LINE-04,ORD-04-013,STY-015,skip_stitch,1,581,major,validation,synthetic
QDEF-003002,FAC-001,2025-05-01,LINE-04,ORD-04-013,STY-015,open_seam,2,581,major,validation,synthetic
QDEF-003003,FAC-001,2025-05-01,LINE-04,ORD-04-013,STY-015,uneven_stitch,5,581,major,validation,synthetic
QDEF-003004,FAC-001,2025-05-01,LINE-04,ORD-04-013,STY-015,measurement_variance,3,581,minor,validation,synthetic
QDEF-003005,FAC-001,2025-05-01,LINE-04,ORD-04-013,STY-015,oil_mark,3,581,minor,validation,synthetic
QDEF-003006,FAC-001,2025-05-01,LINE-04,ORD-04-013,STY-015,shade_variation,3,581,major,validation,synthetic
QDEF-003007,FAC-001,2025-05-01,LINE-04,ORD-04-013,STY-015,puckering,2,581,major,validation,synthetic
QDEF-003008,FAC-001,2025-05-03,LINE-04,ORD-04-013,STY-015,skip_stitch,3,338,minor,validation,synthetic
QDEF-003009,FAC-001,2025-05-03,LINE-04,ORD-04-013,STY-015,puckering,8,338,major,validation,synthetic
QDEF-003010,FAC-001,2025-05-03,LINE-04,ORD-04-013,STY-015,measurement_variance,3,338,minor,validation,synthetic
QDEF-003011,FAC-001,2025-05-03,LINE-04,ORD-04-013,STY-015,open_seam,3,338,minor,validation,synthetic
QDEF-003012,FAC-001,2025-05-03,LINE-04,ORD-04-013,STY-015,shade_variation,5,338,minor,validation,synthetic
QDEF-003013,FAC-001,2025-05-03,LINE-04,ORD-04-013,STY-015,oil_mark,2,338,major,validation,synthetic
QDEF-003014,FAC-001,2025-05-04,LINE-04,ORD-04-013,STY-015,measurement_variance,2,31,minor,validation,synthetic
QDEF-003015,FAC-001,2025-05-04,LINE-04,ORD-04-013,STY-015,shade_variation,1,31,minor,validation,synthetic
QDEF-003016,FAC-001,2025-05-05,LINE-04,ORD-04-014,STY-029,shade_variation,1,229,minor,validation,synthetic
QDEF-003017,FAC-001,2025-05-05,LINE-04,ORD-04-014,STY-029,open_seam,2,229,minor,validation,synthetic
QDEF-003018,FAC-001,2025-05-05,LINE-04,ORD-04-014,STY-029,skip_stitch,3,229,major,validation,synthetic
QDEF-003019,FAC-001,2025-05-05,LINE-04,ORD-04-014,STY-029,oil_mark,3,229,minor,validation,synthetic
QDEF-003020,FAC-001,2025-05-05,LINE-04,ORD-04-014,STY-029,measurement_variance,2,229,major,validation,synthetic
QDEF-003021,FAC-001,2025-05-05,LINE-04,ORD-04-014,STY-029,puckering,3,229,minor,validation,synthetic
QDEF-003022,FAC-001,2025-05-06,LINE-04,ORD-04-014,STY-029,open_seam,2,295,critical,validation,synthetic
QDEF-003023,FAC-001,2025-05-06,LINE-04,ORD-04-014,STY-029,measurement_variance,1,295,major,validation,synthetic
QDEF-003024,FAC-001,2025-05-06,LINE-04,ORD-04-014,STY-029,shade_variation,1,295,minor,validation,synthetic
QDEF-003025,FAC-001,2025-05-06,LINE-04,ORD-04-014,STY-029,skip_stitch,3,295,major,validation,synthetic
QDEF-003026,FAC-001,2025-05-06,LINE-04,ORD-04-014,STY-029,uneven_stitch,3,295,minor,validation,synthetic
QDEF-003027,FAC-001,2025-05-06,LINE-04,ORD-04-014,STY-029,oil_mark,3,295,minor,validation,synthetic
QDEF-003028,FAC-001,2025-05-07,LINE-04,ORD-04-014,STY-029,measurement_variance,3,329,minor,validation,synthetic
QDEF-003029,FAC-001,2025-05-07,LINE-04,ORD-04-014,STY-029,puckering,3,329,minor,validation,synthetic
QDEF-003030,FAC-001,2025-05-07,LINE-04,ORD-04-014,STY-029,skip_stitch,2,329,minor,validation,synthetic
QDEF-003031,FAC-001,2025-05-07,LINE-04,ORD-04-014,STY-029,open_seam,2,329,minor,validation,synthetic
QDEF-003032,FAC-001,2025-05-07,LINE-04,ORD-04-014,STY-029,uneven_stitch,1,329,minor,validation,synthetic
QDEF-003033,FAC-001,2025-05-07,LINE-04,ORD-04-014,STY-029,shade_variation,3,329,major,validation,synthetic
QDEF-003034,FAC-001,2025-05-07,LINE-04,ORD-04-014,STY-029,oil_mark,3,329,major,validation,synthetic
QDEF-003035,FAC-001,2025-05-08,LINE-04,ORD-04-014,STY-029,uneven_stitch,2,367,minor,validation,synthetic
QDEF-003036,FAC-001,2025-05-08,LINE-04,ORD-04-014,STY-029,shade_variation,2,367,minor,validation,synthetic
QDEF-003037,FAC-001,2025-05-08,LINE-04,ORD-04-014,STY-029,puckering,3,367,major,validation,synthetic
QDEF-003038,FAC-001,2025-05-08,LINE-04,ORD-04-014,STY-029,oil_mark,2,367,minor,validation,synthetic
QDEF-003039,FAC-001,2025-05-08,LINE-04,ORD-04-014,STY-029,skip_stitch,3,367,minor,validation,synthetic
QDEF-003040,FAC-001,2025-05-08,LINE-04,ORD-04-014,STY-029,open_seam,1,367,minor,validation,synthetic
QDEF-003041,FAC-001,2025-05-08,LINE-04,ORD-04-014,STY-029,measurement_variance,3,367,minor,validation,synthetic
QDEF-003042,FAC-001,2025-05-10,LINE-04,ORD-04-014,STY-029,measurement_variance,4,416,minor,validation,synthetic
QDEF-003043,FAC-001,2025-05-10,LINE-04,ORD-04-014,STY-029,shade_variation,4,416,major,validation,synthetic
QDEF-003044,FAC-001,2025-05-10,LINE-04,ORD-04-014,STY-029,skip_stitch,3,416,minor,validation,synthetic
QDEF-003045,FAC-001,2025-05-10,LINE-04,ORD-04-014,STY-029,uneven_stitch,3,416,minor,validation,synthetic
QDEF-003046,FAC-001,2025-05-10,LINE-04,ORD-04-014,STY-029,open_seam,1,416,major,validation,synthetic
QDEF-003047,FAC-001,2025-05-10,LINE-04,ORD-04-014,STY-029,puckering,2,416,minor,validation,synthetic
QDEF-003048,FAC-001,2025-05-10,LINE-04,ORD-04-014,STY-029,oil_mark,1,416,minor,validation,synthetic
QDEF-003049,FAC-001,2025-05-11,LINE-04,ORD-04-014,STY-029,open_seam,5,391,minor,validation,synthetic
QDEF-003050,FAC-001,2025-05-11,LINE-04,ORD-04-014,STY-029,measurement_variance,3,391,critical,validation,synthetic
QDEF-003051,FAC-001,2025-05-11,LINE-04,ORD-04-014,STY-029,oil_mark,3,391,major,validation,synthetic
QDEF-003052,FAC-001,2025-05-11,LINE-04,ORD-04-014,STY-029,puckering,3,391,minor,validation,synthetic
QDEF-003053,FAC-001,2025-05-11,LINE-04,ORD-04-014,STY-029,skip_stitch,4,391,major,validation,synthetic
QDEF-003054,FAC-001,2025-05-11,LINE-04,ORD-04-014,STY-029,uneven_stitch,2,391,minor,validation,synthetic
QDEF-003055,FAC-001,2025-05-11,LINE-04,ORD-04-014,STY-029,shade_variation,2,391,minor,validation,synthetic
QDEF-003056,FAC-001,2025-05-12,LINE-04,ORD-04-014,STY-029,measurement_variance,3,303,minor,validation,synthetic
QDEF-003057,FAC-001,2025-05-12,LINE-04,ORD-04-014,STY-029,skip_stitch,5,303,major,validation,synthetic
QDEF-003058,FAC-001,2025-05-12,LINE-04,ORD-04-014,STY-029,open_seam,1,303,minor,validation,synthetic
QDEF-003059,FAC-001,2025-05-12,LINE-04,ORD-04-014,STY-029,uneven_stitch,6,303,minor,validation,synthetic
QDEF-003060,FAC-001,2025-05-12,LINE-04,ORD-04-014,STY-029,oil_mark,3,303,minor,validation,synthetic
QDEF-003061,FAC-001,2025-05-12,LINE-04,ORD-04-014,STY-029,puckering,3,303,minor,validation,synthetic
QDEF-003062,FAC-001,2025-05-12,LINE-04,ORD-04-014,STY-029,shade_variation,2,303,minor,validation,synthetic
QDEF-003063,FAC-001,2025-05-14,LINE-04,ORD-04-015,STY-031,open_seam,4,339,major,validation,synthetic
QDEF-003064,FAC-001,2025-05-14,LINE-04,ORD-04-015,STY-031,measurement_variance,1,339,minor,validation,synthetic
QDEF-003065,FAC-001,2025-05-14,LINE-04,ORD-04-015,STY-031,shade_variation,4,339,minor,validation,synthetic
QDEF-003066,FAC-001,2025-05-14,LINE-04,ORD-04-015,STY-031,skip_stitch,2,339,major,validation,synthetic
QDEF-003067,FAC-001,2025-05-14,LINE-04,ORD-04-015,STY-031,uneven_stitch,1,339,minor,validation,synthetic
QDEF-003068,FAC-001,2025-05-15,LINE-04,ORD-04-015,STY-031,skip_stitch,6,412,minor,validation,synthetic
QDEF-003069,FAC-001,2025-05-15,LINE-04,ORD-04-015,STY-031,open_seam,7,412,minor,validation,synthetic
QDEF-003070,FAC-001,2025-05-15,LINE-04,ORD-04-015,STY-031,uneven_stitch,7,412,minor,validation,synthetic
QDEF-003071,FAC-001,2025-05-15,LINE-04,ORD-04-015,STY-031,measurement_variance,2,412,minor,validation,synthetic
QDEF-003072,FAC-001,2025-05-15,LINE-04,ORD-04-015,STY-031,puckering,3,412,major,validation,synthetic
QDEF-003073,FAC-001,2025-05-15,LINE-04,ORD-04-015,STY-031,oil_mark,5,412,major,validation,synthetic
QDEF-003074,FAC-001,2025-05-15,LINE-04,ORD-04-015,STY-031,shade_variation,6,412,minor,validation,synthetic
QDEF-003075,FAC-001,2025-05-17,LINE-04,ORD-04-015,STY-031,measurement_variance,1,445,minor,validation,synthetic
QDEF-003076,FAC-001,2025-05-17,LINE-04,ORD-04-015,STY-031,skip_stitch,2,445,minor,validation,synthetic
QDEF-003077,FAC-001,2025-05-17,LINE-04,ORD-04-015,STY-031,open_seam,5,445,minor,validation,synthetic
QDEF-003078,FAC-001,2025-05-17,LINE-04,ORD-04-015,STY-031,oil_mark,4,445,major,validation,synthetic
QDEF-003079,FAC-001,2025-05-17,LINE-04,ORD-04-015,STY-031,puckering,1,445,minor,validation,synthetic
QDEF-003080,FAC-001,2025-05-18,LINE-04,ORD-04-015,STY-031,skip_stitch,3,484,minor,validation,synthetic
QDEF-003081,FAC-001,2025-05-18,LINE-04,ORD-04-015,STY-031,open_seam,6,484,critical,validation,synthetic
QDEF-003082,FAC-001,2025-05-18,LINE-04,ORD-04-015,STY-031,uneven_stitch,1,484,minor,validation,synthetic
QDEF-003083,FAC-001,2025-05-18,LINE-04,ORD-04-015,STY-031,measurement_variance,2,484,minor,validation,synthetic
QDEF-003084,FAC-001,2025-05-18,LINE-04,ORD-04-015,STY-031,oil_mark,4,484,minor,validation,synthetic
QDEF-003085,FAC-001,2025-05-18,LINE-04,ORD-04-015,STY-031,puckering,4,484,minor,validation,synthetic
QDEF-003086,FAC-001,2025-05-18,LINE-04,ORD-04-015,STY-031,shade_variation,1,484,major,validation,synthetic
QDEF-003087,FAC-001,2025-05-19,LINE-04,ORD-04-015,STY-031,puckering,2,206,minor,validation,synthetic
QDEF-003088,FAC-001,2025-05-19,LINE-04,ORD-04-015,STY-031,skip_stitch,2,206,minor,validation,synthetic
QDEF-003089,FAC-001,2025-05-19,LINE-04,ORD-04-015,STY-031,shade_variation,1,206,minor,validation,synthetic
QDEF-003090,FAC-001,2025-05-19,LINE-04,ORD-04-015,STY-031,open_seam,2,206,minor,validation,synthetic
QDEF-003091,FAC-001,2025-05-19,LINE-04,ORD-04-015,STY-031,oil_mark,1,206,minor,validation,synthetic
QDEF-003092,FAC-001,2025-05-22,LINE-04,ORD-04-016,STY-009,skip_stitch,3,217,minor,validation,synthetic
QDEF-003093,FAC-001,2025-05-22,LINE-04,ORD-04-016,STY-009,shade_variation,2,217,major,validation,synthetic
QDEF-003094,FAC-001,2025-05-22,LINE-04,ORD-04-016,STY-009,measurement_variance,1,217,major,validation,synthetic
QDEF-003095,FAC-001,2025-05-22,LINE-04,ORD-04-016,STY-009,oil_mark,1,217,major,validation,synthetic
QDEF-003096,FAC-001,2025-05-22,LINE-04,ORD-04-016,STY-009,open_seam,1,217,minor,validation,synthetic
QDEF-003097,FAC-001,2025-05-24,LINE-04,ORD-04-016,STY-009,open_seam,4,283,minor,validation,synthetic
QDEF-003098,FAC-001,2025-05-24,LINE-04,ORD-04-016,STY-009,shade_variation,3,283,minor,validation,synthetic
QDEF-003099,FAC-001,2025-05-24,LINE-04,ORD-04-016,STY-009,skip_stitch,2,283,minor,validation,synthetic
QDEF-003100,FAC-001,2025-05-24,LINE-04,ORD-04-016,STY-009,measurement_variance,1,283,minor,validation,synthetic
QDEF-003101,FAC-001,2025-05-24,LINE-04,ORD-04-016,STY-009,oil_mark,2,283,minor,validation,synthetic
QDEF-003102,FAC-001,2025-05-24,LINE-04,ORD-04-016,STY-009,uneven_stitch,2,283,minor,validation,synthetic
QDEF-003103,FAC-001,2025-05-25,LINE-04,ORD-04-016,STY-009,puckering,4,360,major,validation,synthetic
QDEF-003104,FAC-001,2025-05-25,LINE-04,ORD-04-016,STY-009,oil_mark,1,360,major,validation,synthetic
QDEF-003105,FAC-001,2025-05-25,LINE-04,ORD-04-016,STY-009,measurement_variance,1,360,minor,validation,synthetic
QDEF-003106,FAC-001,2025-05-25,LINE-04,ORD-04-016,STY-009,shade_variation,2,360,major,validation,synthetic
QDEF-003107,FAC-001,2025-05-25,LINE-04,ORD-04-016,STY-009,skip_stitch,1,360,minor,validation,synthetic
QDEF-003108,FAC-001,2025-05-25,LINE-04,ORD-04-016,STY-009,open_seam,2,360,major,validation,synthetic
QDEF-003109,FAC-001,2025-05-26,LINE-04,ORD-04-016,STY-009,open_seam,1,374,minor,validation,synthetic
QDEF-003110,FAC-001,2025-05-26,LINE-04,ORD-04-016,STY-009,shade_variation,3,374,minor,validation,synthetic
QDEF-003111,FAC-001,2025-05-26,LINE-04,ORD-04-016,STY-009,measurement_variance,5,374,major,validation,synthetic
QDEF-003112,FAC-001,2025-05-26,LINE-04,ORD-04-016,STY-009,skip_stitch,1,374,minor,validation,synthetic
QDEF-003113,FAC-001,2025-05-27,LINE-04,ORD-04-016,STY-009,open_seam,2,329,minor,validation,synthetic
QDEF-003114,FAC-001,2025-05-27,LINE-04,ORD-04-016,STY-009,uneven_stitch,4,329,minor,validation,synthetic
QDEF-003115,FAC-001,2025-05-27,LINE-04,ORD-04-016,STY-009,shade_variation,4,329,major,validation,synthetic
QDEF-003116,FAC-001,2025-05-27,LINE-04,ORD-04-016,STY-009,skip_stitch,1,329,minor,validation,synthetic
QDEF-003117,FAC-001,2025-05-27,LINE-04,ORD-04-016,STY-009,oil_mark,2,329,minor,validation,synthetic
QDEF-003118,FAC-001,2025-05-27,LINE-04,ORD-04-016,STY-009,measurement_variance,1,329,minor,validation,synthetic
QDEF-003119,FAC-001,2025-05-28,LINE-04,ORD-04-016,STY-009,uneven_stitch,2,390,major,validation,synthetic
QDEF-003120,FAC-001,2025-05-28,LINE-04,ORD-04-016,STY-009,measurement_variance,5,390,major,validation,synthetic
QDEF-003121,FAC-001,2025-05-28,LINE-04,ORD-04-016,STY-009,oil_mark,1,390,major,validation,synthetic
QDEF-003122,FAC-001,2025-05-28,LINE-04,ORD-04-016,STY-009,shade_variation,1,390,major,validation,synthetic
QDEF-003123,FAC-001,2025-05-28,LINE-04,ORD-04-016,STY-009,open_seam,2,390,major,validation,synthetic
QDEF-003124,FAC-001,2025-05-28,LINE-04,ORD-04-016,STY-009,puckering,1,390,minor,validation,synthetic
QDEF-003125,FAC-001,2025-05-28,LINE-04,ORD-04-016,STY-009,skip_stitch,2,390,minor,validation,synthetic
QDEF-003126,FAC-001,2025-05-29,LINE-04,ORD-04-016,STY-009,skip_stitch,2,386,major,validation,synthetic
QDEF-003127,FAC-001,2025-05-29,LINE-04,ORD-04-016,STY-009,uneven_stitch,3,386,minor,validation,synthetic
QDEF-003128,FAC-001,2025-05-29,LINE-04,ORD-04-016,STY-009,puckering,1,386,minor,validation,synthetic
QDEF-003129,FAC-001,2025-05-29,LINE-04,ORD-04-016,STY-009,measurement_variance,1,386,major,validation,synthetic
QDEF-003130,FAC-001,2025-05-31,LINE-04,ORD-04-016,STY-009,skip_stitch,2,384,minor,validation,synthetic
QDEF-003131,FAC-001,2025-05-31,LINE-04,ORD-04-016,STY-009,oil_mark,2,384,major,validation,synthetic
QDEF-003132,FAC-001,2025-05-31,LINE-04,ORD-04-016,STY-009,shade_variation,1,384,major,validation,synthetic
QDEF-003133,FAC-001,2025-05-31,LINE-04,ORD-04-016,STY-009,uneven_stitch,3,384,minor,validation,synthetic
QDEF-003134,FAC-001,2025-05-31,LINE-04,ORD-04-016,STY-009,puckering,1,384,minor,validation,synthetic
QDEF-003135,FAC-001,2025-06-01,LINE-04,ORD-04-016,STY-009,measurement_variance,1,171,major,test,synthetic
QDEF-003136,FAC-001,2025-06-02,LINE-04,ORD-04-017,STY-029,oil_mark,2,302,major,test,synthetic
QDEF-003137,FAC-001,2025-06-02,LINE-04,ORD-04-017,STY-029,puckering,2,302,minor,test,synthetic
QDEF-003138,FAC-001,2025-06-02,LINE-04,ORD-04-017,STY-029,measurement_variance,2,302,minor,test,synthetic
QDEF-003139,FAC-001,2025-06-02,LINE-04,ORD-04-017,STY-029,skip_stitch,2,302,minor,test,synthetic
QDEF-003140,FAC-001,2025-06-02,LINE-04,ORD-04-017,STY-029,uneven_stitch,2,302,minor,test,synthetic
QDEF-003141,FAC-001,2025-06-02,LINE-04,ORD-04-017,STY-029,open_seam,4,302,minor,test,synthetic
QDEF-003142,FAC-001,2025-06-03,LINE-04,ORD-04-017,STY-029,shade_variation,3,362,minor,test,synthetic
QDEF-003143,FAC-001,2025-06-03,LINE-04,ORD-04-017,STY-029,measurement_variance,4,362,minor,test,synthetic
QDEF-003144,FAC-001,2025-06-03,LINE-04,ORD-04-017,STY-029,puckering,4,362,major,test,synthetic
QDEF-003145,FAC-001,2025-06-03,LINE-04,ORD-04-017,STY-029,skip_stitch,2,362,minor,test,synthetic
QDEF-003146,FAC-001,2025-06-03,LINE-04,ORD-04-017,STY-029,open_seam,2,362,minor,test,synthetic
QDEF-003147,FAC-001,2025-06-03,LINE-04,ORD-04-017,STY-029,oil_mark,5,362,major,test,synthetic
QDEF-003148,FAC-001,2025-06-03,LINE-04,ORD-04-017,STY-029,uneven_stitch,1,362,major,test,synthetic
QDEF-003149,FAC-001,2025-06-04,LINE-04,ORD-04-017,STY-029,skip_stitch,3,413,minor,test,synthetic
QDEF-003150,FAC-001,2025-06-04,LINE-04,ORD-04-017,STY-029,open_seam,5,413,minor,test,synthetic
QDEF-003151,FAC-001,2025-06-04,LINE-04,ORD-04-017,STY-029,measurement_variance,1,413,major,test,synthetic
QDEF-003152,FAC-001,2025-06-04,LINE-04,ORD-04-017,STY-029,shade_variation,2,413,minor,test,synthetic
QDEF-003153,FAC-001,2025-06-04,LINE-04,ORD-04-017,STY-029,oil_mark,1,413,major,test,synthetic
QDEF-003154,FAC-001,2025-06-04,LINE-04,ORD-04-017,STY-029,uneven_stitch,2,413,minor,test,synthetic
QDEF-003155,FAC-001,2025-06-04,LINE-04,ORD-04-017,STY-029,puckering,3,413,major,test,synthetic
QDEF-003156,FAC-001,2025-06-05,LINE-04,ORD-04-017,STY-029,shade_variation,2,369,major,test,synthetic
QDEF-003157,FAC-001,2025-06-05,LINE-04,ORD-04-017,STY-029,open_seam,3,369,minor,test,synthetic
QDEF-003158,FAC-001,2025-06-05,LINE-04,ORD-04-017,STY-029,oil_mark,3,369,minor,test,synthetic
QDEF-003159,FAC-001,2025-06-05,LINE-04,ORD-04-017,STY-029,uneven_stitch,3,369,minor,test,synthetic
QDEF-003160,FAC-001,2025-06-05,LINE-04,ORD-04-017,STY-029,puckering,1,369,minor,test,synthetic
QDEF-003161,FAC-001,2025-06-05,LINE-04,ORD-04-017,STY-029,measurement_variance,3,369,minor,test,synthetic
QDEF-003162,FAC-001,2025-06-05,LINE-04,ORD-04-017,STY-029,skip_stitch,1,369,minor,test,synthetic
QDEF-003163,FAC-001,2025-06-07,LINE-04,ORD-04-017,STY-029,measurement_variance,1,381,minor,test,synthetic
QDEF-003164,FAC-001,2025-06-07,LINE-04,ORD-04-017,STY-029,puckering,3,381,major,test,synthetic
QDEF-003165,FAC-001,2025-06-07,LINE-04,ORD-04-017,STY-029,uneven_stitch,3,381,minor,test,synthetic
QDEF-003166,FAC-001,2025-06-07,LINE-04,ORD-04-017,STY-029,shade_variation,2,381,major,test,synthetic
QDEF-003167,FAC-001,2025-06-07,LINE-04,ORD-04-017,STY-029,oil_mark,2,381,minor,test,synthetic
QDEF-003168,FAC-001,2025-06-07,LINE-04,ORD-04-017,STY-029,skip_stitch,4,381,minor,test,synthetic
QDEF-003169,FAC-001,2025-06-07,LINE-04,ORD-04-017,STY-029,open_seam,1,381,major,test,synthetic
QDEF-003170,FAC-001,2025-06-08,LINE-04,ORD-04-017,STY-029,uneven_stitch,3,384,major,test,synthetic
QDEF-003171,FAC-001,2025-06-08,LINE-04,ORD-04-017,STY-029,shade_variation,2,384,major,test,synthetic
QDEF-003172,FAC-001,2025-06-08,LINE-04,ORD-04-017,STY-029,open_seam,4,384,minor,test,synthetic
QDEF-003173,FAC-001,2025-06-08,LINE-04,ORD-04-017,STY-029,skip_stitch,4,384,major,test,synthetic
QDEF-003174,FAC-001,2025-06-08,LINE-04,ORD-04-017,STY-029,measurement_variance,4,384,minor,test,synthetic
QDEF-003175,FAC-001,2025-06-08,LINE-04,ORD-04-017,STY-029,oil_mark,3,384,minor,test,synthetic
QDEF-003176,FAC-001,2025-06-08,LINE-04,ORD-04-017,STY-029,puckering,3,384,minor,test,synthetic
QDEF-003177,FAC-001,2025-06-09,LINE-04,ORD-04-017,STY-029,measurement_variance,1,290,minor,test,synthetic
QDEF-003178,FAC-001,2025-06-09,LINE-04,ORD-04-017,STY-029,open_seam,3,290,minor,test,synthetic
QDEF-003179,FAC-001,2025-06-09,LINE-04,ORD-04-017,STY-029,oil_mark,2,290,major,test,synthetic
QDEF-003180,FAC-001,2025-06-09,LINE-04,ORD-04-017,STY-029,uneven_stitch,3,290,major,test,synthetic
QDEF-003181,FAC-001,2025-06-09,LINE-04,ORD-04-017,STY-029,shade_variation,1,290,minor,test,synthetic
QDEF-003182,FAC-001,2025-06-09,LINE-04,ORD-04-017,STY-029,puckering,2,290,major,test,synthetic
QDEF-003183,FAC-001,2025-06-09,LINE-04,ORD-04-017,STY-029,skip_stitch,2,290,major,test,synthetic
QDEF-003184,FAC-001,2025-06-10,LINE-04,ORD-04-017,STY-029,shade_variation,6,431,minor,test,synthetic
QDEF-003185,FAC-001,2025-06-10,LINE-04,ORD-04-017,STY-029,open_seam,2,431,minor,test,synthetic
QDEF-003186,FAC-001,2025-06-10,LINE-04,ORD-04-017,STY-029,oil_mark,3,431,critical,test,synthetic
QDEF-003187,FAC-001,2025-06-10,LINE-04,ORD-04-017,STY-029,uneven_stitch,2,431,minor,test,synthetic
QDEF-003188,FAC-001,2025-06-10,LINE-04,ORD-04-017,STY-029,puckering,3,431,minor,test,synthetic
QDEF-003189,FAC-001,2025-06-10,LINE-04,ORD-04-017,STY-029,skip_stitch,3,431,minor,test,synthetic
QDEF-003190,FAC-001,2025-06-10,LINE-04,ORD-04-017,STY-029,measurement_variance,3,431,minor,test,synthetic
QDEF-003191,FAC-001,2025-06-11,LINE-04,ORD-04-017,STY-029,measurement_variance,4,387,major,test,synthetic
QDEF-003192,FAC-001,2025-06-11,LINE-04,ORD-04-017,STY-029,oil_mark,1,387,minor,test,synthetic
QDEF-003193,FAC-001,2025-06-11,LINE-04,ORD-04-017,STY-029,puckering,4,387,major,test,synthetic
QDEF-003194,FAC-001,2025-06-11,LINE-04,ORD-04-017,STY-029,open_seam,3,387,major,test,synthetic
QDEF-003195,FAC-001,2025-06-11,LINE-04,ORD-04-017,STY-029,uneven_stitch,3,387,major,test,synthetic
QDEF-003196,FAC-001,2025-06-11,LINE-04,ORD-04-017,STY-029,shade_variation,1,387,minor,test,synthetic
QDEF-003197,FAC-001,2025-06-12,LINE-04,ORD-04-017,STY-029,measurement_variance,2,123,major,test,synthetic
QDEF-003198,FAC-001,2025-06-12,LINE-04,ORD-04-017,STY-029,skip_stitch,1,123,major,test,synthetic
QDEF-003199,FAC-001,2025-06-12,LINE-04,ORD-04-017,STY-029,puckering,1,123,minor,test,synthetic
QDEF-003200,FAC-001,2025-06-12,LINE-04,ORD-04-017,STY-029,uneven_stitch,2,123,minor,test,synthetic
QDEF-003201,FAC-001,2025-06-14,LINE-04,ORD-04-018,STY-027,open_seam,2,297,minor,test,synthetic
QDEF-003202,FAC-001,2025-06-14,LINE-04,ORD-04-018,STY-027,skip_stitch,2,297,critical,test,synthetic
QDEF-003203,FAC-001,2025-06-14,LINE-04,ORD-04-018,STY-027,shade_variation,3,297,major,test,synthetic
QDEF-003204,FAC-001,2025-06-14,LINE-04,ORD-04-018,STY-027,uneven_stitch,2,297,minor,test,synthetic
QDEF-003205,FAC-001,2025-06-14,LINE-04,ORD-04-018,STY-027,puckering,2,297,minor,test,synthetic
QDEF-003206,FAC-001,2025-06-14,LINE-04,ORD-04-018,STY-027,measurement_variance,3,297,minor,test,synthetic
QDEF-003207,FAC-001,2025-06-15,LINE-04,ORD-04-018,STY-027,skip_stitch,4,346,minor,test,synthetic
QDEF-003208,FAC-001,2025-06-15,LINE-04,ORD-04-018,STY-027,measurement_variance,2,346,major,test,synthetic
QDEF-003209,FAC-001,2025-06-15,LINE-04,ORD-04-018,STY-027,puckering,4,346,minor,test,synthetic
QDEF-003210,FAC-001,2025-06-15,LINE-04,ORD-04-018,STY-027,oil_mark,1,346,major,test,synthetic
QDEF-003211,FAC-001,2025-06-15,LINE-04,ORD-04-018,STY-027,shade_variation,2,346,minor,test,synthetic
QDEF-003212,FAC-001,2025-06-16,LINE-04,ORD-04-018,STY-027,open_seam,1,299,minor,test,synthetic
QDEF-003213,FAC-001,2025-06-16,LINE-04,ORD-04-018,STY-027,measurement_variance,4,299,minor,test,synthetic
QDEF-003214,FAC-001,2025-06-16,LINE-04,ORD-04-018,STY-027,oil_mark,3,299,major,test,synthetic
QDEF-003215,FAC-001,2025-06-16,LINE-04,ORD-04-018,STY-027,puckering,2,299,critical,test,synthetic
QDEF-003216,FAC-001,2025-06-16,LINE-04,ORD-04-018,STY-027,skip_stitch,3,299,critical,test,synthetic
QDEF-003217,FAC-001,2025-06-16,LINE-04,ORD-04-018,STY-027,shade_variation,1,299,minor,test,synthetic
QDEF-003218,FAC-001,2025-06-17,LINE-04,ORD-04-018,STY-027,open_seam,5,380,minor,test,synthetic
QDEF-003219,FAC-001,2025-06-17,LINE-04,ORD-04-018,STY-027,shade_variation,2,380,minor,test,synthetic
QDEF-003220,FAC-001,2025-06-17,LINE-04,ORD-04-018,STY-027,puckering,6,380,minor,test,synthetic
QDEF-003221,FAC-001,2025-06-17,LINE-04,ORD-04-018,STY-027,skip_stitch,2,380,minor,test,synthetic
QDEF-003222,FAC-001,2025-06-17,LINE-04,ORD-04-018,STY-027,measurement_variance,1,380,major,test,synthetic
QDEF-003223,FAC-001,2025-06-17,LINE-04,ORD-04-018,STY-027,oil_mark,2,380,major,test,synthetic
QDEF-003224,FAC-001,2025-06-17,LINE-04,ORD-04-018,STY-027,uneven_stitch,3,380,minor,test,synthetic
QDEF-003225,FAC-001,2025-06-18,LINE-04,ORD-04-018,STY-027,uneven_stitch,5,392,minor,test,synthetic
QDEF-003226,FAC-001,2025-06-18,LINE-04,ORD-04-018,STY-027,measurement_variance,2,392,major,test,synthetic
QDEF-003227,FAC-001,2025-06-18,LINE-04,ORD-04-018,STY-027,puckering,2,392,minor,test,synthetic
QDEF-003228,FAC-001,2025-06-18,LINE-04,ORD-04-018,STY-027,open_seam,6,392,major,test,synthetic
QDEF-003229,FAC-001,2025-06-18,LINE-04,ORD-04-018,STY-027,oil_mark,5,392,major,test,synthetic
QDEF-003230,FAC-001,2025-06-18,LINE-04,ORD-04-018,STY-027,skip_stitch,7,392,major,test,synthetic
QDEF-003231,FAC-001,2025-06-18,LINE-04,ORD-04-018,STY-027,shade_variation,1,392,major,test,synthetic
QDEF-003232,FAC-001,2025-06-19,LINE-04,ORD-04-018,STY-027,skip_stitch,3,277,minor,test,synthetic
QDEF-003233,FAC-001,2025-06-19,LINE-04,ORD-04-018,STY-027,uneven_stitch,1,277,major,test,synthetic
QDEF-003234,FAC-001,2025-06-19,LINE-04,ORD-04-018,STY-027,open_seam,1,277,minor,test,synthetic
QDEF-003235,FAC-001,2025-06-19,LINE-04,ORD-04-018,STY-027,puckering,3,277,major,test,synthetic
QDEF-003236,FAC-001,2025-06-19,LINE-04,ORD-04-018,STY-027,measurement_variance,2,277,minor,test,synthetic
QDEF-003237,FAC-001,2025-06-21,LINE-04,ORD-04-018,STY-027,open_seam,2,368,minor,test,synthetic
QDEF-003238,FAC-001,2025-06-21,LINE-04,ORD-04-018,STY-027,shade_variation,2,368,major,test,synthetic
QDEF-003239,FAC-001,2025-06-21,LINE-04,ORD-04-018,STY-027,measurement_variance,3,368,minor,test,synthetic
QDEF-003240,FAC-001,2025-06-21,LINE-04,ORD-04-018,STY-027,skip_stitch,3,368,minor,test,synthetic
QDEF-003241,FAC-001,2025-06-21,LINE-04,ORD-04-018,STY-027,oil_mark,5,368,major,test,synthetic
QDEF-003242,FAC-001,2025-06-21,LINE-04,ORD-04-018,STY-027,puckering,2,368,minor,test,synthetic
QDEF-003243,FAC-001,2025-06-22,LINE-04,ORD-04-018,STY-027,oil_mark,4,369,critical,test,synthetic
QDEF-003244,FAC-001,2025-06-22,LINE-04,ORD-04-018,STY-027,skip_stitch,4,369,major,test,synthetic
QDEF-003245,FAC-001,2025-06-22,LINE-04,ORD-04-018,STY-027,open_seam,2,369,minor,test,synthetic
QDEF-003246,FAC-001,2025-06-22,LINE-04,ORD-04-018,STY-027,puckering,1,369,major,test,synthetic
QDEF-003247,FAC-001,2025-06-22,LINE-04,ORD-04-018,STY-027,measurement_variance,2,369,major,test,synthetic
QDEF-003248,FAC-001,2025-06-22,LINE-04,ORD-04-018,STY-027,shade_variation,1,369,minor,test,synthetic
QDEF-003249,FAC-001,2025-06-23,LINE-04,ORD-04-019,STY-015,puckering,5,417,minor,test,synthetic
QDEF-003250,FAC-001,2025-06-23,LINE-04,ORD-04-019,STY-015,oil_mark,4,417,major,test,synthetic
QDEF-003251,FAC-001,2025-06-23,LINE-04,ORD-04-019,STY-015,open_seam,2,417,minor,test,synthetic
QDEF-003252,FAC-001,2025-06-23,LINE-04,ORD-04-019,STY-015,uneven_stitch,2,417,minor,test,synthetic
QDEF-003253,FAC-001,2025-06-23,LINE-04,ORD-04-019,STY-015,shade_variation,3,417,major,test,synthetic
QDEF-003254,FAC-001,2025-06-24,LINE-04,ORD-04-019,STY-015,skip_stitch,3,542,minor,test,synthetic
QDEF-003255,FAC-001,2025-06-24,LINE-04,ORD-04-019,STY-015,shade_variation,3,542,minor,test,synthetic
QDEF-003256,FAC-001,2025-06-24,LINE-04,ORD-04-019,STY-015,puckering,2,542,minor,test,synthetic
QDEF-003257,FAC-001,2025-06-24,LINE-04,ORD-04-019,STY-015,open_seam,1,542,minor,test,synthetic
QDEF-003258,FAC-001,2025-06-24,LINE-04,ORD-04-019,STY-015,uneven_stitch,3,542,minor,test,synthetic
QDEF-003259,FAC-001,2025-06-24,LINE-04,ORD-04-019,STY-015,oil_mark,4,542,minor,test,synthetic
QDEF-003260,FAC-001,2025-06-24,LINE-04,ORD-04-019,STY-015,measurement_variance,2,542,major,test,synthetic
QDEF-003261,FAC-001,2025-06-25,LINE-04,ORD-04-019,STY-015,oil_mark,3,503,minor,test,synthetic
QDEF-003262,FAC-001,2025-06-25,LINE-04,ORD-04-019,STY-015,shade_variation,3,503,major,test,synthetic
QDEF-003263,FAC-001,2025-06-25,LINE-04,ORD-04-019,STY-015,measurement_variance,6,503,minor,test,synthetic
QDEF-003264,FAC-001,2025-06-25,LINE-04,ORD-04-019,STY-015,skip_stitch,3,503,minor,test,synthetic
QDEF-003265,FAC-001,2025-06-25,LINE-04,ORD-04-019,STY-015,puckering,3,503,minor,test,synthetic
QDEF-003266,FAC-001,2025-06-25,LINE-04,ORD-04-019,STY-015,uneven_stitch,1,503,minor,test,synthetic
QDEF-003267,FAC-001,2025-06-25,LINE-04,ORD-04-019,STY-015,open_seam,1,503,minor,test,synthetic
QDEF-003268,FAC-001,2025-06-26,LINE-04,ORD-04-019,STY-015,uneven_stitch,4,582,minor,test,synthetic
QDEF-003269,FAC-001,2025-06-26,LINE-04,ORD-04-019,STY-015,puckering,3,582,major,test,synthetic
QDEF-003270,FAC-001,2025-06-26,LINE-04,ORD-04-019,STY-015,open_seam,5,582,minor,test,synthetic
QDEF-003271,FAC-001,2025-06-26,LINE-04,ORD-04-019,STY-015,oil_mark,4,582,minor,test,synthetic
QDEF-003272,FAC-001,2025-06-26,LINE-04,ORD-04-019,STY-015,shade_variation,3,582,minor,test,synthetic
QDEF-003273,FAC-001,2025-06-26,LINE-04,ORD-04-019,STY-015,measurement_variance,2,582,minor,test,synthetic
QDEF-003274,FAC-001,2025-06-28,LINE-04,ORD-04-019,STY-015,skip_stitch,5,447,major,test,synthetic
QDEF-003275,FAC-001,2025-06-28,LINE-04,ORD-04-019,STY-015,uneven_stitch,1,447,major,test,synthetic
QDEF-003276,FAC-001,2025-06-28,LINE-04,ORD-04-019,STY-015,open_seam,6,447,minor,test,synthetic
QDEF-003277,FAC-001,2025-06-28,LINE-04,ORD-04-019,STY-015,measurement_variance,4,447,minor,test,synthetic
QDEF-003278,FAC-001,2025-06-28,LINE-04,ORD-04-019,STY-015,oil_mark,8,447,minor,test,synthetic
QDEF-003279,FAC-001,2025-06-28,LINE-04,ORD-04-019,STY-015,shade_variation,8,447,minor,test,synthetic
QDEF-003280,FAC-001,2025-06-28,LINE-04,ORD-04-019,STY-015,puckering,4,447,major,test,synthetic
QDEF-003281,FAC-001,2025-06-29,LINE-04,ORD-04-019,STY-015,skip_stitch,8,465,minor,test,synthetic
QDEF-003282,FAC-001,2025-06-29,LINE-04,ORD-04-019,STY-015,shade_variation,5,465,minor,test,synthetic
QDEF-003283,FAC-001,2025-06-29,LINE-04,ORD-04-019,STY-015,open_seam,9,465,minor,test,synthetic
QDEF-003284,FAC-001,2025-06-29,LINE-04,ORD-04-019,STY-015,measurement_variance,7,465,major,test,synthetic
QDEF-003285,FAC-001,2025-06-29,LINE-04,ORD-04-019,STY-015,puckering,4,465,minor,test,synthetic
QDEF-003286,FAC-001,2025-06-29,LINE-04,ORD-04-019,STY-015,uneven_stitch,5,465,minor,test,synthetic
QDEF-003287,FAC-001,2025-06-29,LINE-04,ORD-04-019,STY-015,oil_mark,4,465,minor,test,synthetic
QDEF-003288,FAC-001,2025-06-30,LINE-04,ORD-04-019,STY-015,open_seam,6,542,minor,test,synthetic
QDEF-003289,FAC-001,2025-06-30,LINE-04,ORD-04-019,STY-015,uneven_stitch,13,542,major,test,synthetic
QDEF-003290,FAC-001,2025-06-30,LINE-04,ORD-04-019,STY-015,shade_variation,5,542,minor,test,synthetic
QDEF-003291,FAC-001,2025-06-30,LINE-04,ORD-04-019,STY-015,measurement_variance,3,542,minor,test,synthetic
QDEF-003292,FAC-001,2025-06-30,LINE-04,ORD-04-019,STY-015,oil_mark,7,542,minor,test,synthetic
QDEF-003293,FAC-001,2025-06-30,LINE-04,ORD-04-019,STY-015,puckering,5,542,minor,test,synthetic
QDEF-003294,FAC-001,2025-06-30,LINE-04,ORD-04-019,STY-015,skip_stitch,7,542,minor,test,synthetic
QDEF-003295,FAC-001,2025-01-04,LINE-05,ORD-05-001,STY-016,skip_stitch,2,382,major,train,synthetic
QDEF-003296,FAC-001,2025-01-04,LINE-05,ORD-05-001,STY-016,open_seam,4,382,critical,train,synthetic
QDEF-003297,FAC-001,2025-01-04,LINE-05,ORD-05-001,STY-016,measurement_variance,5,382,major,train,synthetic
QDEF-003298,FAC-001,2025-01-04,LINE-05,ORD-05-001,STY-016,uneven_stitch,2,382,minor,train,synthetic
QDEF-003299,FAC-001,2025-01-04,LINE-05,ORD-05-001,STY-016,oil_mark,1,382,minor,train,synthetic
QDEF-003300,FAC-001,2025-01-04,LINE-05,ORD-05-001,STY-016,shade_variation,1,382,major,train,synthetic
QDEF-003301,FAC-001,2025-01-05,LINE-05,ORD-05-001,STY-016,puckering,5,513,major,train,synthetic
QDEF-003302,FAC-001,2025-01-05,LINE-05,ORD-05-001,STY-016,oil_mark,6,513,major,train,synthetic
QDEF-003303,FAC-001,2025-01-05,LINE-05,ORD-05-001,STY-016,uneven_stitch,3,513,minor,train,synthetic
QDEF-003304,FAC-001,2025-01-05,LINE-05,ORD-05-001,STY-016,measurement_variance,5,513,minor,train,synthetic
QDEF-003305,FAC-001,2025-01-05,LINE-05,ORD-05-001,STY-016,shade_variation,1,513,minor,train,synthetic
QDEF-003306,FAC-001,2025-01-05,LINE-05,ORD-05-001,STY-016,open_seam,3,513,minor,train,synthetic
QDEF-003307,FAC-001,2025-01-05,LINE-05,ORD-05-001,STY-016,skip_stitch,2,513,major,train,synthetic
QDEF-003308,FAC-001,2025-01-06,LINE-05,ORD-05-001,STY-016,skip_stitch,7,398,minor,train,synthetic
QDEF-003309,FAC-001,2025-01-06,LINE-05,ORD-05-001,STY-016,shade_variation,3,398,minor,train,synthetic
QDEF-003310,FAC-001,2025-01-06,LINE-05,ORD-05-001,STY-016,open_seam,1,398,minor,train,synthetic
QDEF-003311,FAC-001,2025-01-06,LINE-05,ORD-05-001,STY-016,oil_mark,4,398,major,train,synthetic
QDEF-003312,FAC-001,2025-01-06,LINE-05,ORD-05-001,STY-016,puckering,4,398,minor,train,synthetic
QDEF-003313,FAC-001,2025-01-06,LINE-05,ORD-05-001,STY-016,uneven_stitch,3,398,minor,train,synthetic
QDEF-003314,FAC-001,2025-01-06,LINE-05,ORD-05-001,STY-016,measurement_variance,5,398,major,train,synthetic
QDEF-003315,FAC-001,2025-01-07,LINE-05,ORD-05-001,STY-016,measurement_variance,6,490,minor,train,synthetic
QDEF-003316,FAC-001,2025-01-07,LINE-05,ORD-05-001,STY-016,open_seam,10,490,minor,train,synthetic
QDEF-003317,FAC-001,2025-01-07,LINE-05,ORD-05-001,STY-016,uneven_stitch,3,490,major,train,synthetic
QDEF-003318,FAC-001,2025-01-07,LINE-05,ORD-05-001,STY-016,oil_mark,6,490,critical,train,synthetic
QDEF-003319,FAC-001,2025-01-07,LINE-05,ORD-05-001,STY-016,skip_stitch,4,490,major,train,synthetic
QDEF-003320,FAC-001,2025-01-07,LINE-05,ORD-05-001,STY-016,shade_variation,4,490,minor,train,synthetic
QDEF-003321,FAC-001,2025-01-07,LINE-05,ORD-05-001,STY-016,puckering,3,490,minor,train,synthetic
QDEF-003322,FAC-001,2025-01-08,LINE-05,ORD-05-001,STY-016,skip_stitch,3,576,major,train,synthetic
QDEF-003323,FAC-001,2025-01-08,LINE-05,ORD-05-001,STY-016,open_seam,2,576,minor,train,synthetic
QDEF-003324,FAC-001,2025-01-08,LINE-05,ORD-05-001,STY-016,uneven_stitch,2,576,major,train,synthetic
QDEF-003325,FAC-001,2025-01-08,LINE-05,ORD-05-001,STY-016,measurement_variance,1,576,major,train,synthetic
QDEF-003326,FAC-001,2025-01-08,LINE-05,ORD-05-001,STY-016,shade_variation,4,576,major,train,synthetic
QDEF-003327,FAC-001,2025-01-08,LINE-05,ORD-05-001,STY-016,puckering,9,576,minor,train,synthetic
QDEF-003328,FAC-001,2025-01-09,LINE-05,ORD-05-001,STY-016,skip_stitch,4,535,major,train,synthetic
QDEF-003329,FAC-001,2025-01-09,LINE-05,ORD-05-001,STY-016,open_seam,5,535,minor,train,synthetic
QDEF-003330,FAC-001,2025-01-09,LINE-05,ORD-05-001,STY-016,oil_mark,5,535,minor,train,synthetic
QDEF-003331,FAC-001,2025-01-09,LINE-05,ORD-05-001,STY-016,measurement_variance,5,535,minor,train,synthetic
QDEF-003332,FAC-001,2025-01-09,LINE-05,ORD-05-001,STY-016,puckering,4,535,minor,train,synthetic
QDEF-003333,FAC-001,2025-01-09,LINE-05,ORD-05-001,STY-016,shade_variation,2,535,minor,train,synthetic
QDEF-003334,FAC-001,2025-01-09,LINE-05,ORD-05-001,STY-016,uneven_stitch,2,535,minor,train,synthetic
QDEF-003335,FAC-001,2025-01-11,LINE-05,ORD-05-001,STY-016,oil_mark,7,546,minor,train,synthetic
QDEF-003336,FAC-001,2025-01-11,LINE-05,ORD-05-001,STY-016,skip_stitch,4,546,minor,train,synthetic
QDEF-003337,FAC-001,2025-01-11,LINE-05,ORD-05-001,STY-016,measurement_variance,2,546,major,train,synthetic
QDEF-003338,FAC-001,2025-01-11,LINE-05,ORD-05-001,STY-016,puckering,3,546,minor,train,synthetic
QDEF-003339,FAC-001,2025-01-11,LINE-05,ORD-05-001,STY-016,shade_variation,1,546,minor,train,synthetic
QDEF-003340,FAC-001,2025-01-11,LINE-05,ORD-05-001,STY-016,open_seam,1,546,minor,train,synthetic
QDEF-003341,FAC-001,2025-01-11,LINE-05,ORD-05-001,STY-016,uneven_stitch,2,546,critical,train,synthetic
QDEF-003342,FAC-001,2025-01-12,LINE-05,ORD-05-001,STY-016,uneven_stitch,3,528,minor,train,synthetic
QDEF-003343,FAC-001,2025-01-12,LINE-05,ORD-05-001,STY-016,oil_mark,5,528,minor,train,synthetic
QDEF-003344,FAC-001,2025-01-12,LINE-05,ORD-05-001,STY-016,puckering,6,528,critical,train,synthetic
QDEF-003345,FAC-001,2025-01-12,LINE-05,ORD-05-001,STY-016,shade_variation,2,528,major,train,synthetic
QDEF-003346,FAC-001,2025-01-12,LINE-05,ORD-05-001,STY-016,skip_stitch,2,528,minor,train,synthetic
QDEF-003347,FAC-001,2025-01-12,LINE-05,ORD-05-001,STY-016,measurement_variance,10,528,major,train,synthetic
QDEF-003348,FAC-001,2025-01-12,LINE-05,ORD-05-001,STY-016,open_seam,4,528,minor,train,synthetic
QDEF-003349,FAC-001,2025-01-13,LINE-05,ORD-05-001,STY-016,skip_stitch,6,419,minor,train,synthetic
QDEF-003350,FAC-001,2025-01-13,LINE-05,ORD-05-001,STY-016,open_seam,3,419,minor,train,synthetic
QDEF-003351,FAC-001,2025-01-13,LINE-05,ORD-05-001,STY-016,shade_variation,4,419,minor,train,synthetic
QDEF-003352,FAC-001,2025-01-13,LINE-05,ORD-05-001,STY-016,measurement_variance,2,419,minor,train,synthetic
QDEF-003353,FAC-001,2025-01-13,LINE-05,ORD-05-001,STY-016,uneven_stitch,4,419,minor,train,synthetic
QDEF-003354,FAC-001,2025-01-13,LINE-05,ORD-05-001,STY-016,oil_mark,2,419,minor,train,synthetic
QDEF-003355,FAC-001,2025-01-13,LINE-05,ORD-05-001,STY-016,puckering,2,419,minor,train,synthetic
QDEF-003356,FAC-001,2025-01-14,LINE-05,ORD-05-001,STY-016,uneven_stitch,6,555,minor,train,synthetic
QDEF-003357,FAC-001,2025-01-14,LINE-05,ORD-05-001,STY-016,skip_stitch,6,555,major,train,synthetic
QDEF-003358,FAC-001,2025-01-14,LINE-05,ORD-05-001,STY-016,oil_mark,3,555,major,train,synthetic
QDEF-003359,FAC-001,2025-01-14,LINE-05,ORD-05-001,STY-016,open_seam,4,555,critical,train,synthetic
QDEF-003360,FAC-001,2025-01-14,LINE-05,ORD-05-001,STY-016,shade_variation,6,555,minor,train,synthetic
QDEF-003361,FAC-001,2025-01-14,LINE-05,ORD-05-001,STY-016,puckering,1,555,minor,train,synthetic
QDEF-003362,FAC-001,2025-01-14,LINE-05,ORD-05-001,STY-016,measurement_variance,1,555,minor,train,synthetic
QDEF-003363,FAC-001,2025-01-15,LINE-05,ORD-05-001,STY-016,skip_stitch,2,420,minor,train,synthetic
QDEF-003364,FAC-001,2025-01-15,LINE-05,ORD-05-001,STY-016,shade_variation,3,420,minor,train,synthetic
QDEF-003365,FAC-001,2025-01-15,LINE-05,ORD-05-001,STY-016,measurement_variance,4,420,minor,train,synthetic
QDEF-003366,FAC-001,2025-01-15,LINE-05,ORD-05-001,STY-016,puckering,1,420,minor,train,synthetic
QDEF-003367,FAC-001,2025-01-15,LINE-05,ORD-05-001,STY-016,oil_mark,1,420,minor,train,synthetic
QDEF-003368,FAC-001,2025-01-15,LINE-05,ORD-05-001,STY-016,open_seam,5,420,minor,train,synthetic
QDEF-003369,FAC-001,2025-01-15,LINE-05,ORD-05-001,STY-016,uneven_stitch,2,420,minor,train,synthetic
QDEF-003370,FAC-001,2025-01-16,LINE-05,ORD-05-001,STY-016,skip_stitch,1,283,minor,train,synthetic
QDEF-003371,FAC-001,2025-01-16,LINE-05,ORD-05-001,STY-016,shade_variation,2,283,minor,train,synthetic
QDEF-003372,FAC-001,2025-01-16,LINE-05,ORD-05-001,STY-016,puckering,4,283,minor,train,synthetic
QDEF-003373,FAC-001,2025-01-16,LINE-05,ORD-05-001,STY-016,open_seam,1,283,minor,train,synthetic
QDEF-003374,FAC-001,2025-01-16,LINE-05,ORD-05-001,STY-016,measurement_variance,2,283,major,train,synthetic
QDEF-003375,FAC-001,2025-01-16,LINE-05,ORD-05-001,STY-016,uneven_stitch,2,283,minor,train,synthetic
QDEF-003376,FAC-001,2025-01-16,LINE-05,ORD-05-001,STY-016,oil_mark,1,283,major,train,synthetic
QDEF-003377,FAC-001,2025-01-18,LINE-05,ORD-05-002,STY-027,shade_variation,1,235,major,train,synthetic
QDEF-003378,FAC-001,2025-01-18,LINE-05,ORD-05-002,STY-027,skip_stitch,3,235,minor,train,synthetic
QDEF-003379,FAC-001,2025-01-18,LINE-05,ORD-05-002,STY-027,open_seam,2,235,minor,train,synthetic
QDEF-003380,FAC-001,2025-01-18,LINE-05,ORD-05-002,STY-027,measurement_variance,3,235,major,train,synthetic
QDEF-003381,FAC-001,2025-01-19,LINE-05,ORD-05-002,STY-027,open_seam,5,311,major,train,synthetic
QDEF-003382,FAC-001,2025-01-19,LINE-05,ORD-05-002,STY-027,uneven_stitch,4,311,major,train,synthetic
QDEF-003383,FAC-001,2025-01-19,LINE-05,ORD-05-002,STY-027,shade_variation,2,311,major,train,synthetic
QDEF-003384,FAC-001,2025-01-19,LINE-05,ORD-05-002,STY-027,puckering,3,311,minor,train,synthetic
QDEF-003385,FAC-001,2025-01-19,LINE-05,ORD-05-002,STY-027,measurement_variance,3,311,minor,train,synthetic
QDEF-003386,FAC-001,2025-01-19,LINE-05,ORD-05-002,STY-027,oil_mark,1,311,major,train,synthetic
QDEF-003387,FAC-001,2025-01-19,LINE-05,ORD-05-002,STY-027,skip_stitch,2,311,major,train,synthetic
QDEF-003388,FAC-001,2025-01-20,LINE-05,ORD-05-002,STY-027,uneven_stitch,4,364,minor,train,synthetic
QDEF-003389,FAC-001,2025-01-20,LINE-05,ORD-05-002,STY-027,oil_mark,4,364,major,train,synthetic
QDEF-003390,FAC-001,2025-01-20,LINE-05,ORD-05-002,STY-027,skip_stitch,2,364,major,train,synthetic
QDEF-003391,FAC-001,2025-01-20,LINE-05,ORD-05-002,STY-027,open_seam,2,364,minor,train,synthetic
QDEF-003392,FAC-001,2025-01-20,LINE-05,ORD-05-002,STY-027,shade_variation,5,364,major,train,synthetic
QDEF-003393,FAC-001,2025-01-20,LINE-05,ORD-05-002,STY-027,puckering,2,364,major,train,synthetic
QDEF-003394,FAC-001,2025-01-20,LINE-05,ORD-05-002,STY-027,measurement_variance,2,364,minor,train,synthetic
QDEF-003395,FAC-001,2025-01-21,LINE-05,ORD-05-002,STY-027,open_seam,4,319,minor,train,synthetic
QDEF-003396,FAC-001,2025-01-21,LINE-05,ORD-05-002,STY-027,uneven_stitch,4,319,minor,train,synthetic
QDEF-003397,FAC-001,2025-01-21,LINE-05,ORD-05-002,STY-027,oil_mark,6,319,major,train,synthetic
QDEF-003398,FAC-001,2025-01-21,LINE-05,ORD-05-002,STY-027,shade_variation,6,319,minor,train,synthetic
QDEF-003399,FAC-001,2025-01-21,LINE-05,ORD-05-002,STY-027,measurement_variance,4,319,major,train,synthetic
QDEF-003400,FAC-001,2025-01-21,LINE-05,ORD-05-002,STY-027,skip_stitch,3,319,critical,train,synthetic
QDEF-003401,FAC-001,2025-01-21,LINE-05,ORD-05-002,STY-027,puckering,2,319,minor,train,synthetic
QDEF-003402,FAC-001,2025-01-22,LINE-05,ORD-05-002,STY-027,skip_stitch,5,299,major,train,synthetic
QDEF-003403,FAC-001,2025-01-22,LINE-05,ORD-05-002,STY-027,open_seam,3,299,minor,train,synthetic
QDEF-003404,FAC-001,2025-01-22,LINE-05,ORD-05-002,STY-027,measurement_variance,4,299,minor,train,synthetic
QDEF-003405,FAC-001,2025-01-22,LINE-05,ORD-05-002,STY-027,oil_mark,2,299,minor,train,synthetic
QDEF-003406,FAC-001,2025-01-22,LINE-05,ORD-05-002,STY-027,shade_variation,2,299,major,train,synthetic
QDEF-003407,FAC-001,2025-01-22,LINE-05,ORD-05-002,STY-027,puckering,1,299,minor,train,synthetic
QDEF-003408,FAC-001,2025-01-22,LINE-05,ORD-05-002,STY-027,uneven_stitch,1,299,minor,train,synthetic
QDEF-003409,FAC-001,2025-01-23,LINE-05,ORD-05-002,STY-027,uneven_stitch,3,380,major,train,synthetic
QDEF-003410,FAC-001,2025-01-23,LINE-05,ORD-05-002,STY-027,puckering,2,380,major,train,synthetic
QDEF-003411,FAC-001,2025-01-23,LINE-05,ORD-05-002,STY-027,measurement_variance,2,380,minor,train,synthetic
QDEF-003412,FAC-001,2025-01-23,LINE-05,ORD-05-002,STY-027,oil_mark,3,380,minor,train,synthetic
QDEF-003413,FAC-001,2025-01-23,LINE-05,ORD-05-002,STY-027,open_seam,1,380,minor,train,synthetic
QDEF-003414,FAC-001,2025-01-23,LINE-05,ORD-05-002,STY-027,skip_stitch,1,380,minor,train,synthetic
QDEF-003415,FAC-001,2025-01-23,LINE-05,ORD-05-002,STY-027,shade_variation,1,380,minor,train,synthetic
QDEF-003416,FAC-001,2025-01-25,LINE-05,ORD-05-002,STY-027,uneven_stitch,3,347,major,train,synthetic
QDEF-003417,FAC-001,2025-01-25,LINE-05,ORD-05-002,STY-027,measurement_variance,3,347,minor,train,synthetic
QDEF-003418,FAC-001,2025-01-25,LINE-05,ORD-05-002,STY-027,skip_stitch,2,347,minor,train,synthetic
QDEF-003419,FAC-001,2025-01-25,LINE-05,ORD-05-002,STY-027,open_seam,2,347,minor,train,synthetic
QDEF-003420,FAC-001,2025-01-25,LINE-05,ORD-05-002,STY-027,puckering,2,347,minor,train,synthetic
QDEF-003421,FAC-001,2025-01-25,LINE-05,ORD-05-002,STY-027,oil_mark,1,347,minor,train,synthetic
QDEF-003422,FAC-001,2025-01-26,LINE-05,ORD-05-002,STY-027,uneven_stitch,5,351,minor,train,synthetic
QDEF-003423,FAC-001,2025-01-26,LINE-05,ORD-05-002,STY-027,oil_mark,2,351,minor,train,synthetic
QDEF-003424,FAC-001,2025-01-26,LINE-05,ORD-05-002,STY-027,puckering,4,351,major,train,synthetic
QDEF-003425,FAC-001,2025-01-26,LINE-05,ORD-05-002,STY-027,skip_stitch,1,351,critical,train,synthetic
QDEF-003426,FAC-001,2025-01-26,LINE-05,ORD-05-002,STY-027,open_seam,2,351,minor,train,synthetic
QDEF-003427,FAC-001,2025-01-26,LINE-05,ORD-05-002,STY-027,shade_variation,2,351,major,train,synthetic
QDEF-003428,FAC-001,2025-01-26,LINE-05,ORD-05-002,STY-027,measurement_variance,2,351,minor,train,synthetic
QDEF-003429,FAC-001,2025-01-27,LINE-05,ORD-05-002,STY-027,skip_stitch,3,307,major,train,synthetic
QDEF-003430,FAC-001,2025-01-27,LINE-05,ORD-05-002,STY-027,uneven_stitch,2,307,minor,train,synthetic
QDEF-003431,FAC-001,2025-01-27,LINE-05,ORD-05-002,STY-027,oil_mark,1,307,minor,train,synthetic
QDEF-003432,FAC-001,2025-01-27,LINE-05,ORD-05-002,STY-027,shade_variation,3,307,minor,train,synthetic
QDEF-003433,FAC-001,2025-01-27,LINE-05,ORD-05-002,STY-027,measurement_variance,2,307,minor,train,synthetic
QDEF-003434,FAC-001,2025-01-27,LINE-05,ORD-05-002,STY-027,open_seam,2,307,minor,train,synthetic
QDEF-003435,FAC-001,2025-01-29,LINE-05,ORD-05-003,STY-031,puckering,1,319,major,train,synthetic
QDEF-003436,FAC-001,2025-01-29,LINE-05,ORD-05-003,STY-031,oil_mark,1,319,minor,train,synthetic
QDEF-003437,FAC-001,2025-01-29,LINE-05,ORD-05-003,STY-031,uneven_stitch,3,319,minor,train,synthetic
QDEF-003438,FAC-001,2025-01-29,LINE-05,ORD-05-003,STY-031,shade_variation,2,319,minor,train,synthetic
QDEF-003439,FAC-001,2025-01-29,LINE-05,ORD-05-003,STY-031,skip_stitch,1,319,minor,train,synthetic
QDEF-003440,FAC-001,2025-01-29,LINE-05,ORD-05-003,STY-031,measurement_variance,2,319,minor,train,synthetic
QDEF-003441,FAC-001,2025-01-30,LINE-05,ORD-05-003,STY-031,puckering,2,402,minor,train,synthetic
QDEF-003442,FAC-001,2025-01-30,LINE-05,ORD-05-003,STY-031,skip_stitch,2,402,major,train,synthetic
QDEF-003443,FAC-001,2025-01-30,LINE-05,ORD-05-003,STY-031,measurement_variance,1,402,minor,train,synthetic
QDEF-003444,FAC-001,2025-01-30,LINE-05,ORD-05-003,STY-031,oil_mark,2,402,major,train,synthetic
QDEF-003445,FAC-001,2025-01-30,LINE-05,ORD-05-003,STY-031,open_seam,1,402,major,train,synthetic
QDEF-003446,FAC-001,2025-01-30,LINE-05,ORD-05-003,STY-031,uneven_stitch,1,402,minor,train,synthetic
QDEF-003447,FAC-001,2025-02-01,LINE-05,ORD-05-003,STY-031,shade_variation,3,422,minor,train,synthetic
QDEF-003448,FAC-001,2025-02-01,LINE-05,ORD-05-003,STY-031,open_seam,3,422,minor,train,synthetic
QDEF-003449,FAC-001,2025-02-01,LINE-05,ORD-05-003,STY-031,measurement_variance,3,422,minor,train,synthetic
QDEF-003450,FAC-001,2025-02-01,LINE-05,ORD-05-003,STY-031,oil_mark,1,422,minor,train,synthetic
QDEF-003451,FAC-001,2025-02-01,LINE-05,ORD-05-003,STY-031,uneven_stitch,1,422,minor,train,synthetic
QDEF-003452,FAC-001,2025-02-01,LINE-05,ORD-05-003,STY-031,skip_stitch,1,422,major,train,synthetic
QDEF-003453,FAC-001,2025-02-01,LINE-05,ORD-05-003,STY-031,puckering,1,422,major,train,synthetic
QDEF-003454,FAC-001,2025-02-02,LINE-05,ORD-05-003,STY-031,oil_mark,3,425,minor,train,synthetic
QDEF-003455,FAC-001,2025-02-02,LINE-05,ORD-05-003,STY-031,uneven_stitch,5,425,minor,train,synthetic
QDEF-003456,FAC-001,2025-02-02,LINE-05,ORD-05-003,STY-031,skip_stitch,2,425,major,train,synthetic
QDEF-003457,FAC-001,2025-02-02,LINE-05,ORD-05-003,STY-031,shade_variation,2,425,minor,train,synthetic
QDEF-003458,FAC-001,2025-02-02,LINE-05,ORD-05-003,STY-031,puckering,5,425,minor,train,synthetic
QDEF-003459,FAC-001,2025-02-02,LINE-05,ORD-05-003,STY-031,open_seam,4,425,major,train,synthetic
QDEF-003460,FAC-001,2025-02-02,LINE-05,ORD-05-003,STY-031,measurement_variance,4,425,minor,train,synthetic
QDEF-003461,FAC-001,2025-02-03,LINE-05,ORD-05-003,STY-031,shade_variation,1,398,minor,train,synthetic
QDEF-003462,FAC-001,2025-02-03,LINE-05,ORD-05-003,STY-031,puckering,6,398,minor,train,synthetic
QDEF-003463,FAC-001,2025-02-03,LINE-05,ORD-05-003,STY-031,skip_stitch,1,398,minor,train,synthetic
QDEF-003464,FAC-001,2025-02-03,LINE-05,ORD-05-003,STY-031,uneven_stitch,2,398,major,train,synthetic
QDEF-003465,FAC-001,2025-02-03,LINE-05,ORD-05-003,STY-031,measurement_variance,1,398,minor,train,synthetic
QDEF-003466,FAC-001,2025-02-04,LINE-05,ORD-05-003,STY-031,shade_variation,2,424,minor,train,synthetic
QDEF-003467,FAC-001,2025-02-04,LINE-05,ORD-05-003,STY-031,open_seam,4,424,major,train,synthetic
QDEF-003468,FAC-001,2025-02-04,LINE-05,ORD-05-003,STY-031,oil_mark,1,424,minor,train,synthetic
QDEF-003469,FAC-001,2025-02-04,LINE-05,ORD-05-003,STY-031,skip_stitch,4,424,critical,train,synthetic
QDEF-003470,FAC-001,2025-02-04,LINE-05,ORD-05-003,STY-031,puckering,3,424,critical,train,synthetic
QDEF-003471,FAC-001,2025-02-04,LINE-05,ORD-05-003,STY-031,measurement_variance,1,424,minor,train,synthetic
QDEF-003472,FAC-001,2025-02-05,LINE-05,ORD-05-003,STY-031,open_seam,1,113,major,train,synthetic
QDEF-003473,FAC-001,2025-02-05,LINE-05,ORD-05-003,STY-031,shade_variation,1,113,minor,train,synthetic
QDEF-003474,FAC-001,2025-02-05,LINE-05,ORD-05-003,STY-031,oil_mark,1,113,critical,train,synthetic
QDEF-003475,FAC-001,2025-02-05,LINE-05,ORD-05-003,STY-031,puckering,1,113,minor,train,synthetic
QDEF-003476,FAC-001,2025-02-08,LINE-05,ORD-05-004,STY-011,uneven_stitch,3,271,major,train,synthetic
QDEF-003477,FAC-001,2025-02-08,LINE-05,ORD-05-004,STY-011,oil_mark,1,271,minor,train,synthetic
QDEF-003478,FAC-001,2025-02-08,LINE-05,ORD-05-004,STY-011,shade_variation,1,271,minor,train,synthetic
QDEF-003479,FAC-001,2025-02-08,LINE-05,ORD-05-004,STY-011,skip_stitch,1,271,minor,train,synthetic
QDEF-003480,FAC-001,2025-02-08,LINE-05,ORD-05-004,STY-011,puckering,1,271,major,train,synthetic
QDEF-003481,FAC-001,2025-02-09,LINE-05,ORD-05-004,STY-011,open_seam,6,353,minor,train,synthetic
QDEF-003482,FAC-001,2025-02-09,LINE-05,ORD-05-004,STY-011,measurement_variance,1,353,minor,train,synthetic
QDEF-003483,FAC-001,2025-02-09,LINE-05,ORD-05-004,STY-011,skip_stitch,1,353,minor,train,synthetic
QDEF-003484,FAC-001,2025-02-09,LINE-05,ORD-05-004,STY-011,puckering,2,353,minor,train,synthetic
QDEF-003485,FAC-001,2025-02-09,LINE-05,ORD-05-004,STY-011,oil_mark,3,353,minor,train,synthetic
QDEF-003486,FAC-001,2025-02-09,LINE-05,ORD-05-004,STY-011,uneven_stitch,2,353,minor,train,synthetic
QDEF-003487,FAC-001,2025-02-10,LINE-05,ORD-05-004,STY-011,uneven_stitch,6,353,minor,train,synthetic
QDEF-003488,FAC-001,2025-02-10,LINE-05,ORD-05-004,STY-011,puckering,2,353,minor,train,synthetic
QDEF-003489,FAC-001,2025-02-10,LINE-05,ORD-05-004,STY-011,measurement_variance,3,353,minor,train,synthetic
QDEF-003490,FAC-001,2025-02-10,LINE-05,ORD-05-004,STY-011,shade_variation,3,353,critical,train,synthetic
QDEF-003491,FAC-001,2025-02-10,LINE-05,ORD-05-004,STY-011,skip_stitch,3,353,minor,train,synthetic
QDEF-003492,FAC-001,2025-02-10,LINE-05,ORD-05-004,STY-011,oil_mark,2,353,minor,train,synthetic
QDEF-003493,FAC-001,2025-02-10,LINE-05,ORD-05-004,STY-011,open_seam,1,353,major,train,synthetic
QDEF-003494,FAC-001,2025-02-11,LINE-05,ORD-05-004,STY-011,oil_mark,3,383,minor,train,synthetic
QDEF-003495,FAC-001,2025-02-11,LINE-05,ORD-05-004,STY-011,puckering,2,383,major,train,synthetic
QDEF-003496,FAC-001,2025-02-11,LINE-05,ORD-05-004,STY-011,skip_stitch,1,383,major,train,synthetic
QDEF-003497,FAC-001,2025-02-11,LINE-05,ORD-05-004,STY-011,open_seam,1,383,minor,train,synthetic
QDEF-003498,FAC-001,2025-02-11,LINE-05,ORD-05-004,STY-011,shade_variation,2,383,minor,train,synthetic
QDEF-003499,FAC-001,2025-02-11,LINE-05,ORD-05-004,STY-011,measurement_variance,3,383,minor,train,synthetic
QDEF-003500,FAC-001,2025-02-12,LINE-05,ORD-05-004,STY-011,shade_variation,2,343,minor,train,synthetic
QDEF-003501,FAC-001,2025-02-12,LINE-05,ORD-05-004,STY-011,puckering,4,343,major,train,synthetic
QDEF-003502,FAC-001,2025-02-12,LINE-05,ORD-05-004,STY-011,oil_mark,2,343,minor,train,synthetic
QDEF-003503,FAC-001,2025-02-12,LINE-05,ORD-05-004,STY-011,skip_stitch,1,343,minor,train,synthetic
QDEF-003504,FAC-001,2025-02-12,LINE-05,ORD-05-004,STY-011,measurement_variance,1,343,critical,train,synthetic
QDEF-003505,FAC-001,2025-02-12,LINE-05,ORD-05-004,STY-011,uneven_stitch,2,343,minor,train,synthetic
QDEF-003506,FAC-001,2025-02-13,LINE-05,ORD-05-004,STY-011,skip_stitch,2,353,minor,train,synthetic
QDEF-003507,FAC-001,2025-02-13,LINE-05,ORD-05-004,STY-011,uneven_stitch,4,353,minor,train,synthetic
QDEF-003508,FAC-001,2025-02-13,LINE-05,ORD-05-004,STY-011,oil_mark,9,353,minor,train,synthetic
QDEF-003509,FAC-001,2025-02-13,LINE-05,ORD-05-004,STY-011,open_seam,1,353,minor,train,synthetic
QDEF-003510,FAC-001,2025-02-13,LINE-05,ORD-05-004,STY-011,measurement_variance,2,353,minor,train,synthetic
QDEF-003511,FAC-001,2025-02-13,LINE-05,ORD-05-004,STY-011,puckering,3,353,minor,train,synthetic
QDEF-003512,FAC-001,2025-02-13,LINE-05,ORD-05-004,STY-011,shade_variation,3,353,major,train,synthetic
QDEF-003513,FAC-001,2025-02-15,LINE-05,ORD-05-004,STY-011,puckering,4,258,minor,train,synthetic
QDEF-003514,FAC-001,2025-02-15,LINE-05,ORD-05-004,STY-011,oil_mark,1,258,minor,train,synthetic
QDEF-003515,FAC-001,2025-02-15,LINE-05,ORD-05-004,STY-011,uneven_stitch,1,258,minor,train,synthetic
QDEF-003516,FAC-001,2025-02-15,LINE-05,ORD-05-004,STY-011,measurement_variance,1,258,minor,train,synthetic
QDEF-003517,FAC-001,2025-02-15,LINE-05,ORD-05-004,STY-011,skip_stitch,2,258,minor,train,synthetic
QDEF-003518,FAC-001,2025-02-16,LINE-05,ORD-05-004,STY-011,puckering,1,72,minor,train,synthetic
QDEF-003519,FAC-001,2025-02-16,LINE-05,ORD-05-004,STY-011,uneven_stitch,1,72,minor,train,synthetic
QDEF-003520,FAC-001,2025-02-18,LINE-05,ORD-05-005,STY-025,oil_mark,3,242,major,train,synthetic
QDEF-003521,FAC-001,2025-02-18,LINE-05,ORD-05-005,STY-025,shade_variation,1,242,minor,train,synthetic
QDEF-003522,FAC-001,2025-02-18,LINE-05,ORD-05-005,STY-025,measurement_variance,3,242,major,train,synthetic
QDEF-003523,FAC-001,2025-02-18,LINE-05,ORD-05-005,STY-025,puckering,2,242,minor,train,synthetic
QDEF-003524,FAC-001,2025-02-18,LINE-05,ORD-05-005,STY-025,uneven_stitch,2,242,minor,train,synthetic
QDEF-003525,FAC-001,2025-02-19,LINE-05,ORD-05-005,STY-025,shade_variation,3,375,minor,train,synthetic
QDEF-003526,FAC-001,2025-02-19,LINE-05,ORD-05-005,STY-025,skip_stitch,3,375,minor,train,synthetic
QDEF-003527,FAC-001,2025-02-19,LINE-05,ORD-05-005,STY-025,uneven_stitch,1,375,major,train,synthetic
QDEF-003528,FAC-001,2025-02-19,LINE-05,ORD-05-005,STY-025,oil_mark,2,375,minor,train,synthetic
QDEF-003529,FAC-001,2025-02-19,LINE-05,ORD-05-005,STY-025,puckering,2,375,major,train,synthetic
QDEF-003530,FAC-001,2025-02-20,LINE-05,ORD-05-005,STY-025,skip_stitch,3,205,minor,train,synthetic
QDEF-003531,FAC-001,2025-02-20,LINE-05,ORD-05-005,STY-025,puckering,1,205,major,train,synthetic
QDEF-003532,FAC-001,2025-02-20,LINE-05,ORD-05-005,STY-025,uneven_stitch,1,205,major,train,synthetic
QDEF-003533,FAC-001,2025-02-22,LINE-05,ORD-05-005,STY-025,oil_mark,6,349,minor,train,synthetic
QDEF-003534,FAC-001,2025-02-22,LINE-05,ORD-05-005,STY-025,puckering,2,349,minor,train,synthetic
QDEF-003535,FAC-001,2025-02-22,LINE-05,ORD-05-005,STY-025,open_seam,1,349,major,train,synthetic
QDEF-003536,FAC-001,2025-02-22,LINE-05,ORD-05-005,STY-025,uneven_stitch,2,349,minor,train,synthetic
QDEF-003537,FAC-001,2025-02-22,LINE-05,ORD-05-005,STY-025,shade_variation,1,349,major,train,synthetic
QDEF-003538,FAC-001,2025-02-23,LINE-05,ORD-05-005,STY-025,oil_mark,2,406,minor,train,synthetic
QDEF-003539,FAC-001,2025-02-23,LINE-05,ORD-05-005,STY-025,skip_stitch,2,406,minor,train,synthetic
QDEF-003540,FAC-001,2025-02-23,LINE-05,ORD-05-005,STY-025,measurement_variance,3,406,major,train,synthetic
QDEF-003541,FAC-001,2025-02-23,LINE-05,ORD-05-005,STY-025,shade_variation,3,406,minor,train,synthetic
QDEF-003542,FAC-001,2025-02-23,LINE-05,ORD-05-005,STY-025,puckering,3,406,minor,train,synthetic
QDEF-003543,FAC-001,2025-02-23,LINE-05,ORD-05-005,STY-025,uneven_stitch,1,406,minor,train,synthetic
QDEF-003544,FAC-001,2025-02-24,LINE-05,ORD-05-005,STY-025,oil_mark,1,402,minor,train,synthetic
QDEF-003545,FAC-001,2025-02-24,LINE-05,ORD-05-005,STY-025,shade_variation,2,402,minor,train,synthetic
QDEF-003546,FAC-001,2025-02-24,LINE-05,ORD-05-005,STY-025,open_seam,5,402,minor,train,synthetic
QDEF-003547,FAC-001,2025-02-24,LINE-05,ORD-05-005,STY-025,puckering,1,402,minor,train,synthetic
QDEF-003548,FAC-001,2025-02-24,LINE-05,ORD-05-005,STY-025,measurement_variance,2,402,critical,train,synthetic
QDEF-003549,FAC-001,2025-02-24,LINE-05,ORD-05-005,STY-025,uneven_stitch,2,402,minor,train,synthetic
QDEF-003550,FAC-001,2025-02-24,LINE-05,ORD-05-005,STY-025,skip_stitch,1,402,major,train,synthetic
QDEF-003551,FAC-001,2025-02-25,LINE-05,ORD-05-005,STY-025,oil_mark,3,390,minor,train,synthetic
QDEF-003552,FAC-001,2025-02-25,LINE-05,ORD-05-005,STY-025,uneven_stitch,4,390,minor,train,synthetic
QDEF-003553,FAC-001,2025-02-25,LINE-05,ORD-05-005,STY-025,measurement_variance,1,390,minor,train,synthetic
QDEF-003554,FAC-001,2025-02-25,LINE-05,ORD-05-005,STY-025,skip_stitch,2,390,minor,train,synthetic
QDEF-003555,FAC-001,2025-02-25,LINE-05,ORD-05-005,STY-025,puckering,3,390,minor,train,synthetic
QDEF-003556,FAC-001,2025-02-25,LINE-05,ORD-05-005,STY-025,open_seam,1,390,minor,train,synthetic
QDEF-003557,FAC-001,2025-02-25,LINE-05,ORD-05-005,STY-025,shade_variation,1,390,minor,train,synthetic
QDEF-003558,FAC-001,2025-02-26,LINE-05,ORD-05-005,STY-025,open_seam,4,392,minor,train,synthetic
QDEF-003559,FAC-001,2025-02-26,LINE-05,ORD-05-005,STY-025,skip_stitch,5,392,major,train,synthetic
QDEF-003560,FAC-001,2025-02-26,LINE-05,ORD-05-005,STY-025,measurement_variance,2,392,major,train,synthetic
QDEF-003561,FAC-001,2025-02-26,LINE-05,ORD-05-005,STY-025,shade_variation,2,392,minor,train,synthetic
QDEF-003562,FAC-001,2025-02-26,LINE-05,ORD-05-005,STY-025,puckering,2,392,critical,train,synthetic
QDEF-003563,FAC-001,2025-02-26,LINE-05,ORD-05-005,STY-025,oil_mark,2,392,major,train,synthetic
QDEF-003564,FAC-001,2025-02-27,LINE-05,ORD-05-005,STY-025,shade_variation,1,75,major,train,synthetic
QDEF-003565,FAC-001,2025-02-27,LINE-05,ORD-05-005,STY-025,skip_stitch,1,75,minor,train,synthetic
QDEF-003566,FAC-001,2025-02-27,LINE-05,ORD-05-005,STY-025,open_seam,1,75,minor,train,synthetic
QDEF-003567,FAC-001,2025-02-27,LINE-05,ORD-05-005,STY-025,uneven_stitch,1,75,minor,train,synthetic
QDEF-003568,FAC-001,2025-03-01,LINE-05,ORD-05-006,STY-028,open_seam,3,215,minor,train,synthetic
QDEF-003569,FAC-001,2025-03-01,LINE-05,ORD-05-006,STY-028,skip_stitch,3,215,critical,train,synthetic
QDEF-003570,FAC-001,2025-03-01,LINE-05,ORD-05-006,STY-028,measurement_variance,3,215,minor,train,synthetic
QDEF-003571,FAC-001,2025-03-01,LINE-05,ORD-05-006,STY-028,oil_mark,2,215,major,train,synthetic
QDEF-003572,FAC-001,2025-03-01,LINE-05,ORD-05-006,STY-028,shade_variation,3,215,minor,train,synthetic
QDEF-003573,FAC-001,2025-03-01,LINE-05,ORD-05-006,STY-028,puckering,1,215,minor,train,synthetic
QDEF-003574,FAC-001,2025-03-01,LINE-05,ORD-05-006,STY-028,uneven_stitch,1,215,minor,train,synthetic
QDEF-003575,FAC-001,2025-03-02,LINE-05,ORD-05-006,STY-028,skip_stitch,1,279,major,train,synthetic
QDEF-003576,FAC-001,2025-03-02,LINE-05,ORD-05-006,STY-028,open_seam,5,279,minor,train,synthetic
QDEF-003577,FAC-001,2025-03-02,LINE-05,ORD-05-006,STY-028,measurement_variance,1,279,minor,train,synthetic
QDEF-003578,FAC-001,2025-03-02,LINE-05,ORD-05-006,STY-028,oil_mark,1,279,major,train,synthetic
QDEF-003579,FAC-001,2025-03-02,LINE-05,ORD-05-006,STY-028,puckering,2,279,major,train,synthetic
QDEF-003580,FAC-001,2025-03-03,LINE-05,ORD-05-006,STY-028,measurement_variance,3,313,major,train,synthetic
QDEF-003581,FAC-001,2025-03-03,LINE-05,ORD-05-006,STY-028,skip_stitch,3,313,minor,train,synthetic
QDEF-003582,FAC-001,2025-03-03,LINE-05,ORD-05-006,STY-028,open_seam,1,313,minor,train,synthetic
QDEF-003583,FAC-001,2025-03-03,LINE-05,ORD-05-006,STY-028,uneven_stitch,2,313,minor,train,synthetic
QDEF-003584,FAC-001,2025-03-03,LINE-05,ORD-05-006,STY-028,shade_variation,5,313,major,train,synthetic
QDEF-003585,FAC-001,2025-03-03,LINE-05,ORD-05-006,STY-028,oil_mark,4,313,critical,train,synthetic
QDEF-003586,FAC-001,2025-03-03,LINE-05,ORD-05-006,STY-028,puckering,1,313,minor,train,synthetic
QDEF-003587,FAC-001,2025-03-04,LINE-05,ORD-05-006,STY-028,uneven_stitch,1,273,minor,train,synthetic
QDEF-003588,FAC-001,2025-03-04,LINE-05,ORD-05-006,STY-028,puckering,2,273,minor,train,synthetic
QDEF-003589,FAC-001,2025-03-04,LINE-05,ORD-05-006,STY-028,open_seam,1,273,minor,train,synthetic
QDEF-003590,FAC-001,2025-03-04,LINE-05,ORD-05-006,STY-028,measurement_variance,2,273,minor,train,synthetic
QDEF-003591,FAC-001,2025-03-04,LINE-05,ORD-05-006,STY-028,oil_mark,3,273,major,train,synthetic
QDEF-003592,FAC-001,2025-03-05,LINE-05,ORD-05-006,STY-028,open_seam,6,319,major,train,synthetic
QDEF-003593,FAC-001,2025-03-05,LINE-05,ORD-05-006,STY-028,measurement_variance,3,319,minor,train,synthetic
QDEF-003594,FAC-001,2025-03-05,LINE-05,ORD-05-006,STY-028,uneven_stitch,3,319,minor,train,synthetic
QDEF-003595,FAC-001,2025-03-05,LINE-05,ORD-05-006,STY-028,skip_stitch,3,319,major,train,synthetic
QDEF-003596,FAC-001,2025-03-05,LINE-05,ORD-05-006,STY-028,puckering,4,319,major,train,synthetic
QDEF-003597,FAC-001,2025-03-05,LINE-05,ORD-05-006,STY-028,shade_variation,3,319,major,train,synthetic
QDEF-003598,FAC-001,2025-03-05,LINE-05,ORD-05-006,STY-028,oil_mark,1,319,minor,train,synthetic
QDEF-003599,FAC-001,2025-03-06,LINE-05,ORD-05-006,STY-028,open_seam,1,313,minor,train,synthetic
QDEF-003600,FAC-001,2025-03-06,LINE-05,ORD-05-006,STY-028,oil_mark,2,313,minor,train,synthetic
QDEF-003601,FAC-001,2025-03-06,LINE-05,ORD-05-006,STY-028,skip_stitch,2,313,minor,train,synthetic
QDEF-003602,FAC-001,2025-03-06,LINE-05,ORD-05-006,STY-028,uneven_stitch,4,313,major,train,synthetic
QDEF-003603,FAC-001,2025-03-06,LINE-05,ORD-05-006,STY-028,shade_variation,4,313,major,train,synthetic
QDEF-003604,FAC-001,2025-03-06,LINE-05,ORD-05-006,STY-028,puckering,3,313,major,train,synthetic
QDEF-003605,FAC-001,2025-03-06,LINE-05,ORD-05-006,STY-028,measurement_variance,1,313,minor,train,synthetic
QDEF-003606,FAC-001,2025-03-08,LINE-05,ORD-05-006,STY-028,skip_stitch,2,184,minor,train,synthetic
QDEF-003607,FAC-001,2025-03-08,LINE-05,ORD-05-006,STY-028,uneven_stitch,3,184,minor,train,synthetic
QDEF-003608,FAC-001,2025-03-08,LINE-05,ORD-05-006,STY-028,measurement_variance,1,184,minor,train,synthetic
QDEF-003609,FAC-001,2025-03-08,LINE-05,ORD-05-006,STY-028,open_seam,1,184,minor,train,synthetic
QDEF-003610,FAC-001,2025-03-09,LINE-05,ORD-05-006,STY-028,measurement_variance,2,176,critical,train,synthetic
QDEF-003611,FAC-001,2025-03-09,LINE-05,ORD-05-006,STY-028,skip_stitch,2,176,minor,train,synthetic
QDEF-003612,FAC-001,2025-03-09,LINE-05,ORD-05-006,STY-028,uneven_stitch,2,176,major,train,synthetic
QDEF-003613,FAC-001,2025-03-09,LINE-05,ORD-05-006,STY-028,oil_mark,1,176,minor,train,synthetic
QDEF-003614,FAC-001,2025-03-10,LINE-05,ORD-05-007,STY-030,uneven_stitch,2,176,major,train,synthetic
QDEF-003615,FAC-001,2025-03-10,LINE-05,ORD-05-007,STY-030,shade_variation,1,176,minor,train,synthetic
QDEF-003616,FAC-001,2025-03-10,LINE-05,ORD-05-007,STY-030,oil_mark,1,176,minor,train,synthetic
QDEF-003617,FAC-001,2025-03-10,LINE-05,ORD-05-007,STY-030,measurement_variance,1,176,minor,train,synthetic
QDEF-003618,FAC-001,2025-03-11,LINE-05,ORD-05-007,STY-030,uneven_stitch,2,234,major,train,synthetic
QDEF-003619,FAC-001,2025-03-11,LINE-05,ORD-05-007,STY-030,open_seam,1,234,minor,train,synthetic
QDEF-003620,FAC-001,2025-03-11,LINE-05,ORD-05-007,STY-030,measurement_variance,2,234,minor,train,synthetic
QDEF-003621,FAC-001,2025-03-11,LINE-05,ORD-05-007,STY-030,puckering,1,234,major,train,synthetic
QDEF-003622,FAC-001,2025-03-11,LINE-05,ORD-05-007,STY-030,oil_mark,1,234,minor,train,synthetic
QDEF-003623,FAC-001,2025-03-12,LINE-05,ORD-05-007,STY-030,oil_mark,1,241,minor,train,synthetic
QDEF-003624,FAC-001,2025-03-12,LINE-05,ORD-05-007,STY-030,puckering,2,241,minor,train,synthetic
QDEF-003625,FAC-001,2025-03-12,LINE-05,ORD-05-007,STY-030,uneven_stitch,1,241,major,train,synthetic
QDEF-003626,FAC-001,2025-03-12,LINE-05,ORD-05-007,STY-030,open_seam,2,241,major,train,synthetic
QDEF-003627,FAC-001,2025-03-12,LINE-05,ORD-05-007,STY-030,measurement_variance,2,241,major,train,synthetic
QDEF-003628,FAC-001,2025-03-12,LINE-05,ORD-05-007,STY-030,shade_variation,1,241,minor,train,synthetic
QDEF-003629,FAC-001,2025-03-13,LINE-05,ORD-05-007,STY-030,open_seam,2,247,minor,train,synthetic
QDEF-003630,FAC-001,2025-03-13,LINE-05,ORD-05-007,STY-030,oil_mark,3,247,critical,train,synthetic
QDEF-003631,FAC-001,2025-03-13,LINE-05,ORD-05-007,STY-030,measurement_variance,2,247,minor,train,synthetic
QDEF-003632,FAC-001,2025-03-13,LINE-05,ORD-05-007,STY-030,uneven_stitch,2,247,minor,train,synthetic
QDEF-003633,FAC-001,2025-03-13,LINE-05,ORD-05-007,STY-030,shade_variation,1,247,major,train,synthetic
QDEF-003634,FAC-001,2025-03-15,LINE-05,ORD-05-007,STY-030,measurement_variance,1,120,minor,train,synthetic
QDEF-003635,FAC-001,2025-03-15,LINE-05,ORD-05-007,STY-030,oil_mark,1,120,minor,train,synthetic
QDEF-003636,FAC-001,2025-03-15,LINE-05,ORD-05-007,STY-030,open_seam,2,120,minor,train,synthetic
QDEF-003637,FAC-001,2025-03-15,LINE-05,ORD-05-007,STY-030,skip_stitch,1,120,minor,train,synthetic
QDEF-003638,FAC-001,2025-03-15,LINE-05,ORD-05-007,STY-030,uneven_stitch,1,120,minor,train,synthetic
QDEF-003639,FAC-001,2025-03-16,LINE-05,ORD-05-007,STY-030,shade_variation,2,16,minor,train,synthetic
QDEF-003640,FAC-001,2025-03-18,LINE-05,ORD-05-008,STY-029,open_seam,4,242,minor,train,synthetic
QDEF-003641,FAC-001,2025-03-18,LINE-05,ORD-05-008,STY-029,measurement_variance,1,242,minor,train,synthetic
QDEF-003642,FAC-001,2025-03-18,LINE-05,ORD-05-008,STY-029,uneven_stitch,3,242,minor,train,synthetic
QDEF-003643,FAC-001,2025-03-18,LINE-05,ORD-05-008,STY-029,shade_variation,2,242,major,train,synthetic
QDEF-003644,FAC-001,2025-03-18,LINE-05,ORD-05-008,STY-029,puckering,1,242,major,train,synthetic
QDEF-003645,FAC-001,2025-03-18,LINE-05,ORD-05-008,STY-029,oil_mark,1,242,major,train,synthetic
QDEF-003646,FAC-001,2025-03-19,LINE-05,ORD-05-008,STY-029,uneven_stitch,3,292,minor,train,synthetic
QDEF-003647,FAC-001,2025-03-19,LINE-05,ORD-05-008,STY-029,puckering,4,292,minor,train,synthetic
QDEF-003648,FAC-001,2025-03-19,LINE-05,ORD-05-008,STY-029,oil_mark,3,292,minor,train,synthetic
QDEF-003649,FAC-001,2025-03-19,LINE-05,ORD-05-008,STY-029,open_seam,2,292,minor,train,synthetic
QDEF-003650,FAC-001,2025-03-19,LINE-05,ORD-05-008,STY-029,shade_variation,2,292,minor,train,synthetic
QDEF-003651,FAC-001,2025-03-19,LINE-05,ORD-05-008,STY-029,measurement_variance,1,292,minor,train,synthetic
QDEF-003652,FAC-001,2025-03-20,LINE-05,ORD-05-008,STY-029,puckering,3,350,minor,train,synthetic
QDEF-003653,FAC-001,2025-03-20,LINE-05,ORD-05-008,STY-029,measurement_variance,6,350,minor,train,synthetic
QDEF-003654,FAC-001,2025-03-20,LINE-05,ORD-05-008,STY-029,skip_stitch,1,350,minor,train,synthetic
QDEF-003655,FAC-001,2025-03-20,LINE-05,ORD-05-008,STY-029,open_seam,2,350,minor,train,synthetic
QDEF-003656,FAC-001,2025-03-20,LINE-05,ORD-05-008,STY-029,shade_variation,5,350,major,train,synthetic
QDEF-003657,FAC-001,2025-03-20,LINE-05,ORD-05-008,STY-029,uneven_stitch,1,350,minor,train,synthetic
QDEF-003658,FAC-001,2025-03-20,LINE-05,ORD-05-008,STY-029,oil_mark,1,350,minor,train,synthetic
QDEF-003659,FAC-001,2025-03-22,LINE-05,ORD-05-008,STY-029,oil_mark,3,319,minor,train,synthetic
QDEF-003660,FAC-001,2025-03-22,LINE-05,ORD-05-008,STY-029,measurement_variance,2,319,minor,train,synthetic
QDEF-003661,FAC-001,2025-03-22,LINE-05,ORD-05-008,STY-029,skip_stitch,2,319,minor,train,synthetic
QDEF-003662,FAC-001,2025-03-22,LINE-05,ORD-05-008,STY-029,shade_variation,1,319,major,train,synthetic
QDEF-003663,FAC-001,2025-03-22,LINE-05,ORD-05-008,STY-029,open_seam,1,319,major,train,synthetic
QDEF-003664,FAC-001,2025-03-22,LINE-05,ORD-05-008,STY-029,uneven_stitch,2,319,major,train,synthetic
QDEF-003665,FAC-001,2025-03-22,LINE-05,ORD-05-008,STY-029,puckering,2,319,minor,train,synthetic
QDEF-003666,FAC-001,2025-03-23,LINE-05,ORD-05-008,STY-029,skip_stitch,2,369,minor,train,synthetic
QDEF-003667,FAC-001,2025-03-23,LINE-05,ORD-05-008,STY-029,open_seam,4,369,minor,train,synthetic
QDEF-003668,FAC-001,2025-03-23,LINE-05,ORD-05-008,STY-029,puckering,4,369,critical,train,synthetic
QDEF-003669,FAC-001,2025-03-23,LINE-05,ORD-05-008,STY-029,shade_variation,2,369,minor,train,synthetic
QDEF-003670,FAC-001,2025-03-23,LINE-05,ORD-05-008,STY-029,uneven_stitch,2,369,critical,train,synthetic
QDEF-003671,FAC-001,2025-03-23,LINE-05,ORD-05-008,STY-029,measurement_variance,1,369,major,train,synthetic
QDEF-003672,FAC-001,2025-03-23,LINE-05,ORD-05-008,STY-029,oil_mark,1,369,minor,train,synthetic
QDEF-003673,FAC-001,2025-03-24,LINE-05,ORD-05-008,STY-029,open_seam,2,374,minor,train,synthetic
QDEF-003674,FAC-001,2025-03-24,LINE-05,ORD-05-008,STY-029,skip_stitch,3,374,major,train,synthetic
QDEF-003675,FAC-001,2025-03-24,LINE-05,ORD-05-008,STY-029,uneven_stitch,2,374,minor,train,synthetic
QDEF-003676,FAC-001,2025-03-24,LINE-05,ORD-05-008,STY-029,measurement_variance,4,374,critical,train,synthetic
QDEF-003677,FAC-001,2025-03-24,LINE-05,ORD-05-008,STY-029,puckering,4,374,minor,train,synthetic
QDEF-003678,FAC-001,2025-03-24,LINE-05,ORD-05-008,STY-029,shade_variation,3,374,minor,train,synthetic
QDEF-003679,FAC-001,2025-03-24,LINE-05,ORD-05-008,STY-029,oil_mark,1,374,major,train,synthetic
QDEF-003680,FAC-001,2025-03-25,LINE-05,ORD-05-008,STY-029,puckering,3,353,minor,train,synthetic
QDEF-003681,FAC-001,2025-03-25,LINE-05,ORD-05-008,STY-029,uneven_stitch,5,353,minor,train,synthetic
QDEF-003682,FAC-001,2025-03-25,LINE-05,ORD-05-008,STY-029,oil_mark,6,353,major,train,synthetic
QDEF-003683,FAC-001,2025-03-25,LINE-05,ORD-05-008,STY-029,skip_stitch,5,353,minor,train,synthetic
QDEF-003684,FAC-001,2025-03-25,LINE-05,ORD-05-008,STY-029,open_seam,2,353,minor,train,synthetic
QDEF-003685,FAC-001,2025-03-25,LINE-05,ORD-05-008,STY-029,measurement_variance,2,353,minor,train,synthetic
QDEF-003686,FAC-001,2025-03-25,LINE-05,ORD-05-008,STY-029,shade_variation,2,353,minor,train,synthetic
QDEF-003687,FAC-001,2025-03-26,LINE-05,ORD-05-008,STY-029,measurement_variance,4,360,minor,train,synthetic
QDEF-003688,FAC-001,2025-03-26,LINE-05,ORD-05-008,STY-029,shade_variation,2,360,minor,train,synthetic
QDEF-003689,FAC-001,2025-03-26,LINE-05,ORD-05-008,STY-029,skip_stitch,3,360,minor,train,synthetic
QDEF-003690,FAC-001,2025-03-26,LINE-05,ORD-05-008,STY-029,open_seam,4,360,minor,train,synthetic
QDEF-003691,FAC-001,2025-03-26,LINE-05,ORD-05-008,STY-029,uneven_stitch,4,360,major,train,synthetic
QDEF-003692,FAC-001,2025-03-26,LINE-05,ORD-05-008,STY-029,puckering,1,360,minor,train,synthetic
QDEF-003693,FAC-001,2025-03-27,LINE-05,ORD-05-008,STY-029,open_seam,3,264,major,train,synthetic
QDEF-003694,FAC-001,2025-03-27,LINE-05,ORD-05-008,STY-029,measurement_variance,1,264,minor,train,synthetic
QDEF-003695,FAC-001,2025-03-27,LINE-05,ORD-05-008,STY-029,oil_mark,3,264,major,train,synthetic
QDEF-003696,FAC-001,2025-03-27,LINE-05,ORD-05-008,STY-029,uneven_stitch,1,264,minor,train,synthetic
QDEF-003697,FAC-001,2025-03-27,LINE-05,ORD-05-008,STY-029,shade_variation,2,264,major,train,synthetic
QDEF-003698,FAC-001,2025-03-27,LINE-05,ORD-05-008,STY-029,puckering,3,264,critical,train,synthetic
QDEF-003699,FAC-001,2025-03-30,LINE-05,ORD-05-009,STY-013,open_seam,1,239,major,train,synthetic
QDEF-003700,FAC-001,2025-03-30,LINE-05,ORD-05-009,STY-013,oil_mark,2,239,critical,train,synthetic
QDEF-003701,FAC-001,2025-03-30,LINE-05,ORD-05-009,STY-013,shade_variation,1,239,minor,train,synthetic
QDEF-003702,FAC-001,2025-03-30,LINE-05,ORD-05-009,STY-013,uneven_stitch,1,239,major,train,synthetic
QDEF-003703,FAC-001,2025-03-30,LINE-05,ORD-05-009,STY-013,measurement_variance,1,239,minor,train,synthetic
QDEF-003704,FAC-001,2025-03-30,LINE-05,ORD-05-009,STY-013,skip_stitch,1,239,major,train,synthetic
QDEF-003705,FAC-001,2025-03-31,LINE-05,ORD-05-009,STY-013,oil_mark,1,201,minor,train,synthetic
QDEF-003706,FAC-001,2025-03-31,LINE-05,ORD-05-009,STY-013,open_seam,5,201,critical,train,synthetic
QDEF-003707,FAC-001,2025-03-31,LINE-05,ORD-05-009,STY-013,shade_variation,1,201,minor,train,synthetic
QDEF-003708,FAC-001,2025-03-31,LINE-05,ORD-05-009,STY-013,measurement_variance,1,201,major,train,synthetic
QDEF-003709,FAC-001,2025-04-01,LINE-05,ORD-05-009,STY-013,measurement_variance,5,306,minor,train,synthetic
QDEF-003710,FAC-001,2025-04-01,LINE-05,ORD-05-009,STY-013,open_seam,1,306,major,train,synthetic
QDEF-003711,FAC-001,2025-04-01,LINE-05,ORD-05-009,STY-013,shade_variation,2,306,minor,train,synthetic
QDEF-003712,FAC-001,2025-04-01,LINE-05,ORD-05-009,STY-013,uneven_stitch,1,306,minor,train,synthetic
QDEF-003713,FAC-001,2025-04-01,LINE-05,ORD-05-009,STY-013,oil_mark,3,306,major,train,synthetic
QDEF-003714,FAC-001,2025-04-01,LINE-05,ORD-05-009,STY-013,skip_stitch,2,306,minor,train,synthetic
QDEF-003715,FAC-001,2025-04-01,LINE-05,ORD-05-009,STY-013,puckering,2,306,minor,train,synthetic
QDEF-003716,FAC-001,2025-04-02,LINE-05,ORD-05-009,STY-013,skip_stitch,3,344,minor,train,synthetic
QDEF-003717,FAC-001,2025-04-02,LINE-05,ORD-05-009,STY-013,puckering,1,344,minor,train,synthetic
QDEF-003718,FAC-001,2025-04-02,LINE-05,ORD-05-009,STY-013,oil_mark,2,344,major,train,synthetic
QDEF-003719,FAC-001,2025-04-02,LINE-05,ORD-05-009,STY-013,shade_variation,1,344,critical,train,synthetic
QDEF-003720,FAC-001,2025-04-02,LINE-05,ORD-05-009,STY-013,uneven_stitch,3,344,minor,train,synthetic
QDEF-003721,FAC-001,2025-04-03,LINE-05,ORD-05-009,STY-013,skip_stitch,4,368,major,train,synthetic
QDEF-003722,FAC-001,2025-04-03,LINE-05,ORD-05-009,STY-013,open_seam,1,368,minor,train,synthetic
QDEF-003723,FAC-001,2025-04-03,LINE-05,ORD-05-009,STY-013,oil_mark,1,368,minor,train,synthetic
QDEF-003724,FAC-001,2025-04-03,LINE-05,ORD-05-009,STY-013,measurement_variance,1,368,major,train,synthetic
QDEF-003725,FAC-001,2025-04-03,LINE-05,ORD-05-009,STY-013,shade_variation,1,368,major,train,synthetic
QDEF-003726,FAC-001,2025-04-05,LINE-05,ORD-05-009,STY-013,open_seam,4,308,major,train,synthetic
QDEF-003727,FAC-001,2025-04-05,LINE-05,ORD-05-009,STY-013,measurement_variance,3,308,major,train,synthetic
QDEF-003728,FAC-001,2025-04-05,LINE-05,ORD-05-009,STY-013,uneven_stitch,1,308,minor,train,synthetic
QDEF-003729,FAC-001,2025-04-05,LINE-05,ORD-05-009,STY-013,shade_variation,2,308,major,train,synthetic
QDEF-003730,FAC-001,2025-04-05,LINE-05,ORD-05-009,STY-013,skip_stitch,1,308,minor,train,synthetic
QDEF-003731,FAC-001,2025-04-05,LINE-05,ORD-05-009,STY-013,puckering,1,308,minor,train,synthetic
QDEF-003732,FAC-001,2025-04-06,LINE-05,ORD-05-009,STY-013,puckering,1,263,major,train,synthetic
QDEF-003733,FAC-001,2025-04-06,LINE-05,ORD-05-009,STY-013,measurement_variance,1,263,minor,train,synthetic
QDEF-003734,FAC-001,2025-04-06,LINE-05,ORD-05-009,STY-013,open_seam,2,263,minor,train,synthetic
QDEF-003735,FAC-001,2025-04-06,LINE-05,ORD-05-009,STY-013,shade_variation,1,263,minor,train,synthetic
QDEF-003736,FAC-001,2025-04-06,LINE-05,ORD-05-009,STY-013,skip_stitch,1,263,minor,train,synthetic
QDEF-003737,FAC-001,2025-04-07,LINE-05,ORD-05-010,STY-031,shade_variation,1,284,minor,train,synthetic
QDEF-003738,FAC-001,2025-04-07,LINE-05,ORD-05-010,STY-031,skip_stitch,1,284,minor,train,synthetic
QDEF-003739,FAC-001,2025-04-07,LINE-05,ORD-05-010,STY-031,oil_mark,2,284,major,train,synthetic
QDEF-003740,FAC-001,2025-04-07,LINE-05,ORD-05-010,STY-031,measurement_variance,2,284,minor,train,synthetic
QDEF-003741,FAC-001,2025-04-07,LINE-05,ORD-05-010,STY-031,puckering,1,284,minor,train,synthetic
QDEF-003742,FAC-001,2025-04-07,LINE-05,ORD-05-010,STY-031,open_seam,1,284,minor,train,synthetic
QDEF-003743,FAC-001,2025-04-07,LINE-05,ORD-05-010,STY-031,uneven_stitch,1,284,minor,train,synthetic
QDEF-003744,FAC-001,2025-04-08,LINE-05,ORD-05-010,STY-031,open_seam,2,413,minor,train,synthetic
QDEF-003745,FAC-001,2025-04-08,LINE-05,ORD-05-010,STY-031,oil_mark,1,413,minor,train,synthetic
QDEF-003746,FAC-001,2025-04-08,LINE-05,ORD-05-010,STY-031,uneven_stitch,4,413,minor,train,synthetic
QDEF-003747,FAC-001,2025-04-08,LINE-05,ORD-05-010,STY-031,measurement_variance,3,413,major,train,synthetic
QDEF-003748,FAC-001,2025-04-09,LINE-05,ORD-05-010,STY-031,open_seam,3,397,major,train,synthetic
QDEF-003749,FAC-001,2025-04-09,LINE-05,ORD-05-010,STY-031,shade_variation,3,397,minor,train,synthetic
QDEF-003750,FAC-001,2025-04-09,LINE-05,ORD-05-010,STY-031,skip_stitch,3,397,minor,train,synthetic
QDEF-003751,FAC-001,2025-04-09,LINE-05,ORD-05-010,STY-031,measurement_variance,5,397,critical,train,synthetic
QDEF-003752,FAC-001,2025-04-09,LINE-05,ORD-05-010,STY-031,oil_mark,6,397,major,train,synthetic
QDEF-003753,FAC-001,2025-04-09,LINE-05,ORD-05-010,STY-031,puckering,1,397,minor,train,synthetic
QDEF-003754,FAC-001,2025-04-09,LINE-05,ORD-05-010,STY-031,uneven_stitch,1,397,minor,train,synthetic
QDEF-003755,FAC-001,2025-04-10,LINE-05,ORD-05-010,STY-031,skip_stitch,7,437,minor,train,synthetic
QDEF-003756,FAC-001,2025-04-10,LINE-05,ORD-05-010,STY-031,oil_mark,4,437,minor,train,synthetic
QDEF-003757,FAC-001,2025-04-10,LINE-05,ORD-05-010,STY-031,uneven_stitch,2,437,major,train,synthetic
QDEF-003758,FAC-001,2025-04-10,LINE-05,ORD-05-010,STY-031,shade_variation,1,437,minor,train,synthetic
QDEF-003759,FAC-001,2025-04-10,LINE-05,ORD-05-010,STY-031,puckering,3,437,major,train,synthetic
QDEF-003760,FAC-001,2025-04-12,LINE-05,ORD-05-010,STY-031,shade_variation,4,481,minor,train,synthetic
QDEF-003761,FAC-001,2025-04-12,LINE-05,ORD-05-010,STY-031,measurement_variance,5,481,major,train,synthetic
QDEF-003762,FAC-001,2025-04-12,LINE-05,ORD-05-010,STY-031,open_seam,4,481,minor,train,synthetic
QDEF-003763,FAC-001,2025-04-12,LINE-05,ORD-05-010,STY-031,uneven_stitch,1,481,minor,train,synthetic
QDEF-003764,FAC-001,2025-04-12,LINE-05,ORD-05-010,STY-031,oil_mark,1,481,minor,train,synthetic
QDEF-003765,FAC-001,2025-04-12,LINE-05,ORD-05-010,STY-031,skip_stitch,1,481,minor,train,synthetic
QDEF-003766,FAC-001,2025-04-12,LINE-05,ORD-05-010,STY-031,puckering,1,481,major,train,synthetic
QDEF-003767,FAC-001,2025-04-13,LINE-05,ORD-05-010,STY-031,uneven_stitch,2,401,minor,train,synthetic
QDEF-003768,FAC-001,2025-04-13,LINE-05,ORD-05-010,STY-031,puckering,4,401,major,train,synthetic
QDEF-003769,FAC-001,2025-04-13,LINE-05,ORD-05-010,STY-031,skip_stitch,1,401,minor,train,synthetic
QDEF-003770,FAC-001,2025-04-13,LINE-05,ORD-05-010,STY-031,measurement_variance,2,401,major,train,synthetic
QDEF-003771,FAC-001,2025-04-13,LINE-05,ORD-05-010,STY-031,shade_variation,1,401,minor,train,synthetic
QDEF-003772,FAC-001,2025-04-14,LINE-05,ORD-05-010,STY-031,uneven_stitch,1,463,major,train,synthetic
QDEF-003773,FAC-001,2025-04-14,LINE-05,ORD-05-010,STY-031,skip_stitch,1,463,major,train,synthetic
QDEF-003774,FAC-001,2025-04-14,LINE-05,ORD-05-010,STY-031,puckering,2,463,major,train,synthetic
QDEF-003775,FAC-001,2025-04-14,LINE-05,ORD-05-010,STY-031,open_seam,3,463,minor,train,synthetic
QDEF-003776,FAC-001,2025-04-14,LINE-05,ORD-05-010,STY-031,measurement_variance,1,463,minor,train,synthetic
QDEF-003777,FAC-001,2025-04-15,LINE-05,ORD-05-010,STY-031,uneven_stitch,2,280,minor,train,synthetic
QDEF-003778,FAC-001,2025-04-15,LINE-05,ORD-05-010,STY-031,measurement_variance,2,280,minor,train,synthetic
QDEF-003779,FAC-001,2025-04-15,LINE-05,ORD-05-010,STY-031,open_seam,5,280,minor,train,synthetic
QDEF-003780,FAC-001,2025-04-15,LINE-05,ORD-05-010,STY-031,skip_stitch,3,280,minor,train,synthetic
QDEF-003781,FAC-001,2025-04-15,LINE-05,ORD-05-010,STY-031,oil_mark,5,280,minor,train,synthetic
QDEF-003782,FAC-001,2025-04-15,LINE-05,ORD-05-010,STY-031,shade_variation,1,280,minor,train,synthetic
QDEF-003783,FAC-001,2025-04-17,LINE-05,ORD-05-011,STY-009,open_seam,2,202,minor,train,synthetic
QDEF-003784,FAC-001,2025-04-17,LINE-05,ORD-05-011,STY-009,puckering,4,202,minor,train,synthetic
QDEF-003785,FAC-001,2025-04-19,LINE-05,ORD-05-011,STY-009,skip_stitch,2,302,minor,train,synthetic
QDEF-003786,FAC-001,2025-04-19,LINE-05,ORD-05-011,STY-009,uneven_stitch,2,302,major,train,synthetic
QDEF-003787,FAC-001,2025-04-19,LINE-05,ORD-05-011,STY-009,shade_variation,4,302,minor,train,synthetic
QDEF-003788,FAC-001,2025-04-19,LINE-05,ORD-05-011,STY-009,open_seam,2,302,minor,train,synthetic
QDEF-003789,FAC-001,2025-04-20,LINE-05,ORD-05-011,STY-009,oil_mark,4,315,minor,train,synthetic
QDEF-003790,FAC-001,2025-04-20,LINE-05,ORD-05-011,STY-009,shade_variation,3,315,major,train,synthetic
QDEF-003791,FAC-001,2025-04-20,LINE-05,ORD-05-011,STY-009,puckering,3,315,critical,train,synthetic
QDEF-003792,FAC-001,2025-04-20,LINE-05,ORD-05-011,STY-009,measurement_variance,2,315,minor,train,synthetic
QDEF-003793,FAC-001,2025-04-20,LINE-05,ORD-05-011,STY-009,open_seam,2,315,minor,train,synthetic
QDEF-003794,FAC-001,2025-04-20,LINE-05,ORD-05-011,STY-009,skip_stitch,1,315,minor,train,synthetic
QDEF-003795,FAC-001,2025-04-21,LINE-05,ORD-05-011,STY-009,measurement_variance,2,317,minor,train,synthetic
QDEF-003796,FAC-001,2025-04-21,LINE-05,ORD-05-011,STY-009,oil_mark,2,317,major,train,synthetic
QDEF-003797,FAC-001,2025-04-21,LINE-05,ORD-05-011,STY-009,skip_stitch,1,317,minor,train,synthetic
QDEF-003798,FAC-001,2025-04-21,LINE-05,ORD-05-011,STY-009,uneven_stitch,1,317,major,train,synthetic
QDEF-003799,FAC-001,2025-04-21,LINE-05,ORD-05-011,STY-009,puckering,1,317,minor,train,synthetic
QDEF-003800,FAC-001,2025-04-21,LINE-05,ORD-05-011,STY-009,open_seam,1,317,minor,train,synthetic
QDEF-003801,FAC-001,2025-04-22,LINE-05,ORD-05-011,STY-009,skip_stitch,3,369,minor,train,synthetic
QDEF-003802,FAC-001,2025-04-22,LINE-05,ORD-05-011,STY-009,uneven_stitch,3,369,major,train,synthetic
QDEF-003803,FAC-001,2025-04-22,LINE-05,ORD-05-011,STY-009,oil_mark,2,369,minor,train,synthetic
QDEF-003804,FAC-001,2025-04-22,LINE-05,ORD-05-011,STY-009,shade_variation,3,369,minor,train,synthetic
QDEF-003805,FAC-001,2025-04-22,LINE-05,ORD-05-011,STY-009,measurement_variance,3,369,major,train,synthetic
QDEF-003806,FAC-001,2025-04-22,LINE-05,ORD-05-011,STY-009,open_seam,1,369,minor,train,synthetic
QDEF-003807,FAC-001,2025-04-23,LINE-05,ORD-05-011,STY-009,skip_stitch,2,360,minor,train,synthetic
QDEF-003808,FAC-001,2025-04-23,LINE-05,ORD-05-011,STY-009,open_seam,6,360,critical,train,synthetic
QDEF-003809,FAC-001,2025-04-23,LINE-05,ORD-05-011,STY-009,uneven_stitch,5,360,minor,train,synthetic
QDEF-003810,FAC-001,2025-04-23,LINE-05,ORD-05-011,STY-009,oil_mark,5,360,minor,train,synthetic
QDEF-003811,FAC-001,2025-04-23,LINE-05,ORD-05-011,STY-009,measurement_variance,3,360,major,train,synthetic
QDEF-003812,FAC-001,2025-04-23,LINE-05,ORD-05-011,STY-009,shade_variation,1,360,minor,train,synthetic
QDEF-003813,FAC-001,2025-04-23,LINE-05,ORD-05-011,STY-009,puckering,1,360,minor,train,synthetic
QDEF-003814,FAC-001,2025-04-24,LINE-05,ORD-05-011,STY-009,shade_variation,3,313,minor,train,synthetic
QDEF-003815,FAC-001,2025-04-24,LINE-05,ORD-05-011,STY-009,skip_stitch,2,313,minor,train,synthetic
QDEF-003816,FAC-001,2025-04-24,LINE-05,ORD-05-011,STY-009,open_seam,3,313,major,train,synthetic
QDEF-003817,FAC-001,2025-04-24,LINE-05,ORD-05-011,STY-009,uneven_stitch,1,313,minor,train,synthetic
QDEF-003818,FAC-001,2025-04-24,LINE-05,ORD-05-011,STY-009,measurement_variance,2,313,minor,train,synthetic
QDEF-003819,FAC-001,2025-04-24,LINE-05,ORD-05-011,STY-009,oil_mark,3,313,critical,train,synthetic
QDEF-003820,FAC-001,2025-04-24,LINE-05,ORD-05-011,STY-009,puckering,1,313,minor,train,synthetic
QDEF-003821,FAC-001,2025-04-26,LINE-05,ORD-05-011,STY-009,oil_mark,1,289,minor,train,synthetic
QDEF-003822,FAC-001,2025-04-26,LINE-05,ORD-05-011,STY-009,skip_stitch,2,289,minor,train,synthetic
QDEF-003823,FAC-001,2025-04-26,LINE-05,ORD-05-011,STY-009,open_seam,2,289,minor,train,synthetic
QDEF-003824,FAC-001,2025-04-26,LINE-05,ORD-05-011,STY-009,measurement_variance,1,289,minor,train,synthetic
QDEF-003825,FAC-001,2025-04-26,LINE-05,ORD-05-011,STY-009,puckering,1,289,minor,train,synthetic
QDEF-003826,FAC-001,2025-04-26,LINE-05,ORD-05-011,STY-009,shade_variation,1,289,minor,train,synthetic
QDEF-003827,FAC-001,2025-04-27,LINE-05,ORD-05-012,STY-030,open_seam,2,179,major,train,synthetic
QDEF-003828,FAC-001,2025-04-27,LINE-05,ORD-05-012,STY-030,skip_stitch,1,179,minor,train,synthetic
QDEF-003829,FAC-001,2025-04-27,LINE-05,ORD-05-012,STY-030,puckering,1,179,minor,train,synthetic
QDEF-003830,FAC-001,2025-04-27,LINE-05,ORD-05-012,STY-030,measurement_variance,1,179,major,train,synthetic
QDEF-003831,FAC-001,2025-04-28,LINE-05,ORD-05-012,STY-030,shade_variation,2,199,minor,train,synthetic
QDEF-003832,FAC-001,2025-04-28,LINE-05,ORD-05-012,STY-030,puckering,1,199,minor,train,synthetic
QDEF-003833,FAC-001,2025-04-28,LINE-05,ORD-05-012,STY-030,oil_mark,1,199,minor,train,synthetic
QDEF-003834,FAC-001,2025-04-28,LINE-05,ORD-05-012,STY-030,skip_stitch,1,199,minor,train,synthetic
QDEF-003835,FAC-001,2025-04-28,LINE-05,ORD-05-012,STY-030,measurement_variance,1,199,critical,train,synthetic
QDEF-003836,FAC-001,2025-04-29,LINE-05,ORD-05-012,STY-030,puckering,2,252,minor,train,synthetic
QDEF-003837,FAC-001,2025-04-29,LINE-05,ORD-05-012,STY-030,skip_stitch,1,252,major,train,synthetic
QDEF-003838,FAC-001,2025-04-29,LINE-05,ORD-05-012,STY-030,shade_variation,1,252,minor,train,synthetic
QDEF-003839,FAC-001,2025-04-29,LINE-05,ORD-05-012,STY-030,oil_mark,3,252,minor,train,synthetic
QDEF-003840,FAC-001,2025-04-29,LINE-05,ORD-05-012,STY-030,open_seam,2,252,major,train,synthetic
QDEF-003841,FAC-001,2025-04-30,LINE-05,ORD-05-012,STY-030,measurement_variance,4,278,minor,train,synthetic
QDEF-003842,FAC-001,2025-04-30,LINE-05,ORD-05-012,STY-030,oil_mark,1,278,major,train,synthetic
QDEF-003843,FAC-001,2025-04-30,LINE-05,ORD-05-012,STY-030,shade_variation,1,278,minor,train,synthetic
QDEF-003844,FAC-001,2025-04-30,LINE-05,ORD-05-012,STY-030,puckering,4,278,major,train,synthetic
QDEF-003845,FAC-001,2025-04-30,LINE-05,ORD-05-012,STY-030,open_seam,1,278,minor,train,synthetic
QDEF-003846,FAC-001,2025-04-30,LINE-05,ORD-05-012,STY-030,uneven_stitch,3,278,minor,train,synthetic
QDEF-003847,FAC-001,2025-05-01,LINE-05,ORD-05-012,STY-030,open_seam,2,183,minor,validation,synthetic
QDEF-003848,FAC-001,2025-05-01,LINE-05,ORD-05-012,STY-030,oil_mark,2,183,minor,validation,synthetic
QDEF-003849,FAC-001,2025-05-01,LINE-05,ORD-05-012,STY-030,shade_variation,2,183,minor,validation,synthetic
QDEF-003850,FAC-001,2025-05-01,LINE-05,ORD-05-012,STY-030,uneven_stitch,1,183,major,validation,synthetic
QDEF-003851,FAC-001,2025-05-03,LINE-05,ORD-05-012,STY-030,skip_stitch,4,257,minor,validation,synthetic
QDEF-003852,FAC-001,2025-05-03,LINE-05,ORD-05-012,STY-030,open_seam,3,257,minor,validation,synthetic
QDEF-003853,FAC-001,2025-05-03,LINE-05,ORD-05-012,STY-030,measurement_variance,4,257,major,validation,synthetic
QDEF-003854,FAC-001,2025-05-03,LINE-05,ORD-05-012,STY-030,uneven_stitch,1,257,critical,validation,synthetic
QDEF-003855,FAC-001,2025-05-03,LINE-05,ORD-05-012,STY-030,puckering,1,257,major,validation,synthetic
QDEF-003856,FAC-001,2025-05-04,LINE-05,ORD-05-012,STY-030,uneven_stitch,2,114,minor,validation,synthetic
QDEF-003857,FAC-001,2025-05-04,LINE-05,ORD-05-012,STY-030,puckering,3,114,major,validation,synthetic
QDEF-003858,FAC-001,2025-05-04,LINE-05,ORD-05-012,STY-030,open_seam,1,114,minor,validation,synthetic
QDEF-003859,FAC-001,2025-05-04,LINE-05,ORD-05-012,STY-030,measurement_variance,1,114,major,validation,synthetic
QDEF-003860,FAC-001,2025-05-05,LINE-05,ORD-05-012,STY-030,oil_mark,1,6,major,validation,synthetic
QDEF-003861,FAC-001,2025-05-06,LINE-05,ORD-05-013,STY-009,shade_variation,2,190,major,validation,synthetic
QDEF-003862,FAC-001,2025-05-06,LINE-05,ORD-05-013,STY-009,oil_mark,2,190,minor,validation,synthetic
QDEF-003863,FAC-001,2025-05-06,LINE-05,ORD-05-013,STY-009,uneven_stitch,2,190,minor,validation,synthetic
QDEF-003864,FAC-001,2025-05-06,LINE-05,ORD-05-013,STY-009,puckering,1,190,major,validation,synthetic
QDEF-003865,FAC-001,2025-05-06,LINE-05,ORD-05-013,STY-009,measurement_variance,1,190,minor,validation,synthetic
QDEF-003866,FAC-001,2025-05-07,LINE-05,ORD-05-013,STY-009,measurement_variance,1,321,minor,validation,synthetic
QDEF-003867,FAC-001,2025-05-07,LINE-05,ORD-05-013,STY-009,oil_mark,4,321,minor,validation,synthetic
QDEF-003868,FAC-001,2025-05-07,LINE-05,ORD-05-013,STY-009,skip_stitch,3,321,minor,validation,synthetic
QDEF-003869,FAC-001,2025-05-07,LINE-05,ORD-05-013,STY-009,shade_variation,1,321,minor,validation,synthetic
QDEF-003870,FAC-001,2025-05-08,LINE-05,ORD-05-013,STY-009,measurement_variance,5,277,minor,validation,synthetic
QDEF-003871,FAC-001,2025-05-08,LINE-05,ORD-05-013,STY-009,uneven_stitch,6,277,minor,validation,synthetic
QDEF-003872,FAC-001,2025-05-08,LINE-05,ORD-05-013,STY-009,puckering,6,277,major,validation,synthetic
QDEF-003873,FAC-001,2025-05-08,LINE-05,ORD-05-013,STY-009,open_seam,3,277,major,validation,synthetic
QDEF-003874,FAC-001,2025-05-08,LINE-05,ORD-05-013,STY-009,oil_mark,1,277,major,validation,synthetic
QDEF-003875,FAC-001,2025-05-08,LINE-05,ORD-05-013,STY-009,skip_stitch,2,277,major,validation,synthetic
QDEF-003876,FAC-001,2025-05-10,LINE-05,ORD-05-013,STY-009,uneven_stitch,3,311,minor,validation,synthetic
QDEF-003877,FAC-001,2025-05-10,LINE-05,ORD-05-013,STY-009,measurement_variance,3,311,minor,validation,synthetic
QDEF-003878,FAC-001,2025-05-10,LINE-05,ORD-05-013,STY-009,shade_variation,5,311,major,validation,synthetic
QDEF-003879,FAC-001,2025-05-10,LINE-05,ORD-05-013,STY-009,puckering,3,311,minor,validation,synthetic
QDEF-003880,FAC-001,2025-05-10,LINE-05,ORD-05-013,STY-009,skip_stitch,5,311,minor,validation,synthetic
QDEF-003881,FAC-001,2025-05-10,LINE-05,ORD-05-013,STY-009,open_seam,1,311,minor,validation,synthetic
QDEF-003882,FAC-001,2025-05-10,LINE-05,ORD-05-013,STY-009,oil_mark,3,311,major,validation,synthetic
QDEF-003883,FAC-001,2025-05-11,LINE-05,ORD-05-013,STY-009,skip_stitch,2,353,critical,validation,synthetic
QDEF-003884,FAC-001,2025-05-11,LINE-05,ORD-05-013,STY-009,shade_variation,6,353,minor,validation,synthetic
QDEF-003885,FAC-001,2025-05-11,LINE-05,ORD-05-013,STY-009,puckering,3,353,minor,validation,synthetic
QDEF-003886,FAC-001,2025-05-11,LINE-05,ORD-05-013,STY-009,oil_mark,1,353,major,validation,synthetic
QDEF-003887,FAC-001,2025-05-11,LINE-05,ORD-05-013,STY-009,uneven_stitch,1,353,major,validation,synthetic
QDEF-003888,FAC-001,2025-05-11,LINE-05,ORD-05-013,STY-009,measurement_variance,1,353,minor,validation,synthetic
QDEF-003889,FAC-001,2025-05-12,LINE-05,ORD-05-013,STY-009,skip_stitch,4,329,minor,validation,synthetic
QDEF-003890,FAC-001,2025-05-12,LINE-05,ORD-05-013,STY-009,measurement_variance,4,329,minor,validation,synthetic
QDEF-003891,FAC-001,2025-05-12,LINE-05,ORD-05-013,STY-009,uneven_stitch,4,329,major,validation,synthetic
QDEF-003892,FAC-001,2025-05-12,LINE-05,ORD-05-013,STY-009,shade_variation,1,329,minor,validation,synthetic
QDEF-003893,FAC-001,2025-05-12,LINE-05,ORD-05-013,STY-009,oil_mark,2,329,minor,validation,synthetic
QDEF-003894,FAC-001,2025-05-12,LINE-05,ORD-05-013,STY-009,puckering,2,329,minor,validation,synthetic
QDEF-003895,FAC-001,2025-05-12,LINE-05,ORD-05-013,STY-009,open_seam,1,329,minor,validation,synthetic
QDEF-003896,FAC-001,2025-05-13,LINE-05,ORD-05-013,STY-009,skip_stitch,4,354,minor,validation,synthetic
QDEF-003897,FAC-001,2025-05-13,LINE-05,ORD-05-013,STY-009,open_seam,3,354,minor,validation,synthetic
QDEF-003898,FAC-001,2025-05-13,LINE-05,ORD-05-013,STY-009,shade_variation,2,354,major,validation,synthetic
QDEF-003899,FAC-001,2025-05-13,LINE-05,ORD-05-013,STY-009,uneven_stitch,1,354,minor,validation,synthetic
QDEF-003900,FAC-001,2025-05-13,LINE-05,ORD-05-013,STY-009,puckering,2,354,minor,validation,synthetic
QDEF-003901,FAC-001,2025-05-14,LINE-05,ORD-05-013,STY-009,skip_stitch,3,313,minor,validation,synthetic
QDEF-003902,FAC-001,2025-05-14,LINE-05,ORD-05-013,STY-009,puckering,5,313,major,validation,synthetic
QDEF-003903,FAC-001,2025-05-14,LINE-05,ORD-05-013,STY-009,uneven_stitch,2,313,minor,validation,synthetic
QDEF-003904,FAC-001,2025-05-14,LINE-05,ORD-05-013,STY-009,measurement_variance,4,313,minor,validation,synthetic
QDEF-003905,FAC-001,2025-05-14,LINE-05,ORD-05-013,STY-009,open_seam,5,313,minor,validation,synthetic
QDEF-003906,FAC-001,2025-05-14,LINE-05,ORD-05-013,STY-009,oil_mark,4,313,major,validation,synthetic
QDEF-003907,FAC-001,2025-05-15,LINE-05,ORD-05-013,STY-009,measurement_variance,8,299,minor,validation,synthetic
QDEF-003908,FAC-001,2025-05-15,LINE-05,ORD-05-013,STY-009,shade_variation,3,299,major,validation,synthetic
QDEF-003909,FAC-001,2025-05-15,LINE-05,ORD-05-013,STY-009,skip_stitch,2,299,minor,validation,synthetic
QDEF-003910,FAC-001,2025-05-15,LINE-05,ORD-05-013,STY-009,uneven_stitch,3,299,major,validation,synthetic
QDEF-003911,FAC-001,2025-05-15,LINE-05,ORD-05-013,STY-009,oil_mark,3,299,major,validation,synthetic
QDEF-003912,FAC-001,2025-05-17,LINE-05,ORD-05-013,STY-009,measurement_variance,1,350,minor,validation,synthetic
QDEF-003913,FAC-001,2025-05-17,LINE-05,ORD-05-013,STY-009,shade_variation,1,350,major,validation,synthetic
QDEF-003914,FAC-001,2025-05-17,LINE-05,ORD-05-013,STY-009,skip_stitch,2,350,critical,validation,synthetic
QDEF-003915,FAC-001,2025-05-17,LINE-05,ORD-05-013,STY-009,open_seam,2,350,major,validation,synthetic
QDEF-003916,FAC-001,2025-05-17,LINE-05,ORD-05-013,STY-009,uneven_stitch,2,350,minor,validation,synthetic
QDEF-003917,FAC-001,2025-05-17,LINE-05,ORD-05-013,STY-009,puckering,1,350,major,validation,synthetic
QDEF-003918,FAC-001,2025-05-18,LINE-05,ORD-05-013,STY-009,shade_variation,1,314,minor,validation,synthetic
QDEF-003919,FAC-001,2025-05-18,LINE-05,ORD-05-013,STY-009,open_seam,3,314,major,validation,synthetic
QDEF-003920,FAC-001,2025-05-18,LINE-05,ORD-05-013,STY-009,puckering,2,314,major,validation,synthetic
QDEF-003921,FAC-001,2025-05-18,LINE-05,ORD-05-013,STY-009,measurement_variance,5,314,major,validation,synthetic
QDEF-003922,FAC-001,2025-05-18,LINE-05,ORD-05-013,STY-009,skip_stitch,2,314,minor,validation,synthetic
QDEF-003923,FAC-001,2025-05-18,LINE-05,ORD-05-013,STY-009,uneven_stitch,2,314,minor,validation,synthetic
QDEF-003924,FAC-001,2025-05-18,LINE-05,ORD-05-013,STY-009,oil_mark,3,314,major,validation,synthetic
QDEF-003925,FAC-001,2025-05-21,LINE-05,ORD-05-014,STY-013,skip_stitch,4,259,minor,validation,synthetic
QDEF-003926,FAC-001,2025-05-21,LINE-05,ORD-05-014,STY-013,shade_variation,5,259,minor,validation,synthetic
QDEF-003927,FAC-001,2025-05-21,LINE-05,ORD-05-014,STY-013,oil_mark,1,259,minor,validation,synthetic
QDEF-003928,FAC-001,2025-05-21,LINE-05,ORD-05-014,STY-013,uneven_stitch,1,259,major,validation,synthetic
QDEF-003929,FAC-001,2025-05-22,LINE-05,ORD-05-014,STY-013,skip_stitch,1,165,minor,validation,synthetic
QDEF-003930,FAC-001,2025-05-22,LINE-05,ORD-05-014,STY-013,oil_mark,1,165,minor,validation,synthetic
QDEF-003931,FAC-001,2025-05-24,LINE-05,ORD-05-014,STY-013,uneven_stitch,2,343,major,validation,synthetic
QDEF-003932,FAC-001,2025-05-24,LINE-05,ORD-05-014,STY-013,puckering,3,343,major,validation,synthetic
QDEF-003933,FAC-001,2025-05-24,LINE-05,ORD-05-014,STY-013,measurement_variance,3,343,minor,validation,synthetic
QDEF-003934,FAC-001,2025-05-24,LINE-05,ORD-05-014,STY-013,open_seam,1,343,minor,validation,synthetic
QDEF-003935,FAC-001,2025-05-24,LINE-05,ORD-05-014,STY-013,shade_variation,1,343,critical,validation,synthetic
QDEF-003936,FAC-001,2025-05-25,LINE-05,ORD-05-014,STY-013,open_seam,2,299,major,validation,synthetic
QDEF-003937,FAC-001,2025-05-25,LINE-05,ORD-05-014,STY-013,oil_mark,2,299,minor,validation,synthetic
QDEF-003938,FAC-001,2025-05-25,LINE-05,ORD-05-014,STY-013,puckering,1,299,major,validation,synthetic
QDEF-003939,FAC-001,2025-05-25,LINE-05,ORD-05-014,STY-013,uneven_stitch,2,299,minor,validation,synthetic
QDEF-003940,FAC-001,2025-05-25,LINE-05,ORD-05-014,STY-013,shade_variation,1,299,critical,validation,synthetic
QDEF-003941,FAC-001,2025-05-26,LINE-05,ORD-05-014,STY-013,uneven_stitch,2,348,minor,validation,synthetic
QDEF-003942,FAC-001,2025-05-26,LINE-05,ORD-05-014,STY-013,shade_variation,3,348,minor,validation,synthetic
QDEF-003943,FAC-001,2025-05-26,LINE-05,ORD-05-014,STY-013,puckering,2,348,minor,validation,synthetic
QDEF-003944,FAC-001,2025-05-27,LINE-05,ORD-05-014,STY-013,open_seam,1,281,major,validation,synthetic
QDEF-003945,FAC-001,2025-05-27,LINE-05,ORD-05-014,STY-013,oil_mark,3,281,minor,validation,synthetic
QDEF-003946,FAC-001,2025-05-27,LINE-05,ORD-05-014,STY-013,uneven_stitch,1,281,minor,validation,synthetic
QDEF-003947,FAC-001,2025-05-27,LINE-05,ORD-05-014,STY-013,puckering,2,281,minor,validation,synthetic
QDEF-003948,FAC-001,2025-05-27,LINE-05,ORD-05-014,STY-013,shade_variation,1,281,minor,validation,synthetic
QDEF-003949,FAC-001,2025-05-28,LINE-05,ORD-05-014,STY-013,measurement_variance,2,61,minor,validation,synthetic
QDEF-003950,FAC-001,2025-05-28,LINE-05,ORD-05-014,STY-013,puckering,1,61,minor,validation,synthetic
QDEF-003951,FAC-001,2025-05-31,LINE-05,ORD-05-015,STY-012,uneven_stitch,3,207,major,validation,synthetic
QDEF-003952,FAC-001,2025-05-31,LINE-05,ORD-05-015,STY-012,measurement_variance,3,207,major,validation,synthetic
QDEF-003953,FAC-001,2025-05-31,LINE-05,ORD-05-015,STY-012,skip_stitch,1,207,major,validation,synthetic
QDEF-003954,FAC-001,2025-05-31,LINE-05,ORD-05-015,STY-012,shade_variation,1,207,minor,validation,synthetic
QDEF-003955,FAC-001,2025-05-31,LINE-05,ORD-05-015,STY-012,puckering,1,207,minor,validation,synthetic
QDEF-003956,FAC-001,2025-06-01,LINE-05,ORD-05-015,STY-012,uneven_stitch,1,300,major,test,synthetic
QDEF-003957,FAC-001,2025-06-01,LINE-05,ORD-05-015,STY-012,skip_stitch,1,300,minor,test,synthetic
QDEF-003958,FAC-001,2025-06-01,LINE-05,ORD-05-015,STY-012,open_seam,3,300,minor,test,synthetic
QDEF-003959,FAC-001,2025-06-01,LINE-05,ORD-05-015,STY-012,oil_mark,1,300,critical,test,synthetic
QDEF-003960,FAC-001,2025-06-01,LINE-05,ORD-05-015,STY-012,puckering,3,300,minor,test,synthetic
QDEF-003961,FAC-001,2025-06-02,LINE-05,ORD-05-015,STY-012,oil_mark,4,231,minor,test,synthetic
QDEF-003962,FAC-001,2025-06-02,LINE-05,ORD-05-015,STY-012,shade_variation,4,231,major,test,synthetic
QDEF-003963,FAC-001,2025-06-02,LINE-05,ORD-05-015,STY-012,puckering,4,231,major,test,synthetic
QDEF-003964,FAC-001,2025-06-02,LINE-05,ORD-05-015,STY-012,open_seam,2,231,minor,test,synthetic
QDEF-003965,FAC-001,2025-06-02,LINE-05,ORD-05-015,STY-012,skip_stitch,2,231,minor,test,synthetic
QDEF-003966,FAC-001,2025-06-02,LINE-05,ORD-05-015,STY-012,measurement_variance,1,231,minor,test,synthetic
QDEF-003967,FAC-001,2025-06-02,LINE-05,ORD-05-015,STY-012,uneven_stitch,1,231,minor,test,synthetic
QDEF-003968,FAC-001,2025-06-03,LINE-05,ORD-05-015,STY-012,open_seam,3,286,major,test,synthetic
QDEF-003969,FAC-001,2025-06-03,LINE-05,ORD-05-015,STY-012,measurement_variance,4,286,minor,test,synthetic
QDEF-003970,FAC-001,2025-06-03,LINE-05,ORD-05-015,STY-012,uneven_stitch,1,286,major,test,synthetic
QDEF-003971,FAC-001,2025-06-03,LINE-05,ORD-05-015,STY-012,shade_variation,1,286,minor,test,synthetic
QDEF-003972,FAC-001,2025-06-03,LINE-05,ORD-05-015,STY-012,skip_stitch,1,286,minor,test,synthetic
QDEF-003973,FAC-001,2025-06-03,LINE-05,ORD-05-015,STY-012,oil_mark,1,286,minor,test,synthetic
QDEF-003974,FAC-001,2025-06-04,LINE-05,ORD-05-015,STY-012,skip_stitch,3,359,minor,test,synthetic
QDEF-003975,FAC-001,2025-06-04,LINE-05,ORD-05-015,STY-012,uneven_stitch,6,359,major,test,synthetic
QDEF-003976,FAC-001,2025-06-04,LINE-05,ORD-05-015,STY-012,oil_mark,3,359,minor,test,synthetic
QDEF-003977,FAC-001,2025-06-04,LINE-05,ORD-05-015,STY-012,open_seam,2,359,major,test,synthetic
QDEF-003978,FAC-001,2025-06-04,LINE-05,ORD-05-015,STY-012,puckering,2,359,minor,test,synthetic
QDEF-003979,FAC-001,2025-06-04,LINE-05,ORD-05-015,STY-012,measurement_variance,2,359,major,test,synthetic
QDEF-003980,FAC-001,2025-06-04,LINE-05,ORD-05-015,STY-012,shade_variation,1,359,major,test,synthetic
QDEF-003981,FAC-001,2025-06-05,LINE-05,ORD-05-015,STY-012,uneven_stitch,3,314,major,test,synthetic
QDEF-003982,FAC-001,2025-06-05,LINE-05,ORD-05-015,STY-012,puckering,4,314,minor,test,synthetic
QDEF-003983,FAC-001,2025-06-05,LINE-05,ORD-05-015,STY-012,open_seam,1,314,minor,test,synthetic
QDEF-003984,FAC-001,2025-06-05,LINE-05,ORD-05-015,STY-012,measurement_variance,1,314,minor,test,synthetic
QDEF-003985,FAC-001,2025-06-07,LINE-05,ORD-05-015,STY-012,open_seam,2,301,critical,test,synthetic
QDEF-003986,FAC-001,2025-06-07,LINE-05,ORD-05-015,STY-012,measurement_variance,3,301,major,test,synthetic
QDEF-003987,FAC-001,2025-06-07,LINE-05,ORD-05-015,STY-012,oil_mark,2,301,minor,test,synthetic
QDEF-003988,FAC-001,2025-06-07,LINE-05,ORD-05-015,STY-012,puckering,3,301,major,test,synthetic
QDEF-003989,FAC-001,2025-06-07,LINE-05,ORD-05-015,STY-012,shade_variation,3,301,minor,test,synthetic
QDEF-003990,FAC-001,2025-06-07,LINE-05,ORD-05-015,STY-012,uneven_stitch,1,301,minor,test,synthetic
QDEF-003991,FAC-001,2025-06-07,LINE-05,ORD-05-015,STY-012,skip_stitch,1,301,minor,test,synthetic
QDEF-003992,FAC-001,2025-06-08,LINE-05,ORD-05-015,STY-012,skip_stitch,2,335,minor,test,synthetic
QDEF-003993,FAC-001,2025-06-08,LINE-05,ORD-05-015,STY-012,uneven_stitch,2,335,minor,test,synthetic
QDEF-003994,FAC-001,2025-06-08,LINE-05,ORD-05-015,STY-012,oil_mark,3,335,minor,test,synthetic
QDEF-003995,FAC-001,2025-06-08,LINE-05,ORD-05-015,STY-012,shade_variation,4,335,minor,test,synthetic
QDEF-003996,FAC-001,2025-06-08,LINE-05,ORD-05-015,STY-012,measurement_variance,1,335,minor,test,synthetic
QDEF-003997,FAC-001,2025-06-08,LINE-05,ORD-05-015,STY-012,puckering,1,335,minor,test,synthetic
QDEF-003998,FAC-001,2025-06-09,LINE-05,ORD-05-015,STY-012,skip_stitch,1,358,major,test,synthetic
QDEF-003999,FAC-001,2025-06-09,LINE-05,ORD-05-015,STY-012,oil_mark,2,358,minor,test,synthetic
QDEF-004000,FAC-001,2025-06-09,LINE-05,ORD-05-015,STY-012,shade_variation,1,358,major,test,synthetic
QDEF-004001,FAC-001,2025-06-09,LINE-05,ORD-05-015,STY-012,open_seam,1,358,major,test,synthetic
QDEF-004002,FAC-001,2025-06-09,LINE-05,ORD-05-015,STY-012,puckering,3,358,minor,test,synthetic
QDEF-004003,FAC-001,2025-06-09,LINE-05,ORD-05-015,STY-012,measurement_variance,4,358,minor,test,synthetic
QDEF-004004,FAC-001,2025-06-10,LINE-05,ORD-05-015,STY-012,open_seam,1,264,minor,test,synthetic
QDEF-004005,FAC-001,2025-06-10,LINE-05,ORD-05-015,STY-012,skip_stitch,1,264,major,test,synthetic
QDEF-004006,FAC-001,2025-06-10,LINE-05,ORD-05-015,STY-012,oil_mark,1,264,minor,test,synthetic
QDEF-004007,FAC-001,2025-06-10,LINE-05,ORD-05-015,STY-012,shade_variation,2,264,major,test,synthetic
QDEF-004008,FAC-001,2025-06-10,LINE-05,ORD-05-015,STY-012,puckering,1,264,minor,test,synthetic
QDEF-004009,FAC-001,2025-06-10,LINE-05,ORD-05-015,STY-012,uneven_stitch,1,264,major,test,synthetic
QDEF-004010,FAC-001,2025-06-11,LINE-05,ORD-05-015,STY-012,shade_variation,1,8,major,test,synthetic
QDEF-004011,FAC-001,2025-06-14,LINE-05,ORD-05-016,STY-016,skip_stitch,7,383,major,test,synthetic
QDEF-004012,FAC-001,2025-06-14,LINE-05,ORD-05-016,STY-016,oil_mark,4,383,critical,test,synthetic
QDEF-004013,FAC-001,2025-06-14,LINE-05,ORD-05-016,STY-016,shade_variation,5,383,major,test,synthetic
QDEF-004014,FAC-001,2025-06-14,LINE-05,ORD-05-016,STY-016,measurement_variance,3,383,minor,test,synthetic
QDEF-004015,FAC-001,2025-06-14,LINE-05,ORD-05-016,STY-016,uneven_stitch,2,383,major,test,synthetic
QDEF-004016,FAC-001,2025-06-14,LINE-05,ORD-05-016,STY-016,puckering,3,383,minor,test,synthetic
QDEF-004017,FAC-001,2025-06-14,LINE-05,ORD-05-016,STY-016,open_seam,1,383,critical,test,synthetic
QDEF-004018,FAC-001,2025-06-15,LINE-05,ORD-05-016,STY-016,measurement_variance,3,440,minor,test,synthetic
QDEF-004019,FAC-001,2025-06-15,LINE-05,ORD-05-016,STY-016,oil_mark,2,440,major,test,synthetic
QDEF-004020,FAC-001,2025-06-15,LINE-05,ORD-05-016,STY-016,shade_variation,5,440,minor,test,synthetic
QDEF-004021,FAC-001,2025-06-15,LINE-05,ORD-05-016,STY-016,puckering,3,440,minor,test,synthetic
QDEF-004022,FAC-001,2025-06-15,LINE-05,ORD-05-016,STY-016,skip_stitch,4,440,minor,test,synthetic
QDEF-004023,FAC-001,2025-06-15,LINE-05,ORD-05-016,STY-016,uneven_stitch,3,440,minor,test,synthetic
QDEF-004024,FAC-001,2025-06-15,LINE-05,ORD-05-016,STY-016,open_seam,4,440,major,test,synthetic
QDEF-004025,FAC-001,2025-06-16,LINE-05,ORD-05-016,STY-016,open_seam,3,561,major,test,synthetic
QDEF-004026,FAC-001,2025-06-16,LINE-05,ORD-05-016,STY-016,oil_mark,4,561,minor,test,synthetic
QDEF-004027,FAC-001,2025-06-16,LINE-05,ORD-05-016,STY-016,skip_stitch,7,561,major,test,synthetic
QDEF-004028,FAC-001,2025-06-16,LINE-05,ORD-05-016,STY-016,measurement_variance,5,561,major,test,synthetic
QDEF-004029,FAC-001,2025-06-16,LINE-05,ORD-05-016,STY-016,shade_variation,3,561,minor,test,synthetic
QDEF-004030,FAC-001,2025-06-16,LINE-05,ORD-05-016,STY-016,puckering,3,561,minor,test,synthetic
QDEF-004031,FAC-001,2025-06-16,LINE-05,ORD-05-016,STY-016,uneven_stitch,5,561,minor,test,synthetic
QDEF-004032,FAC-001,2025-06-17,LINE-05,ORD-05-016,STY-016,skip_stitch,4,543,minor,test,synthetic
QDEF-004033,FAC-001,2025-06-17,LINE-05,ORD-05-016,STY-016,measurement_variance,1,543,minor,test,synthetic
QDEF-004034,FAC-001,2025-06-17,LINE-05,ORD-05-016,STY-016,oil_mark,4,543,minor,test,synthetic
QDEF-004035,FAC-001,2025-06-17,LINE-05,ORD-05-016,STY-016,shade_variation,3,543,minor,test,synthetic
QDEF-004036,FAC-001,2025-06-17,LINE-05,ORD-05-016,STY-016,puckering,2,543,minor,test,synthetic
QDEF-004037,FAC-001,2025-06-17,LINE-05,ORD-05-016,STY-016,uneven_stitch,2,543,major,test,synthetic
QDEF-004038,FAC-001,2025-06-17,LINE-05,ORD-05-016,STY-016,open_seam,2,543,critical,test,synthetic
QDEF-004039,FAC-001,2025-06-19,LINE-05,ORD-05-017,STY-028,puckering,1,198,minor,test,synthetic
QDEF-004040,FAC-001,2025-06-19,LINE-05,ORD-05-017,STY-028,measurement_variance,1,198,minor,test,synthetic
QDEF-004041,FAC-001,2025-06-19,LINE-05,ORD-05-017,STY-028,shade_variation,2,198,minor,test,synthetic
QDEF-004042,FAC-001,2025-06-19,LINE-05,ORD-05-017,STY-028,oil_mark,1,198,major,test,synthetic
QDEF-004043,FAC-001,2025-06-21,LINE-05,ORD-05-017,STY-028,shade_variation,3,234,major,test,synthetic
QDEF-004044,FAC-001,2025-06-21,LINE-05,ORD-05-017,STY-028,puckering,3,234,minor,test,synthetic
QDEF-004045,FAC-001,2025-06-21,LINE-05,ORD-05-017,STY-028,skip_stitch,2,234,major,test,synthetic
QDEF-004046,FAC-001,2025-06-21,LINE-05,ORD-05-017,STY-028,uneven_stitch,1,234,minor,test,synthetic
QDEF-004047,FAC-001,2025-06-21,LINE-05,ORD-05-017,STY-028,oil_mark,4,234,major,test,synthetic
QDEF-004048,FAC-001,2025-06-21,LINE-05,ORD-05-017,STY-028,open_seam,3,234,minor,test,synthetic
QDEF-004049,FAC-001,2025-06-22,LINE-05,ORD-05-017,STY-028,oil_mark,5,272,minor,test,synthetic
QDEF-004050,FAC-001,2025-06-22,LINE-05,ORD-05-017,STY-028,shade_variation,2,272,major,test,synthetic
QDEF-004051,FAC-001,2025-06-22,LINE-05,ORD-05-017,STY-028,uneven_stitch,4,272,major,test,synthetic
QDEF-004052,FAC-001,2025-06-22,LINE-05,ORD-05-017,STY-028,puckering,3,272,major,test,synthetic
QDEF-004053,FAC-001,2025-06-22,LINE-05,ORD-05-017,STY-028,measurement_variance,1,272,minor,test,synthetic
QDEF-004054,FAC-001,2025-06-22,LINE-05,ORD-05-017,STY-028,open_seam,2,272,critical,test,synthetic
QDEF-004055,FAC-001,2025-06-22,LINE-05,ORD-05-017,STY-028,skip_stitch,1,272,minor,test,synthetic
QDEF-004056,FAC-001,2025-06-23,LINE-05,ORD-05-017,STY-028,shade_variation,4,277,minor,test,synthetic
QDEF-004057,FAC-001,2025-06-23,LINE-05,ORD-05-017,STY-028,open_seam,4,277,major,test,synthetic
QDEF-004058,FAC-001,2025-06-23,LINE-05,ORD-05-017,STY-028,measurement_variance,6,277,minor,test,synthetic
QDEF-004059,FAC-001,2025-06-23,LINE-05,ORD-05-017,STY-028,oil_mark,4,277,minor,test,synthetic
QDEF-004060,FAC-001,2025-06-23,LINE-05,ORD-05-017,STY-028,puckering,6,277,minor,test,synthetic
QDEF-004061,FAC-001,2025-06-23,LINE-05,ORD-05-017,STY-028,skip_stitch,4,277,critical,test,synthetic
QDEF-004062,FAC-001,2025-06-23,LINE-05,ORD-05-017,STY-028,uneven_stitch,3,277,major,test,synthetic
QDEF-004063,FAC-001,2025-06-24,LINE-05,ORD-05-017,STY-028,skip_stitch,3,309,minor,test,synthetic
QDEF-004064,FAC-001,2025-06-24,LINE-05,ORD-05-017,STY-028,puckering,1,309,minor,test,synthetic
QDEF-004065,FAC-001,2025-06-24,LINE-05,ORD-05-017,STY-028,open_seam,3,309,major,test,synthetic
QDEF-004066,FAC-001,2025-06-24,LINE-05,ORD-05-017,STY-028,uneven_stitch,2,309,minor,test,synthetic
QDEF-004067,FAC-001,2025-06-24,LINE-05,ORD-05-017,STY-028,measurement_variance,2,309,major,test,synthetic
QDEF-004068,FAC-001,2025-06-24,LINE-05,ORD-05-017,STY-028,oil_mark,1,309,major,test,synthetic
QDEF-004069,FAC-001,2025-06-25,LINE-05,ORD-05-017,STY-028,open_seam,1,254,minor,test,synthetic
QDEF-004070,FAC-001,2025-06-25,LINE-05,ORD-05-017,STY-028,shade_variation,1,254,minor,test,synthetic
QDEF-004071,FAC-001,2025-06-25,LINE-05,ORD-05-017,STY-028,skip_stitch,2,254,minor,test,synthetic
QDEF-004072,FAC-001,2025-06-25,LINE-05,ORD-05-017,STY-028,uneven_stitch,2,254,minor,test,synthetic
QDEF-004073,FAC-001,2025-06-25,LINE-05,ORD-05-017,STY-028,oil_mark,1,254,minor,test,synthetic
QDEF-004074,FAC-001,2025-06-26,LINE-05,ORD-05-017,STY-028,uneven_stitch,3,310,minor,test,synthetic
QDEF-004075,FAC-001,2025-06-26,LINE-05,ORD-05-017,STY-028,skip_stitch,1,310,minor,test,synthetic
QDEF-004076,FAC-001,2025-06-26,LINE-05,ORD-05-017,STY-028,puckering,3,310,minor,test,synthetic
QDEF-004077,FAC-001,2025-06-26,LINE-05,ORD-05-017,STY-028,oil_mark,2,310,minor,test,synthetic
QDEF-004078,FAC-001,2025-06-29,LINE-05,ORD-05-018,STY-015,shade_variation,2,336,minor,test,synthetic
QDEF-004079,FAC-001,2025-06-29,LINE-05,ORD-05-018,STY-015,skip_stitch,1,336,critical,test,synthetic
QDEF-004080,FAC-001,2025-06-29,LINE-05,ORD-05-018,STY-015,uneven_stitch,1,336,minor,test,synthetic
QDEF-004081,FAC-001,2025-06-29,LINE-05,ORD-05-018,STY-015,puckering,1,336,minor,test,synthetic
QDEF-004082,FAC-001,2025-06-29,LINE-05,ORD-05-018,STY-015,open_seam,1,336,minor,test,synthetic
QDEF-004083,FAC-001,2025-06-29,LINE-05,ORD-05-018,STY-015,oil_mark,1,336,minor,test,synthetic
QDEF-004084,FAC-001,2025-06-30,LINE-05,ORD-05-018,STY-015,oil_mark,2,496,minor,test,synthetic
QDEF-004085,FAC-001,2025-06-30,LINE-05,ORD-05-018,STY-015,open_seam,5,496,minor,test,synthetic
QDEF-004086,FAC-001,2025-06-30,LINE-05,ORD-05-018,STY-015,puckering,2,496,critical,test,synthetic
QDEF-004087,FAC-001,2025-06-30,LINE-05,ORD-05-018,STY-015,uneven_stitch,1,496,minor,test,synthetic
QDEF-004088,FAC-001,2025-01-04,LINE-06,ORD-06-001,STY-030,oil_mark,1,113,minor,train,synthetic
QDEF-004089,FAC-001,2025-01-04,LINE-06,ORD-06-001,STY-030,shade_variation,1,113,minor,train,synthetic
QDEF-004090,FAC-001,2025-01-04,LINE-06,ORD-06-001,STY-030,skip_stitch,1,113,minor,train,synthetic
QDEF-004091,FAC-001,2025-01-05,LINE-06,ORD-06-001,STY-030,uneven_stitch,3,189,minor,train,synthetic
QDEF-004092,FAC-001,2025-01-05,LINE-06,ORD-06-001,STY-030,oil_mark,1,189,minor,train,synthetic
QDEF-004093,FAC-001,2025-01-05,LINE-06,ORD-06-001,STY-030,puckering,1,189,major,train,synthetic
QDEF-004094,FAC-001,2025-01-06,LINE-06,ORD-06-001,STY-030,uneven_stitch,3,182,major,train,synthetic
QDEF-004095,FAC-001,2025-01-06,LINE-06,ORD-06-001,STY-030,skip_stitch,3,182,major,train,synthetic
QDEF-004096,FAC-001,2025-01-06,LINE-06,ORD-06-001,STY-030,puckering,3,182,critical,train,synthetic
QDEF-004097,FAC-001,2025-01-07,LINE-06,ORD-06-001,STY-030,oil_mark,3,177,major,train,synthetic
QDEF-004098,FAC-001,2025-01-07,LINE-06,ORD-06-001,STY-030,uneven_stitch,2,177,minor,train,synthetic
QDEF-004099,FAC-001,2025-01-07,LINE-06,ORD-06-001,STY-030,measurement_variance,3,177,minor,train,synthetic
QDEF-004100,FAC-001,2025-01-07,LINE-06,ORD-06-001,STY-030,skip_stitch,1,177,minor,train,synthetic
QDEF-004101,FAC-001,2025-01-07,LINE-06,ORD-06-001,STY-030,open_seam,1,177,minor,train,synthetic
QDEF-004102,FAC-001,2025-01-08,LINE-06,ORD-06-001,STY-030,open_seam,3,224,minor,train,synthetic
QDEF-004103,FAC-001,2025-01-08,LINE-06,ORD-06-001,STY-030,puckering,2,224,major,train,synthetic
QDEF-004104,FAC-001,2025-01-08,LINE-06,ORD-06-001,STY-030,measurement_variance,1,224,minor,train,synthetic
QDEF-004105,FAC-001,2025-01-08,LINE-06,ORD-06-001,STY-030,oil_mark,1,224,major,train,synthetic
QDEF-004106,FAC-001,2025-01-08,LINE-06,ORD-06-001,STY-030,shade_variation,1,224,major,train,synthetic
QDEF-004107,FAC-001,2025-01-08,LINE-06,ORD-06-001,STY-030,skip_stitch,1,224,major,train,synthetic
QDEF-004108,FAC-001,2025-01-09,LINE-06,ORD-06-001,STY-030,uneven_stitch,1,242,minor,train,synthetic
QDEF-004109,FAC-001,2025-01-09,LINE-06,ORD-06-001,STY-030,open_seam,1,242,minor,train,synthetic
QDEF-004110,FAC-001,2025-01-09,LINE-06,ORD-06-001,STY-030,shade_variation,1,242,major,train,synthetic
QDEF-004111,FAC-001,2025-01-11,LINE-06,ORD-06-001,STY-030,skip_stitch,2,223,minor,train,synthetic
QDEF-004112,FAC-001,2025-01-11,LINE-06,ORD-06-001,STY-030,open_seam,1,223,minor,train,synthetic
QDEF-004113,FAC-001,2025-01-11,LINE-06,ORD-06-001,STY-030,oil_mark,1,223,minor,train,synthetic
QDEF-004114,FAC-001,2025-01-11,LINE-06,ORD-06-001,STY-030,measurement_variance,1,223,minor,train,synthetic
QDEF-004115,FAC-001,2025-01-11,LINE-06,ORD-06-001,STY-030,shade_variation,1,223,major,train,synthetic
QDEF-004116,FAC-001,2025-01-11,LINE-06,ORD-06-001,STY-030,puckering,1,223,minor,train,synthetic
QDEF-004117,FAC-001,2025-01-12,LINE-06,ORD-06-001,STY-030,puckering,1,54,minor,train,synthetic
QDEF-004118,FAC-001,2025-01-13,LINE-06,ORD-06-002,STY-032,open_seam,1,259,major,train,synthetic
QDEF-004119,FAC-001,2025-01-13,LINE-06,ORD-06-002,STY-032,measurement_variance,1,259,major,train,synthetic
QDEF-004120,FAC-001,2025-01-13,LINE-06,ORD-06-002,STY-032,uneven_stitch,1,259,minor,train,synthetic
QDEF-004121,FAC-001,2025-01-13,LINE-06,ORD-06-002,STY-032,shade_variation,1,259,minor,train,synthetic
QDEF-004122,FAC-001,2025-01-14,LINE-06,ORD-06-002,STY-032,skip_stitch,2,420,minor,train,synthetic
QDEF-004123,FAC-001,2025-01-14,LINE-06,ORD-06-002,STY-032,uneven_stitch,2,420,minor,train,synthetic
QDEF-004124,FAC-001,2025-01-14,LINE-06,ORD-06-002,STY-032,open_seam,1,420,minor,train,synthetic
QDEF-004125,FAC-001,2025-01-14,LINE-06,ORD-06-002,STY-032,measurement_variance,1,420,minor,train,synthetic
QDEF-004126,FAC-001,2025-01-14,LINE-06,ORD-06-002,STY-032,oil_mark,1,420,minor,train,synthetic
QDEF-004127,FAC-001,2025-01-15,LINE-06,ORD-06-002,STY-032,oil_mark,4,350,major,train,synthetic
QDEF-004128,FAC-001,2025-01-15,LINE-06,ORD-06-002,STY-032,uneven_stitch,2,350,minor,train,synthetic
QDEF-004129,FAC-001,2025-01-15,LINE-06,ORD-06-002,STY-032,measurement_variance,1,350,major,train,synthetic
QDEF-004130,FAC-001,2025-01-16,LINE-06,ORD-06-002,STY-032,skip_stitch,2,356,critical,train,synthetic
QDEF-004131,FAC-001,2025-01-16,LINE-06,ORD-06-002,STY-032,measurement_variance,1,356,minor,train,synthetic
QDEF-004132,FAC-001,2025-01-16,LINE-06,ORD-06-002,STY-032,shade_variation,2,356,minor,train,synthetic
QDEF-004133,FAC-001,2025-01-16,LINE-06,ORD-06-002,STY-032,puckering,2,356,minor,train,synthetic
QDEF-004134,FAC-001,2025-01-16,LINE-06,ORD-06-002,STY-032,uneven_stitch,1,356,minor,train,synthetic
QDEF-004135,FAC-001,2025-01-16,LINE-06,ORD-06-002,STY-032,open_seam,1,356,minor,train,synthetic
QDEF-004136,FAC-001,2025-01-18,LINE-06,ORD-06-002,STY-032,skip_stitch,2,434,minor,train,synthetic
QDEF-004137,FAC-001,2025-01-18,LINE-06,ORD-06-002,STY-032,puckering,2,434,minor,train,synthetic
QDEF-004138,FAC-001,2025-01-18,LINE-06,ORD-06-002,STY-032,measurement_variance,3,434,minor,train,synthetic
QDEF-004139,FAC-001,2025-01-18,LINE-06,ORD-06-002,STY-032,shade_variation,2,434,minor,train,synthetic
QDEF-004140,FAC-001,2025-01-18,LINE-06,ORD-06-002,STY-032,uneven_stitch,2,434,major,train,synthetic
QDEF-004141,FAC-001,2025-01-19,LINE-06,ORD-06-002,STY-032,uneven_stitch,2,430,major,train,synthetic
QDEF-004142,FAC-001,2025-01-19,LINE-06,ORD-06-002,STY-032,skip_stitch,2,430,minor,train,synthetic
QDEF-004143,FAC-001,2025-01-19,LINE-06,ORD-06-002,STY-032,open_seam,1,430,major,train,synthetic
QDEF-004144,FAC-001,2025-01-19,LINE-06,ORD-06-002,STY-032,shade_variation,1,430,minor,train,synthetic
QDEF-004145,FAC-001,2025-01-19,LINE-06,ORD-06-002,STY-032,puckering,2,430,major,train,synthetic
QDEF-004146,FAC-001,2025-01-19,LINE-06,ORD-06-002,STY-032,measurement_variance,1,430,major,train,synthetic
QDEF-004147,FAC-001,2025-01-19,LINE-06,ORD-06-002,STY-032,oil_mark,1,430,minor,train,synthetic
QDEF-004148,FAC-001,2025-01-20,LINE-06,ORD-06-002,STY-032,skip_stitch,1,454,minor,train,synthetic
QDEF-004149,FAC-001,2025-01-20,LINE-06,ORD-06-002,STY-032,uneven_stitch,1,454,minor,train,synthetic
QDEF-004150,FAC-001,2025-01-20,LINE-06,ORD-06-002,STY-032,puckering,2,454,minor,train,synthetic
QDEF-004151,FAC-001,2025-01-20,LINE-06,ORD-06-002,STY-032,open_seam,2,454,minor,train,synthetic
QDEF-004152,FAC-001,2025-01-20,LINE-06,ORD-06-002,STY-032,measurement_variance,1,454,major,train,synthetic
QDEF-004153,FAC-001,2025-01-21,LINE-06,ORD-06-002,STY-032,oil_mark,1,73,minor,train,synthetic
QDEF-004154,FAC-001,2025-01-21,LINE-06,ORD-06-002,STY-032,uneven_stitch,1,73,major,train,synthetic
QDEF-004155,FAC-001,2025-01-21,LINE-06,ORD-06-002,STY-032,shade_variation,1,73,minor,train,synthetic
QDEF-004156,FAC-001,2025-01-23,LINE-06,ORD-06-003,STY-031,measurement_variance,3,264,minor,train,synthetic
QDEF-004157,FAC-001,2025-01-23,LINE-06,ORD-06-003,STY-031,puckering,2,264,minor,train,synthetic
QDEF-004158,FAC-001,2025-01-23,LINE-06,ORD-06-003,STY-031,uneven_stitch,2,264,minor,train,synthetic
QDEF-004159,FAC-001,2025-01-23,LINE-06,ORD-06-003,STY-031,oil_mark,6,264,minor,train,synthetic
QDEF-004160,FAC-001,2025-01-23,LINE-06,ORD-06-003,STY-031,shade_variation,1,264,major,train,synthetic
QDEF-004161,FAC-001,2025-01-25,LINE-06,ORD-06-003,STY-031,measurement_variance,1,367,major,train,synthetic
QDEF-004162,FAC-001,2025-01-25,LINE-06,ORD-06-003,STY-031,shade_variation,3,367,major,train,synthetic
QDEF-004163,FAC-001,2025-01-25,LINE-06,ORD-06-003,STY-031,open_seam,1,367,minor,train,synthetic
QDEF-004164,FAC-001,2025-01-25,LINE-06,ORD-06-003,STY-031,oil_mark,2,367,minor,train,synthetic
QDEF-004165,FAC-001,2025-01-25,LINE-06,ORD-06-003,STY-031,uneven_stitch,1,367,minor,train,synthetic
QDEF-004166,FAC-001,2025-01-26,LINE-06,ORD-06-003,STY-031,shade_variation,2,388,minor,train,synthetic
QDEF-004167,FAC-001,2025-01-26,LINE-06,ORD-06-003,STY-031,skip_stitch,2,388,minor,train,synthetic
QDEF-004168,FAC-001,2025-01-26,LINE-06,ORD-06-003,STY-031,open_seam,2,388,minor,train,synthetic
QDEF-004169,FAC-001,2025-01-26,LINE-06,ORD-06-003,STY-031,oil_mark,1,388,major,train,synthetic
QDEF-004170,FAC-001,2025-01-26,LINE-06,ORD-06-003,STY-031,measurement_variance,2,388,minor,train,synthetic
QDEF-004171,FAC-001,2025-01-26,LINE-06,ORD-06-003,STY-031,puckering,3,388,minor,train,synthetic
QDEF-004172,FAC-001,2025-01-27,LINE-06,ORD-06-003,STY-031,puckering,2,384,minor,train,synthetic
QDEF-004173,FAC-001,2025-01-27,LINE-06,ORD-06-003,STY-031,open_seam,4,384,major,train,synthetic
QDEF-004174,FAC-001,2025-01-27,LINE-06,ORD-06-003,STY-031,measurement_variance,2,384,minor,train,synthetic
QDEF-004175,FAC-001,2025-01-27,LINE-06,ORD-06-003,STY-031,shade_variation,4,384,minor,train,synthetic
QDEF-004176,FAC-001,2025-01-27,LINE-06,ORD-06-003,STY-031,oil_mark,1,384,critical,train,synthetic
QDEF-004177,FAC-001,2025-01-28,LINE-06,ORD-06-003,STY-031,open_seam,3,427,major,train,synthetic
QDEF-004178,FAC-001,2025-01-28,LINE-06,ORD-06-003,STY-031,uneven_stitch,3,427,minor,train,synthetic
QDEF-004179,FAC-001,2025-01-28,LINE-06,ORD-06-003,STY-031,shade_variation,2,427,major,train,synthetic
QDEF-004180,FAC-001,2025-01-28,LINE-06,ORD-06-003,STY-031,puckering,2,427,minor,train,synthetic
QDEF-004181,FAC-001,2025-01-28,LINE-06,ORD-06-003,STY-031,measurement_variance,4,427,minor,train,synthetic
QDEF-004182,FAC-001,2025-01-28,LINE-06,ORD-06-003,STY-031,oil_mark,1,427,minor,train,synthetic
QDEF-004183,FAC-001,2025-01-29,LINE-06,ORD-06-003,STY-031,uneven_stitch,4,361,major,train,synthetic
QDEF-004184,FAC-001,2025-01-29,LINE-06,ORD-06-003,STY-031,puckering,3,361,minor,train,synthetic
QDEF-004185,FAC-001,2025-01-29,LINE-06,ORD-06-003,STY-031,oil_mark,2,361,major,train,synthetic
QDEF-004186,FAC-001,2025-01-29,LINE-06,ORD-06-003,STY-031,measurement_variance,1,361,minor,train,synthetic
QDEF-004187,FAC-001,2025-01-29,LINE-06,ORD-06-003,STY-031,shade_variation,1,361,minor,train,synthetic
QDEF-004188,FAC-001,2025-01-29,LINE-06,ORD-06-003,STY-031,open_seam,2,361,minor,train,synthetic
QDEF-004189,FAC-001,2025-01-30,LINE-06,ORD-06-004,STY-025,shade_variation,1,211,minor,train,synthetic
QDEF-004190,FAC-001,2025-01-30,LINE-06,ORD-06-004,STY-025,puckering,2,211,minor,train,synthetic
QDEF-004191,FAC-001,2025-01-30,LINE-06,ORD-06-004,STY-025,measurement_variance,1,211,major,train,synthetic
QDEF-004192,FAC-001,2025-02-01,LINE-06,ORD-06-004,STY-025,shade_variation,1,242,major,train,synthetic
QDEF-004193,FAC-001,2025-02-01,LINE-06,ORD-06-004,STY-025,open_seam,4,242,minor,train,synthetic
QDEF-004194,FAC-001,2025-02-01,LINE-06,ORD-06-004,STY-025,uneven_stitch,1,242,major,train,synthetic
QDEF-004195,FAC-001,2025-02-01,LINE-06,ORD-06-004,STY-025,measurement_variance,2,242,minor,train,synthetic
QDEF-004196,FAC-001,2025-02-01,LINE-06,ORD-06-004,STY-025,puckering,1,242,minor,train,synthetic
QDEF-004197,FAC-001,2025-02-01,LINE-06,ORD-06-004,STY-025,skip_stitch,3,242,minor,train,synthetic
QDEF-004198,FAC-001,2025-02-01,LINE-06,ORD-06-004,STY-025,oil_mark,1,242,minor,train,synthetic
QDEF-004199,FAC-001,2025-02-02,LINE-06,ORD-06-004,STY-025,skip_stitch,5,315,minor,train,synthetic
QDEF-004200,FAC-001,2025-02-02,LINE-06,ORD-06-004,STY-025,uneven_stitch,3,315,minor,train,synthetic
QDEF-004201,FAC-001,2025-02-02,LINE-06,ORD-06-004,STY-025,measurement_variance,3,315,major,train,synthetic
QDEF-004202,FAC-001,2025-02-02,LINE-06,ORD-06-004,STY-025,oil_mark,2,315,major,train,synthetic
QDEF-004203,FAC-001,2025-02-02,LINE-06,ORD-06-004,STY-025,shade_variation,1,315,minor,train,synthetic
QDEF-004204,FAC-001,2025-02-02,LINE-06,ORD-06-004,STY-025,puckering,1,315,minor,train,synthetic
QDEF-004205,FAC-001,2025-02-03,LINE-06,ORD-06-004,STY-025,shade_variation,2,339,minor,train,synthetic
QDEF-004206,FAC-001,2025-02-03,LINE-06,ORD-06-004,STY-025,puckering,2,339,minor,train,synthetic
QDEF-004207,FAC-001,2025-02-03,LINE-06,ORD-06-004,STY-025,uneven_stitch,4,339,critical,train,synthetic
QDEF-004208,FAC-001,2025-02-03,LINE-06,ORD-06-004,STY-025,measurement_variance,4,339,major,train,synthetic
QDEF-004209,FAC-001,2025-02-03,LINE-06,ORD-06-004,STY-025,oil_mark,2,339,minor,train,synthetic
QDEF-004210,FAC-001,2025-02-03,LINE-06,ORD-06-004,STY-025,skip_stitch,3,339,minor,train,synthetic
QDEF-004211,FAC-001,2025-02-03,LINE-06,ORD-06-004,STY-025,open_seam,1,339,minor,train,synthetic
QDEF-004212,FAC-001,2025-02-04,LINE-06,ORD-06-004,STY-025,uneven_stitch,4,277,minor,train,synthetic
QDEF-004213,FAC-001,2025-02-04,LINE-06,ORD-06-004,STY-025,skip_stitch,2,277,minor,train,synthetic
QDEF-004214,FAC-001,2025-02-04,LINE-06,ORD-06-004,STY-025,measurement_variance,1,277,minor,train,synthetic
QDEF-004215,FAC-001,2025-02-04,LINE-06,ORD-06-004,STY-025,open_seam,1,277,major,train,synthetic
QDEF-004216,FAC-001,2025-02-04,LINE-06,ORD-06-004,STY-025,shade_variation,2,277,major,train,synthetic
QDEF-004217,FAC-001,2025-02-04,LINE-06,ORD-06-004,STY-025,oil_mark,1,277,critical,train,synthetic
QDEF-004218,FAC-001,2025-02-05,LINE-06,ORD-06-004,STY-025,shade_variation,2,108,minor,train,synthetic
QDEF-004219,FAC-001,2025-02-05,LINE-06,ORD-06-004,STY-025,open_seam,1,108,minor,train,synthetic
QDEF-004220,FAC-001,2025-02-06,LINE-06,ORD-06-005,STY-032,puckering,1,250,major,train,synthetic
QDEF-004221,FAC-001,2025-02-06,LINE-06,ORD-06-005,STY-032,uneven_stitch,2,250,minor,train,synthetic
QDEF-004222,FAC-001,2025-02-06,LINE-06,ORD-06-005,STY-032,shade_variation,2,250,minor,train,synthetic
QDEF-004223,FAC-001,2025-02-06,LINE-06,ORD-06-005,STY-032,oil_mark,1,250,major,train,synthetic
QDEF-004224,FAC-001,2025-02-06,LINE-06,ORD-06-005,STY-032,measurement_variance,1,250,major,train,synthetic
QDEF-004225,FAC-001,2025-02-08,LINE-06,ORD-06-005,STY-032,skip_stitch,1,272,major,train,synthetic
QDEF-004226,FAC-001,2025-02-08,LINE-06,ORD-06-005,STY-032,measurement_variance,2,272,minor,train,synthetic
QDEF-004227,FAC-001,2025-02-08,LINE-06,ORD-06-005,STY-032,oil_mark,1,272,minor,train,synthetic
QDEF-004228,FAC-001,2025-02-08,LINE-06,ORD-06-005,STY-032,uneven_stitch,1,272,minor,train,synthetic
QDEF-004229,FAC-001,2025-02-09,LINE-06,ORD-06-005,STY-032,skip_stitch,3,488,minor,train,synthetic
QDEF-004230,FAC-001,2025-02-09,LINE-06,ORD-06-005,STY-032,puckering,4,488,minor,train,synthetic
QDEF-004231,FAC-001,2025-02-09,LINE-06,ORD-06-005,STY-032,shade_variation,2,488,minor,train,synthetic
QDEF-004232,FAC-001,2025-02-09,LINE-06,ORD-06-005,STY-032,measurement_variance,1,488,minor,train,synthetic
QDEF-004233,FAC-001,2025-02-09,LINE-06,ORD-06-005,STY-032,uneven_stitch,2,488,minor,train,synthetic
QDEF-004234,FAC-001,2025-02-09,LINE-06,ORD-06-005,STY-032,open_seam,1,488,critical,train,synthetic
QDEF-004235,FAC-001,2025-02-10,LINE-06,ORD-06-005,STY-032,shade_variation,3,409,minor,train,synthetic
QDEF-004236,FAC-001,2025-02-10,LINE-06,ORD-06-005,STY-032,measurement_variance,2,409,minor,train,synthetic
QDEF-004237,FAC-001,2025-02-10,LINE-06,ORD-06-005,STY-032,open_seam,1,409,minor,train,synthetic
QDEF-004238,FAC-001,2025-02-10,LINE-06,ORD-06-005,STY-032,oil_mark,2,409,major,train,synthetic
QDEF-004239,FAC-001,2025-02-10,LINE-06,ORD-06-005,STY-032,skip_stitch,2,409,minor,train,synthetic
QDEF-004240,FAC-001,2025-02-10,LINE-06,ORD-06-005,STY-032,uneven_stitch,1,409,major,train,synthetic
QDEF-004241,FAC-001,2025-02-11,LINE-06,ORD-06-005,STY-032,uneven_stitch,4,479,minor,train,synthetic
QDEF-004242,FAC-001,2025-02-11,LINE-06,ORD-06-005,STY-032,oil_mark,2,479,minor,train,synthetic
QDEF-004243,FAC-001,2025-02-11,LINE-06,ORD-06-005,STY-032,open_seam,2,479,major,train,synthetic
QDEF-004244,FAC-001,2025-02-11,LINE-06,ORD-06-005,STY-032,skip_stitch,3,479,minor,train,synthetic
QDEF-004245,FAC-001,2025-02-11,LINE-06,ORD-06-005,STY-032,shade_variation,2,479,minor,train,synthetic
QDEF-004246,FAC-001,2025-02-12,LINE-06,ORD-06-005,STY-032,uneven_stitch,2,381,major,train,synthetic
QDEF-004247,FAC-001,2025-02-12,LINE-06,ORD-06-005,STY-032,open_seam,1,381,major,train,synthetic
QDEF-004248,FAC-001,2025-02-12,LINE-06,ORD-06-005,STY-032,puckering,4,381,major,train,synthetic
QDEF-004249,FAC-001,2025-02-12,LINE-06,ORD-06-005,STY-032,skip_stitch,1,381,minor,train,synthetic
QDEF-004250,FAC-001,2025-02-12,LINE-06,ORD-06-005,STY-032,measurement_variance,1,381,major,train,synthetic
QDEF-004251,FAC-001,2025-02-12,LINE-06,ORD-06-005,STY-032,shade_variation,1,381,minor,train,synthetic
QDEF-004252,FAC-001,2025-02-13,LINE-06,ORD-06-005,STY-032,open_seam,3,465,minor,train,synthetic
QDEF-004253,FAC-001,2025-02-13,LINE-06,ORD-06-005,STY-032,uneven_stitch,7,465,minor,train,synthetic
QDEF-004254,FAC-001,2025-02-13,LINE-06,ORD-06-005,STY-032,oil_mark,3,465,critical,train,synthetic
QDEF-004255,FAC-001,2025-02-13,LINE-06,ORD-06-005,STY-032,skip_stitch,3,465,major,train,synthetic
QDEF-004256,FAC-001,2025-02-13,LINE-06,ORD-06-005,STY-032,puckering,2,465,minor,train,synthetic
QDEF-004257,FAC-001,2025-02-13,LINE-06,ORD-06-005,STY-032,shade_variation,1,465,critical,train,synthetic
QDEF-004258,FAC-001,2025-02-15,LINE-06,ORD-06-005,STY-032,oil_mark,1,386,minor,train,synthetic
QDEF-004259,FAC-001,2025-02-15,LINE-06,ORD-06-005,STY-032,puckering,2,386,minor,train,synthetic
QDEF-004260,FAC-001,2025-02-15,LINE-06,ORD-06-005,STY-032,skip_stitch,1,386,critical,train,synthetic
QDEF-004261,FAC-001,2025-02-15,LINE-06,ORD-06-005,STY-032,uneven_stitch,1,386,minor,train,synthetic
QDEF-004262,FAC-001,2025-02-15,LINE-06,ORD-06-005,STY-032,open_seam,1,386,minor,train,synthetic
QDEF-004263,FAC-001,2025-02-15,LINE-06,ORD-06-005,STY-032,measurement_variance,1,386,minor,train,synthetic
QDEF-004264,FAC-001,2025-02-16,LINE-06,ORD-06-005,STY-032,shade_variation,2,180,minor,train,synthetic
QDEF-004265,FAC-001,2025-02-16,LINE-06,ORD-06-005,STY-032,uneven_stitch,2,180,minor,train,synthetic
QDEF-004266,FAC-001,2025-02-16,LINE-06,ORD-06-005,STY-032,open_seam,1,180,major,train,synthetic
QDEF-004267,FAC-001,2025-02-17,LINE-06,ORD-06-005,STY-032,shade_variation,1,19,minor,train,synthetic
QDEF-004268,FAC-001,2025-02-19,LINE-06,ORD-06-006,STY-015,measurement_variance,2,301,major,train,synthetic
QDEF-004269,FAC-001,2025-02-19,LINE-06,ORD-06-006,STY-015,shade_variation,3,301,minor,train,synthetic
QDEF-004270,FAC-001,2025-02-19,LINE-06,ORD-06-006,STY-015,puckering,1,301,major,train,synthetic
QDEF-004271,FAC-001,2025-02-19,LINE-06,ORD-06-006,STY-015,open_seam,2,301,minor,train,synthetic
QDEF-004272,FAC-001,2025-02-19,LINE-06,ORD-06-006,STY-015,skip_stitch,2,301,major,train,synthetic
QDEF-004273,FAC-001,2025-02-19,LINE-06,ORD-06-006,STY-015,oil_mark,1,301,major,train,synthetic
QDEF-004274,FAC-001,2025-02-20,LINE-06,ORD-06-006,STY-015,open_seam,2,336,minor,train,synthetic
QDEF-004275,FAC-001,2025-02-20,LINE-06,ORD-06-006,STY-015,measurement_variance,1,336,major,train,synthetic
QDEF-004276,FAC-001,2025-02-20,LINE-06,ORD-06-006,STY-015,oil_mark,1,336,major,train,synthetic
QDEF-004277,FAC-001,2025-02-20,LINE-06,ORD-06-006,STY-015,shade_variation,1,336,major,train,synthetic
QDEF-004278,FAC-001,2025-02-22,LINE-06,ORD-06-006,STY-015,measurement_variance,4,400,major,train,synthetic
QDEF-004279,FAC-001,2025-02-22,LINE-06,ORD-06-006,STY-015,puckering,4,400,major,train,synthetic
QDEF-004280,FAC-001,2025-02-22,LINE-06,ORD-06-006,STY-015,uneven_stitch,1,400,minor,train,synthetic
QDEF-004281,FAC-001,2025-02-22,LINE-06,ORD-06-006,STY-015,oil_mark,2,400,minor,train,synthetic
QDEF-004282,FAC-001,2025-02-22,LINE-06,ORD-06-006,STY-015,skip_stitch,1,400,minor,train,synthetic
QDEF-004283,FAC-001,2025-02-22,LINE-06,ORD-06-006,STY-015,shade_variation,1,400,minor,train,synthetic
QDEF-004284,FAC-001,2025-02-23,LINE-06,ORD-06-006,STY-015,measurement_variance,4,450,minor,train,synthetic
QDEF-004285,FAC-001,2025-02-23,LINE-06,ORD-06-006,STY-015,uneven_stitch,2,450,minor,train,synthetic
QDEF-004286,FAC-001,2025-02-23,LINE-06,ORD-06-006,STY-015,skip_stitch,5,450,minor,train,synthetic
QDEF-004287,FAC-001,2025-02-23,LINE-06,ORD-06-006,STY-015,shade_variation,3,450,minor,train,synthetic
QDEF-004288,FAC-001,2025-02-23,LINE-06,ORD-06-006,STY-015,oil_mark,1,450,major,train,synthetic
QDEF-004289,FAC-001,2025-02-23,LINE-06,ORD-06-006,STY-015,puckering,3,450,minor,train,synthetic
QDEF-004290,FAC-001,2025-02-23,LINE-06,ORD-06-006,STY-015,open_seam,1,450,minor,train,synthetic
QDEF-004291,FAC-001,2025-02-24,LINE-06,ORD-06-006,STY-015,open_seam,2,419,minor,train,synthetic
QDEF-004292,FAC-001,2025-02-24,LINE-06,ORD-06-006,STY-015,skip_stitch,4,419,major,train,synthetic
QDEF-004293,FAC-001,2025-02-24,LINE-06,ORD-06-006,STY-015,uneven_stitch,4,419,minor,train,synthetic
QDEF-004294,FAC-001,2025-02-24,LINE-06,ORD-06-006,STY-015,measurement_variance,2,419,major,train,synthetic
QDEF-004295,FAC-001,2025-02-24,LINE-06,ORD-06-006,STY-015,oil_mark,2,419,major,train,synthetic
QDEF-004296,FAC-001,2025-02-24,LINE-06,ORD-06-006,STY-015,shade_variation,2,419,minor,train,synthetic
QDEF-004297,FAC-001,2025-02-24,LINE-06,ORD-06-006,STY-015,puckering,1,419,minor,train,synthetic
QDEF-004298,FAC-001,2025-02-25,LINE-06,ORD-06-006,STY-015,measurement_variance,6,481,minor,train,synthetic
QDEF-004299,FAC-001,2025-02-25,LINE-06,ORD-06-006,STY-015,shade_variation,4,481,major,train,synthetic
QDEF-004300,FAC-001,2025-02-25,LINE-06,ORD-06-006,STY-015,puckering,2,481,minor,train,synthetic
QDEF-004301,FAC-001,2025-02-25,LINE-06,ORD-06-006,STY-015,oil_mark,2,481,major,train,synthetic
QDEF-004302,FAC-001,2025-02-25,LINE-06,ORD-06-006,STY-015,skip_stitch,2,481,major,train,synthetic
QDEF-004303,FAC-001,2025-02-25,LINE-06,ORD-06-006,STY-015,uneven_stitch,2,481,major,train,synthetic
QDEF-004304,FAC-001,2025-02-26,LINE-06,ORD-06-006,STY-015,uneven_stitch,7,417,minor,train,synthetic
QDEF-004305,FAC-001,2025-02-26,LINE-06,ORD-06-006,STY-015,oil_mark,7,417,minor,train,synthetic
QDEF-004306,FAC-001,2025-02-26,LINE-06,ORD-06-006,STY-015,shade_variation,1,417,minor,train,synthetic
QDEF-004307,FAC-001,2025-02-26,LINE-06,ORD-06-006,STY-015,skip_stitch,1,417,minor,train,synthetic
QDEF-004308,FAC-001,2025-02-26,LINE-06,ORD-06-006,STY-015,open_seam,1,417,minor,train,synthetic
QDEF-004309,FAC-001,2025-02-26,LINE-06,ORD-06-006,STY-015,measurement_variance,3,417,minor,train,synthetic
QDEF-004310,FAC-001,2025-02-26,LINE-06,ORD-06-006,STY-015,puckering,4,417,minor,train,synthetic
QDEF-004311,FAC-001,2025-02-27,LINE-06,ORD-06-006,STY-015,uneven_stitch,4,289,major,train,synthetic
QDEF-004312,FAC-001,2025-02-27,LINE-06,ORD-06-006,STY-015,shade_variation,3,289,major,train,synthetic
QDEF-004313,FAC-001,2025-02-27,LINE-06,ORD-06-006,STY-015,open_seam,2,289,major,train,synthetic
QDEF-004314,FAC-001,2025-02-27,LINE-06,ORD-06-006,STY-015,oil_mark,5,289,major,train,synthetic
QDEF-004315,FAC-001,2025-02-27,LINE-06,ORD-06-006,STY-015,puckering,2,289,minor,train,synthetic
QDEF-004316,FAC-001,2025-02-27,LINE-06,ORD-06-006,STY-015,skip_stitch,1,289,minor,train,synthetic
QDEF-004317,FAC-001,2025-02-27,LINE-06,ORD-06-006,STY-015,measurement_variance,3,289,minor,train,synthetic
QDEF-004318,FAC-001,2025-03-01,LINE-06,ORD-06-006,STY-015,measurement_variance,2,52,minor,train,synthetic
QDEF-004319,FAC-001,2025-03-03,LINE-06,ORD-06-007,STY-025,open_seam,5,162,minor,train,synthetic
QDEF-004320,FAC-001,2025-03-03,LINE-06,ORD-06-007,STY-025,skip_stitch,1,162,minor,train,synthetic
QDEF-004321,FAC-001,2025-03-03,LINE-06,ORD-06-007,STY-025,oil_mark,2,162,minor,train,synthetic
QDEF-004322,FAC-001,2025-03-03,LINE-06,ORD-06-007,STY-025,uneven_stitch,5,162,minor,train,synthetic
QDEF-004323,FAC-001,2025-03-03,LINE-06,ORD-06-007,STY-025,shade_variation,1,162,minor,train,synthetic
QDEF-004324,FAC-001,2025-03-03,LINE-06,ORD-06-007,STY-025,measurement_variance,1,162,major,train,synthetic
QDEF-004325,FAC-001,2025-03-04,LINE-06,ORD-06-007,STY-025,uneven_stitch,3,250,major,train,synthetic
QDEF-004326,FAC-001,2025-03-04,LINE-06,ORD-06-007,STY-025,puckering,3,250,minor,train,synthetic
QDEF-004327,FAC-001,2025-03-04,LINE-06,ORD-06-007,STY-025,skip_stitch,3,250,major,train,synthetic
QDEF-004328,FAC-001,2025-03-04,LINE-06,ORD-06-007,STY-025,open_seam,4,250,major,train,synthetic
QDEF-004329,FAC-001,2025-03-04,LINE-06,ORD-06-007,STY-025,oil_mark,2,250,major,train,synthetic
QDEF-004330,FAC-001,2025-03-04,LINE-06,ORD-06-007,STY-025,measurement_variance,1,250,minor,train,synthetic
QDEF-004331,FAC-001,2025-03-05,LINE-06,ORD-06-007,STY-025,puckering,3,285,major,train,synthetic
QDEF-004332,FAC-001,2025-03-05,LINE-06,ORD-06-007,STY-025,skip_stitch,4,285,minor,train,synthetic
QDEF-004333,FAC-001,2025-03-05,LINE-06,ORD-06-007,STY-025,open_seam,3,285,minor,train,synthetic
QDEF-004334,FAC-001,2025-03-05,LINE-06,ORD-06-007,STY-025,measurement_variance,2,285,minor,train,synthetic
QDEF-004335,FAC-001,2025-03-05,LINE-06,ORD-06-007,STY-025,uneven_stitch,1,285,major,train,synthetic
QDEF-004336,FAC-001,2025-03-06,LINE-06,ORD-06-007,STY-025,puckering,3,355,minor,train,synthetic
QDEF-004337,FAC-001,2025-03-06,LINE-06,ORD-06-007,STY-025,skip_stitch,1,355,minor,train,synthetic
QDEF-004338,FAC-001,2025-03-06,LINE-06,ORD-06-007,STY-025,measurement_variance,2,355,minor,train,synthetic
QDEF-004339,FAC-001,2025-03-06,LINE-06,ORD-06-007,STY-025,shade_variation,3,355,minor,train,synthetic
QDEF-004340,FAC-001,2025-03-06,LINE-06,ORD-06-007,STY-025,oil_mark,1,355,minor,train,synthetic
QDEF-004341,FAC-001,2025-03-08,LINE-06,ORD-06-007,STY-025,puckering,2,329,minor,train,synthetic
QDEF-004342,FAC-001,2025-03-08,LINE-06,ORD-06-007,STY-025,measurement_variance,4,329,minor,train,synthetic
QDEF-004343,FAC-001,2025-03-08,LINE-06,ORD-06-007,STY-025,uneven_stitch,1,329,minor,train,synthetic
QDEF-004344,FAC-001,2025-03-08,LINE-06,ORD-06-007,STY-025,open_seam,1,329,minor,train,synthetic
QDEF-004345,FAC-001,2025-03-08,LINE-06,ORD-06-007,STY-025,skip_stitch,1,329,minor,train,synthetic
QDEF-004346,FAC-001,2025-03-08,LINE-06,ORD-06-007,STY-025,oil_mark,1,329,critical,train,synthetic
QDEF-004347,FAC-001,2025-03-09,LINE-06,ORD-06-008,STY-015,measurement_variance,1,274,minor,train,synthetic
QDEF-004348,FAC-001,2025-03-09,LINE-06,ORD-06-008,STY-015,shade_variation,3,274,major,train,synthetic
QDEF-004349,FAC-001,2025-03-09,LINE-06,ORD-06-008,STY-015,uneven_stitch,1,274,critical,train,synthetic
QDEF-004350,FAC-001,2025-03-09,LINE-06,ORD-06-008,STY-015,oil_mark,1,274,minor,train,synthetic
QDEF-004351,FAC-001,2025-03-10,LINE-06,ORD-06-008,STY-015,skip_stitch,1,419,major,train,synthetic
QDEF-004352,FAC-001,2025-03-10,LINE-06,ORD-06-008,STY-015,oil_mark,2,419,major,train,synthetic
QDEF-004353,FAC-001,2025-03-10,LINE-06,ORD-06-008,STY-015,uneven_stitch,1,419,major,train,synthetic
QDEF-004354,FAC-001,2025-03-10,LINE-06,ORD-06-008,STY-015,puckering,1,419,minor,train,synthetic
QDEF-004355,FAC-001,2025-03-10,LINE-06,ORD-06-008,STY-015,shade_variation,2,419,major,train,synthetic
QDEF-004356,FAC-001,2025-03-10,LINE-06,ORD-06-008,STY-015,open_seam,1,419,major,train,synthetic
QDEF-004357,FAC-001,2025-03-10,LINE-06,ORD-06-008,STY-015,measurement_variance,2,419,minor,train,synthetic
QDEF-004358,FAC-001,2025-03-11,LINE-06,ORD-06-008,STY-015,open_seam,2,470,major,train,synthetic
QDEF-004359,FAC-001,2025-03-11,LINE-06,ORD-06-008,STY-015,measurement_variance,1,470,major,train,synthetic
QDEF-004360,FAC-001,2025-03-11,LINE-06,ORD-06-008,STY-015,oil_mark,2,470,minor,train,synthetic
QDEF-004361,FAC-001,2025-03-11,LINE-06,ORD-06-008,STY-015,skip_stitch,2,470,minor,train,synthetic
QDEF-004362,FAC-001,2025-03-11,LINE-06,ORD-06-008,STY-015,shade_variation,2,470,minor,train,synthetic
QDEF-004363,FAC-001,2025-03-11,LINE-06,ORD-06-008,STY-015,puckering,3,470,major,train,synthetic
QDEF-004364,FAC-001,2025-03-12,LINE-06,ORD-06-008,STY-015,skip_stitch,4,472,minor,train,synthetic
QDEF-004365,FAC-001,2025-03-12,LINE-06,ORD-06-008,STY-015,puckering,5,472,minor,train,synthetic
QDEF-004366,FAC-001,2025-03-12,LINE-06,ORD-06-008,STY-015,open_seam,2,472,minor,train,synthetic
QDEF-004367,FAC-001,2025-03-12,LINE-06,ORD-06-008,STY-015,uneven_stitch,2,472,minor,train,synthetic
QDEF-004368,FAC-001,2025-03-12,LINE-06,ORD-06-008,STY-015,oil_mark,1,472,critical,train,synthetic
QDEF-004369,FAC-001,2025-03-12,LINE-06,ORD-06-008,STY-015,shade_variation,1,472,minor,train,synthetic
QDEF-004370,FAC-001,2025-03-12,LINE-06,ORD-06-008,STY-015,measurement_variance,1,472,minor,train,synthetic
QDEF-004371,FAC-001,2025-03-13,LINE-06,ORD-06-008,STY-015,skip_stitch,1,386,major,train,synthetic
QDEF-004372,FAC-001,2025-03-13,LINE-06,ORD-06-008,STY-015,uneven_stitch,3,386,minor,train,synthetic
QDEF-004373,FAC-001,2025-03-13,LINE-06,ORD-06-008,STY-015,measurement_variance,2,386,minor,train,synthetic
QDEF-004374,FAC-001,2025-03-13,LINE-06,ORD-06-008,STY-015,oil_mark,1,386,minor,train,synthetic
QDEF-004375,FAC-001,2025-03-13,LINE-06,ORD-06-008,STY-015,puckering,2,386,minor,train,synthetic
QDEF-004376,FAC-001,2025-03-13,LINE-06,ORD-06-008,STY-015,shade_variation,3,386,major,train,synthetic
QDEF-004377,FAC-001,2025-03-13,LINE-06,ORD-06-008,STY-015,open_seam,1,386,major,train,synthetic
QDEF-004378,FAC-001,2025-03-15,LINE-06,ORD-06-008,STY-015,skip_stitch,4,364,minor,train,synthetic
QDEF-004379,FAC-001,2025-03-15,LINE-06,ORD-06-008,STY-015,measurement_variance,4,364,minor,train,synthetic
QDEF-004380,FAC-001,2025-03-15,LINE-06,ORD-06-008,STY-015,oil_mark,4,364,minor,train,synthetic
QDEF-004381,FAC-001,2025-03-15,LINE-06,ORD-06-008,STY-015,puckering,3,364,minor,train,synthetic
QDEF-004382,FAC-001,2025-03-15,LINE-06,ORD-06-008,STY-015,uneven_stitch,2,364,minor,train,synthetic
QDEF-004383,FAC-001,2025-03-15,LINE-06,ORD-06-008,STY-015,shade_variation,2,364,major,train,synthetic
QDEF-004384,FAC-001,2025-03-18,LINE-06,ORD-06-009,STY-029,measurement_variance,4,190,minor,train,synthetic
QDEF-004385,FAC-001,2025-03-18,LINE-06,ORD-06-009,STY-029,skip_stitch,2,190,minor,train,synthetic
QDEF-004386,FAC-001,2025-03-18,LINE-06,ORD-06-009,STY-029,open_seam,2,190,minor,train,synthetic
QDEF-004387,FAC-001,2025-03-18,LINE-06,ORD-06-009,STY-029,shade_variation,4,190,minor,train,synthetic
QDEF-004388,FAC-001,2025-03-18,LINE-06,ORD-06-009,STY-029,puckering,3,190,minor,train,synthetic
QDEF-004389,FAC-001,2025-03-18,LINE-06,ORD-06-009,STY-029,uneven_stitch,1,190,minor,train,synthetic
QDEF-004390,FAC-001,2025-03-18,LINE-06,ORD-06-009,STY-029,oil_mark,1,190,minor,train,synthetic
QDEF-004391,FAC-001,2025-03-19,LINE-06,ORD-06-009,STY-029,skip_stitch,2,254,minor,train,synthetic
QDEF-004392,FAC-001,2025-03-19,LINE-06,ORD-06-009,STY-029,open_seam,3,254,minor,train,synthetic
QDEF-004393,FAC-001,2025-03-19,LINE-06,ORD-06-009,STY-029,uneven_stitch,2,254,minor,train,synthetic
QDEF-004394,FAC-001,2025-03-19,LINE-06,ORD-06-009,STY-029,measurement_variance,4,254,major,train,synthetic
QDEF-004395,FAC-001,2025-03-19,LINE-06,ORD-06-009,STY-029,oil_mark,2,254,major,train,synthetic
QDEF-004396,FAC-001,2025-03-19,LINE-06,ORD-06-009,STY-029,shade_variation,2,254,minor,train,synthetic
QDEF-004397,FAC-001,2025-03-19,LINE-06,ORD-06-009,STY-029,puckering,3,254,major,train,synthetic
QDEF-004398,FAC-001,2025-03-20,LINE-06,ORD-06-009,STY-029,shade_variation,7,317,minor,train,synthetic
QDEF-004399,FAC-001,2025-03-20,LINE-06,ORD-06-009,STY-029,puckering,2,317,minor,train,synthetic
QDEF-004400,FAC-001,2025-03-20,LINE-06,ORD-06-009,STY-029,skip_stitch,2,317,minor,train,synthetic
QDEF-004401,FAC-001,2025-03-20,LINE-06,ORD-06-009,STY-029,measurement_variance,1,317,major,train,synthetic
QDEF-004402,FAC-001,2025-03-20,LINE-06,ORD-06-009,STY-029,uneven_stitch,4,317,major,train,synthetic
QDEF-004403,FAC-001,2025-03-22,LINE-06,ORD-06-009,STY-029,skip_stitch,3,326,minor,train,synthetic
QDEF-004404,FAC-001,2025-03-22,LINE-06,ORD-06-009,STY-029,uneven_stitch,1,326,minor,train,synthetic
QDEF-004405,FAC-001,2025-03-22,LINE-06,ORD-06-009,STY-029,measurement_variance,1,326,minor,train,synthetic
QDEF-004406,FAC-001,2025-03-22,LINE-06,ORD-06-009,STY-029,oil_mark,3,326,major,train,synthetic
QDEF-004407,FAC-001,2025-03-22,LINE-06,ORD-06-009,STY-029,puckering,3,326,minor,train,synthetic
QDEF-004408,FAC-001,2025-03-22,LINE-06,ORD-06-009,STY-029,shade_variation,2,326,minor,train,synthetic
QDEF-004409,FAC-001,2025-03-22,LINE-06,ORD-06-009,STY-029,open_seam,2,326,major,train,synthetic
QDEF-004410,FAC-001,2025-03-23,LINE-06,ORD-06-009,STY-029,open_seam,2,313,minor,train,synthetic
QDEF-004411,FAC-001,2025-03-23,LINE-06,ORD-06-009,STY-029,uneven_stitch,3,313,minor,train,synthetic
QDEF-004412,FAC-001,2025-03-23,LINE-06,ORD-06-009,STY-029,measurement_variance,2,313,minor,train,synthetic
QDEF-004413,FAC-001,2025-03-23,LINE-06,ORD-06-009,STY-029,shade_variation,3,313,minor,train,synthetic
QDEF-004414,FAC-001,2025-03-23,LINE-06,ORD-06-009,STY-029,skip_stitch,1,313,minor,train,synthetic
QDEF-004415,FAC-001,2025-03-23,LINE-06,ORD-06-009,STY-029,puckering,1,313,major,train,synthetic
QDEF-004416,FAC-001,2025-03-23,LINE-06,ORD-06-009,STY-029,oil_mark,2,313,minor,train,synthetic
QDEF-004417,FAC-001,2025-03-24,LINE-06,ORD-06-009,STY-029,skip_stitch,1,209,minor,train,synthetic
QDEF-004418,FAC-001,2025-03-24,LINE-06,ORD-06-009,STY-029,shade_variation,6,209,major,train,synthetic
QDEF-004419,FAC-001,2025-03-24,LINE-06,ORD-06-009,STY-029,uneven_stitch,2,209,minor,train,synthetic
QDEF-004420,FAC-001,2025-03-24,LINE-06,ORD-06-009,STY-029,oil_mark,1,209,major,train,synthetic
QDEF-004421,FAC-001,2025-03-25,LINE-06,ORD-06-010,STY-010,skip_stitch,1,232,major,train,synthetic
QDEF-004422,FAC-001,2025-03-25,LINE-06,ORD-06-010,STY-010,measurement_variance,2,232,major,train,synthetic
QDEF-004423,FAC-001,2025-03-25,LINE-06,ORD-06-010,STY-010,open_seam,1,232,minor,train,synthetic
QDEF-004424,FAC-001,2025-03-26,LINE-06,ORD-06-010,STY-010,open_seam,1,319,minor,train,synthetic
QDEF-004425,FAC-001,2025-03-26,LINE-06,ORD-06-010,STY-010,uneven_stitch,1,319,minor,train,synthetic
QDEF-004426,FAC-001,2025-03-26,LINE-06,ORD-06-010,STY-010,shade_variation,3,319,minor,train,synthetic
QDEF-004427,FAC-001,2025-03-26,LINE-06,ORD-06-010,STY-010,skip_stitch,1,319,minor,train,synthetic
QDEF-004428,FAC-001,2025-03-26,LINE-06,ORD-06-010,STY-010,oil_mark,1,319,minor,train,synthetic
QDEF-004429,FAC-001,2025-03-27,LINE-06,ORD-06-010,STY-010,skip_stitch,2,353,minor,train,synthetic
QDEF-004430,FAC-001,2025-03-27,LINE-06,ORD-06-010,STY-010,puckering,2,353,minor,train,synthetic
QDEF-004431,FAC-001,2025-03-27,LINE-06,ORD-06-010,STY-010,oil_mark,1,353,minor,train,synthetic
QDEF-004432,FAC-001,2025-03-29,LINE-06,ORD-06-010,STY-010,open_seam,1,351,minor,train,synthetic
QDEF-004433,FAC-001,2025-03-29,LINE-06,ORD-06-010,STY-010,puckering,4,351,minor,train,synthetic
QDEF-004434,FAC-001,2025-03-29,LINE-06,ORD-06-010,STY-010,uneven_stitch,2,351,minor,train,synthetic
QDEF-004435,FAC-001,2025-03-29,LINE-06,ORD-06-010,STY-010,shade_variation,1,351,minor,train,synthetic
QDEF-004436,FAC-001,2025-03-29,LINE-06,ORD-06-010,STY-010,measurement_variance,1,351,major,train,synthetic
QDEF-004437,FAC-001,2025-03-29,LINE-06,ORD-06-010,STY-010,skip_stitch,1,351,minor,train,synthetic
QDEF-004438,FAC-001,2025-03-30,LINE-06,ORD-06-010,STY-010,measurement_variance,1,221,minor,train,synthetic
QDEF-004439,FAC-001,2025-03-30,LINE-06,ORD-06-010,STY-010,skip_stitch,2,221,minor,train,synthetic
QDEF-004440,FAC-001,2025-03-30,LINE-06,ORD-06-010,STY-010,open_seam,1,221,minor,train,synthetic
QDEF-004441,FAC-001,2025-03-30,LINE-06,ORD-06-010,STY-010,oil_mark,2,221,minor,train,synthetic
QDEF-004442,FAC-001,2025-03-30,LINE-06,ORD-06-010,STY-010,uneven_stitch,1,221,minor,train,synthetic
QDEF-004443,FAC-001,2025-03-31,LINE-06,ORD-06-010,STY-010,open_seam,2,364,minor,train,synthetic
QDEF-004444,FAC-001,2025-03-31,LINE-06,ORD-06-010,STY-010,skip_stitch,4,364,minor,train,synthetic
QDEF-004445,FAC-001,2025-03-31,LINE-06,ORD-06-010,STY-010,uneven_stitch,1,364,minor,train,synthetic
QDEF-004446,FAC-001,2025-03-31,LINE-06,ORD-06-010,STY-010,measurement_variance,2,364,major,train,synthetic
QDEF-004447,FAC-001,2025-03-31,LINE-06,ORD-06-010,STY-010,puckering,1,364,minor,train,synthetic
QDEF-004448,FAC-001,2025-03-31,LINE-06,ORD-06-010,STY-010,oil_mark,1,364,major,train,synthetic
QDEF-004449,FAC-001,2025-03-31,LINE-06,ORD-06-010,STY-010,shade_variation,1,364,minor,train,synthetic
QDEF-004450,FAC-001,2025-04-01,LINE-06,ORD-06-010,STY-010,measurement_variance,1,270,critical,train,synthetic
QDEF-004451,FAC-001,2025-04-01,LINE-06,ORD-06-010,STY-010,oil_mark,1,270,minor,train,synthetic
QDEF-004452,FAC-001,2025-04-01,LINE-06,ORD-06-010,STY-010,uneven_stitch,1,270,minor,train,synthetic
QDEF-004453,FAC-001,2025-04-01,LINE-06,ORD-06-010,STY-010,open_seam,1,270,minor,train,synthetic
QDEF-004454,FAC-001,2025-04-01,LINE-06,ORD-06-010,STY-010,puckering,2,270,major,train,synthetic
QDEF-004455,FAC-001,2025-04-02,LINE-06,ORD-06-010,STY-010,measurement_variance,2,299,minor,train,synthetic
QDEF-004456,FAC-001,2025-04-02,LINE-06,ORD-06-010,STY-010,shade_variation,1,299,minor,train,synthetic
QDEF-004457,FAC-001,2025-04-02,LINE-06,ORD-06-010,STY-010,puckering,1,299,critical,train,synthetic
QDEF-004458,FAC-001,2025-04-02,LINE-06,ORD-06-010,STY-010,oil_mark,1,299,minor,train,synthetic
QDEF-004459,FAC-001,2025-04-05,LINE-06,ORD-06-011,STY-016,open_seam,3,344,minor,train,synthetic
QDEF-004460,FAC-001,2025-04-05,LINE-06,ORD-06-011,STY-016,shade_variation,3,344,major,train,synthetic
QDEF-004461,FAC-001,2025-04-05,LINE-06,ORD-06-011,STY-016,measurement_variance,2,344,major,train,synthetic
QDEF-004462,FAC-001,2025-04-05,LINE-06,ORD-06-011,STY-016,skip_stitch,3,344,minor,train,synthetic
QDEF-004463,FAC-001,2025-04-05,LINE-06,ORD-06-011,STY-016,uneven_stitch,2,344,critical,train,synthetic
QDEF-004464,FAC-001,2025-04-05,LINE-06,ORD-06-011,STY-016,oil_mark,2,344,major,train,synthetic
QDEF-004465,FAC-001,2025-04-05,LINE-06,ORD-06-011,STY-016,puckering,1,344,minor,train,synthetic
QDEF-004466,FAC-001,2025-04-06,LINE-06,ORD-06-011,STY-016,skip_stitch,3,474,minor,train,synthetic
QDEF-004467,FAC-001,2025-04-06,LINE-06,ORD-06-011,STY-016,measurement_variance,2,474,minor,train,synthetic
QDEF-004468,FAC-001,2025-04-06,LINE-06,ORD-06-011,STY-016,puckering,4,474,minor,train,synthetic
QDEF-004469,FAC-001,2025-04-06,LINE-06,ORD-06-011,STY-016,uneven_stitch,5,474,major,train,synthetic
QDEF-004470,FAC-001,2025-04-06,LINE-06,ORD-06-011,STY-016,open_seam,3,474,major,train,synthetic
QDEF-004471,FAC-001,2025-04-06,LINE-06,ORD-06-011,STY-016,shade_variation,3,474,minor,train,synthetic
QDEF-004472,FAC-001,2025-04-06,LINE-06,ORD-06-011,STY-016,oil_mark,3,474,minor,train,synthetic
QDEF-004473,FAC-001,2025-04-07,LINE-06,ORD-06-011,STY-016,skip_stitch,5,467,minor,train,synthetic
QDEF-004474,FAC-001,2025-04-07,LINE-06,ORD-06-011,STY-016,open_seam,8,467,major,train,synthetic
QDEF-004475,FAC-001,2025-04-07,LINE-06,ORD-06-011,STY-016,uneven_stitch,3,467,minor,train,synthetic
QDEF-004476,FAC-001,2025-04-07,LINE-06,ORD-06-011,STY-016,oil_mark,2,467,major,train,synthetic
QDEF-004477,FAC-001,2025-04-07,LINE-06,ORD-06-011,STY-016,measurement_variance,1,467,major,train,synthetic
QDEF-004478,FAC-001,2025-04-07,LINE-06,ORD-06-011,STY-016,puckering,4,467,major,train,synthetic
QDEF-004479,FAC-001,2025-04-07,LINE-06,ORD-06-011,STY-016,shade_variation,2,467,major,train,synthetic
QDEF-004480,FAC-001,2025-04-08,LINE-06,ORD-06-011,STY-016,shade_variation,10,426,minor,train,synthetic
QDEF-004481,FAC-001,2025-04-08,LINE-06,ORD-06-011,STY-016,open_seam,7,426,minor,train,synthetic
QDEF-004482,FAC-001,2025-04-08,LINE-06,ORD-06-011,STY-016,measurement_variance,10,426,major,train,synthetic
QDEF-004483,FAC-001,2025-04-08,LINE-06,ORD-06-011,STY-016,puckering,4,426,major,train,synthetic
QDEF-004484,FAC-001,2025-04-08,LINE-06,ORD-06-011,STY-016,oil_mark,4,426,critical,train,synthetic
QDEF-004485,FAC-001,2025-04-08,LINE-06,ORD-06-011,STY-016,uneven_stitch,4,426,major,train,synthetic
QDEF-004486,FAC-001,2025-04-08,LINE-06,ORD-06-011,STY-016,skip_stitch,3,426,minor,train,synthetic
QDEF-004487,FAC-001,2025-04-09,LINE-06,ORD-06-011,STY-016,skip_stitch,2,480,critical,train,synthetic
QDEF-004488,FAC-001,2025-04-09,LINE-06,ORD-06-011,STY-016,uneven_stitch,3,480,major,train,synthetic
QDEF-004489,FAC-001,2025-04-09,LINE-06,ORD-06-011,STY-016,oil_mark,2,480,major,train,synthetic
QDEF-004490,FAC-001,2025-04-09,LINE-06,ORD-06-011,STY-016,shade_variation,3,480,minor,train,synthetic
QDEF-004491,FAC-001,2025-04-09,LINE-06,ORD-06-011,STY-016,puckering,2,480,minor,train,synthetic
QDEF-004492,FAC-001,2025-04-09,LINE-06,ORD-06-011,STY-016,measurement_variance,4,480,minor,train,synthetic
QDEF-004493,FAC-001,2025-04-09,LINE-06,ORD-06-011,STY-016,open_seam,2,480,minor,train,synthetic
QDEF-004494,FAC-001,2025-04-10,LINE-06,ORD-06-011,STY-016,puckering,5,506,minor,train,synthetic
QDEF-004495,FAC-001,2025-04-10,LINE-06,ORD-06-011,STY-016,measurement_variance,5,506,minor,train,synthetic
QDEF-004496,FAC-001,2025-04-10,LINE-06,ORD-06-011,STY-016,oil_mark,2,506,minor,train,synthetic
QDEF-004497,FAC-001,2025-04-10,LINE-06,ORD-06-011,STY-016,open_seam,2,506,major,train,synthetic
QDEF-004498,FAC-001,2025-04-10,LINE-06,ORD-06-011,STY-016,uneven_stitch,4,506,minor,train,synthetic
QDEF-004499,FAC-001,2025-04-10,LINE-06,ORD-06-011,STY-016,shade_variation,2,506,minor,train,synthetic
QDEF-004500,FAC-001,2025-04-10,LINE-06,ORD-06-011,STY-016,skip_stitch,3,506,minor,train,synthetic
QDEF-004501,FAC-001,2025-04-12,LINE-06,ORD-06-011,STY-016,skip_stitch,2,592,major,train,synthetic
QDEF-004502,FAC-001,2025-04-12,LINE-06,ORD-06-011,STY-016,measurement_variance,3,592,minor,train,synthetic
QDEF-004503,FAC-001,2025-04-12,LINE-06,ORD-06-011,STY-016,open_seam,3,592,minor,train,synthetic
QDEF-004504,FAC-001,2025-04-12,LINE-06,ORD-06-011,STY-016,puckering,2,592,major,train,synthetic
QDEF-004505,FAC-001,2025-04-12,LINE-06,ORD-06-011,STY-016,uneven_stitch,3,592,minor,train,synthetic
QDEF-004506,FAC-001,2025-04-12,LINE-06,ORD-06-011,STY-016,shade_variation,3,592,minor,train,synthetic
QDEF-004507,FAC-001,2025-04-13,LINE-06,ORD-06-011,STY-016,open_seam,3,315,minor,train,synthetic
QDEF-004508,FAC-001,2025-04-13,LINE-06,ORD-06-011,STY-016,uneven_stitch,2,315,minor,train,synthetic
QDEF-004509,FAC-001,2025-04-13,LINE-06,ORD-06-011,STY-016,skip_stitch,5,315,minor,train,synthetic
QDEF-004510,FAC-001,2025-04-13,LINE-06,ORD-06-011,STY-016,oil_mark,3,315,minor,train,synthetic
QDEF-004511,FAC-001,2025-04-13,LINE-06,ORD-06-011,STY-016,shade_variation,3,315,minor,train,synthetic
QDEF-004512,FAC-001,2025-04-13,LINE-06,ORD-06-011,STY-016,measurement_variance,1,315,minor,train,synthetic
QDEF-004513,FAC-001,2025-04-14,LINE-06,ORD-06-011,STY-016,open_seam,1,465,minor,train,synthetic
QDEF-004514,FAC-001,2025-04-14,LINE-06,ORD-06-011,STY-016,measurement_variance,2,465,minor,train,synthetic
QDEF-004515,FAC-001,2025-04-14,LINE-06,ORD-06-011,STY-016,oil_mark,6,465,minor,train,synthetic
QDEF-004516,FAC-001,2025-04-14,LINE-06,ORD-06-011,STY-016,shade_variation,4,465,minor,train,synthetic
QDEF-004517,FAC-001,2025-04-14,LINE-06,ORD-06-011,STY-016,puckering,2,465,major,train,synthetic
QDEF-004518,FAC-001,2025-04-14,LINE-06,ORD-06-011,STY-016,skip_stitch,4,465,minor,train,synthetic
QDEF-004519,FAC-001,2025-04-15,LINE-06,ORD-06-011,STY-016,shade_variation,6,492,major,train,synthetic
QDEF-004520,FAC-001,2025-04-15,LINE-06,ORD-06-011,STY-016,oil_mark,6,492,major,train,synthetic
QDEF-004521,FAC-001,2025-04-15,LINE-06,ORD-06-011,STY-016,puckering,6,492,minor,train,synthetic
QDEF-004522,FAC-001,2025-04-15,LINE-06,ORD-06-011,STY-016,open_seam,2,492,major,train,synthetic
QDEF-004523,FAC-001,2025-04-15,LINE-06,ORD-06-011,STY-016,uneven_stitch,1,492,minor,train,synthetic
QDEF-004524,FAC-001,2025-04-15,LINE-06,ORD-06-011,STY-016,skip_stitch,1,492,minor,train,synthetic
QDEF-004525,FAC-001,2025-04-15,LINE-06,ORD-06-011,STY-016,measurement_variance,1,492,minor,train,synthetic
QDEF-004526,FAC-001,2025-04-16,LINE-06,ORD-06-011,STY-016,uneven_stitch,1,88,minor,train,synthetic
QDEF-004527,FAC-001,2025-04-16,LINE-06,ORD-06-011,STY-016,open_seam,2,88,minor,train,synthetic
QDEF-004528,FAC-001,2025-04-16,LINE-06,ORD-06-011,STY-016,shade_variation,1,88,major,train,synthetic
QDEF-004529,FAC-001,2025-04-17,LINE-06,ORD-06-012,STY-012,skip_stitch,3,191,minor,train,synthetic
QDEF-004530,FAC-001,2025-04-17,LINE-06,ORD-06-012,STY-012,puckering,3,191,minor,train,synthetic
QDEF-004531,FAC-001,2025-04-17,LINE-06,ORD-06-012,STY-012,measurement_variance,1,191,minor,train,synthetic
QDEF-004532,FAC-001,2025-04-17,LINE-06,ORD-06-012,STY-012,oil_mark,1,191,minor,train,synthetic
QDEF-004533,FAC-001,2025-04-17,LINE-06,ORD-06-012,STY-012,uneven_stitch,1,191,minor,train,synthetic
QDEF-004534,FAC-001,2025-04-19,LINE-06,ORD-06-012,STY-012,puckering,1,269,minor,train,synthetic
QDEF-004535,FAC-001,2025-04-19,LINE-06,ORD-06-012,STY-012,open_seam,2,269,minor,train,synthetic
QDEF-004536,FAC-001,2025-04-19,LINE-06,ORD-06-012,STY-012,measurement_variance,2,269,major,train,synthetic
QDEF-004537,FAC-001,2025-04-19,LINE-06,ORD-06-012,STY-012,uneven_stitch,3,269,major,train,synthetic
QDEF-004538,FAC-001,2025-04-19,LINE-06,ORD-06-012,STY-012,oil_mark,2,269,minor,train,synthetic
QDEF-004539,FAC-001,2025-04-19,LINE-06,ORD-06-012,STY-012,shade_variation,1,269,minor,train,synthetic
QDEF-004540,FAC-001,2025-04-19,LINE-06,ORD-06-012,STY-012,skip_stitch,1,269,major,train,synthetic
QDEF-004541,FAC-001,2025-04-20,LINE-06,ORD-06-012,STY-012,uneven_stitch,1,252,major,train,synthetic
QDEF-004542,FAC-001,2025-04-20,LINE-06,ORD-06-012,STY-012,skip_stitch,2,252,minor,train,synthetic
QDEF-004543,FAC-001,2025-04-20,LINE-06,ORD-06-012,STY-012,puckering,2,252,major,train,synthetic
QDEF-004544,FAC-001,2025-04-20,LINE-06,ORD-06-012,STY-012,open_seam,1,252,minor,train,synthetic
QDEF-004545,FAC-001,2025-04-20,LINE-06,ORD-06-012,STY-012,shade_variation,1,252,critical,train,synthetic
QDEF-004546,FAC-001,2025-04-21,LINE-06,ORD-06-012,STY-012,skip_stitch,2,263,major,train,synthetic
QDEF-004547,FAC-001,2025-04-21,LINE-06,ORD-06-012,STY-012,oil_mark,2,263,minor,train,synthetic
QDEF-004548,FAC-001,2025-04-21,LINE-06,ORD-06-012,STY-012,shade_variation,2,263,minor,train,synthetic
QDEF-004549,FAC-001,2025-04-21,LINE-06,ORD-06-012,STY-012,open_seam,1,263,minor,train,synthetic
QDEF-004550,FAC-001,2025-04-21,LINE-06,ORD-06-012,STY-012,uneven_stitch,1,263,minor,train,synthetic
QDEF-004551,FAC-001,2025-04-21,LINE-06,ORD-06-012,STY-012,puckering,1,263,minor,train,synthetic
QDEF-004552,FAC-001,2025-04-22,LINE-06,ORD-06-012,STY-012,open_seam,4,276,major,train,synthetic
QDEF-004553,FAC-001,2025-04-22,LINE-06,ORD-06-012,STY-012,measurement_variance,2,276,minor,train,synthetic
QDEF-004554,FAC-001,2025-04-23,LINE-06,ORD-06-012,STY-012,measurement_variance,1,282,minor,train,synthetic
QDEF-004555,FAC-001,2025-04-23,LINE-06,ORD-06-012,STY-012,puckering,3,282,minor,train,synthetic
QDEF-004556,FAC-001,2025-04-23,LINE-06,ORD-06-012,STY-012,uneven_stitch,2,282,minor,train,synthetic
QDEF-004557,FAC-001,2025-04-23,LINE-06,ORD-06-012,STY-012,shade_variation,1,282,major,train,synthetic
QDEF-004558,FAC-001,2025-04-24,LINE-06,ORD-06-012,STY-012,puckering,1,279,major,train,synthetic
QDEF-004559,FAC-001,2025-04-24,LINE-06,ORD-06-012,STY-012,skip_stitch,1,279,critical,train,synthetic
QDEF-004560,FAC-001,2025-04-24,LINE-06,ORD-06-012,STY-012,shade_variation,1,279,minor,train,synthetic
QDEF-004561,FAC-001,2025-04-24,LINE-06,ORD-06-012,STY-012,uneven_stitch,1,279,minor,train,synthetic
QDEF-004562,FAC-001,2025-04-26,LINE-06,ORD-06-012,STY-012,shade_variation,2,284,critical,train,synthetic
QDEF-004563,FAC-001,2025-04-26,LINE-06,ORD-06-012,STY-012,open_seam,2,284,minor,train,synthetic
QDEF-004564,FAC-001,2025-04-26,LINE-06,ORD-06-012,STY-012,uneven_stitch,2,284,minor,train,synthetic
QDEF-004565,FAC-001,2025-04-26,LINE-06,ORD-06-012,STY-012,puckering,3,284,minor,train,synthetic
QDEF-004566,FAC-001,2025-04-26,LINE-06,ORD-06-012,STY-012,oil_mark,1,284,major,train,synthetic
QDEF-004567,FAC-001,2025-04-26,LINE-06,ORD-06-012,STY-012,measurement_variance,1,284,critical,train,synthetic
QDEF-004568,FAC-001,2025-04-27,LINE-06,ORD-06-012,STY-012,uneven_stitch,2,284,major,train,synthetic
QDEF-004569,FAC-001,2025-04-27,LINE-06,ORD-06-012,STY-012,skip_stitch,2,284,minor,train,synthetic
QDEF-004570,FAC-001,2025-04-27,LINE-06,ORD-06-012,STY-012,open_seam,2,284,minor,train,synthetic
QDEF-004571,FAC-001,2025-04-27,LINE-06,ORD-06-012,STY-012,measurement_variance,1,284,major,train,synthetic
QDEF-004572,FAC-001,2025-04-27,LINE-06,ORD-06-012,STY-012,oil_mark,1,284,major,train,synthetic
QDEF-004573,FAC-001,2025-04-27,LINE-06,ORD-06-012,STY-012,puckering,2,284,major,train,synthetic
QDEF-004574,FAC-001,2025-04-28,LINE-06,ORD-06-012,STY-012,measurement_variance,1,178,major,train,synthetic
QDEF-004575,FAC-001,2025-04-28,LINE-06,ORD-06-012,STY-012,skip_stitch,2,178,minor,train,synthetic
QDEF-004576,FAC-001,2025-04-28,LINE-06,ORD-06-012,STY-012,uneven_stitch,1,178,critical,train,synthetic
QDEF-004577,FAC-001,2025-04-28,LINE-06,ORD-06-012,STY-012,shade_variation,1,178,critical,train,synthetic
QDEF-004578,FAC-001,2025-04-28,LINE-06,ORD-06-012,STY-012,open_seam,1,178,major,train,synthetic
QDEF-004579,FAC-001,2025-04-29,LINE-06,ORD-06-013,STY-029,uneven_stitch,2,209,critical,train,synthetic
QDEF-004580,FAC-001,2025-04-29,LINE-06,ORD-06-013,STY-029,shade_variation,2,209,minor,train,synthetic
QDEF-004581,FAC-001,2025-04-29,LINE-06,ORD-06-013,STY-029,open_seam,1,209,minor,train,synthetic
QDEF-004582,FAC-001,2025-04-29,LINE-06,ORD-06-013,STY-029,measurement_variance,2,209,minor,train,synthetic
QDEF-004583,FAC-001,2025-04-29,LINE-06,ORD-06-013,STY-029,skip_stitch,2,209,major,train,synthetic
QDEF-004584,FAC-001,2025-04-29,LINE-06,ORD-06-013,STY-029,oil_mark,1,209,minor,train,synthetic
QDEF-004585,FAC-001,2025-04-30,LINE-06,ORD-06-013,STY-029,uneven_stitch,2,306,minor,train,synthetic
QDEF-004586,FAC-001,2025-04-30,LINE-06,ORD-06-013,STY-029,open_seam,2,306,minor,train,synthetic
QDEF-004587,FAC-001,2025-04-30,LINE-06,ORD-06-013,STY-029,oil_mark,5,306,minor,train,synthetic
QDEF-004588,FAC-001,2025-04-30,LINE-06,ORD-06-013,STY-029,skip_stitch,2,306,major,train,synthetic
QDEF-004589,FAC-001,2025-04-30,LINE-06,ORD-06-013,STY-029,measurement_variance,1,306,minor,train,synthetic
QDEF-004590,FAC-001,2025-04-30,LINE-06,ORD-06-013,STY-029,shade_variation,1,306,minor,train,synthetic
QDEF-004591,FAC-001,2025-05-01,LINE-06,ORD-06-013,STY-029,puckering,5,326,minor,validation,synthetic
QDEF-004592,FAC-001,2025-05-01,LINE-06,ORD-06-013,STY-029,oil_mark,2,326,major,validation,synthetic
QDEF-004593,FAC-001,2025-05-01,LINE-06,ORD-06-013,STY-029,uneven_stitch,4,326,minor,validation,synthetic
QDEF-004594,FAC-001,2025-05-01,LINE-06,ORD-06-013,STY-029,shade_variation,1,326,minor,validation,synthetic
QDEF-004595,FAC-001,2025-05-01,LINE-06,ORD-06-013,STY-029,open_seam,1,326,minor,validation,synthetic
QDEF-004596,FAC-001,2025-05-01,LINE-06,ORD-06-013,STY-029,measurement_variance,1,326,minor,validation,synthetic
QDEF-004597,FAC-001,2025-05-01,LINE-06,ORD-06-013,STY-029,skip_stitch,2,326,minor,validation,synthetic
QDEF-004598,FAC-001,2025-05-03,LINE-06,ORD-06-013,STY-029,open_seam,3,342,major,validation,synthetic
QDEF-004599,FAC-001,2025-05-03,LINE-06,ORD-06-013,STY-029,measurement_variance,3,342,major,validation,synthetic
QDEF-004600,FAC-001,2025-05-03,LINE-06,ORD-06-013,STY-029,oil_mark,5,342,minor,validation,synthetic
QDEF-004601,FAC-001,2025-05-03,LINE-06,ORD-06-013,STY-029,skip_stitch,3,342,major,validation,synthetic
QDEF-004602,FAC-001,2025-05-03,LINE-06,ORD-06-013,STY-029,puckering,2,342,minor,validation,synthetic
QDEF-004603,FAC-001,2025-05-03,LINE-06,ORD-06-013,STY-029,uneven_stitch,3,342,minor,validation,synthetic
QDEF-004604,FAC-001,2025-05-04,LINE-06,ORD-06-013,STY-029,shade_variation,1,20,major,validation,synthetic
QDEF-004605,FAC-001,2025-05-06,LINE-06,ORD-06-014,STY-010,shade_variation,3,219,major,validation,synthetic
QDEF-004606,FAC-001,2025-05-06,LINE-06,ORD-06-014,STY-010,measurement_variance,1,219,major,validation,synthetic
QDEF-004607,FAC-001,2025-05-06,LINE-06,ORD-06-014,STY-010,uneven_stitch,1,219,minor,validation,synthetic
QDEF-004608,FAC-001,2025-05-06,LINE-06,ORD-06-014,STY-010,oil_mark,2,219,minor,validation,synthetic
QDEF-004609,FAC-001,2025-05-07,LINE-06,ORD-06-014,STY-010,uneven_stitch,3,331,minor,validation,synthetic
QDEF-004610,FAC-001,2025-05-07,LINE-06,ORD-06-014,STY-010,puckering,1,331,minor,validation,synthetic
QDEF-004611,FAC-001,2025-05-07,LINE-06,ORD-06-014,STY-010,shade_variation,2,331,major,validation,synthetic
QDEF-004612,FAC-001,2025-05-07,LINE-06,ORD-06-014,STY-010,open_seam,1,331,major,validation,synthetic
QDEF-004613,FAC-001,2025-05-07,LINE-06,ORD-06-014,STY-010,oil_mark,1,331,major,validation,synthetic
QDEF-004614,FAC-001,2025-05-07,LINE-06,ORD-06-014,STY-010,skip_stitch,1,331,major,validation,synthetic
QDEF-004615,FAC-001,2025-05-08,LINE-06,ORD-06-014,STY-010,shade_variation,2,297,minor,validation,synthetic
QDEF-004616,FAC-001,2025-05-08,LINE-06,ORD-06-014,STY-010,puckering,4,297,minor,validation,synthetic
QDEF-004617,FAC-001,2025-05-08,LINE-06,ORD-06-014,STY-010,oil_mark,4,297,minor,validation,synthetic
QDEF-004618,FAC-001,2025-05-08,LINE-06,ORD-06-014,STY-010,uneven_stitch,1,297,minor,validation,synthetic
QDEF-004619,FAC-001,2025-05-08,LINE-06,ORD-06-014,STY-010,open_seam,1,297,minor,validation,synthetic
QDEF-004620,FAC-001,2025-05-10,LINE-06,ORD-06-014,STY-010,skip_stitch,1,360,major,validation,synthetic
QDEF-004621,FAC-001,2025-05-10,LINE-06,ORD-06-014,STY-010,open_seam,2,360,minor,validation,synthetic
QDEF-004622,FAC-001,2025-05-10,LINE-06,ORD-06-014,STY-010,uneven_stitch,3,360,major,validation,synthetic
QDEF-004623,FAC-001,2025-05-10,LINE-06,ORD-06-014,STY-010,puckering,1,360,minor,validation,synthetic
QDEF-004624,FAC-001,2025-05-10,LINE-06,ORD-06-014,STY-010,oil_mark,2,360,major,validation,synthetic
QDEF-004625,FAC-001,2025-05-11,LINE-06,ORD-06-014,STY-010,open_seam,2,374,major,validation,synthetic
QDEF-004626,FAC-001,2025-05-11,LINE-06,ORD-06-014,STY-010,oil_mark,3,374,minor,validation,synthetic
QDEF-004627,FAC-001,2025-05-11,LINE-06,ORD-06-014,STY-010,puckering,3,374,major,validation,synthetic
QDEF-004628,FAC-001,2025-05-11,LINE-06,ORD-06-014,STY-010,uneven_stitch,1,374,minor,validation,synthetic
QDEF-004629,FAC-001,2025-05-11,LINE-06,ORD-06-014,STY-010,skip_stitch,1,374,minor,validation,synthetic
QDEF-004630,FAC-001,2025-05-11,LINE-06,ORD-06-014,STY-010,measurement_variance,1,374,minor,validation,synthetic
QDEF-004631,FAC-001,2025-05-12,LINE-06,ORD-06-014,STY-010,skip_stitch,3,335,minor,validation,synthetic
QDEF-004632,FAC-001,2025-05-12,LINE-06,ORD-06-014,STY-010,uneven_stitch,2,335,critical,validation,synthetic
QDEF-004633,FAC-001,2025-05-12,LINE-06,ORD-06-014,STY-010,shade_variation,4,335,minor,validation,synthetic
QDEF-004634,FAC-001,2025-05-12,LINE-06,ORD-06-014,STY-010,open_seam,2,335,major,validation,synthetic
QDEF-004635,FAC-001,2025-05-12,LINE-06,ORD-06-014,STY-010,puckering,1,335,minor,validation,synthetic
QDEF-004636,FAC-001,2025-05-13,LINE-06,ORD-06-014,STY-010,uneven_stitch,3,320,minor,validation,synthetic
QDEF-004637,FAC-001,2025-05-13,LINE-06,ORD-06-014,STY-010,skip_stitch,1,320,minor,validation,synthetic
QDEF-004638,FAC-001,2025-05-13,LINE-06,ORD-06-014,STY-010,oil_mark,2,320,major,validation,synthetic
QDEF-004639,FAC-001,2025-05-13,LINE-06,ORD-06-014,STY-010,puckering,2,320,major,validation,synthetic
QDEF-004640,FAC-001,2025-05-13,LINE-06,ORD-06-014,STY-010,measurement_variance,4,320,major,validation,synthetic
QDEF-004641,FAC-001,2025-05-13,LINE-06,ORD-06-014,STY-010,open_seam,1,320,minor,validation,synthetic
QDEF-004642,FAC-001,2025-05-13,LINE-06,ORD-06-014,STY-010,shade_variation,1,320,minor,validation,synthetic
QDEF-004643,FAC-001,2025-05-14,LINE-06,ORD-06-014,STY-010,oil_mark,2,99,minor,validation,synthetic
QDEF-004644,FAC-001,2025-05-14,LINE-06,ORD-06-014,STY-010,measurement_variance,1,99,minor,validation,synthetic
QDEF-004645,FAC-001,2025-05-14,LINE-06,ORD-06-014,STY-010,open_seam,1,99,critical,validation,synthetic
QDEF-004646,FAC-001,2025-05-17,LINE-06,ORD-06-015,STY-026,open_seam,1,249,major,validation,synthetic
QDEF-004647,FAC-001,2025-05-17,LINE-06,ORD-06-015,STY-026,measurement_variance,1,249,minor,validation,synthetic
QDEF-004648,FAC-001,2025-05-17,LINE-06,ORD-06-015,STY-026,oil_mark,1,249,minor,validation,synthetic
QDEF-004649,FAC-001,2025-05-17,LINE-06,ORD-06-015,STY-026,skip_stitch,2,249,minor,validation,synthetic
QDEF-004650,FAC-001,2025-05-17,LINE-06,ORD-06-015,STY-026,shade_variation,1,249,minor,validation,synthetic
QDEF-004651,FAC-001,2025-05-17,LINE-06,ORD-06-015,STY-026,uneven_stitch,1,249,minor,validation,synthetic
QDEF-004652,FAC-001,2025-05-18,LINE-06,ORD-06-015,STY-026,shade_variation,1,315,minor,validation,synthetic
QDEF-004653,FAC-001,2025-05-18,LINE-06,ORD-06-015,STY-026,measurement_variance,2,315,minor,validation,synthetic
QDEF-004654,FAC-001,2025-05-18,LINE-06,ORD-06-015,STY-026,puckering,2,315,minor,validation,synthetic
QDEF-004655,FAC-001,2025-05-18,LINE-06,ORD-06-015,STY-026,open_seam,1,315,minor,validation,synthetic
QDEF-004656,FAC-001,2025-05-19,LINE-06,ORD-06-015,STY-026,oil_mark,2,416,minor,validation,synthetic
QDEF-004657,FAC-001,2025-05-19,LINE-06,ORD-06-015,STY-026,shade_variation,2,416,minor,validation,synthetic
QDEF-004658,FAC-001,2025-05-19,LINE-06,ORD-06-015,STY-026,skip_stitch,3,416,minor,validation,synthetic
QDEF-004659,FAC-001,2025-05-19,LINE-06,ORD-06-015,STY-026,uneven_stitch,3,416,minor,validation,synthetic
QDEF-004660,FAC-001,2025-05-19,LINE-06,ORD-06-015,STY-026,puckering,1,416,minor,validation,synthetic
QDEF-004661,FAC-001,2025-05-20,LINE-06,ORD-06-015,STY-026,skip_stitch,1,386,minor,validation,synthetic
QDEF-004662,FAC-001,2025-05-20,LINE-06,ORD-06-015,STY-026,measurement_variance,2,386,critical,validation,synthetic
QDEF-004663,FAC-001,2025-05-20,LINE-06,ORD-06-015,STY-026,oil_mark,2,386,minor,validation,synthetic
QDEF-004664,FAC-001,2025-05-20,LINE-06,ORD-06-015,STY-026,shade_variation,1,386,major,validation,synthetic
QDEF-004665,FAC-001,2025-05-20,LINE-06,ORD-06-015,STY-026,uneven_stitch,2,386,major,validation,synthetic
QDEF-004666,FAC-001,2025-05-21,LINE-06,ORD-06-015,STY-026,skip_stitch,4,375,minor,validation,synthetic
QDEF-004667,FAC-001,2025-05-21,LINE-06,ORD-06-015,STY-026,uneven_stitch,2,375,minor,validation,synthetic
QDEF-004668,FAC-001,2025-05-21,LINE-06,ORD-06-015,STY-026,puckering,2,375,minor,validation,synthetic
QDEF-004669,FAC-001,2025-05-21,LINE-06,ORD-06-015,STY-026,measurement_variance,2,375,minor,validation,synthetic
QDEF-004670,FAC-001,2025-05-21,LINE-06,ORD-06-015,STY-026,shade_variation,1,375,minor,validation,synthetic
QDEF-004671,FAC-001,2025-05-22,LINE-06,ORD-06-015,STY-026,open_seam,4,396,minor,validation,synthetic
QDEF-004672,FAC-001,2025-05-22,LINE-06,ORD-06-015,STY-026,shade_variation,1,396,minor,validation,synthetic
QDEF-004673,FAC-001,2025-05-22,LINE-06,ORD-06-015,STY-026,uneven_stitch,2,396,minor,validation,synthetic
QDEF-004674,FAC-001,2025-05-22,LINE-06,ORD-06-015,STY-026,oil_mark,1,396,major,validation,synthetic
QDEF-004675,FAC-001,2025-05-22,LINE-06,ORD-06-015,STY-026,measurement_variance,1,396,minor,validation,synthetic
QDEF-004676,FAC-001,2025-05-24,LINE-06,ORD-06-015,STY-026,shade_variation,1,94,minor,validation,synthetic
QDEF-004677,FAC-001,2025-05-25,LINE-06,ORD-06-015,STY-026,skip_stitch,1,32,minor,validation,synthetic
QDEF-004678,FAC-001,2025-05-27,LINE-06,ORD-06-016,STY-028,puckering,3,194,major,validation,synthetic
QDEF-004679,FAC-001,2025-05-27,LINE-06,ORD-06-016,STY-028,open_seam,2,194,minor,validation,synthetic
QDEF-004680,FAC-001,2025-05-27,LINE-06,ORD-06-016,STY-028,skip_stitch,2,194,major,validation,synthetic
QDEF-004681,FAC-001,2025-05-27,LINE-06,ORD-06-016,STY-028,oil_mark,1,194,minor,validation,synthetic
QDEF-004682,FAC-001,2025-05-27,LINE-06,ORD-06-016,STY-028,measurement_variance,1,194,minor,validation,synthetic
QDEF-004683,FAC-001,2025-05-28,LINE-06,ORD-06-016,STY-028,measurement_variance,2,230,minor,validation,synthetic
QDEF-004684,FAC-001,2025-05-28,LINE-06,ORD-06-016,STY-028,oil_mark,2,230,minor,validation,synthetic
QDEF-004685,FAC-001,2025-05-28,LINE-06,ORD-06-016,STY-028,uneven_stitch,4,230,minor,validation,synthetic
QDEF-004686,FAC-001,2025-05-28,LINE-06,ORD-06-016,STY-028,puckering,3,230,major,validation,synthetic
QDEF-004687,FAC-001,2025-05-28,LINE-06,ORD-06-016,STY-028,open_seam,1,230,minor,validation,synthetic
QDEF-004688,FAC-001,2025-05-28,LINE-06,ORD-06-016,STY-028,skip_stitch,1,230,critical,validation,synthetic
QDEF-004689,FAC-001,2025-05-29,LINE-06,ORD-06-016,STY-028,measurement_variance,3,266,minor,validation,synthetic
QDEF-004690,FAC-001,2025-05-29,LINE-06,ORD-06-016,STY-028,open_seam,2,266,minor,validation,synthetic
QDEF-004691,FAC-001,2025-05-29,LINE-06,ORD-06-016,STY-028,skip_stitch,2,266,major,validation,synthetic
QDEF-004692,FAC-001,2025-05-29,LINE-06,ORD-06-016,STY-028,puckering,4,266,critical,validation,synthetic
QDEF-004693,FAC-001,2025-05-29,LINE-06,ORD-06-016,STY-028,uneven_stitch,2,266,minor,validation,synthetic
QDEF-004694,FAC-001,2025-05-29,LINE-06,ORD-06-016,STY-028,shade_variation,1,266,minor,validation,synthetic
QDEF-004695,FAC-001,2025-05-31,LINE-06,ORD-06-016,STY-028,oil_mark,2,166,minor,validation,synthetic
QDEF-004696,FAC-001,2025-05-31,LINE-06,ORD-06-016,STY-028,open_seam,4,166,minor,validation,synthetic
QDEF-004697,FAC-001,2025-05-31,LINE-06,ORD-06-016,STY-028,uneven_stitch,1,166,minor,validation,synthetic
QDEF-004698,FAC-001,2025-05-31,LINE-06,ORD-06-016,STY-028,puckering,1,166,minor,validation,synthetic
QDEF-004699,FAC-001,2025-06-01,LINE-06,ORD-06-016,STY-028,shade_variation,5,201,minor,test,synthetic
QDEF-004700,FAC-001,2025-06-01,LINE-06,ORD-06-016,STY-028,puckering,2,201,major,test,synthetic
QDEF-004701,FAC-001,2025-06-01,LINE-06,ORD-06-016,STY-028,uneven_stitch,2,201,minor,test,synthetic
QDEF-004702,FAC-001,2025-06-01,LINE-06,ORD-06-016,STY-028,open_seam,1,201,minor,test,synthetic
QDEF-004703,FAC-001,2025-06-02,LINE-06,ORD-06-016,STY-028,measurement_variance,2,264,major,test,synthetic
QDEF-004704,FAC-001,2025-06-02,LINE-06,ORD-06-016,STY-028,uneven_stitch,4,264,minor,test,synthetic
QDEF-004705,FAC-001,2025-06-02,LINE-06,ORD-06-016,STY-028,oil_mark,5,264,minor,test,synthetic
QDEF-004706,FAC-001,2025-06-02,LINE-06,ORD-06-016,STY-028,puckering,3,264,major,test,synthetic
QDEF-004707,FAC-001,2025-06-02,LINE-06,ORD-06-016,STY-028,skip_stitch,1,264,critical,test,synthetic
QDEF-004708,FAC-001,2025-06-03,LINE-06,ORD-06-016,STY-028,skip_stitch,2,282,minor,test,synthetic
QDEF-004709,FAC-001,2025-06-03,LINE-06,ORD-06-016,STY-028,oil_mark,2,282,major,test,synthetic
QDEF-004710,FAC-001,2025-06-03,LINE-06,ORD-06-016,STY-028,uneven_stitch,2,282,minor,test,synthetic
QDEF-004711,FAC-001,2025-06-03,LINE-06,ORD-06-016,STY-028,puckering,1,282,critical,test,synthetic
QDEF-004712,FAC-001,2025-06-03,LINE-06,ORD-06-016,STY-028,open_seam,3,282,minor,test,synthetic
QDEF-004713,FAC-001,2025-06-03,LINE-06,ORD-06-016,STY-028,shade_variation,1,282,minor,test,synthetic
QDEF-004714,FAC-001,2025-06-03,LINE-06,ORD-06-016,STY-028,measurement_variance,2,282,minor,test,synthetic
QDEF-004715,FAC-001,2025-06-04,LINE-06,ORD-06-016,STY-028,oil_mark,5,259,minor,test,synthetic
QDEF-004716,FAC-001,2025-06-04,LINE-06,ORD-06-016,STY-028,skip_stitch,3,259,minor,test,synthetic
QDEF-004717,FAC-001,2025-06-04,LINE-06,ORD-06-016,STY-028,open_seam,4,259,minor,test,synthetic
QDEF-004718,FAC-001,2025-06-04,LINE-06,ORD-06-016,STY-028,measurement_variance,3,259,minor,test,synthetic
QDEF-004719,FAC-001,2025-06-04,LINE-06,ORD-06-016,STY-028,uneven_stitch,2,259,major,test,synthetic
QDEF-004720,FAC-001,2025-06-04,LINE-06,ORD-06-016,STY-028,shade_variation,1,259,major,test,synthetic
QDEF-004721,FAC-001,2025-06-05,LINE-06,ORD-06-016,STY-028,uneven_stitch,3,265,minor,test,synthetic
QDEF-004722,FAC-001,2025-06-05,LINE-06,ORD-06-016,STY-028,shade_variation,2,265,minor,test,synthetic
QDEF-004723,FAC-001,2025-06-05,LINE-06,ORD-06-016,STY-028,puckering,4,265,critical,test,synthetic
QDEF-004724,FAC-001,2025-06-05,LINE-06,ORD-06-016,STY-028,open_seam,1,265,major,test,synthetic
QDEF-004725,FAC-001,2025-06-05,LINE-06,ORD-06-016,STY-028,skip_stitch,1,265,minor,test,synthetic
QDEF-004726,FAC-001,2025-06-07,LINE-06,ORD-06-016,STY-028,puckering,2,18,major,test,synthetic
QDEF-004727,FAC-001,2025-06-09,LINE-06,ORD-06-017,STY-010,measurement_variance,2,279,minor,test,synthetic
QDEF-004728,FAC-001,2025-06-09,LINE-06,ORD-06-017,STY-010,oil_mark,1,279,major,test,synthetic
QDEF-004729,FAC-001,2025-06-09,LINE-06,ORD-06-017,STY-010,skip_stitch,1,279,minor,test,synthetic
QDEF-004730,FAC-001,2025-06-09,LINE-06,ORD-06-017,STY-010,uneven_stitch,1,279,major,test,synthetic
QDEF-004731,FAC-001,2025-06-10,LINE-06,ORD-06-017,STY-010,open_seam,1,334,minor,test,synthetic
QDEF-004732,FAC-001,2025-06-10,LINE-06,ORD-06-017,STY-010,puckering,2,334,minor,test,synthetic
QDEF-004733,FAC-001,2025-06-10,LINE-06,ORD-06-017,STY-010,uneven_stitch,1,334,minor,test,synthetic
QDEF-004734,FAC-001,2025-06-10,LINE-06,ORD-06-017,STY-010,skip_stitch,1,334,major,test,synthetic
QDEF-004735,FAC-001,2025-06-10,LINE-06,ORD-06-017,STY-010,oil_mark,2,334,major,test,synthetic
QDEF-004736,FAC-001,2025-06-11,LINE-06,ORD-06-017,STY-010,skip_stitch,2,330,minor,test,synthetic
QDEF-004737,FAC-001,2025-06-11,LINE-06,ORD-06-017,STY-010,open_seam,2,330,major,test,synthetic
QDEF-004738,FAC-001,2025-06-11,LINE-06,ORD-06-017,STY-010,measurement_variance,3,330,minor,test,synthetic
QDEF-004739,FAC-001,2025-06-12,LINE-06,ORD-06-017,STY-010,oil_mark,3,329,minor,test,synthetic
QDEF-004740,FAC-001,2025-06-12,LINE-06,ORD-06-017,STY-010,shade_variation,4,329,minor,test,synthetic
QDEF-004741,FAC-001,2025-06-12,LINE-06,ORD-06-017,STY-010,uneven_stitch,1,329,minor,test,synthetic
QDEF-004742,FAC-001,2025-06-12,LINE-06,ORD-06-017,STY-010,open_seam,3,329,critical,test,synthetic
QDEF-004743,FAC-001,2025-06-12,LINE-06,ORD-06-017,STY-010,puckering,2,329,minor,test,synthetic
QDEF-004744,FAC-001,2025-06-12,LINE-06,ORD-06-017,STY-010,skip_stitch,1,329,major,test,synthetic
QDEF-004745,FAC-001,2025-06-14,LINE-06,ORD-06-017,STY-010,oil_mark,2,320,minor,test,synthetic
QDEF-004746,FAC-001,2025-06-14,LINE-06,ORD-06-017,STY-010,puckering,4,320,minor,test,synthetic
QDEF-004747,FAC-001,2025-06-14,LINE-06,ORD-06-017,STY-010,uneven_stitch,1,320,major,test,synthetic
QDEF-004748,FAC-001,2025-06-14,LINE-06,ORD-06-017,STY-010,shade_variation,1,320,minor,test,synthetic
QDEF-004749,FAC-001,2025-06-14,LINE-06,ORD-06-017,STY-010,open_seam,1,320,major,test,synthetic
QDEF-004750,FAC-001,2025-06-15,LINE-06,ORD-06-017,STY-010,open_seam,4,304,minor,test,synthetic
QDEF-004751,FAC-001,2025-06-15,LINE-06,ORD-06-017,STY-010,oil_mark,3,304,minor,test,synthetic
QDEF-004752,FAC-001,2025-06-15,LINE-06,ORD-06-017,STY-010,shade_variation,6,304,minor,test,synthetic
QDEF-004753,FAC-001,2025-06-15,LINE-06,ORD-06-017,STY-010,skip_stitch,3,304,minor,test,synthetic
QDEF-004754,FAC-001,2025-06-15,LINE-06,ORD-06-017,STY-010,puckering,1,304,major,test,synthetic
QDEF-004755,FAC-001,2025-06-15,LINE-06,ORD-06-017,STY-010,measurement_variance,1,304,major,test,synthetic
QDEF-004756,FAC-001,2025-06-16,LINE-06,ORD-06-017,STY-010,shade_variation,2,116,critical,test,synthetic
QDEF-004757,FAC-001,2025-06-16,LINE-06,ORD-06-017,STY-010,puckering,1,116,minor,test,synthetic
QDEF-004758,FAC-001,2025-06-16,LINE-06,ORD-06-017,STY-010,measurement_variance,1,116,minor,test,synthetic
QDEF-004759,FAC-001,2025-06-16,LINE-06,ORD-06-017,STY-010,oil_mark,1,116,minor,test,synthetic
QDEF-004760,FAC-001,2025-06-17,LINE-06,ORD-06-018,STY-011,oil_mark,3,196,major,test,synthetic
QDEF-004761,FAC-001,2025-06-17,LINE-06,ORD-06-018,STY-011,uneven_stitch,4,196,minor,test,synthetic
QDEF-004762,FAC-001,2025-06-17,LINE-06,ORD-06-018,STY-011,open_seam,1,196,minor,test,synthetic
QDEF-004763,FAC-001,2025-06-17,LINE-06,ORD-06-018,STY-011,measurement_variance,1,196,major,test,synthetic
QDEF-004764,FAC-001,2025-06-18,LINE-06,ORD-06-018,STY-011,uneven_stitch,2,297,minor,test,synthetic
QDEF-004765,FAC-001,2025-06-18,LINE-06,ORD-06-018,STY-011,skip_stitch,4,297,major,test,synthetic
QDEF-004766,FAC-001,2025-06-18,LINE-06,ORD-06-018,STY-011,oil_mark,2,297,major,test,synthetic
QDEF-004767,FAC-001,2025-06-18,LINE-06,ORD-06-018,STY-011,shade_variation,4,297,minor,test,synthetic
QDEF-004768,FAC-001,2025-06-18,LINE-06,ORD-06-018,STY-011,open_seam,2,297,minor,test,synthetic
QDEF-004769,FAC-001,2025-06-18,LINE-06,ORD-06-018,STY-011,measurement_variance,1,297,minor,test,synthetic
QDEF-004770,FAC-001,2025-06-19,LINE-06,ORD-06-018,STY-011,uneven_stitch,1,307,minor,test,synthetic
QDEF-004771,FAC-001,2025-06-19,LINE-06,ORD-06-018,STY-011,oil_mark,1,307,minor,test,synthetic
QDEF-004772,FAC-001,2025-06-19,LINE-06,ORD-06-018,STY-011,open_seam,4,307,minor,test,synthetic
QDEF-004773,FAC-001,2025-06-19,LINE-06,ORD-06-018,STY-011,shade_variation,1,307,critical,test,synthetic
QDEF-004774,FAC-001,2025-06-19,LINE-06,ORD-06-018,STY-011,puckering,3,307,major,test,synthetic
QDEF-004775,FAC-001,2025-06-19,LINE-06,ORD-06-018,STY-011,measurement_variance,2,307,minor,test,synthetic
QDEF-004776,FAC-001,2025-06-19,LINE-06,ORD-06-018,STY-011,skip_stitch,1,307,minor,test,synthetic
QDEF-004777,FAC-001,2025-06-21,LINE-06,ORD-06-018,STY-011,skip_stitch,2,334,major,test,synthetic
QDEF-004778,FAC-001,2025-06-21,LINE-06,ORD-06-018,STY-011,open_seam,4,334,minor,test,synthetic
QDEF-004779,FAC-001,2025-06-21,LINE-06,ORD-06-018,STY-011,uneven_stitch,3,334,critical,test,synthetic
QDEF-004780,FAC-001,2025-06-21,LINE-06,ORD-06-018,STY-011,oil_mark,2,334,minor,test,synthetic
QDEF-004781,FAC-001,2025-06-21,LINE-06,ORD-06-018,STY-011,puckering,1,334,critical,test,synthetic
QDEF-004782,FAC-001,2025-06-21,LINE-06,ORD-06-018,STY-011,measurement_variance,1,334,major,test,synthetic
QDEF-004783,FAC-001,2025-06-21,LINE-06,ORD-06-018,STY-011,shade_variation,1,334,minor,test,synthetic
QDEF-004784,FAC-001,2025-06-22,LINE-06,ORD-06-018,STY-011,uneven_stitch,3,360,major,test,synthetic
QDEF-004785,FAC-001,2025-06-22,LINE-06,ORD-06-018,STY-011,measurement_variance,1,360,minor,test,synthetic
QDEF-004786,FAC-001,2025-06-22,LINE-06,ORD-06-018,STY-011,open_seam,1,360,minor,test,synthetic
QDEF-004787,FAC-001,2025-06-22,LINE-06,ORD-06-018,STY-011,shade_variation,1,360,critical,test,synthetic
QDEF-004788,FAC-001,2025-06-22,LINE-06,ORD-06-018,STY-011,oil_mark,1,360,minor,test,synthetic
QDEF-004789,FAC-001,2025-06-22,LINE-06,ORD-06-018,STY-011,skip_stitch,1,360,major,test,synthetic
QDEF-004790,FAC-001,2025-06-23,LINE-06,ORD-06-018,STY-011,open_seam,2,324,minor,test,synthetic
QDEF-004791,FAC-001,2025-06-23,LINE-06,ORD-06-018,STY-011,puckering,4,324,minor,test,synthetic
QDEF-004792,FAC-001,2025-06-23,LINE-06,ORD-06-018,STY-011,oil_mark,5,324,minor,test,synthetic
QDEF-004793,FAC-001,2025-06-23,LINE-06,ORD-06-018,STY-011,skip_stitch,1,324,major,test,synthetic
QDEF-004794,FAC-001,2025-06-23,LINE-06,ORD-06-018,STY-011,measurement_variance,2,324,minor,test,synthetic
QDEF-004795,FAC-001,2025-06-23,LINE-06,ORD-06-018,STY-011,uneven_stitch,1,324,minor,test,synthetic
QDEF-004796,FAC-001,2025-06-24,LINE-06,ORD-06-018,STY-011,open_seam,1,354,minor,test,synthetic
QDEF-004797,FAC-001,2025-06-24,LINE-06,ORD-06-018,STY-011,skip_stitch,2,354,major,test,synthetic
QDEF-004798,FAC-001,2025-06-24,LINE-06,ORD-06-018,STY-011,uneven_stitch,2,354,minor,test,synthetic
QDEF-004799,FAC-001,2025-06-24,LINE-06,ORD-06-018,STY-011,measurement_variance,1,354,minor,test,synthetic
QDEF-004800,FAC-001,2025-06-25,LINE-06,ORD-06-019,STY-026,puckering,3,257,minor,test,synthetic
QDEF-004801,FAC-001,2025-06-25,LINE-06,ORD-06-019,STY-026,uneven_stitch,1,257,major,test,synthetic
QDEF-004802,FAC-001,2025-06-25,LINE-06,ORD-06-019,STY-026,skip_stitch,2,257,minor,test,synthetic
QDEF-004803,FAC-001,2025-06-25,LINE-06,ORD-06-019,STY-026,open_seam,1,257,major,test,synthetic
QDEF-004804,FAC-001,2025-06-26,LINE-06,ORD-06-019,STY-026,oil_mark,7,296,minor,test,synthetic
QDEF-004805,FAC-001,2025-06-26,LINE-06,ORD-06-019,STY-026,shade_variation,2,296,major,test,synthetic
QDEF-004806,FAC-001,2025-06-26,LINE-06,ORD-06-019,STY-026,open_seam,6,296,minor,test,synthetic
QDEF-004807,FAC-001,2025-06-26,LINE-06,ORD-06-019,STY-026,puckering,4,296,minor,test,synthetic
QDEF-004808,FAC-001,2025-06-26,LINE-06,ORD-06-019,STY-026,uneven_stitch,4,296,major,test,synthetic
QDEF-004809,FAC-001,2025-06-26,LINE-06,ORD-06-019,STY-026,measurement_variance,1,296,critical,test,synthetic
QDEF-004810,FAC-001,2025-06-26,LINE-06,ORD-06-019,STY-026,skip_stitch,1,296,minor,test,synthetic
QDEF-004811,FAC-001,2025-06-28,LINE-06,ORD-06-019,STY-026,uneven_stitch,3,398,minor,test,synthetic
QDEF-004812,FAC-001,2025-06-28,LINE-06,ORD-06-019,STY-026,skip_stitch,1,398,minor,test,synthetic
QDEF-004813,FAC-001,2025-06-28,LINE-06,ORD-06-019,STY-026,oil_mark,2,398,critical,test,synthetic
QDEF-004814,FAC-001,2025-06-28,LINE-06,ORD-06-019,STY-026,shade_variation,2,398,minor,test,synthetic
QDEF-004815,FAC-001,2025-06-28,LINE-06,ORD-06-019,STY-026,puckering,1,398,minor,test,synthetic
QDEF-004816,FAC-001,2025-06-28,LINE-06,ORD-06-019,STY-026,measurement_variance,1,398,minor,test,synthetic
QDEF-004817,FAC-001,2025-06-29,LINE-06,ORD-06-019,STY-026,measurement_variance,3,405,minor,test,synthetic
QDEF-004818,FAC-001,2025-06-29,LINE-06,ORD-06-019,STY-026,shade_variation,3,405,minor,test,synthetic
QDEF-004819,FAC-001,2025-06-29,LINE-06,ORD-06-019,STY-026,skip_stitch,4,405,minor,test,synthetic
QDEF-004820,FAC-001,2025-06-29,LINE-06,ORD-06-019,STY-026,open_seam,1,405,minor,test,synthetic
QDEF-004821,FAC-001,2025-06-29,LINE-06,ORD-06-019,STY-026,oil_mark,2,405,minor,test,synthetic
QDEF-004822,FAC-001,2025-06-29,LINE-06,ORD-06-019,STY-026,uneven_stitch,2,405,major,test,synthetic
QDEF-004823,FAC-001,2025-06-29,LINE-06,ORD-06-019,STY-026,puckering,1,405,minor,test,synthetic
QDEF-004824,FAC-001,2025-06-30,LINE-06,ORD-06-019,STY-026,skip_stitch,3,391,minor,test,synthetic
QDEF-004825,FAC-001,2025-06-30,LINE-06,ORD-06-019,STY-026,uneven_stitch,3,391,minor,test,synthetic
QDEF-004826,FAC-001,2025-06-30,LINE-06,ORD-06-019,STY-026,open_seam,3,391,minor,test,synthetic
QDEF-004827,FAC-001,2025-06-30,LINE-06,ORD-06-019,STY-026,measurement_variance,2,391,minor,test,synthetic
QDEF-004828,FAC-001,2025-06-30,LINE-06,ORD-06-019,STY-026,puckering,1,391,minor,test,synthetic
QDEF-004829,FAC-001,2025-06-30,LINE-06,ORD-06-019,STY-026,oil_mark,1,391,minor,test,synthetic
QDEF-004830,FAC-001,2025-01-04,LINE-07,ORD-07-001,STY-009,measurement_variance,4,241,minor,train,synthetic
QDEF-004831,FAC-001,2025-01-04,LINE-07,ORD-07-001,STY-009,puckering,2,241,major,train,synthetic
QDEF-004832,FAC-001,2025-01-04,LINE-07,ORD-07-001,STY-009,oil_mark,3,241,minor,train,synthetic
QDEF-004833,FAC-001,2025-01-04,LINE-07,ORD-07-001,STY-009,open_seam,4,241,critical,train,synthetic
QDEF-004834,FAC-001,2025-01-04,LINE-07,ORD-07-001,STY-009,shade_variation,2,241,major,train,synthetic
QDEF-004835,FAC-001,2025-01-05,LINE-07,ORD-07-001,STY-009,oil_mark,2,275,minor,train,synthetic
QDEF-004836,FAC-001,2025-01-05,LINE-07,ORD-07-001,STY-009,shade_variation,3,275,major,train,synthetic
QDEF-004837,FAC-001,2025-01-05,LINE-07,ORD-07-001,STY-009,skip_stitch,2,275,minor,train,synthetic
QDEF-004838,FAC-001,2025-01-05,LINE-07,ORD-07-001,STY-009,measurement_variance,1,275,major,train,synthetic
QDEF-004839,FAC-001,2025-01-05,LINE-07,ORD-07-001,STY-009,open_seam,1,275,minor,train,synthetic
QDEF-004840,FAC-001,2025-01-06,LINE-07,ORD-07-001,STY-009,open_seam,2,316,minor,train,synthetic
QDEF-004841,FAC-001,2025-01-06,LINE-07,ORD-07-001,STY-009,oil_mark,3,316,minor,train,synthetic
QDEF-004842,FAC-001,2025-01-06,LINE-07,ORD-07-001,STY-009,uneven_stitch,1,316,minor,train,synthetic
QDEF-004843,FAC-001,2025-01-06,LINE-07,ORD-07-001,STY-009,puckering,2,316,minor,train,synthetic
QDEF-004844,FAC-001,2025-01-06,LINE-07,ORD-07-001,STY-009,measurement_variance,2,316,minor,train,synthetic
QDEF-004845,FAC-001,2025-01-07,LINE-07,ORD-07-001,STY-009,skip_stitch,6,355,minor,train,synthetic
QDEF-004846,FAC-001,2025-01-07,LINE-07,ORD-07-001,STY-009,puckering,2,355,minor,train,synthetic
QDEF-004847,FAC-001,2025-01-07,LINE-07,ORD-07-001,STY-009,measurement_variance,1,355,minor,train,synthetic
QDEF-004848,FAC-001,2025-01-07,LINE-07,ORD-07-001,STY-009,oil_mark,2,355,minor,train,synthetic
QDEF-004849,FAC-001,2025-01-07,LINE-07,ORD-07-001,STY-009,uneven_stitch,1,355,major,train,synthetic
QDEF-004850,FAC-001,2025-01-08,LINE-07,ORD-07-001,STY-009,puckering,4,397,minor,train,synthetic
QDEF-004851,FAC-001,2025-01-08,LINE-07,ORD-07-001,STY-009,uneven_stitch,1,397,critical,train,synthetic
QDEF-004852,FAC-001,2025-01-08,LINE-07,ORD-07-001,STY-009,skip_stitch,2,397,minor,train,synthetic
QDEF-004853,FAC-001,2025-01-08,LINE-07,ORD-07-001,STY-009,shade_variation,1,397,major,train,synthetic
QDEF-004854,FAC-001,2025-01-08,LINE-07,ORD-07-001,STY-009,open_seam,1,397,major,train,synthetic
QDEF-004855,FAC-001,2025-01-09,LINE-07,ORD-07-001,STY-009,open_seam,3,351,major,train,synthetic
QDEF-004856,FAC-001,2025-01-09,LINE-07,ORD-07-001,STY-009,uneven_stitch,2,351,minor,train,synthetic
QDEF-004857,FAC-001,2025-01-09,LINE-07,ORD-07-001,STY-009,measurement_variance,5,351,minor,train,synthetic
QDEF-004858,FAC-001,2025-01-09,LINE-07,ORD-07-001,STY-009,oil_mark,4,351,minor,train,synthetic
QDEF-004859,FAC-001,2025-01-09,LINE-07,ORD-07-001,STY-009,shade_variation,2,351,minor,train,synthetic
QDEF-004860,FAC-001,2025-01-09,LINE-07,ORD-07-001,STY-009,skip_stitch,3,351,minor,train,synthetic
QDEF-004861,FAC-001,2025-01-09,LINE-07,ORD-07-001,STY-009,puckering,2,351,minor,train,synthetic
QDEF-004862,FAC-001,2025-01-11,LINE-07,ORD-07-001,STY-009,shade_variation,1,306,minor,train,synthetic
QDEF-004863,FAC-001,2025-01-11,LINE-07,ORD-07-001,STY-009,open_seam,2,306,minor,train,synthetic
QDEF-004864,FAC-001,2025-01-11,LINE-07,ORD-07-001,STY-009,oil_mark,1,306,major,train,synthetic
QDEF-004865,FAC-001,2025-01-11,LINE-07,ORD-07-001,STY-009,measurement_variance,1,306,minor,train,synthetic
QDEF-004866,FAC-001,2025-01-12,LINE-07,ORD-07-001,STY-009,uneven_stitch,3,344,minor,train,synthetic
QDEF-004867,FAC-001,2025-01-12,LINE-07,ORD-07-001,STY-009,puckering,2,344,major,train,synthetic
QDEF-004868,FAC-001,2025-01-12,LINE-07,ORD-07-001,STY-009,skip_stitch,2,344,major,train,synthetic
QDEF-004869,FAC-001,2025-01-12,LINE-07,ORD-07-001,STY-009,measurement_variance,2,344,major,train,synthetic
QDEF-004870,FAC-001,2025-01-12,LINE-07,ORD-07-001,STY-009,oil_mark,3,344,minor,train,synthetic
QDEF-004871,FAC-001,2025-01-13,LINE-07,ORD-07-001,STY-009,skip_stitch,2,376,minor,train,synthetic
QDEF-004872,FAC-001,2025-01-13,LINE-07,ORD-07-001,STY-009,uneven_stitch,2,376,minor,train,synthetic
QDEF-004873,FAC-001,2025-01-13,LINE-07,ORD-07-001,STY-009,puckering,4,376,major,train,synthetic
QDEF-004874,FAC-001,2025-01-13,LINE-07,ORD-07-001,STY-009,measurement_variance,1,376,minor,train,synthetic
QDEF-004875,FAC-001,2025-01-13,LINE-07,ORD-07-001,STY-009,open_seam,1,376,minor,train,synthetic
QDEF-004876,FAC-001,2025-01-13,LINE-07,ORD-07-001,STY-009,oil_mark,1,376,minor,train,synthetic
QDEF-004877,FAC-001,2025-01-13,LINE-07,ORD-07-001,STY-009,shade_variation,1,376,major,train,synthetic
QDEF-004878,FAC-001,2025-01-14,LINE-07,ORD-07-001,STY-009,uneven_stitch,2,242,minor,train,synthetic
QDEF-004879,FAC-001,2025-01-14,LINE-07,ORD-07-001,STY-009,open_seam,2,242,major,train,synthetic
QDEF-004880,FAC-001,2025-01-14,LINE-07,ORD-07-001,STY-009,puckering,2,242,minor,train,synthetic
QDEF-004881,FAC-001,2025-01-14,LINE-07,ORD-07-001,STY-009,shade_variation,1,242,minor,train,synthetic
QDEF-004882,FAC-001,2025-01-16,LINE-07,ORD-07-002,STY-032,oil_mark,3,371,major,train,synthetic
QDEF-004883,FAC-001,2025-01-16,LINE-07,ORD-07-002,STY-032,puckering,2,371,major,train,synthetic
QDEF-004884,FAC-001,2025-01-16,LINE-07,ORD-07-002,STY-032,shade_variation,1,371,minor,train,synthetic
QDEF-004885,FAC-001,2025-01-16,LINE-07,ORD-07-002,STY-032,open_seam,3,371,minor,train,synthetic
QDEF-004886,FAC-001,2025-01-18,LINE-07,ORD-07-002,STY-032,uneven_stitch,3,486,minor,train,synthetic
QDEF-004887,FAC-001,2025-01-18,LINE-07,ORD-07-002,STY-032,oil_mark,2,486,minor,train,synthetic
QDEF-004888,FAC-001,2025-01-18,LINE-07,ORD-07-002,STY-032,puckering,1,486,minor,train,synthetic
QDEF-004889,FAC-001,2025-01-18,LINE-07,ORD-07-002,STY-032,skip_stitch,4,486,minor,train,synthetic
QDEF-004890,FAC-001,2025-01-18,LINE-07,ORD-07-002,STY-032,measurement_variance,1,486,minor,train,synthetic
QDEF-004891,FAC-001,2025-01-18,LINE-07,ORD-07-002,STY-032,open_seam,1,486,minor,train,synthetic
QDEF-004892,FAC-001,2025-01-19,LINE-07,ORD-07-002,STY-032,oil_mark,3,529,minor,train,synthetic
QDEF-004893,FAC-001,2025-01-19,LINE-07,ORD-07-002,STY-032,puckering,5,529,critical,train,synthetic
QDEF-004894,FAC-001,2025-01-19,LINE-07,ORD-07-002,STY-032,skip_stitch,2,529,minor,train,synthetic
QDEF-004895,FAC-001,2025-01-19,LINE-07,ORD-07-002,STY-032,uneven_stitch,1,529,minor,train,synthetic
QDEF-004896,FAC-001,2025-01-19,LINE-07,ORD-07-002,STY-032,measurement_variance,1,529,major,train,synthetic
QDEF-004897,FAC-001,2025-01-19,LINE-07,ORD-07-002,STY-032,shade_variation,3,529,minor,train,synthetic
QDEF-004898,FAC-001,2025-01-20,LINE-07,ORD-07-002,STY-032,open_seam,2,492,major,train,synthetic
QDEF-004899,FAC-001,2025-01-20,LINE-07,ORD-07-002,STY-032,measurement_variance,3,492,minor,train,synthetic
QDEF-004900,FAC-001,2025-01-20,LINE-07,ORD-07-002,STY-032,shade_variation,2,492,minor,train,synthetic
QDEF-004901,FAC-001,2025-01-20,LINE-07,ORD-07-002,STY-032,uneven_stitch,3,492,minor,train,synthetic
QDEF-004902,FAC-001,2025-01-21,LINE-07,ORD-07-002,STY-032,uneven_stitch,4,593,minor,train,synthetic
QDEF-004903,FAC-001,2025-01-21,LINE-07,ORD-07-002,STY-032,oil_mark,2,593,minor,train,synthetic
QDEF-004904,FAC-001,2025-01-21,LINE-07,ORD-07-002,STY-032,measurement_variance,2,593,minor,train,synthetic
QDEF-004905,FAC-001,2025-01-21,LINE-07,ORD-07-002,STY-032,shade_variation,2,593,minor,train,synthetic
QDEF-004906,FAC-001,2025-01-21,LINE-07,ORD-07-002,STY-032,open_seam,2,593,minor,train,synthetic
QDEF-004907,FAC-001,2025-01-22,LINE-07,ORD-07-002,STY-032,oil_mark,2,512,major,train,synthetic
QDEF-004908,FAC-001,2025-01-22,LINE-07,ORD-07-002,STY-032,shade_variation,3,512,minor,train,synthetic
QDEF-004909,FAC-001,2025-01-22,LINE-07,ORD-07-002,STY-032,puckering,1,512,minor,train,synthetic
QDEF-004910,FAC-001,2025-01-22,LINE-07,ORD-07-002,STY-032,skip_stitch,2,512,minor,train,synthetic
QDEF-004911,FAC-001,2025-01-22,LINE-07,ORD-07-002,STY-032,open_seam,2,512,minor,train,synthetic
QDEF-004912,FAC-001,2025-01-22,LINE-07,ORD-07-002,STY-032,uneven_stitch,2,512,major,train,synthetic
QDEF-004913,FAC-001,2025-01-22,LINE-07,ORD-07-002,STY-032,measurement_variance,3,512,major,train,synthetic
QDEF-004914,FAC-001,2025-01-23,LINE-07,ORD-07-002,STY-032,skip_stitch,1,546,minor,train,synthetic
QDEF-004915,FAC-001,2025-01-23,LINE-07,ORD-07-002,STY-032,puckering,5,546,minor,train,synthetic
QDEF-004916,FAC-001,2025-01-23,LINE-07,ORD-07-002,STY-032,oil_mark,3,546,minor,train,synthetic
QDEF-004917,FAC-001,2025-01-23,LINE-07,ORD-07-002,STY-032,open_seam,2,546,minor,train,synthetic
QDEF-004918,FAC-001,2025-01-23,LINE-07,ORD-07-002,STY-032,measurement_variance,3,546,minor,train,synthetic
QDEF-004919,FAC-001,2025-01-23,LINE-07,ORD-07-002,STY-032,uneven_stitch,1,546,major,train,synthetic
QDEF-004920,FAC-001,2025-01-25,LINE-07,ORD-07-002,STY-032,skip_stitch,5,599,critical,train,synthetic
QDEF-004921,FAC-001,2025-01-25,LINE-07,ORD-07-002,STY-032,measurement_variance,6,599,minor,train,synthetic
QDEF-004922,FAC-001,2025-01-25,LINE-07,ORD-07-002,STY-032,open_seam,2,599,major,train,synthetic
QDEF-004923,FAC-001,2025-01-25,LINE-07,ORD-07-002,STY-032,shade_variation,5,599,major,train,synthetic
QDEF-004924,FAC-001,2025-01-25,LINE-07,ORD-07-002,STY-032,uneven_stitch,3,599,minor,train,synthetic
QDEF-004925,FAC-001,2025-01-25,LINE-07,ORD-07-002,STY-032,puckering,1,599,minor,train,synthetic
QDEF-004926,FAC-001,2025-01-26,LINE-07,ORD-07-002,STY-032,measurement_variance,3,482,critical,train,synthetic
QDEF-004927,FAC-001,2025-01-26,LINE-07,ORD-07-002,STY-032,oil_mark,4,482,minor,train,synthetic
QDEF-004928,FAC-001,2025-01-26,LINE-07,ORD-07-002,STY-032,open_seam,2,482,minor,train,synthetic
QDEF-004929,FAC-001,2025-01-26,LINE-07,ORD-07-002,STY-032,uneven_stitch,2,482,minor,train,synthetic
QDEF-004930,FAC-001,2025-01-26,LINE-07,ORD-07-002,STY-032,shade_variation,1,482,critical,train,synthetic
QDEF-004931,FAC-001,2025-01-26,LINE-07,ORD-07-002,STY-032,puckering,2,482,major,train,synthetic
QDEF-004932,FAC-001,2025-01-26,LINE-07,ORD-07-002,STY-032,skip_stitch,1,482,minor,train,synthetic
QDEF-004933,FAC-001,2025-01-27,LINE-07,ORD-07-002,STY-032,open_seam,2,289,minor,train,synthetic
QDEF-004934,FAC-001,2025-01-27,LINE-07,ORD-07-002,STY-032,shade_variation,1,289,major,train,synthetic
QDEF-004935,FAC-001,2025-01-27,LINE-07,ORD-07-002,STY-032,puckering,3,289,minor,train,synthetic
QDEF-004936,FAC-001,2025-01-27,LINE-07,ORD-07-002,STY-032,measurement_variance,1,289,minor,train,synthetic
QDEF-004937,FAC-001,2025-01-27,LINE-07,ORD-07-002,STY-032,skip_stitch,1,289,minor,train,synthetic
QDEF-004938,FAC-001,2025-01-28,LINE-07,ORD-07-002,STY-032,open_seam,1,47,minor,train,synthetic
QDEF-004939,FAC-001,2025-01-28,LINE-07,ORD-07-002,STY-032,uneven_stitch,1,47,critical,train,synthetic
QDEF-004940,FAC-001,2025-01-30,LINE-07,ORD-07-003,STY-012,uneven_stitch,3,202,minor,train,synthetic
QDEF-004941,FAC-001,2025-01-30,LINE-07,ORD-07-003,STY-012,shade_variation,1,202,minor,train,synthetic
QDEF-004942,FAC-001,2025-01-30,LINE-07,ORD-07-003,STY-012,skip_stitch,1,202,minor,train,synthetic
QDEF-004943,FAC-001,2025-01-30,LINE-07,ORD-07-003,STY-012,measurement_variance,1,202,minor,train,synthetic
QDEF-004944,FAC-001,2025-02-01,LINE-07,ORD-07-003,STY-012,open_seam,1,243,minor,train,synthetic
QDEF-004945,FAC-001,2025-02-01,LINE-07,ORD-07-003,STY-012,uneven_stitch,1,243,minor,train,synthetic
QDEF-004946,FAC-001,2025-02-01,LINE-07,ORD-07-003,STY-012,puckering,2,243,major,train,synthetic
QDEF-004947,FAC-001,2025-02-01,LINE-07,ORD-07-003,STY-012,oil_mark,2,243,major,train,synthetic
QDEF-004948,FAC-001,2025-02-01,LINE-07,ORD-07-003,STY-012,shade_variation,1,243,minor,train,synthetic
QDEF-004949,FAC-001,2025-02-02,LINE-07,ORD-07-003,STY-012,oil_mark,3,294,minor,train,synthetic
QDEF-004950,FAC-001,2025-02-02,LINE-07,ORD-07-003,STY-012,open_seam,3,294,minor,train,synthetic
QDEF-004951,FAC-001,2025-02-02,LINE-07,ORD-07-003,STY-012,uneven_stitch,2,294,minor,train,synthetic
QDEF-004952,FAC-001,2025-02-02,LINE-07,ORD-07-003,STY-012,measurement_variance,1,294,minor,train,synthetic
QDEF-004953,FAC-001,2025-02-03,LINE-07,ORD-07-003,STY-012,uneven_stitch,2,351,minor,train,synthetic
QDEF-004954,FAC-001,2025-02-03,LINE-07,ORD-07-003,STY-012,shade_variation,2,351,major,train,synthetic
QDEF-004955,FAC-001,2025-02-03,LINE-07,ORD-07-003,STY-012,skip_stitch,2,351,minor,train,synthetic
QDEF-004956,FAC-001,2025-02-03,LINE-07,ORD-07-003,STY-012,measurement_variance,1,351,minor,train,synthetic
QDEF-004957,FAC-001,2025-02-03,LINE-07,ORD-07-003,STY-012,oil_mark,3,351,minor,train,synthetic
QDEF-004958,FAC-001,2025-02-03,LINE-07,ORD-07-003,STY-012,puckering,1,351,minor,train,synthetic
QDEF-004959,FAC-001,2025-02-04,LINE-07,ORD-07-003,STY-012,open_seam,3,280,minor,train,synthetic
QDEF-004960,FAC-001,2025-02-04,LINE-07,ORD-07-003,STY-012,measurement_variance,3,280,minor,train,synthetic
QDEF-004961,FAC-001,2025-02-04,LINE-07,ORD-07-003,STY-012,shade_variation,2,280,critical,train,synthetic
QDEF-004962,FAC-001,2025-02-04,LINE-07,ORD-07-003,STY-012,puckering,2,280,minor,train,synthetic
QDEF-004963,FAC-001,2025-02-04,LINE-07,ORD-07-003,STY-012,skip_stitch,1,280,minor,train,synthetic
QDEF-004964,FAC-001,2025-02-05,LINE-07,ORD-07-003,STY-012,open_seam,2,330,minor,train,synthetic
QDEF-004965,FAC-001,2025-02-05,LINE-07,ORD-07-003,STY-012,puckering,1,330,major,train,synthetic
QDEF-004966,FAC-001,2025-02-05,LINE-07,ORD-07-003,STY-012,uneven_stitch,2,330,major,train,synthetic
QDEF-004967,FAC-001,2025-02-05,LINE-07,ORD-07-003,STY-012,measurement_variance,2,330,major,train,synthetic
QDEF-004968,FAC-001,2025-02-05,LINE-07,ORD-07-003,STY-012,shade_variation,1,330,critical,train,synthetic
QDEF-004969,FAC-001,2025-02-05,LINE-07,ORD-07-003,STY-012,skip_stitch,2,330,minor,train,synthetic
QDEF-004970,FAC-001,2025-02-05,LINE-07,ORD-07-003,STY-012,oil_mark,1,330,major,train,synthetic
QDEF-004971,FAC-001,2025-02-06,LINE-07,ORD-07-003,STY-012,puckering,2,278,minor,train,synthetic
QDEF-004972,FAC-001,2025-02-06,LINE-07,ORD-07-003,STY-012,uneven_stitch,1,278,minor,train,synthetic
QDEF-004973,FAC-001,2025-02-06,LINE-07,ORD-07-003,STY-012,oil_mark,2,278,major,train,synthetic
QDEF-004974,FAC-001,2025-02-06,LINE-07,ORD-07-003,STY-012,shade_variation,1,278,major,train,synthetic
QDEF-004975,FAC-001,2025-02-08,LINE-07,ORD-07-003,STY-012,measurement_variance,2,312,major,train,synthetic
QDEF-004976,FAC-001,2025-02-08,LINE-07,ORD-07-003,STY-012,shade_variation,3,312,major,train,synthetic
QDEF-004977,FAC-001,2025-02-08,LINE-07,ORD-07-003,STY-012,uneven_stitch,5,312,minor,train,synthetic
QDEF-004978,FAC-001,2025-02-08,LINE-07,ORD-07-003,STY-012,puckering,5,312,minor,train,synthetic
QDEF-004979,FAC-001,2025-02-08,LINE-07,ORD-07-003,STY-012,open_seam,2,312,major,train,synthetic
QDEF-004980,FAC-001,2025-02-09,LINE-07,ORD-07-003,STY-012,open_seam,2,40,minor,train,synthetic
QDEF-004981,FAC-001,2025-02-09,LINE-07,ORD-07-003,STY-012,uneven_stitch,2,40,minor,train,synthetic
QDEF-004982,FAC-001,2025-02-09,LINE-07,ORD-07-003,STY-012,skip_stitch,1,40,minor,train,synthetic
QDEF-004983,FAC-001,2025-02-09,LINE-07,ORD-07-003,STY-012,measurement_variance,1,40,major,train,synthetic
QDEF-004984,FAC-001,2025-02-10,LINE-07,ORD-07-003,STY-012,puckering,1,7,minor,train,synthetic
QDEF-004985,FAC-001,2025-02-12,LINE-07,ORD-07-004,STY-026,oil_mark,2,319,minor,train,synthetic
QDEF-004986,FAC-001,2025-02-12,LINE-07,ORD-07-004,STY-026,skip_stitch,2,319,minor,train,synthetic
QDEF-004987,FAC-001,2025-02-12,LINE-07,ORD-07-004,STY-026,open_seam,2,319,minor,train,synthetic
QDEF-004988,FAC-001,2025-02-12,LINE-07,ORD-07-004,STY-026,shade_variation,2,319,minor,train,synthetic
QDEF-004989,FAC-001,2025-02-12,LINE-07,ORD-07-004,STY-026,puckering,1,319,minor,train,synthetic
QDEF-004990,FAC-001,2025-02-12,LINE-07,ORD-07-004,STY-026,measurement_variance,1,319,major,train,synthetic
QDEF-004991,FAC-001,2025-02-13,LINE-07,ORD-07-004,STY-026,open_seam,3,382,minor,train,synthetic
QDEF-004992,FAC-001,2025-02-13,LINE-07,ORD-07-004,STY-026,uneven_stitch,2,382,minor,train,synthetic
QDEF-004993,FAC-001,2025-02-13,LINE-07,ORD-07-004,STY-026,oil_mark,2,382,minor,train,synthetic
QDEF-004994,FAC-001,2025-02-13,LINE-07,ORD-07-004,STY-026,puckering,1,382,minor,train,synthetic
QDEF-004995,FAC-001,2025-02-13,LINE-07,ORD-07-004,STY-026,measurement_variance,2,382,minor,train,synthetic
QDEF-004996,FAC-001,2025-02-13,LINE-07,ORD-07-004,STY-026,shade_variation,2,382,major,train,synthetic
QDEF-004997,FAC-001,2025-02-13,LINE-07,ORD-07-004,STY-026,skip_stitch,1,382,minor,train,synthetic
QDEF-004998,FAC-001,2025-02-15,LINE-07,ORD-07-004,STY-026,uneven_stitch,2,460,minor,train,synthetic
QDEF-004999,FAC-001,2025-02-15,LINE-07,ORD-07-004,STY-026,puckering,1,460,minor,train,synthetic
QDEF-005000,FAC-001,2025-02-15,LINE-07,ORD-07-004,STY-026,open_seam,1,460,major,train,synthetic
QDEF-005001,FAC-001,2025-02-15,LINE-07,ORD-07-004,STY-026,measurement_variance,3,460,minor,train,synthetic
QDEF-005002,FAC-001,2025-02-15,LINE-07,ORD-07-004,STY-026,oil_mark,1,460,major,train,synthetic
QDEF-005003,FAC-001,2025-02-16,LINE-07,ORD-07-004,STY-026,open_seam,5,397,critical,train,synthetic
QDEF-005004,FAC-001,2025-02-16,LINE-07,ORD-07-004,STY-026,uneven_stitch,2,397,minor,train,synthetic
QDEF-005005,FAC-001,2025-02-16,LINE-07,ORD-07-004,STY-026,measurement_variance,1,397,minor,train,synthetic
QDEF-005006,FAC-001,2025-02-16,LINE-07,ORD-07-004,STY-026,oil_mark,2,397,minor,train,synthetic
QDEF-005007,FAC-001,2025-02-16,LINE-07,ORD-07-004,STY-026,shade_variation,2,397,minor,train,synthetic
QDEF-005008,FAC-001,2025-02-16,LINE-07,ORD-07-004,STY-026,puckering,4,397,minor,train,synthetic
QDEF-005009,FAC-001,2025-02-16,LINE-07,ORD-07-004,STY-026,skip_stitch,1,397,critical,train,synthetic
QDEF-005010,FAC-001,2025-02-17,LINE-07,ORD-07-004,STY-026,puckering,2,365,minor,train,synthetic
QDEF-005011,FAC-001,2025-02-17,LINE-07,ORD-07-004,STY-026,measurement_variance,3,365,minor,train,synthetic
QDEF-005012,FAC-001,2025-02-17,LINE-07,ORD-07-004,STY-026,open_seam,2,365,major,train,synthetic
QDEF-005013,FAC-001,2025-02-17,LINE-07,ORD-07-004,STY-026,skip_stitch,1,365,minor,train,synthetic
QDEF-005014,FAC-001,2025-02-17,LINE-07,ORD-07-004,STY-026,oil_mark,2,365,minor,train,synthetic
QDEF-005015,FAC-001,2025-02-18,LINE-07,ORD-07-004,STY-026,open_seam,6,492,minor,train,synthetic
QDEF-005016,FAC-001,2025-02-18,LINE-07,ORD-07-004,STY-026,measurement_variance,3,492,minor,train,synthetic
QDEF-005017,FAC-001,2025-02-18,LINE-07,ORD-07-004,STY-026,skip_stitch,3,492,major,train,synthetic
QDEF-005018,FAC-001,2025-02-18,LINE-07,ORD-07-004,STY-026,shade_variation,2,492,minor,train,synthetic
QDEF-005019,FAC-001,2025-02-18,LINE-07,ORD-07-004,STY-026,uneven_stitch,3,492,minor,train,synthetic
QDEF-005020,FAC-001,2025-02-18,LINE-07,ORD-07-004,STY-026,puckering,1,492,minor,train,synthetic
QDEF-005021,FAC-001,2025-02-19,LINE-07,ORD-07-004,STY-026,measurement_variance,6,384,critical,train,synthetic
QDEF-005022,FAC-001,2025-02-19,LINE-07,ORD-07-004,STY-026,oil_mark,3,384,minor,train,synthetic
QDEF-005023,FAC-001,2025-02-19,LINE-07,ORD-07-004,STY-026,skip_stitch,3,384,major,train,synthetic
QDEF-005024,FAC-001,2025-02-19,LINE-07,ORD-07-004,STY-026,uneven_stitch,5,384,minor,train,synthetic
QDEF-005025,FAC-001,2025-02-19,LINE-07,ORD-07-004,STY-026,shade_variation,3,384,minor,train,synthetic
QDEF-005026,FAC-001,2025-02-19,LINE-07,ORD-07-004,STY-026,puckering,3,384,critical,train,synthetic
QDEF-005027,FAC-001,2025-02-19,LINE-07,ORD-07-004,STY-026,open_seam,1,384,minor,train,synthetic
QDEF-005028,FAC-001,2025-02-20,LINE-07,ORD-07-004,STY-026,shade_variation,2,459,major,train,synthetic
QDEF-005029,FAC-001,2025-02-20,LINE-07,ORD-07-004,STY-026,skip_stitch,2,459,minor,train,synthetic
QDEF-005030,FAC-001,2025-02-20,LINE-07,ORD-07-004,STY-026,measurement_variance,5,459,major,train,synthetic
QDEF-005031,FAC-001,2025-02-20,LINE-07,ORD-07-004,STY-026,oil_mark,1,459,critical,train,synthetic
QDEF-005032,FAC-001,2025-02-22,LINE-07,ORD-07-004,STY-026,open_seam,3,486,major,train,synthetic
QDEF-005033,FAC-001,2025-02-22,LINE-07,ORD-07-004,STY-026,skip_stitch,1,486,minor,train,synthetic
QDEF-005034,FAC-001,2025-02-22,LINE-07,ORD-07-004,STY-026,uneven_stitch,3,486,major,train,synthetic
QDEF-005035,FAC-001,2025-02-22,LINE-07,ORD-07-004,STY-026,measurement_variance,2,486,minor,train,synthetic
QDEF-005036,FAC-001,2025-02-22,LINE-07,ORD-07-004,STY-026,shade_variation,2,486,major,train,synthetic
QDEF-005037,FAC-001,2025-02-22,LINE-07,ORD-07-004,STY-026,puckering,1,486,minor,train,synthetic
QDEF-005038,FAC-001,2025-02-23,LINE-07,ORD-07-004,STY-026,skip_stitch,2,448,major,train,synthetic
QDEF-005039,FAC-001,2025-02-23,LINE-07,ORD-07-004,STY-026,open_seam,1,448,critical,train,synthetic
QDEF-005040,FAC-001,2025-02-23,LINE-07,ORD-07-004,STY-026,shade_variation,2,448,minor,train,synthetic
QDEF-005041,FAC-001,2025-02-23,LINE-07,ORD-07-004,STY-026,uneven_stitch,1,448,critical,train,synthetic
QDEF-005042,FAC-001,2025-02-23,LINE-07,ORD-07-004,STY-026,oil_mark,2,448,minor,train,synthetic
QDEF-005043,FAC-001,2025-02-23,LINE-07,ORD-07-004,STY-026,measurement_variance,1,448,major,train,synthetic
QDEF-005044,FAC-001,2025-02-24,LINE-07,ORD-07-004,STY-026,shade_variation,1,41,minor,train,synthetic
QDEF-005045,FAC-001,2025-02-25,LINE-07,ORD-07-005,STY-032,measurement_variance,2,206,minor,train,synthetic
QDEF-005046,FAC-001,2025-02-26,LINE-07,ORD-07-005,STY-032,uneven_stitch,4,442,minor,train,synthetic
QDEF-005047,FAC-001,2025-02-26,LINE-07,ORD-07-005,STY-032,shade_variation,2,442,minor,train,synthetic
QDEF-005048,FAC-001,2025-02-26,LINE-07,ORD-07-005,STY-032,oil_mark,4,442,minor,train,synthetic
QDEF-005049,FAC-001,2025-02-26,LINE-07,ORD-07-005,STY-032,skip_stitch,3,442,minor,train,synthetic
QDEF-005050,FAC-001,2025-02-26,LINE-07,ORD-07-005,STY-032,open_seam,6,442,minor,train,synthetic
QDEF-005051,FAC-001,2025-02-26,LINE-07,ORD-07-005,STY-032,measurement_variance,3,442,major,train,synthetic
QDEF-005052,FAC-001,2025-02-26,LINE-07,ORD-07-005,STY-032,puckering,4,442,minor,train,synthetic
QDEF-005053,FAC-001,2025-02-27,LINE-07,ORD-07-005,STY-032,measurement_variance,2,478,major,train,synthetic
QDEF-005054,FAC-001,2025-02-27,LINE-07,ORD-07-005,STY-032,open_seam,2,478,minor,train,synthetic
QDEF-005055,FAC-001,2025-02-27,LINE-07,ORD-07-005,STY-032,skip_stitch,4,478,minor,train,synthetic
QDEF-005056,FAC-001,2025-02-27,LINE-07,ORD-07-005,STY-032,uneven_stitch,1,478,minor,train,synthetic
QDEF-005057,FAC-001,2025-02-27,LINE-07,ORD-07-005,STY-032,oil_mark,1,478,major,train,synthetic
QDEF-005058,FAC-001,2025-03-01,LINE-07,ORD-07-005,STY-032,puckering,2,518,major,train,synthetic
QDEF-005059,FAC-001,2025-03-01,LINE-07,ORD-07-005,STY-032,skip_stitch,3,518,major,train,synthetic
QDEF-005060,FAC-001,2025-03-01,LINE-07,ORD-07-005,STY-032,open_seam,1,518,major,train,synthetic
QDEF-005061,FAC-001,2025-03-01,LINE-07,ORD-07-005,STY-032,measurement_variance,1,518,minor,train,synthetic
QDEF-005062,FAC-001,2025-03-01,LINE-07,ORD-07-005,STY-032,oil_mark,1,518,major,train,synthetic
QDEF-005063,FAC-001,2025-03-01,LINE-07,ORD-07-005,STY-032,uneven_stitch,1,518,minor,train,synthetic
QDEF-005064,FAC-001,2025-03-01,LINE-07,ORD-07-005,STY-032,shade_variation,1,518,major,train,synthetic
QDEF-005065,FAC-001,2025-03-02,LINE-07,ORD-07-005,STY-032,uneven_stitch,8,470,major,train,synthetic
QDEF-005066,FAC-001,2025-03-02,LINE-07,ORD-07-005,STY-032,measurement_variance,4,470,major,train,synthetic
QDEF-005067,FAC-001,2025-03-02,LINE-07,ORD-07-005,STY-032,open_seam,4,470,minor,train,synthetic
QDEF-005068,FAC-001,2025-03-02,LINE-07,ORD-07-005,STY-032,oil_mark,2,470,minor,train,synthetic
QDEF-005069,FAC-001,2025-03-02,LINE-07,ORD-07-005,STY-032,shade_variation,3,470,major,train,synthetic
QDEF-005070,FAC-001,2025-03-02,LINE-07,ORD-07-005,STY-032,puckering,3,470,major,train,synthetic
QDEF-005071,FAC-001,2025-03-03,LINE-07,ORD-07-005,STY-032,uneven_stitch,1,532,critical,train,synthetic
QDEF-005072,FAC-001,2025-03-03,LINE-07,ORD-07-005,STY-032,oil_mark,4,532,minor,train,synthetic
QDEF-005073,FAC-001,2025-03-03,LINE-07,ORD-07-005,STY-032,open_seam,3,532,minor,train,synthetic
QDEF-005074,FAC-001,2025-03-03,LINE-07,ORD-07-005,STY-032,skip_stitch,1,532,minor,train,synthetic
QDEF-005075,FAC-001,2025-03-03,LINE-07,ORD-07-005,STY-032,measurement_variance,3,532,minor,train,synthetic
QDEF-005076,FAC-001,2025-03-03,LINE-07,ORD-07-005,STY-032,puckering,3,532,minor,train,synthetic
QDEF-005077,FAC-001,2025-03-03,LINE-07,ORD-07-005,STY-032,shade_variation,1,532,minor,train,synthetic
QDEF-005078,FAC-001,2025-03-04,LINE-07,ORD-07-005,STY-032,oil_mark,2,611,minor,train,synthetic
QDEF-005079,FAC-001,2025-03-04,LINE-07,ORD-07-005,STY-032,skip_stitch,3,611,minor,train,synthetic
QDEF-005080,FAC-001,2025-03-04,LINE-07,ORD-07-005,STY-032,open_seam,6,611,minor,train,synthetic
QDEF-005081,FAC-001,2025-03-04,LINE-07,ORD-07-005,STY-032,uneven_stitch,2,611,minor,train,synthetic
QDEF-005082,FAC-001,2025-03-04,LINE-07,ORD-07-005,STY-032,puckering,2,611,minor,train,synthetic
QDEF-005083,FAC-001,2025-03-04,LINE-07,ORD-07-005,STY-032,measurement_variance,4,611,minor,train,synthetic
QDEF-005084,FAC-001,2025-03-04,LINE-07,ORD-07-005,STY-032,shade_variation,1,611,minor,train,synthetic
QDEF-005085,FAC-001,2025-03-05,LINE-07,ORD-07-005,STY-032,puckering,6,567,critical,train,synthetic
QDEF-005086,FAC-001,2025-03-05,LINE-07,ORD-07-005,STY-032,skip_stitch,3,567,minor,train,synthetic
QDEF-005087,FAC-001,2025-03-05,LINE-07,ORD-07-005,STY-032,uneven_stitch,6,567,minor,train,synthetic
QDEF-005088,FAC-001,2025-03-05,LINE-07,ORD-07-005,STY-032,measurement_variance,7,567,major,train,synthetic
QDEF-005089,FAC-001,2025-03-05,LINE-07,ORD-07-005,STY-032,shade_variation,3,567,minor,train,synthetic
QDEF-005090,FAC-001,2025-03-05,LINE-07,ORD-07-005,STY-032,oil_mark,2,567,minor,train,synthetic
QDEF-005091,FAC-001,2025-03-05,LINE-07,ORD-07-005,STY-032,open_seam,4,567,minor,train,synthetic
QDEF-005092,FAC-001,2025-03-06,LINE-07,ORD-07-005,STY-032,uneven_stitch,3,412,major,train,synthetic
QDEF-005093,FAC-001,2025-03-06,LINE-07,ORD-07-005,STY-032,measurement_variance,3,412,minor,train,synthetic
QDEF-005094,FAC-001,2025-03-06,LINE-07,ORD-07-005,STY-032,skip_stitch,2,412,major,train,synthetic
QDEF-005095,FAC-001,2025-03-06,LINE-07,ORD-07-005,STY-032,shade_variation,3,412,minor,train,synthetic
QDEF-005096,FAC-001,2025-03-06,LINE-07,ORD-07-005,STY-032,open_seam,1,412,minor,train,synthetic
QDEF-005097,FAC-001,2025-03-08,LINE-07,ORD-07-006,STY-015,measurement_variance,2,309,major,train,synthetic
QDEF-005098,FAC-001,2025-03-08,LINE-07,ORD-07-006,STY-015,puckering,2,309,major,train,synthetic
QDEF-005099,FAC-001,2025-03-08,LINE-07,ORD-07-006,STY-015,skip_stitch,1,309,minor,train,synthetic
QDEF-005100,FAC-001,2025-03-09,LINE-07,ORD-07-006,STY-015,open_seam,2,515,major,train,synthetic
QDEF-005101,FAC-001,2025-03-09,LINE-07,ORD-07-006,STY-015,uneven_stitch,5,515,minor,train,synthetic
QDEF-005102,FAC-001,2025-03-09,LINE-07,ORD-07-006,STY-015,skip_stitch,6,515,minor,train,synthetic
QDEF-005103,FAC-001,2025-03-09,LINE-07,ORD-07-006,STY-015,measurement_variance,2,515,minor,train,synthetic
QDEF-005104,FAC-001,2025-03-09,LINE-07,ORD-07-006,STY-015,oil_mark,3,515,minor,train,synthetic
QDEF-005105,FAC-001,2025-03-09,LINE-07,ORD-07-006,STY-015,puckering,1,515,major,train,synthetic
QDEF-005106,FAC-001,2025-03-10,LINE-07,ORD-07-006,STY-015,uneven_stitch,3,407,major,train,synthetic
QDEF-005107,FAC-001,2025-03-10,LINE-07,ORD-07-006,STY-015,puckering,2,407,minor,train,synthetic
QDEF-005108,FAC-001,2025-03-10,LINE-07,ORD-07-006,STY-015,shade_variation,2,407,major,train,synthetic
QDEF-005109,FAC-001,2025-03-10,LINE-07,ORD-07-006,STY-015,skip_stitch,3,407,minor,train,synthetic
QDEF-005110,FAC-001,2025-03-10,LINE-07,ORD-07-006,STY-015,measurement_variance,1,407,minor,train,synthetic
QDEF-005111,FAC-001,2025-03-10,LINE-07,ORD-07-006,STY-015,oil_mark,2,407,minor,train,synthetic
QDEF-005112,FAC-001,2025-03-11,LINE-07,ORD-07-006,STY-015,open_seam,2,591,minor,train,synthetic
QDEF-005113,FAC-001,2025-03-11,LINE-07,ORD-07-006,STY-015,uneven_stitch,3,591,minor,train,synthetic
QDEF-005114,FAC-001,2025-03-11,LINE-07,ORD-07-006,STY-015,measurement_variance,4,591,major,train,synthetic
QDEF-005115,FAC-001,2025-03-11,LINE-07,ORD-07-006,STY-015,shade_variation,1,591,minor,train,synthetic
QDEF-005116,FAC-001,2025-03-11,LINE-07,ORD-07-006,STY-015,skip_stitch,3,591,major,train,synthetic
QDEF-005117,FAC-001,2025-03-11,LINE-07,ORD-07-006,STY-015,oil_mark,3,591,major,train,synthetic
QDEF-005118,FAC-001,2025-03-11,LINE-07,ORD-07-006,STY-015,puckering,4,591,minor,train,synthetic
QDEF-005119,FAC-001,2025-03-12,LINE-07,ORD-07-006,STY-015,uneven_stitch,2,462,minor,train,synthetic
QDEF-005120,FAC-001,2025-03-12,LINE-07,ORD-07-006,STY-015,shade_variation,4,462,minor,train,synthetic
QDEF-005121,FAC-001,2025-03-12,LINE-07,ORD-07-006,STY-015,measurement_variance,4,462,minor,train,synthetic
QDEF-005122,FAC-001,2025-03-12,LINE-07,ORD-07-006,STY-015,oil_mark,5,462,minor,train,synthetic
QDEF-005123,FAC-001,2025-03-12,LINE-07,ORD-07-006,STY-015,puckering,1,462,minor,train,synthetic
QDEF-005124,FAC-001,2025-03-12,LINE-07,ORD-07-006,STY-015,skip_stitch,1,462,minor,train,synthetic
QDEF-005125,FAC-001,2025-03-12,LINE-07,ORD-07-006,STY-015,open_seam,1,462,minor,train,synthetic
QDEF-005126,FAC-001,2025-03-13,LINE-07,ORD-07-006,STY-015,uneven_stitch,7,413,minor,train,synthetic
QDEF-005127,FAC-001,2025-03-13,LINE-07,ORD-07-006,STY-015,puckering,4,413,minor,train,synthetic
QDEF-005128,FAC-001,2025-03-13,LINE-07,ORD-07-006,STY-015,skip_stitch,3,413,minor,train,synthetic
QDEF-005129,FAC-001,2025-03-13,LINE-07,ORD-07-006,STY-015,open_seam,5,413,minor,train,synthetic
QDEF-005130,FAC-001,2025-03-13,LINE-07,ORD-07-006,STY-015,oil_mark,2,413,minor,train,synthetic
QDEF-005131,FAC-001,2025-03-13,LINE-07,ORD-07-006,STY-015,measurement_variance,3,413,critical,train,synthetic
QDEF-005132,FAC-001,2025-03-13,LINE-07,ORD-07-006,STY-015,shade_variation,1,413,minor,train,synthetic
QDEF-005133,FAC-001,2025-03-15,LINE-07,ORD-07-006,STY-015,measurement_variance,7,523,minor,train,synthetic
QDEF-005134,FAC-001,2025-03-15,LINE-07,ORD-07-006,STY-015,shade_variation,2,523,minor,train,synthetic
QDEF-005135,FAC-001,2025-03-15,LINE-07,ORD-07-006,STY-015,open_seam,2,523,major,train,synthetic
QDEF-005136,FAC-001,2025-03-15,LINE-07,ORD-07-006,STY-015,uneven_stitch,2,523,major,train,synthetic
QDEF-005137,FAC-001,2025-03-15,LINE-07,ORD-07-006,STY-015,oil_mark,3,523,minor,train,synthetic
QDEF-005138,FAC-001,2025-03-15,LINE-07,ORD-07-006,STY-015,puckering,2,523,minor,train,synthetic
QDEF-005139,FAC-001,2025-03-15,LINE-07,ORD-07-006,STY-015,skip_stitch,1,523,minor,train,synthetic
QDEF-005140,FAC-001,2025-03-16,LINE-07,ORD-07-006,STY-015,open_seam,7,585,major,train,synthetic
QDEF-005141,FAC-001,2025-03-16,LINE-07,ORD-07-006,STY-015,shade_variation,3,585,minor,train,synthetic
QDEF-005142,FAC-001,2025-03-16,LINE-07,ORD-07-006,STY-015,uneven_stitch,8,585,minor,train,synthetic
QDEF-005143,FAC-001,2025-03-16,LINE-07,ORD-07-006,STY-015,skip_stitch,4,585,minor,train,synthetic
QDEF-005144,FAC-001,2025-03-16,LINE-07,ORD-07-006,STY-015,measurement_variance,4,585,minor,train,synthetic
QDEF-005145,FAC-001,2025-03-16,LINE-07,ORD-07-006,STY-015,oil_mark,1,585,major,train,synthetic
QDEF-005146,FAC-001,2025-03-16,LINE-07,ORD-07-006,STY-015,puckering,6,585,major,train,synthetic
QDEF-005147,FAC-001,2025-03-17,LINE-07,ORD-07-006,STY-015,open_seam,3,98,major,train,synthetic
QDEF-005148,FAC-001,2025-03-17,LINE-07,ORD-07-006,STY-015,uneven_stitch,1,98,minor,train,synthetic
QDEF-005149,FAC-001,2025-03-18,LINE-07,ORD-07-007,STY-011,shade_variation,3,254,major,train,synthetic
QDEF-005150,FAC-001,2025-03-18,LINE-07,ORD-07-007,STY-011,skip_stitch,1,254,minor,train,synthetic
QDEF-005151,FAC-001,2025-03-18,LINE-07,ORD-07-007,STY-011,oil_mark,2,254,minor,train,synthetic
QDEF-005152,FAC-001,2025-03-18,LINE-07,ORD-07-007,STY-011,puckering,1,254,major,train,synthetic
QDEF-005153,FAC-001,2025-03-18,LINE-07,ORD-07-007,STY-011,open_seam,1,254,major,train,synthetic
QDEF-005154,FAC-001,2025-03-18,LINE-07,ORD-07-007,STY-011,measurement_variance,1,254,minor,train,synthetic
QDEF-005155,FAC-001,2025-03-18,LINE-07,ORD-07-007,STY-011,uneven_stitch,2,254,major,train,synthetic
QDEF-005156,FAC-001,2025-03-19,LINE-07,ORD-07-007,STY-011,skip_stitch,5,320,minor,train,synthetic
QDEF-005157,FAC-001,2025-03-19,LINE-07,ORD-07-007,STY-011,open_seam,5,320,major,train,synthetic
QDEF-005158,FAC-001,2025-03-19,LINE-07,ORD-07-007,STY-011,measurement_variance,3,320,major,train,synthetic
QDEF-005159,FAC-001,2025-03-19,LINE-07,ORD-07-007,STY-011,puckering,1,320,major,train,synthetic
QDEF-005160,FAC-001,2025-03-19,LINE-07,ORD-07-007,STY-011,uneven_stitch,2,320,minor,train,synthetic
QDEF-005161,FAC-001,2025-03-19,LINE-07,ORD-07-007,STY-011,shade_variation,2,320,minor,train,synthetic
QDEF-005162,FAC-001,2025-03-19,LINE-07,ORD-07-007,STY-011,oil_mark,2,320,minor,train,synthetic
QDEF-005163,FAC-001,2025-03-20,LINE-07,ORD-07-007,STY-011,shade_variation,3,393,major,train,synthetic
QDEF-005164,FAC-001,2025-03-20,LINE-07,ORD-07-007,STY-011,skip_stitch,4,393,critical,train,synthetic
QDEF-005165,FAC-001,2025-03-20,LINE-07,ORD-07-007,STY-011,oil_mark,3,393,minor,train,synthetic
QDEF-005166,FAC-001,2025-03-20,LINE-07,ORD-07-007,STY-011,uneven_stitch,2,393,minor,train,synthetic
QDEF-005167,FAC-001,2025-03-20,LINE-07,ORD-07-007,STY-011,open_seam,1,393,minor,train,synthetic
QDEF-005168,FAC-001,2025-03-22,LINE-07,ORD-07-007,STY-011,uneven_stitch,3,441,minor,train,synthetic
QDEF-005169,FAC-001,2025-03-22,LINE-07,ORD-07-007,STY-011,puckering,6,441,minor,train,synthetic
QDEF-005170,FAC-001,2025-03-22,LINE-07,ORD-07-007,STY-011,open_seam,5,441,minor,train,synthetic
QDEF-005171,FAC-001,2025-03-22,LINE-07,ORD-07-007,STY-011,measurement_variance,4,441,minor,train,synthetic
QDEF-005172,FAC-001,2025-03-22,LINE-07,ORD-07-007,STY-011,shade_variation,1,441,minor,train,synthetic
QDEF-005173,FAC-001,2025-03-22,LINE-07,ORD-07-007,STY-011,oil_mark,1,441,minor,train,synthetic
QDEF-005174,FAC-001,2025-03-22,LINE-07,ORD-07-007,STY-011,skip_stitch,1,441,minor,train,synthetic
QDEF-005175,FAC-001,2025-03-23,LINE-07,ORD-07-007,STY-011,uneven_stitch,6,382,minor,train,synthetic
QDEF-005176,FAC-001,2025-03-23,LINE-07,ORD-07-007,STY-011,measurement_variance,3,382,minor,train,synthetic
QDEF-005177,FAC-001,2025-03-23,LINE-07,ORD-07-007,STY-011,oil_mark,4,382,minor,train,synthetic
QDEF-005178,FAC-001,2025-03-23,LINE-07,ORD-07-007,STY-011,puckering,4,382,minor,train,synthetic
QDEF-005179,FAC-001,2025-03-23,LINE-07,ORD-07-007,STY-011,skip_stitch,1,382,minor,train,synthetic
QDEF-005180,FAC-001,2025-03-23,LINE-07,ORD-07-007,STY-011,open_seam,2,382,minor,train,synthetic
QDEF-005181,FAC-001,2025-03-23,LINE-07,ORD-07-007,STY-011,shade_variation,1,382,minor,train,synthetic
QDEF-005182,FAC-001,2025-03-24,LINE-07,ORD-07-007,STY-011,open_seam,2,419,minor,train,synthetic
QDEF-005183,FAC-001,2025-03-24,LINE-07,ORD-07-007,STY-011,measurement_variance,2,419,minor,train,synthetic
QDEF-005184,FAC-001,2025-03-24,LINE-07,ORD-07-007,STY-011,skip_stitch,2,419,minor,train,synthetic
QDEF-005185,FAC-001,2025-03-24,LINE-07,ORD-07-007,STY-011,shade_variation,5,419,critical,train,synthetic
QDEF-005186,FAC-001,2025-03-24,LINE-07,ORD-07-007,STY-011,uneven_stitch,1,419,major,train,synthetic
QDEF-005187,FAC-001,2025-03-24,LINE-07,ORD-07-007,STY-011,puckering,1,419,minor,train,synthetic
QDEF-005188,FAC-001,2025-03-25,LINE-07,ORD-07-007,STY-011,skip_stitch,3,201,minor,train,synthetic
QDEF-005189,FAC-001,2025-03-25,LINE-07,ORD-07-007,STY-011,puckering,1,201,major,train,synthetic
QDEF-005190,FAC-001,2025-03-25,LINE-07,ORD-07-007,STY-011,oil_mark,1,201,minor,train,synthetic
QDEF-005191,FAC-001,2025-03-25,LINE-07,ORD-07-007,STY-011,uneven_stitch,2,201,major,train,synthetic
QDEF-005192,FAC-001,2025-03-25,LINE-07,ORD-07-007,STY-011,measurement_variance,2,201,major,train,synthetic
QDEF-005193,FAC-001,2025-03-25,LINE-07,ORD-07-007,STY-011,shade_variation,3,201,minor,train,synthetic
QDEF-005194,FAC-001,2025-03-25,LINE-07,ORD-07-007,STY-011,open_seam,2,201,major,train,synthetic
QDEF-005195,FAC-001,2025-03-26,LINE-07,ORD-07-008,STY-029,uneven_stitch,2,176,minor,train,synthetic
QDEF-005196,FAC-001,2025-03-26,LINE-07,ORD-07-008,STY-029,shade_variation,1,176,minor,train,synthetic
QDEF-005197,FAC-001,2025-03-26,LINE-07,ORD-07-008,STY-029,puckering,2,176,critical,train,synthetic
QDEF-005198,FAC-001,2025-03-27,LINE-07,ORD-07-008,STY-029,open_seam,4,313,minor,train,synthetic
QDEF-005199,FAC-001,2025-03-27,LINE-07,ORD-07-008,STY-029,uneven_stitch,6,313,major,train,synthetic
QDEF-005200,FAC-001,2025-03-27,LINE-07,ORD-07-008,STY-029,shade_variation,4,313,minor,train,synthetic
QDEF-005201,FAC-001,2025-03-27,LINE-07,ORD-07-008,STY-029,skip_stitch,4,313,minor,train,synthetic
QDEF-005202,FAC-001,2025-03-27,LINE-07,ORD-07-008,STY-029,oil_mark,7,313,minor,train,synthetic
QDEF-005203,FAC-001,2025-03-27,LINE-07,ORD-07-008,STY-029,puckering,4,313,minor,train,synthetic
QDEF-005204,FAC-001,2025-03-27,LINE-07,ORD-07-008,STY-029,measurement_variance,2,313,minor,train,synthetic
QDEF-005205,FAC-001,2025-03-29,LINE-07,ORD-07-008,STY-029,skip_stitch,6,335,minor,train,synthetic
QDEF-005206,FAC-001,2025-03-29,LINE-07,ORD-07-008,STY-029,open_seam,7,335,major,train,synthetic
QDEF-005207,FAC-001,2025-03-29,LINE-07,ORD-07-008,STY-029,oil_mark,4,335,minor,train,synthetic
QDEF-005208,FAC-001,2025-03-29,LINE-07,ORD-07-008,STY-029,measurement_variance,7,335,minor,train,synthetic
QDEF-005209,FAC-001,2025-03-29,LINE-07,ORD-07-008,STY-029,uneven_stitch,2,335,minor,train,synthetic
QDEF-005210,FAC-001,2025-03-29,LINE-07,ORD-07-008,STY-029,shade_variation,2,335,minor,train,synthetic
QDEF-005211,FAC-001,2025-03-29,LINE-07,ORD-07-008,STY-029,puckering,5,335,minor,train,synthetic
QDEF-005212,FAC-001,2025-03-30,LINE-07,ORD-07-008,STY-029,open_seam,5,326,minor,train,synthetic
QDEF-005213,FAC-001,2025-03-30,LINE-07,ORD-07-008,STY-029,measurement_variance,2,326,minor,train,synthetic
QDEF-005214,FAC-001,2025-03-30,LINE-07,ORD-07-008,STY-029,uneven_stitch,6,326,minor,train,synthetic
QDEF-005215,FAC-001,2025-03-30,LINE-07,ORD-07-008,STY-029,oil_mark,5,326,major,train,synthetic
QDEF-005216,FAC-001,2025-03-30,LINE-07,ORD-07-008,STY-029,puckering,4,326,major,train,synthetic
QDEF-005217,FAC-001,2025-03-30,LINE-07,ORD-07-008,STY-029,skip_stitch,4,326,minor,train,synthetic
QDEF-005218,FAC-001,2025-03-30,LINE-07,ORD-07-008,STY-029,shade_variation,3,326,minor,train,synthetic
QDEF-005219,FAC-001,2025-03-31,LINE-07,ORD-07-008,STY-029,open_seam,5,414,minor,train,synthetic
QDEF-005220,FAC-001,2025-03-31,LINE-07,ORD-07-008,STY-029,uneven_stitch,1,414,minor,train,synthetic
QDEF-005221,FAC-001,2025-03-31,LINE-07,ORD-07-008,STY-029,shade_variation,1,414,major,train,synthetic
QDEF-005222,FAC-001,2025-03-31,LINE-07,ORD-07-008,STY-029,puckering,2,414,major,train,synthetic
QDEF-005223,FAC-001,2025-03-31,LINE-07,ORD-07-008,STY-029,measurement_variance,2,414,major,train,synthetic
QDEF-005224,FAC-001,2025-03-31,LINE-07,ORD-07-008,STY-029,skip_stitch,2,414,minor,train,synthetic
QDEF-005225,FAC-001,2025-03-31,LINE-07,ORD-07-008,STY-029,oil_mark,5,414,critical,train,synthetic
QDEF-005226,FAC-001,2025-04-01,LINE-07,ORD-07-008,STY-029,skip_stitch,4,352,minor,train,synthetic
QDEF-005227,FAC-001,2025-04-01,LINE-07,ORD-07-008,STY-029,open_seam,4,352,minor,train,synthetic
QDEF-005228,FAC-001,2025-04-01,LINE-07,ORD-07-008,STY-029,puckering,5,352,minor,train,synthetic
QDEF-005229,FAC-001,2025-04-01,LINE-07,ORD-07-008,STY-029,measurement_variance,7,352,minor,train,synthetic
QDEF-005230,FAC-001,2025-04-01,LINE-07,ORD-07-008,STY-029,uneven_stitch,6,352,major,train,synthetic
QDEF-005231,FAC-001,2025-04-01,LINE-07,ORD-07-008,STY-029,oil_mark,8,352,minor,train,synthetic
QDEF-005232,FAC-001,2025-04-01,LINE-07,ORD-07-008,STY-029,shade_variation,3,352,minor,train,synthetic
QDEF-005233,FAC-001,2025-04-02,LINE-07,ORD-07-008,STY-029,uneven_stitch,4,350,minor,train,synthetic
QDEF-005234,FAC-001,2025-04-02,LINE-07,ORD-07-008,STY-029,shade_variation,2,350,minor,train,synthetic
QDEF-005235,FAC-001,2025-04-02,LINE-07,ORD-07-008,STY-029,open_seam,2,350,minor,train,synthetic
QDEF-005236,FAC-001,2025-04-02,LINE-07,ORD-07-008,STY-029,oil_mark,3,350,major,train,synthetic
QDEF-005237,FAC-001,2025-04-02,LINE-07,ORD-07-008,STY-029,skip_stitch,2,350,minor,train,synthetic
QDEF-005238,FAC-001,2025-04-02,LINE-07,ORD-07-008,STY-029,measurement_variance,5,350,minor,train,synthetic
QDEF-005239,FAC-001,2025-04-02,LINE-07,ORD-07-008,STY-029,puckering,1,350,minor,train,synthetic
QDEF-005240,FAC-001,2025-04-03,LINE-07,ORD-07-008,STY-029,puckering,2,152,major,train,synthetic
QDEF-005241,FAC-001,2025-04-03,LINE-07,ORD-07-008,STY-029,uneven_stitch,2,152,minor,train,synthetic
QDEF-005242,FAC-001,2025-04-03,LINE-07,ORD-07-008,STY-029,measurement_variance,1,152,minor,train,synthetic
QDEF-005243,FAC-001,2025-04-03,LINE-07,ORD-07-008,STY-029,oil_mark,1,152,minor,train,synthetic
QDEF-005244,FAC-001,2025-04-03,LINE-07,ORD-07-008,STY-029,skip_stitch,1,152,minor,train,synthetic
QDEF-005245,FAC-001,2025-04-03,LINE-07,ORD-07-008,STY-029,shade_variation,1,152,major,train,synthetic
QDEF-005246,FAC-001,2025-04-05,LINE-07,ORD-07-008,STY-029,measurement_variance,2,48,minor,train,synthetic
QDEF-005247,FAC-001,2025-04-05,LINE-07,ORD-07-008,STY-029,oil_mark,1,48,minor,train,synthetic
QDEF-005248,FAC-001,2025-04-05,LINE-07,ORD-07-008,STY-029,puckering,1,48,major,train,synthetic
QDEF-005249,FAC-001,2025-04-07,LINE-07,ORD-07-009,STY-011,open_seam,2,251,major,train,synthetic
QDEF-005250,FAC-001,2025-04-07,LINE-07,ORD-07-009,STY-011,skip_stitch,2,251,major,train,synthetic
QDEF-005251,FAC-001,2025-04-07,LINE-07,ORD-07-009,STY-011,measurement_variance,1,251,major,train,synthetic
QDEF-005252,FAC-001,2025-04-07,LINE-07,ORD-07-009,STY-011,uneven_stitch,1,251,minor,train,synthetic
QDEF-005253,FAC-001,2025-04-07,LINE-07,ORD-07-009,STY-011,puckering,1,251,minor,train,synthetic
QDEF-005254,FAC-001,2025-04-08,LINE-07,ORD-07-009,STY-011,open_seam,5,175,minor,train,synthetic
QDEF-005255,FAC-001,2025-04-08,LINE-07,ORD-07-009,STY-011,puckering,5,175,minor,train,synthetic
QDEF-005256,FAC-001,2025-04-08,LINE-07,ORD-07-009,STY-011,uneven_stitch,2,175,minor,train,synthetic
QDEF-005257,FAC-001,2025-04-08,LINE-07,ORD-07-009,STY-011,measurement_variance,2,175,major,train,synthetic
QDEF-005258,FAC-001,2025-04-09,LINE-07,ORD-07-009,STY-011,open_seam,2,396,major,train,synthetic
QDEF-005259,FAC-001,2025-04-09,LINE-07,ORD-07-009,STY-011,uneven_stitch,2,396,major,train,synthetic
QDEF-005260,FAC-001,2025-04-09,LINE-07,ORD-07-009,STY-011,puckering,4,396,minor,train,synthetic
QDEF-005261,FAC-001,2025-04-09,LINE-07,ORD-07-009,STY-011,measurement_variance,4,396,critical,train,synthetic
QDEF-005262,FAC-001,2025-04-09,LINE-07,ORD-07-009,STY-011,skip_stitch,3,396,minor,train,synthetic
QDEF-005263,FAC-001,2025-04-09,LINE-07,ORD-07-009,STY-011,shade_variation,4,396,minor,train,synthetic
QDEF-005264,FAC-001,2025-04-09,LINE-07,ORD-07-009,STY-011,oil_mark,1,396,major,train,synthetic
QDEF-005265,FAC-001,2025-04-10,LINE-07,ORD-07-009,STY-011,oil_mark,1,445,minor,train,synthetic
QDEF-005266,FAC-001,2025-04-10,LINE-07,ORD-07-009,STY-011,skip_stitch,4,445,major,train,synthetic
QDEF-005267,FAC-001,2025-04-10,LINE-07,ORD-07-009,STY-011,open_seam,2,445,major,train,synthetic
QDEF-005268,FAC-001,2025-04-10,LINE-07,ORD-07-009,STY-011,uneven_stitch,6,445,major,train,synthetic
QDEF-005269,FAC-001,2025-04-10,LINE-07,ORD-07-009,STY-011,shade_variation,3,445,major,train,synthetic
QDEF-005270,FAC-001,2025-04-10,LINE-07,ORD-07-009,STY-011,measurement_variance,2,445,major,train,synthetic
QDEF-005271,FAC-001,2025-04-10,LINE-07,ORD-07-009,STY-011,puckering,2,445,minor,train,synthetic
QDEF-005272,FAC-001,2025-04-12,LINE-07,ORD-07-009,STY-011,oil_mark,2,382,major,train,synthetic
QDEF-005273,FAC-001,2025-04-12,LINE-07,ORD-07-009,STY-011,shade_variation,2,382,major,train,synthetic
QDEF-005274,FAC-001,2025-04-12,LINE-07,ORD-07-009,STY-011,skip_stitch,4,382,minor,train,synthetic
QDEF-005275,FAC-001,2025-04-12,LINE-07,ORD-07-009,STY-011,puckering,6,382,major,train,synthetic
QDEF-005276,FAC-001,2025-04-12,LINE-07,ORD-07-009,STY-011,uneven_stitch,1,382,minor,train,synthetic
QDEF-005277,FAC-001,2025-04-12,LINE-07,ORD-07-009,STY-011,open_seam,3,382,minor,train,synthetic
QDEF-005278,FAC-001,2025-04-13,LINE-07,ORD-07-009,STY-011,uneven_stitch,1,429,minor,train,synthetic
QDEF-005279,FAC-001,2025-04-13,LINE-07,ORD-07-009,STY-011,measurement_variance,5,429,minor,train,synthetic
QDEF-005280,FAC-001,2025-04-13,LINE-07,ORD-07-009,STY-011,open_seam,4,429,minor,train,synthetic
QDEF-005281,FAC-001,2025-04-13,LINE-07,ORD-07-009,STY-011,puckering,3,429,minor,train,synthetic
QDEF-005282,FAC-001,2025-04-13,LINE-07,ORD-07-009,STY-011,shade_variation,2,429,minor,train,synthetic
QDEF-005283,FAC-001,2025-04-13,LINE-07,ORD-07-009,STY-011,oil_mark,2,429,minor,train,synthetic
QDEF-005284,FAC-001,2025-04-14,LINE-07,ORD-07-009,STY-011,skip_stitch,2,377,critical,train,synthetic
QDEF-005285,FAC-001,2025-04-14,LINE-07,ORD-07-009,STY-011,open_seam,1,377,major,train,synthetic
QDEF-005286,FAC-001,2025-04-14,LINE-07,ORD-07-009,STY-011,shade_variation,3,377,minor,train,synthetic
QDEF-005287,FAC-001,2025-04-14,LINE-07,ORD-07-009,STY-011,oil_mark,2,377,minor,train,synthetic
QDEF-005288,FAC-001,2025-04-14,LINE-07,ORD-07-009,STY-011,uneven_stitch,4,377,minor,train,synthetic
QDEF-005289,FAC-001,2025-04-14,LINE-07,ORD-07-009,STY-011,measurement_variance,2,377,minor,train,synthetic
QDEF-005290,FAC-001,2025-04-14,LINE-07,ORD-07-009,STY-011,puckering,3,377,minor,train,synthetic
QDEF-005291,FAC-001,2025-04-15,LINE-07,ORD-07-009,STY-011,skip_stitch,2,329,minor,train,synthetic
QDEF-005292,FAC-001,2025-04-15,LINE-07,ORD-07-009,STY-011,uneven_stitch,2,329,minor,train,synthetic
QDEF-005293,FAC-001,2025-04-15,LINE-07,ORD-07-009,STY-011,shade_variation,1,329,minor,train,synthetic
QDEF-005294,FAC-001,2025-04-15,LINE-07,ORD-07-009,STY-011,puckering,1,329,major,train,synthetic
QDEF-005295,FAC-001,2025-04-15,LINE-07,ORD-07-009,STY-011,oil_mark,1,329,minor,train,synthetic
QDEF-005296,FAC-001,2025-04-16,LINE-07,ORD-07-009,STY-011,skip_stitch,3,408,minor,train,synthetic
QDEF-005297,FAC-001,2025-04-16,LINE-07,ORD-07-009,STY-011,open_seam,2,408,minor,train,synthetic
QDEF-005298,FAC-001,2025-04-16,LINE-07,ORD-07-009,STY-011,measurement_variance,8,408,minor,train,synthetic
QDEF-005299,FAC-001,2025-04-16,LINE-07,ORD-07-009,STY-011,shade_variation,3,408,minor,train,synthetic
QDEF-005300,FAC-001,2025-04-16,LINE-07,ORD-07-009,STY-011,puckering,1,408,minor,train,synthetic
QDEF-005301,FAC-001,2025-04-16,LINE-07,ORD-07-009,STY-011,uneven_stitch,1,408,minor,train,synthetic
QDEF-005302,FAC-001,2025-04-16,LINE-07,ORD-07-009,STY-011,oil_mark,2,408,minor,train,synthetic
QDEF-005303,FAC-001,2025-04-17,LINE-07,ORD-07-009,STY-011,puckering,3,38,minor,train,synthetic
QDEF-005304,FAC-001,2025-04-17,LINE-07,ORD-07-009,STY-011,shade_variation,1,38,minor,train,synthetic
QDEF-005305,FAC-001,2025-04-20,LINE-07,ORD-07-010,STY-016,open_seam,3,389,critical,train,synthetic
QDEF-005306,FAC-001,2025-04-20,LINE-07,ORD-07-010,STY-016,skip_stitch,4,389,minor,train,synthetic
QDEF-005307,FAC-001,2025-04-20,LINE-07,ORD-07-010,STY-016,uneven_stitch,3,389,minor,train,synthetic
QDEF-005308,FAC-001,2025-04-20,LINE-07,ORD-07-010,STY-016,shade_variation,2,389,major,train,synthetic
QDEF-005309,FAC-001,2025-04-20,LINE-07,ORD-07-010,STY-016,puckering,5,389,major,train,synthetic
QDEF-005310,FAC-001,2025-04-20,LINE-07,ORD-07-010,STY-016,oil_mark,3,389,minor,train,synthetic
QDEF-005311,FAC-001,2025-04-20,LINE-07,ORD-07-010,STY-016,measurement_variance,1,389,minor,train,synthetic
QDEF-005312,FAC-001,2025-04-21,LINE-07,ORD-07-010,STY-016,measurement_variance,4,503,minor,train,synthetic
QDEF-005313,FAC-001,2025-04-21,LINE-07,ORD-07-010,STY-016,shade_variation,2,503,major,train,synthetic
QDEF-005314,FAC-001,2025-04-21,LINE-07,ORD-07-010,STY-016,uneven_stitch,3,503,minor,train,synthetic
QDEF-005315,FAC-001,2025-04-21,LINE-07,ORD-07-010,STY-016,puckering,5,503,minor,train,synthetic
QDEF-005316,FAC-001,2025-04-21,LINE-07,ORD-07-010,STY-016,skip_stitch,3,503,major,train,synthetic
QDEF-005317,FAC-001,2025-04-21,LINE-07,ORD-07-010,STY-016,open_seam,3,503,minor,train,synthetic
QDEF-005318,FAC-001,2025-04-21,LINE-07,ORD-07-010,STY-016,oil_mark,2,503,major,train,synthetic
QDEF-005319,FAC-001,2025-04-22,LINE-07,ORD-07-010,STY-016,oil_mark,6,615,minor,train,synthetic
QDEF-005320,FAC-001,2025-04-22,LINE-07,ORD-07-010,STY-016,shade_variation,2,615,minor,train,synthetic
QDEF-005321,FAC-001,2025-04-22,LINE-07,ORD-07-010,STY-016,puckering,6,615,minor,train,synthetic
QDEF-005322,FAC-001,2025-04-22,LINE-07,ORD-07-010,STY-016,uneven_stitch,5,615,minor,train,synthetic
QDEF-005323,FAC-001,2025-04-22,LINE-07,ORD-07-010,STY-016,open_seam,4,615,minor,train,synthetic
QDEF-005324,FAC-001,2025-04-22,LINE-07,ORD-07-010,STY-016,measurement_variance,4,615,minor,train,synthetic
QDEF-005325,FAC-001,2025-04-22,LINE-07,ORD-07-010,STY-016,skip_stitch,5,615,minor,train,synthetic
QDEF-005326,FAC-001,2025-04-23,LINE-07,ORD-07-010,STY-016,open_seam,3,648,minor,train,synthetic
QDEF-005327,FAC-001,2025-04-23,LINE-07,ORD-07-010,STY-016,measurement_variance,4,648,major,train,synthetic
QDEF-005328,FAC-001,2025-04-23,LINE-07,ORD-07-010,STY-016,puckering,4,648,major,train,synthetic
QDEF-005329,FAC-001,2025-04-23,LINE-07,ORD-07-010,STY-016,uneven_stitch,3,648,minor,train,synthetic
QDEF-005330,FAC-001,2025-04-23,LINE-07,ORD-07-010,STY-016,oil_mark,3,648,minor,train,synthetic
QDEF-005331,FAC-001,2025-04-23,LINE-07,ORD-07-010,STY-016,skip_stitch,3,648,minor,train,synthetic
QDEF-005332,FAC-001,2025-04-23,LINE-07,ORD-07-010,STY-016,shade_variation,3,648,minor,train,synthetic
QDEF-005333,FAC-001,2025-04-24,LINE-07,ORD-07-010,STY-016,oil_mark,8,606,minor,train,synthetic
QDEF-005334,FAC-001,2025-04-24,LINE-07,ORD-07-010,STY-016,puckering,5,606,minor,train,synthetic
QDEF-005335,FAC-001,2025-04-24,LINE-07,ORD-07-010,STY-016,open_seam,1,606,major,train,synthetic
QDEF-005336,FAC-001,2025-04-24,LINE-07,ORD-07-010,STY-016,measurement_variance,1,606,minor,train,synthetic
QDEF-005337,FAC-001,2025-04-24,LINE-07,ORD-07-010,STY-016,skip_stitch,9,606,minor,train,synthetic
QDEF-005338,FAC-001,2025-04-24,LINE-07,ORD-07-010,STY-016,shade_variation,1,606,minor,train,synthetic
QDEF-005339,FAC-001,2025-04-24,LINE-07,ORD-07-010,STY-016,uneven_stitch,2,606,minor,train,synthetic
QDEF-005340,FAC-001,2025-04-26,LINE-07,ORD-07-010,STY-016,oil_mark,3,444,major,train,synthetic
QDEF-005341,FAC-001,2025-04-26,LINE-07,ORD-07-010,STY-016,uneven_stitch,1,444,minor,train,synthetic
QDEF-005342,FAC-001,2025-04-26,LINE-07,ORD-07-010,STY-016,skip_stitch,1,444,minor,train,synthetic
QDEF-005343,FAC-001,2025-04-26,LINE-07,ORD-07-010,STY-016,puckering,3,444,minor,train,synthetic
QDEF-005344,FAC-001,2025-04-26,LINE-07,ORD-07-010,STY-016,shade_variation,2,444,minor,train,synthetic
QDEF-005345,FAC-001,2025-04-26,LINE-07,ORD-07-010,STY-016,measurement_variance,2,444,minor,train,synthetic
QDEF-005346,FAC-001,2025-04-28,LINE-07,ORD-07-011,STY-032,measurement_variance,3,367,minor,train,synthetic
QDEF-005347,FAC-001,2025-04-28,LINE-07,ORD-07-011,STY-032,oil_mark,1,367,minor,train,synthetic
QDEF-005348,FAC-001,2025-04-28,LINE-07,ORD-07-011,STY-032,puckering,2,367,minor,train,synthetic
QDEF-005349,FAC-001,2025-04-28,LINE-07,ORD-07-011,STY-032,open_seam,2,367,major,train,synthetic
QDEF-005350,FAC-001,2025-04-28,LINE-07,ORD-07-011,STY-032,uneven_stitch,2,367,major,train,synthetic
QDEF-005351,FAC-001,2025-04-28,LINE-07,ORD-07-011,STY-032,shade_variation,1,367,minor,train,synthetic
QDEF-005352,FAC-001,2025-04-28,LINE-07,ORD-07-011,STY-032,skip_stitch,1,367,minor,train,synthetic
QDEF-005353,FAC-001,2025-04-29,LINE-07,ORD-07-011,STY-032,skip_stitch,3,480,minor,train,synthetic
QDEF-005354,FAC-001,2025-04-29,LINE-07,ORD-07-011,STY-032,measurement_variance,3,480,minor,train,synthetic
QDEF-005355,FAC-001,2025-04-29,LINE-07,ORD-07-011,STY-032,puckering,2,480,minor,train,synthetic
QDEF-005356,FAC-001,2025-04-29,LINE-07,ORD-07-011,STY-032,shade_variation,1,480,minor,train,synthetic
QDEF-005357,FAC-001,2025-04-29,LINE-07,ORD-07-011,STY-032,oil_mark,1,480,minor,train,synthetic
QDEF-005358,FAC-001,2025-04-30,LINE-07,ORD-07-011,STY-032,open_seam,1,480,major,train,synthetic
QDEF-005359,FAC-001,2025-04-30,LINE-07,ORD-07-011,STY-032,oil_mark,1,480,minor,train,synthetic
QDEF-005360,FAC-001,2025-04-30,LINE-07,ORD-07-011,STY-032,shade_variation,1,480,major,train,synthetic
QDEF-005361,FAC-001,2025-04-30,LINE-07,ORD-07-011,STY-032,skip_stitch,1,480,minor,train,synthetic
QDEF-005362,FAC-001,2025-04-30,LINE-07,ORD-07-011,STY-032,measurement_variance,1,480,minor,train,synthetic
QDEF-005363,FAC-001,2025-05-01,LINE-07,ORD-07-011,STY-032,uneven_stitch,3,464,major,validation,synthetic
QDEF-005364,FAC-001,2025-05-01,LINE-07,ORD-07-011,STY-032,skip_stitch,2,464,minor,validation,synthetic
QDEF-005365,FAC-001,2025-05-01,LINE-07,ORD-07-011,STY-032,oil_mark,2,464,minor,validation,synthetic
QDEF-005366,FAC-001,2025-05-01,LINE-07,ORD-07-011,STY-032,open_seam,2,464,major,validation,synthetic
QDEF-005367,FAC-001,2025-05-01,LINE-07,ORD-07-011,STY-032,measurement_variance,3,464,major,validation,synthetic
QDEF-005368,FAC-001,2025-05-03,LINE-07,ORD-07-011,STY-032,uneven_stitch,3,547,minor,validation,synthetic
QDEF-005369,FAC-001,2025-05-03,LINE-07,ORD-07-011,STY-032,measurement_variance,3,547,minor,validation,synthetic
QDEF-005370,FAC-001,2025-05-03,LINE-07,ORD-07-011,STY-032,skip_stitch,2,547,minor,validation,synthetic
QDEF-005371,FAC-001,2025-05-03,LINE-07,ORD-07-011,STY-032,open_seam,1,547,minor,validation,synthetic
QDEF-005372,FAC-001,2025-05-03,LINE-07,ORD-07-011,STY-032,shade_variation,3,547,major,validation,synthetic
QDEF-005373,FAC-001,2025-05-03,LINE-07,ORD-07-011,STY-032,puckering,2,547,minor,validation,synthetic
QDEF-005374,FAC-001,2025-05-03,LINE-07,ORD-07-011,STY-032,oil_mark,1,547,minor,validation,synthetic
QDEF-005375,FAC-001,2025-05-04,LINE-07,ORD-07-011,STY-032,skip_stitch,4,520,minor,validation,synthetic
QDEF-005376,FAC-001,2025-05-04,LINE-07,ORD-07-011,STY-032,uneven_stitch,2,520,major,validation,synthetic
QDEF-005377,FAC-001,2025-05-04,LINE-07,ORD-07-011,STY-032,puckering,2,520,minor,validation,synthetic
QDEF-005378,FAC-001,2025-05-04,LINE-07,ORD-07-011,STY-032,shade_variation,2,520,minor,validation,synthetic
QDEF-005379,FAC-001,2025-05-04,LINE-07,ORD-07-011,STY-032,measurement_variance,3,520,minor,validation,synthetic
QDEF-005380,FAC-001,2025-05-04,LINE-07,ORD-07-011,STY-032,open_seam,1,520,major,validation,synthetic
QDEF-005381,FAC-001,2025-05-05,LINE-07,ORD-07-011,STY-032,measurement_variance,2,126,major,validation,synthetic
QDEF-005382,FAC-001,2025-05-05,LINE-07,ORD-07-011,STY-032,skip_stitch,1,126,minor,validation,synthetic
QDEF-005383,FAC-001,2025-05-05,LINE-07,ORD-07-011,STY-032,shade_variation,1,126,minor,validation,synthetic
QDEF-005384,FAC-001,2025-05-07,LINE-07,ORD-07-012,STY-014,shade_variation,2,182,major,validation,synthetic
QDEF-005385,FAC-001,2025-05-08,LINE-07,ORD-07-012,STY-014,skip_stitch,2,184,minor,validation,synthetic
QDEF-005386,FAC-001,2025-05-08,LINE-07,ORD-07-012,STY-014,uneven_stitch,1,184,minor,validation,synthetic
QDEF-005387,FAC-001,2025-05-08,LINE-07,ORD-07-012,STY-014,oil_mark,2,184,minor,validation,synthetic
QDEF-005388,FAC-001,2025-05-08,LINE-07,ORD-07-012,STY-014,shade_variation,3,184,minor,validation,synthetic
QDEF-005389,FAC-001,2025-05-08,LINE-07,ORD-07-012,STY-014,puckering,1,184,minor,validation,synthetic
QDEF-005390,FAC-001,2025-05-08,LINE-07,ORD-07-012,STY-014,open_seam,1,184,minor,validation,synthetic
QDEF-005391,FAC-001,2025-05-10,LINE-07,ORD-07-012,STY-014,skip_stitch,2,252,minor,validation,synthetic
QDEF-005392,FAC-001,2025-05-10,LINE-07,ORD-07-012,STY-014,shade_variation,3,252,minor,validation,synthetic
QDEF-005393,FAC-001,2025-05-10,LINE-07,ORD-07-012,STY-014,puckering,2,252,major,validation,synthetic
QDEF-005394,FAC-001,2025-05-10,LINE-07,ORD-07-012,STY-014,open_seam,1,252,minor,validation,synthetic
QDEF-005395,FAC-001,2025-05-10,LINE-07,ORD-07-012,STY-014,oil_mark,2,252,minor,validation,synthetic
QDEF-005396,FAC-001,2025-05-10,LINE-07,ORD-07-012,STY-014,uneven_stitch,1,252,minor,validation,synthetic
QDEF-005397,FAC-001,2025-05-10,LINE-07,ORD-07-012,STY-014,measurement_variance,3,252,minor,validation,synthetic
QDEF-005398,FAC-001,2025-05-11,LINE-07,ORD-07-012,STY-014,skip_stitch,2,214,minor,validation,synthetic
QDEF-005399,FAC-001,2025-05-11,LINE-07,ORD-07-012,STY-014,uneven_stitch,2,214,minor,validation,synthetic
QDEF-005400,FAC-001,2025-05-11,LINE-07,ORD-07-012,STY-014,shade_variation,2,214,minor,validation,synthetic
QDEF-005401,FAC-001,2025-05-11,LINE-07,ORD-07-012,STY-014,oil_mark,1,214,minor,validation,synthetic
QDEF-005402,FAC-001,2025-05-11,LINE-07,ORD-07-012,STY-014,open_seam,1,214,minor,validation,synthetic
QDEF-005403,FAC-001,2025-05-12,LINE-07,ORD-07-012,STY-014,skip_stitch,5,239,minor,validation,synthetic
QDEF-005404,FAC-001,2025-05-12,LINE-07,ORD-07-012,STY-014,uneven_stitch,4,239,major,validation,synthetic
QDEF-005405,FAC-001,2025-05-12,LINE-07,ORD-07-012,STY-014,open_seam,2,239,major,validation,synthetic
QDEF-005406,FAC-001,2025-05-12,LINE-07,ORD-07-012,STY-014,oil_mark,4,239,major,validation,synthetic
QDEF-005407,FAC-001,2025-05-12,LINE-07,ORD-07-012,STY-014,measurement_variance,2,239,minor,validation,synthetic
QDEF-005408,FAC-001,2025-05-12,LINE-07,ORD-07-012,STY-014,shade_variation,1,239,minor,validation,synthetic
QDEF-005409,FAC-001,2025-05-12,LINE-07,ORD-07-012,STY-014,puckering,2,239,major,validation,synthetic
QDEF-005410,FAC-001,2025-05-13,LINE-07,ORD-07-012,STY-014,puckering,3,261,minor,validation,synthetic
QDEF-005411,FAC-001,2025-05-13,LINE-07,ORD-07-012,STY-014,uneven_stitch,1,261,minor,validation,synthetic
QDEF-005412,FAC-001,2025-05-13,LINE-07,ORD-07-012,STY-014,shade_variation,3,261,minor,validation,synthetic
QDEF-005413,FAC-001,2025-05-14,LINE-07,ORD-07-012,STY-014,measurement_variance,4,260,minor,validation,synthetic
QDEF-005414,FAC-001,2025-05-14,LINE-07,ORD-07-012,STY-014,skip_stitch,4,260,minor,validation,synthetic
QDEF-005415,FAC-001,2025-05-14,LINE-07,ORD-07-012,STY-014,uneven_stitch,2,260,major,validation,synthetic
QDEF-005416,FAC-001,2025-05-14,LINE-07,ORD-07-012,STY-014,shade_variation,1,260,minor,validation,synthetic
QDEF-005417,FAC-001,2025-05-14,LINE-07,ORD-07-012,STY-014,puckering,5,260,major,validation,synthetic
QDEF-005418,FAC-001,2025-05-14,LINE-07,ORD-07-012,STY-014,open_seam,1,260,minor,validation,synthetic
QDEF-005419,FAC-001,2025-05-15,LINE-07,ORD-07-012,STY-014,open_seam,1,256,minor,validation,synthetic
QDEF-005420,FAC-001,2025-05-15,LINE-07,ORD-07-012,STY-014,measurement_variance,5,256,critical,validation,synthetic
QDEF-005421,FAC-001,2025-05-15,LINE-07,ORD-07-012,STY-014,oil_mark,3,256,minor,validation,synthetic
QDEF-005422,FAC-001,2025-05-15,LINE-07,ORD-07-012,STY-014,shade_variation,3,256,minor,validation,synthetic
QDEF-005423,FAC-001,2025-05-15,LINE-07,ORD-07-012,STY-014,puckering,2,256,minor,validation,synthetic
QDEF-005424,FAC-001,2025-05-15,LINE-07,ORD-07-012,STY-014,skip_stitch,3,256,major,validation,synthetic
QDEF-005425,FAC-001,2025-05-15,LINE-07,ORD-07-012,STY-014,uneven_stitch,2,256,major,validation,synthetic
QDEF-005426,FAC-001,2025-05-17,LINE-07,ORD-07-012,STY-014,uneven_stitch,2,182,major,validation,synthetic
QDEF-005427,FAC-001,2025-05-17,LINE-07,ORD-07-012,STY-014,puckering,4,182,minor,validation,synthetic
QDEF-005428,FAC-001,2025-05-17,LINE-07,ORD-07-012,STY-014,open_seam,1,182,minor,validation,synthetic
QDEF-005429,FAC-001,2025-05-17,LINE-07,ORD-07-012,STY-014,skip_stitch,4,182,major,validation,synthetic
QDEF-005430,FAC-001,2025-05-17,LINE-07,ORD-07-012,STY-014,oil_mark,1,182,critical,validation,synthetic
QDEF-005431,FAC-001,2025-05-19,LINE-07,ORD-07-013,STY-016,skip_stitch,2,314,minor,validation,synthetic
QDEF-005432,FAC-001,2025-05-19,LINE-07,ORD-07-013,STY-016,uneven_stitch,1,314,minor,validation,synthetic
QDEF-005433,FAC-001,2025-05-19,LINE-07,ORD-07-013,STY-016,measurement_variance,2,314,minor,validation,synthetic
QDEF-005434,FAC-001,2025-05-19,LINE-07,ORD-07-013,STY-016,oil_mark,2,314,minor,validation,synthetic
QDEF-005435,FAC-001,2025-05-19,LINE-07,ORD-07-013,STY-016,open_seam,1,314,minor,validation,synthetic
QDEF-005436,FAC-001,2025-05-20,LINE-07,ORD-07-013,STY-016,measurement_variance,5,527,major,validation,synthetic
QDEF-005437,FAC-001,2025-05-20,LINE-07,ORD-07-013,STY-016,shade_variation,3,527,major,validation,synthetic
QDEF-005438,FAC-001,2025-05-20,LINE-07,ORD-07-013,STY-016,open_seam,1,527,major,validation,synthetic
QDEF-005439,FAC-001,2025-05-20,LINE-07,ORD-07-013,STY-016,puckering,1,527,minor,validation,synthetic
QDEF-005440,FAC-001,2025-05-20,LINE-07,ORD-07-013,STY-016,uneven_stitch,5,527,minor,validation,synthetic
QDEF-005441,FAC-001,2025-05-20,LINE-07,ORD-07-013,STY-016,oil_mark,3,527,minor,validation,synthetic
QDEF-005442,FAC-001,2025-05-20,LINE-07,ORD-07-013,STY-016,skip_stitch,3,527,minor,validation,synthetic
QDEF-005443,FAC-001,2025-05-21,LINE-07,ORD-07-013,STY-016,skip_stitch,5,533,minor,validation,synthetic
QDEF-005444,FAC-001,2025-05-21,LINE-07,ORD-07-013,STY-016,measurement_variance,6,533,minor,validation,synthetic
QDEF-005445,FAC-001,2025-05-21,LINE-07,ORD-07-013,STY-016,shade_variation,2,533,minor,validation,synthetic
QDEF-005446,FAC-001,2025-05-21,LINE-07,ORD-07-013,STY-016,open_seam,6,533,major,validation,synthetic
QDEF-005447,FAC-001,2025-05-21,LINE-07,ORD-07-013,STY-016,puckering,2,533,minor,validation,synthetic
QDEF-005448,FAC-001,2025-05-21,LINE-07,ORD-07-013,STY-016,uneven_stitch,1,533,major,validation,synthetic
QDEF-005449,FAC-001,2025-05-21,LINE-07,ORD-07-013,STY-016,oil_mark,1,533,minor,validation,synthetic
QDEF-005450,FAC-001,2025-05-22,LINE-07,ORD-07-013,STY-016,open_seam,3,556,minor,validation,synthetic
QDEF-005451,FAC-001,2025-05-22,LINE-07,ORD-07-013,STY-016,uneven_stitch,5,556,minor,validation,synthetic
QDEF-005452,FAC-001,2025-05-22,LINE-07,ORD-07-013,STY-016,puckering,4,556,minor,validation,synthetic
QDEF-005453,FAC-001,2025-05-22,LINE-07,ORD-07-013,STY-016,measurement_variance,3,556,minor,validation,synthetic
QDEF-005454,FAC-001,2025-05-22,LINE-07,ORD-07-013,STY-016,skip_stitch,3,556,minor,validation,synthetic
QDEF-005455,FAC-001,2025-05-22,LINE-07,ORD-07-013,STY-016,shade_variation,1,556,minor,validation,synthetic
QDEF-005456,FAC-001,2025-05-22,LINE-07,ORD-07-013,STY-016,oil_mark,2,556,minor,validation,synthetic
QDEF-005457,FAC-001,2025-05-24,LINE-07,ORD-07-013,STY-016,measurement_variance,4,566,minor,validation,synthetic
QDEF-005458,FAC-001,2025-05-24,LINE-07,ORD-07-013,STY-016,open_seam,6,566,minor,validation,synthetic
QDEF-005459,FAC-001,2025-05-24,LINE-07,ORD-07-013,STY-016,skip_stitch,3,566,minor,validation,synthetic
QDEF-005460,FAC-001,2025-05-24,LINE-07,ORD-07-013,STY-016,uneven_stitch,2,566,minor,validation,synthetic
QDEF-005461,FAC-001,2025-05-24,LINE-07,ORD-07-013,STY-016,oil_mark,3,566,minor,validation,synthetic
QDEF-005462,FAC-001,2025-05-24,LINE-07,ORD-07-013,STY-016,puckering,2,566,minor,validation,synthetic
QDEF-005463,FAC-001,2025-05-25,LINE-07,ORD-07-013,STY-016,uneven_stitch,4,653,critical,validation,synthetic
QDEF-005464,FAC-001,2025-05-25,LINE-07,ORD-07-013,STY-016,measurement_variance,1,653,minor,validation,synthetic
QDEF-005465,FAC-001,2025-05-25,LINE-07,ORD-07-013,STY-016,puckering,6,653,minor,validation,synthetic
QDEF-005466,FAC-001,2025-05-25,LINE-07,ORD-07-013,STY-016,skip_stitch,4,653,minor,validation,synthetic
QDEF-005467,FAC-001,2025-05-25,LINE-07,ORD-07-013,STY-016,shade_variation,4,653,critical,validation,synthetic
QDEF-005468,FAC-001,2025-05-25,LINE-07,ORD-07-013,STY-016,open_seam,1,653,major,validation,synthetic
QDEF-005469,FAC-001,2025-05-25,LINE-07,ORD-07-013,STY-016,oil_mark,2,653,minor,validation,synthetic
QDEF-005470,FAC-001,2025-05-26,LINE-07,ORD-07-013,STY-016,puckering,4,668,minor,validation,synthetic
QDEF-005471,FAC-001,2025-05-26,LINE-07,ORD-07-013,STY-016,open_seam,4,668,minor,validation,synthetic
QDEF-005472,FAC-001,2025-05-26,LINE-07,ORD-07-013,STY-016,uneven_stitch,2,668,major,validation,synthetic
QDEF-005473,FAC-001,2025-05-26,LINE-07,ORD-07-013,STY-016,measurement_variance,4,668,minor,validation,synthetic
QDEF-005474,FAC-001,2025-05-26,LINE-07,ORD-07-013,STY-016,oil_mark,3,668,minor,validation,synthetic
QDEF-005475,FAC-001,2025-05-26,LINE-07,ORD-07-013,STY-016,skip_stitch,1,668,minor,validation,synthetic
QDEF-005476,FAC-001,2025-05-26,LINE-07,ORD-07-013,STY-016,shade_variation,1,668,minor,validation,synthetic
QDEF-005477,FAC-001,2025-05-27,LINE-07,ORD-07-013,STY-016,skip_stitch,2,602,minor,validation,synthetic
QDEF-005478,FAC-001,2025-05-27,LINE-07,ORD-07-013,STY-016,uneven_stitch,4,602,major,validation,synthetic
QDEF-005479,FAC-001,2025-05-27,LINE-07,ORD-07-013,STY-016,oil_mark,8,602,critical,validation,synthetic
QDEF-005480,FAC-001,2025-05-27,LINE-07,ORD-07-013,STY-016,shade_variation,6,602,minor,validation,synthetic
QDEF-005481,FAC-001,2025-05-27,LINE-07,ORD-07-013,STY-016,puckering,3,602,minor,validation,synthetic
QDEF-005482,FAC-001,2025-05-27,LINE-07,ORD-07-013,STY-016,measurement_variance,8,602,minor,validation,synthetic
QDEF-005483,FAC-001,2025-05-27,LINE-07,ORD-07-013,STY-016,open_seam,3,602,major,validation,synthetic
QDEF-005484,FAC-001,2025-05-28,LINE-07,ORD-07-013,STY-016,measurement_variance,2,646,minor,validation,synthetic
QDEF-005485,FAC-001,2025-05-28,LINE-07,ORD-07-013,STY-016,oil_mark,9,646,major,validation,synthetic
QDEF-005486,FAC-001,2025-05-28,LINE-07,ORD-07-013,STY-016,skip_stitch,9,646,major,validation,synthetic
QDEF-005487,FAC-001,2025-05-28,LINE-07,ORD-07-013,STY-016,open_seam,3,646,minor,validation,synthetic
QDEF-005488,FAC-001,2025-05-28,LINE-07,ORD-07-013,STY-016,uneven_stitch,2,646,minor,validation,synthetic
QDEF-005489,FAC-001,2025-05-28,LINE-07,ORD-07-013,STY-016,shade_variation,5,646,minor,validation,synthetic
QDEF-005490,FAC-001,2025-05-28,LINE-07,ORD-07-013,STY-016,puckering,2,646,minor,validation,synthetic
QDEF-005491,FAC-001,2025-05-29,LINE-07,ORD-07-013,STY-016,open_seam,6,541,major,validation,synthetic
QDEF-005492,FAC-001,2025-05-29,LINE-07,ORD-07-013,STY-016,oil_mark,2,541,minor,validation,synthetic
QDEF-005493,FAC-001,2025-05-29,LINE-07,ORD-07-013,STY-016,shade_variation,2,541,major,validation,synthetic
QDEF-005494,FAC-001,2025-05-29,LINE-07,ORD-07-013,STY-016,puckering,6,541,minor,validation,synthetic
QDEF-005495,FAC-001,2025-05-29,LINE-07,ORD-07-013,STY-016,skip_stitch,4,541,minor,validation,synthetic
QDEF-005496,FAC-001,2025-05-29,LINE-07,ORD-07-013,STY-016,uneven_stitch,2,541,major,validation,synthetic
QDEF-005497,FAC-001,2025-05-29,LINE-07,ORD-07-013,STY-016,measurement_variance,1,541,minor,validation,synthetic
QDEF-005498,FAC-001,2025-05-31,LINE-07,ORD-07-014,STY-028,open_seam,2,199,major,validation,synthetic
QDEF-005499,FAC-001,2025-05-31,LINE-07,ORD-07-014,STY-028,measurement_variance,1,199,minor,validation,synthetic
QDEF-005500,FAC-001,2025-05-31,LINE-07,ORD-07-014,STY-028,skip_stitch,1,199,minor,validation,synthetic
QDEF-005501,FAC-001,2025-05-31,LINE-07,ORD-07-014,STY-028,oil_mark,1,199,major,validation,synthetic
QDEF-005502,FAC-001,2025-05-31,LINE-07,ORD-07-014,STY-028,shade_variation,1,199,major,validation,synthetic
QDEF-005503,FAC-001,2025-06-01,LINE-07,ORD-07-014,STY-028,uneven_stitch,4,314,minor,test,synthetic
QDEF-005504,FAC-001,2025-06-01,LINE-07,ORD-07-014,STY-028,open_seam,2,314,major,test,synthetic
QDEF-005505,FAC-001,2025-06-01,LINE-07,ORD-07-014,STY-028,measurement_variance,2,314,minor,test,synthetic
QDEF-005506,FAC-001,2025-06-01,LINE-07,ORD-07-014,STY-028,skip_stitch,3,314,minor,test,synthetic
QDEF-005507,FAC-001,2025-06-01,LINE-07,ORD-07-014,STY-028,oil_mark,3,314,major,test,synthetic
QDEF-005508,FAC-001,2025-06-01,LINE-07,ORD-07-014,STY-028,shade_variation,1,314,minor,test,synthetic
QDEF-005509,FAC-001,2025-06-02,LINE-07,ORD-07-014,STY-028,oil_mark,3,301,minor,test,synthetic
QDEF-005510,FAC-001,2025-06-02,LINE-07,ORD-07-014,STY-028,skip_stitch,4,301,major,test,synthetic
QDEF-005511,FAC-001,2025-06-02,LINE-07,ORD-07-014,STY-028,uneven_stitch,7,301,major,test,synthetic
QDEF-005512,FAC-001,2025-06-02,LINE-07,ORD-07-014,STY-028,shade_variation,4,301,major,test,synthetic
QDEF-005513,FAC-001,2025-06-02,LINE-07,ORD-07-014,STY-028,puckering,2,301,minor,test,synthetic
QDEF-005514,FAC-001,2025-06-02,LINE-07,ORD-07-014,STY-028,open_seam,1,301,minor,test,synthetic
QDEF-005515,FAC-001,2025-06-03,LINE-07,ORD-07-014,STY-028,uneven_stitch,4,289,minor,test,synthetic
QDEF-005516,FAC-001,2025-06-03,LINE-07,ORD-07-014,STY-028,shade_variation,2,289,minor,test,synthetic
QDEF-005517,FAC-001,2025-06-03,LINE-07,ORD-07-014,STY-028,puckering,5,289,minor,test,synthetic
QDEF-005518,FAC-001,2025-06-03,LINE-07,ORD-07-014,STY-028,open_seam,5,289,critical,test,synthetic
QDEF-005519,FAC-001,2025-06-03,LINE-07,ORD-07-014,STY-028,oil_mark,3,289,minor,test,synthetic
QDEF-005520,FAC-001,2025-06-03,LINE-07,ORD-07-014,STY-028,skip_stitch,4,289,minor,test,synthetic
QDEF-005521,FAC-001,2025-06-03,LINE-07,ORD-07-014,STY-028,measurement_variance,3,289,minor,test,synthetic
QDEF-005522,FAC-001,2025-06-04,LINE-07,ORD-07-014,STY-028,uneven_stitch,1,63,minor,test,synthetic
QDEF-005523,FAC-001,2025-06-04,LINE-07,ORD-07-014,STY-028,open_seam,1,63,minor,test,synthetic
QDEF-005524,FAC-001,2025-06-04,LINE-07,ORD-07-014,STY-028,shade_variation,1,63,minor,test,synthetic
QDEF-005525,FAC-001,2025-06-04,LINE-07,ORD-07-014,STY-028,measurement_variance,2,63,major,test,synthetic
QDEF-005526,FAC-001,2025-06-05,LINE-07,ORD-07-015,STY-030,shade_variation,5,187,minor,test,synthetic
QDEF-005527,FAC-001,2025-06-05,LINE-07,ORD-07-015,STY-030,skip_stitch,2,187,minor,test,synthetic
QDEF-005528,FAC-001,2025-06-05,LINE-07,ORD-07-015,STY-030,oil_mark,1,187,critical,test,synthetic
QDEF-005529,FAC-001,2025-06-05,LINE-07,ORD-07-015,STY-030,open_seam,1,187,minor,test,synthetic
QDEF-005530,FAC-001,2025-06-05,LINE-07,ORD-07-015,STY-030,puckering,1,187,critical,test,synthetic
QDEF-005531,FAC-001,2025-06-05,LINE-07,ORD-07-015,STY-030,measurement_variance,2,187,minor,test,synthetic
QDEF-005532,FAC-001,2025-06-07,LINE-07,ORD-07-015,STY-030,uneven_stitch,3,240,minor,test,synthetic
QDEF-005533,FAC-001,2025-06-07,LINE-07,ORD-07-015,STY-030,measurement_variance,1,240,minor,test,synthetic
QDEF-005534,FAC-001,2025-06-07,LINE-07,ORD-07-015,STY-030,puckering,2,240,minor,test,synthetic
QDEF-005535,FAC-001,2025-06-07,LINE-07,ORD-07-015,STY-030,shade_variation,1,240,minor,test,synthetic
QDEF-005536,FAC-001,2025-06-07,LINE-07,ORD-07-015,STY-030,skip_stitch,1,240,major,test,synthetic
QDEF-005537,FAC-001,2025-06-08,LINE-07,ORD-07-015,STY-030,puckering,1,280,critical,test,synthetic
QDEF-005538,FAC-001,2025-06-08,LINE-07,ORD-07-015,STY-030,shade_variation,2,280,minor,test,synthetic
QDEF-005539,FAC-001,2025-06-08,LINE-07,ORD-07-015,STY-030,skip_stitch,1,280,minor,test,synthetic
QDEF-005540,FAC-001,2025-06-08,LINE-07,ORD-07-015,STY-030,open_seam,1,280,major,test,synthetic
QDEF-005541,FAC-001,2025-06-08,LINE-07,ORD-07-015,STY-030,measurement_variance,1,280,minor,test,synthetic
QDEF-005542,FAC-001,2025-06-08,LINE-07,ORD-07-015,STY-030,oil_mark,1,280,minor,test,synthetic
QDEF-005543,FAC-001,2025-06-09,LINE-07,ORD-07-015,STY-030,measurement_variance,2,276,minor,test,synthetic
QDEF-005544,FAC-001,2025-06-09,LINE-07,ORD-07-015,STY-030,oil_mark,3,276,critical,test,synthetic
QDEF-005545,FAC-001,2025-06-09,LINE-07,ORD-07-015,STY-030,uneven_stitch,2,276,critical,test,synthetic
QDEF-005546,FAC-001,2025-06-09,LINE-07,ORD-07-015,STY-030,puckering,4,276,minor,test,synthetic
QDEF-005547,FAC-001,2025-06-09,LINE-07,ORD-07-015,STY-030,shade_variation,1,276,minor,test,synthetic
QDEF-005548,FAC-001,2025-06-09,LINE-07,ORD-07-015,STY-030,skip_stitch,1,276,major,test,synthetic
QDEF-005549,FAC-001,2025-06-10,LINE-07,ORD-07-015,STY-030,skip_stitch,3,293,major,test,synthetic
QDEF-005550,FAC-001,2025-06-10,LINE-07,ORD-07-015,STY-030,oil_mark,2,293,minor,test,synthetic
QDEF-005551,FAC-001,2025-06-10,LINE-07,ORD-07-015,STY-030,open_seam,1,293,minor,test,synthetic
QDEF-005552,FAC-001,2025-06-10,LINE-07,ORD-07-015,STY-030,measurement_variance,1,293,minor,test,synthetic
QDEF-005553,FAC-001,2025-06-10,LINE-07,ORD-07-015,STY-030,shade_variation,1,293,minor,test,synthetic
QDEF-005554,FAC-001,2025-06-10,LINE-07,ORD-07-015,STY-030,puckering,1,293,minor,test,synthetic
QDEF-005555,FAC-001,2025-06-11,LINE-07,ORD-07-015,STY-030,oil_mark,2,219,minor,test,synthetic
QDEF-005556,FAC-001,2025-06-11,LINE-07,ORD-07-015,STY-030,shade_variation,1,219,minor,test,synthetic
QDEF-005557,FAC-001,2025-06-11,LINE-07,ORD-07-015,STY-030,measurement_variance,1,219,minor,test,synthetic
QDEF-005558,FAC-001,2025-06-11,LINE-07,ORD-07-015,STY-030,puckering,1,219,minor,test,synthetic
QDEF-005559,FAC-001,2025-06-11,LINE-07,ORD-07-015,STY-030,skip_stitch,1,219,minor,test,synthetic
QDEF-005560,FAC-001,2025-06-12,LINE-07,ORD-07-015,STY-030,oil_mark,1,159,critical,test,synthetic
QDEF-005561,FAC-001,2025-06-12,LINE-07,ORD-07-015,STY-030,shade_variation,4,159,minor,test,synthetic
QDEF-005562,FAC-001,2025-06-12,LINE-07,ORD-07-015,STY-030,uneven_stitch,1,159,minor,test,synthetic
QDEF-005563,FAC-001,2025-06-12,LINE-07,ORD-07-015,STY-030,open_seam,1,159,major,test,synthetic
QDEF-005564,FAC-001,2025-06-14,LINE-07,ORD-07-015,STY-030,puckering,1,58,major,test,synthetic
QDEF-005565,FAC-001,2025-06-15,LINE-07,ORD-07-016,STY-032,uneven_stitch,6,406,major,test,synthetic
QDEF-005566,FAC-001,2025-06-15,LINE-07,ORD-07-016,STY-032,measurement_variance,2,406,minor,test,synthetic
QDEF-005567,FAC-001,2025-06-15,LINE-07,ORD-07-016,STY-032,open_seam,2,406,major,test,synthetic
QDEF-005568,FAC-001,2025-06-15,LINE-07,ORD-07-016,STY-032,oil_mark,1,406,minor,test,synthetic
QDEF-005569,FAC-001,2025-06-15,LINE-07,ORD-07-016,STY-032,skip_stitch,2,406,minor,test,synthetic
QDEF-005570,FAC-001,2025-06-15,LINE-07,ORD-07-016,STY-032,puckering,1,406,minor,test,synthetic
QDEF-005571,FAC-001,2025-06-16,LINE-07,ORD-07-016,STY-032,skip_stitch,3,457,minor,test,synthetic
QDEF-005572,FAC-001,2025-06-16,LINE-07,ORD-07-016,STY-032,measurement_variance,2,457,minor,test,synthetic
QDEF-005573,FAC-001,2025-06-16,LINE-07,ORD-07-016,STY-032,shade_variation,2,457,minor,test,synthetic
QDEF-005574,FAC-001,2025-06-16,LINE-07,ORD-07-016,STY-032,oil_mark,5,457,minor,test,synthetic
QDEF-005575,FAC-001,2025-06-16,LINE-07,ORD-07-016,STY-032,puckering,4,457,major,test,synthetic
QDEF-005576,FAC-001,2025-06-16,LINE-07,ORD-07-016,STY-032,open_seam,3,457,minor,test,synthetic
QDEF-005577,FAC-001,2025-06-16,LINE-07,ORD-07-016,STY-032,uneven_stitch,1,457,minor,test,synthetic
QDEF-005578,FAC-001,2025-06-17,LINE-07,ORD-07-016,STY-032,uneven_stitch,1,470,minor,test,synthetic
QDEF-005579,FAC-001,2025-06-17,LINE-07,ORD-07-016,STY-032,skip_stitch,3,470,major,test,synthetic
QDEF-005580,FAC-001,2025-06-17,LINE-07,ORD-07-016,STY-032,measurement_variance,1,470,minor,test,synthetic
QDEF-005581,FAC-001,2025-06-17,LINE-07,ORD-07-016,STY-032,puckering,1,470,minor,test,synthetic
QDEF-005582,FAC-001,2025-06-17,LINE-07,ORD-07-016,STY-032,oil_mark,1,470,minor,test,synthetic
QDEF-005583,FAC-001,2025-06-18,LINE-07,ORD-07-016,STY-032,skip_stitch,3,540,minor,test,synthetic
QDEF-005584,FAC-001,2025-06-18,LINE-07,ORD-07-016,STY-032,open_seam,2,540,major,test,synthetic
QDEF-005585,FAC-001,2025-06-18,LINE-07,ORD-07-016,STY-032,shade_variation,3,540,minor,test,synthetic
QDEF-005586,FAC-001,2025-06-18,LINE-07,ORD-07-016,STY-032,uneven_stitch,2,540,minor,test,synthetic
QDEF-005587,FAC-001,2025-06-18,LINE-07,ORD-07-016,STY-032,puckering,1,540,minor,test,synthetic
QDEF-005588,FAC-001,2025-06-18,LINE-07,ORD-07-016,STY-032,measurement_variance,2,540,minor,test,synthetic
QDEF-005589,FAC-001,2025-06-19,LINE-07,ORD-07-016,STY-032,open_seam,2,488,major,test,synthetic
QDEF-005590,FAC-001,2025-06-19,LINE-07,ORD-07-016,STY-032,oil_mark,1,488,minor,test,synthetic
QDEF-005591,FAC-001,2025-06-19,LINE-07,ORD-07-016,STY-032,measurement_variance,2,488,major,test,synthetic
QDEF-005592,FAC-001,2025-06-19,LINE-07,ORD-07-016,STY-032,puckering,3,488,major,test,synthetic
QDEF-005593,FAC-001,2025-06-21,LINE-07,ORD-07-016,STY-032,open_seam,4,607,major,test,synthetic
QDEF-005594,FAC-001,2025-06-21,LINE-07,ORD-07-016,STY-032,puckering,5,607,minor,test,synthetic
QDEF-005595,FAC-001,2025-06-21,LINE-07,ORD-07-016,STY-032,measurement_variance,2,607,minor,test,synthetic
QDEF-005596,FAC-001,2025-06-21,LINE-07,ORD-07-016,STY-032,oil_mark,3,607,minor,test,synthetic
QDEF-005597,FAC-001,2025-06-21,LINE-07,ORD-07-016,STY-032,shade_variation,1,607,critical,test,synthetic
QDEF-005598,FAC-001,2025-06-21,LINE-07,ORD-07-016,STY-032,skip_stitch,2,607,minor,test,synthetic
QDEF-005599,FAC-001,2025-06-22,LINE-07,ORD-07-016,STY-032,skip_stitch,1,485,minor,test,synthetic
QDEF-005600,FAC-001,2025-06-22,LINE-07,ORD-07-016,STY-032,open_seam,3,485,major,test,synthetic
QDEF-005601,FAC-001,2025-06-22,LINE-07,ORD-07-016,STY-032,uneven_stitch,3,485,major,test,synthetic
QDEF-005602,FAC-001,2025-06-22,LINE-07,ORD-07-016,STY-032,shade_variation,2,485,major,test,synthetic
QDEF-005603,FAC-001,2025-06-22,LINE-07,ORD-07-016,STY-032,puckering,1,485,minor,test,synthetic
QDEF-005604,FAC-001,2025-06-22,LINE-07,ORD-07-016,STY-032,oil_mark,1,485,minor,test,synthetic
QDEF-005605,FAC-001,2025-06-22,LINE-07,ORD-07-016,STY-032,measurement_variance,1,485,minor,test,synthetic
QDEF-005606,FAC-001,2025-06-23,LINE-07,ORD-07-016,STY-032,skip_stitch,2,580,major,test,synthetic
QDEF-005607,FAC-001,2025-06-23,LINE-07,ORD-07-016,STY-032,open_seam,5,580,major,test,synthetic
QDEF-005608,FAC-001,2025-06-23,LINE-07,ORD-07-016,STY-032,shade_variation,3,580,minor,test,synthetic
QDEF-005609,FAC-001,2025-06-23,LINE-07,ORD-07-016,STY-032,puckering,2,580,minor,test,synthetic
QDEF-005610,FAC-001,2025-06-23,LINE-07,ORD-07-016,STY-032,uneven_stitch,1,580,minor,test,synthetic
QDEF-005611,FAC-001,2025-06-23,LINE-07,ORD-07-016,STY-032,oil_mark,1,580,minor,test,synthetic
QDEF-005612,FAC-001,2025-06-24,LINE-07,ORD-07-016,STY-032,uneven_stitch,1,86,critical,test,synthetic
QDEF-005613,FAC-001,2025-06-24,LINE-07,ORD-07-016,STY-032,skip_stitch,1,86,major,test,synthetic
QDEF-005614,FAC-001,2025-06-26,LINE-07,ORD-07-017,STY-029,open_seam,2,272,minor,test,synthetic
QDEF-005615,FAC-001,2025-06-26,LINE-07,ORD-07-017,STY-029,measurement_variance,1,272,minor,test,synthetic
QDEF-005616,FAC-001,2025-06-26,LINE-07,ORD-07-017,STY-029,oil_mark,1,272,minor,test,synthetic
QDEF-005617,FAC-001,2025-06-26,LINE-07,ORD-07-017,STY-029,puckering,2,272,minor,test,synthetic
QDEF-005618,FAC-001,2025-06-26,LINE-07,ORD-07-017,STY-029,skip_stitch,2,272,minor,test,synthetic
QDEF-005619,FAC-001,2025-06-26,LINE-07,ORD-07-017,STY-029,shade_variation,1,272,minor,test,synthetic
QDEF-005620,FAC-001,2025-06-28,LINE-07,ORD-07-017,STY-029,measurement_variance,3,334,minor,test,synthetic
QDEF-005621,FAC-001,2025-06-28,LINE-07,ORD-07-017,STY-029,skip_stitch,1,334,major,test,synthetic
QDEF-005622,FAC-001,2025-06-28,LINE-07,ORD-07-017,STY-029,shade_variation,4,334,major,test,synthetic
QDEF-005623,FAC-001,2025-06-28,LINE-07,ORD-07-017,STY-029,puckering,3,334,critical,test,synthetic
QDEF-005624,FAC-001,2025-06-28,LINE-07,ORD-07-017,STY-029,open_seam,5,334,minor,test,synthetic
QDEF-005625,FAC-001,2025-06-28,LINE-07,ORD-07-017,STY-029,oil_mark,2,334,minor,test,synthetic
QDEF-005626,FAC-001,2025-06-28,LINE-07,ORD-07-017,STY-029,uneven_stitch,4,334,minor,test,synthetic
QDEF-005627,FAC-001,2025-06-29,LINE-07,ORD-07-017,STY-029,open_seam,3,319,minor,test,synthetic
QDEF-005628,FAC-001,2025-06-29,LINE-07,ORD-07-017,STY-029,shade_variation,7,319,minor,test,synthetic
QDEF-005629,FAC-001,2025-06-29,LINE-07,ORD-07-017,STY-029,oil_mark,3,319,major,test,synthetic
QDEF-005630,FAC-001,2025-06-29,LINE-07,ORD-07-017,STY-029,puckering,2,319,minor,test,synthetic
QDEF-005631,FAC-001,2025-06-29,LINE-07,ORD-07-017,STY-029,skip_stitch,4,319,minor,test,synthetic
QDEF-005632,FAC-001,2025-06-29,LINE-07,ORD-07-017,STY-029,uneven_stitch,4,319,minor,test,synthetic
QDEF-005633,FAC-001,2025-06-29,LINE-07,ORD-07-017,STY-029,measurement_variance,4,319,major,test,synthetic
QDEF-005634,FAC-001,2025-06-30,LINE-07,ORD-07-017,STY-029,uneven_stitch,2,396,major,test,synthetic
QDEF-005635,FAC-001,2025-06-30,LINE-07,ORD-07-017,STY-029,skip_stitch,1,396,minor,test,synthetic
QDEF-005636,FAC-001,2025-06-30,LINE-07,ORD-07-017,STY-029,measurement_variance,2,396,major,test,synthetic
QDEF-005637,FAC-001,2025-06-30,LINE-07,ORD-07-017,STY-029,oil_mark,1,396,minor,test,synthetic
QDEF-005638,FAC-001,2025-06-30,LINE-07,ORD-07-017,STY-029,shade_variation,1,396,minor,test,synthetic
QDEF-005639,FAC-001,2025-06-30,LINE-07,ORD-07-017,STY-029,open_seam,2,396,minor,test,synthetic
QDEF-005640,FAC-001,2025-01-04,LINE-08,ORD-08-001,STY-018,shade_variation,2,454,minor,train,synthetic
QDEF-005641,FAC-001,2025-01-04,LINE-08,ORD-08-001,STY-018,uneven_stitch,3,454,major,train,synthetic
QDEF-005642,FAC-001,2025-01-04,LINE-08,ORD-08-001,STY-018,measurement_variance,1,454,minor,train,synthetic
QDEF-005643,FAC-001,2025-01-04,LINE-08,ORD-08-001,STY-018,oil_mark,2,454,minor,train,synthetic
QDEF-005644,FAC-001,2025-01-04,LINE-08,ORD-08-001,STY-018,puckering,1,454,minor,train,synthetic
QDEF-005645,FAC-001,2025-01-05,LINE-08,ORD-08-001,STY-018,uneven_stitch,3,617,minor,train,synthetic
QDEF-005646,FAC-001,2025-01-05,LINE-08,ORD-08-001,STY-018,measurement_variance,2,617,minor,train,synthetic
QDEF-005647,FAC-001,2025-01-05,LINE-08,ORD-08-001,STY-018,oil_mark,2,617,major,train,synthetic
QDEF-005648,FAC-001,2025-01-05,LINE-08,ORD-08-001,STY-018,puckering,2,617,major,train,synthetic
QDEF-005649,FAC-001,2025-01-05,LINE-08,ORD-08-001,STY-018,open_seam,2,617,major,train,synthetic
QDEF-005650,FAC-001,2025-01-05,LINE-08,ORD-08-001,STY-018,shade_variation,2,617,minor,train,synthetic
QDEF-005651,FAC-001,2025-01-06,LINE-08,ORD-08-001,STY-018,puckering,4,711,major,train,synthetic
QDEF-005652,FAC-001,2025-01-06,LINE-08,ORD-08-001,STY-018,uneven_stitch,2,711,major,train,synthetic
QDEF-005653,FAC-001,2025-01-06,LINE-08,ORD-08-001,STY-018,skip_stitch,5,711,minor,train,synthetic
QDEF-005654,FAC-001,2025-01-06,LINE-08,ORD-08-001,STY-018,open_seam,2,711,minor,train,synthetic
QDEF-005655,FAC-001,2025-01-06,LINE-08,ORD-08-001,STY-018,oil_mark,1,711,major,train,synthetic
QDEF-005656,FAC-001,2025-01-07,LINE-08,ORD-08-001,STY-018,skip_stitch,2,622,major,train,synthetic
QDEF-005657,FAC-001,2025-01-07,LINE-08,ORD-08-001,STY-018,shade_variation,4,622,major,train,synthetic
QDEF-005658,FAC-001,2025-01-07,LINE-08,ORD-08-001,STY-018,puckering,3,622,major,train,synthetic
QDEF-005659,FAC-001,2025-01-07,LINE-08,ORD-08-001,STY-018,measurement_variance,4,622,minor,train,synthetic
QDEF-005660,FAC-001,2025-01-07,LINE-08,ORD-08-001,STY-018,open_seam,1,622,minor,train,synthetic
QDEF-005661,FAC-001,2025-01-09,LINE-08,ORD-08-002,STY-016,skip_stitch,6,217,major,train,synthetic
QDEF-005662,FAC-001,2025-01-09,LINE-08,ORD-08-002,STY-016,measurement_variance,5,217,major,train,synthetic
QDEF-005663,FAC-001,2025-01-09,LINE-08,ORD-08-002,STY-016,oil_mark,4,217,major,train,synthetic
QDEF-005664,FAC-001,2025-01-09,LINE-08,ORD-08-002,STY-016,puckering,1,217,minor,train,synthetic
QDEF-005665,FAC-001,2025-01-09,LINE-08,ORD-08-002,STY-016,uneven_stitch,7,217,minor,train,synthetic
QDEF-005666,FAC-001,2025-01-09,LINE-08,ORD-08-002,STY-016,shade_variation,4,217,minor,train,synthetic
QDEF-005667,FAC-001,2025-01-11,LINE-08,ORD-08-002,STY-016,skip_stitch,3,373,major,train,synthetic
QDEF-005668,FAC-001,2025-01-11,LINE-08,ORD-08-002,STY-016,oil_mark,3,373,major,train,synthetic
QDEF-005669,FAC-001,2025-01-11,LINE-08,ORD-08-002,STY-016,open_seam,2,373,minor,train,synthetic
QDEF-005670,FAC-001,2025-01-11,LINE-08,ORD-08-002,STY-016,shade_variation,1,373,major,train,synthetic
QDEF-005671,FAC-001,2025-01-11,LINE-08,ORD-08-002,STY-016,puckering,3,373,minor,train,synthetic
QDEF-005672,FAC-001,2025-01-11,LINE-08,ORD-08-002,STY-016,uneven_stitch,1,373,minor,train,synthetic
QDEF-005673,FAC-001,2025-01-11,LINE-08,ORD-08-002,STY-016,measurement_variance,1,373,minor,train,synthetic
QDEF-005674,FAC-001,2025-01-12,LINE-08,ORD-08-002,STY-016,skip_stitch,1,233,minor,train,synthetic
QDEF-005675,FAC-001,2025-01-12,LINE-08,ORD-08-002,STY-016,measurement_variance,4,233,minor,train,synthetic
QDEF-005676,FAC-001,2025-01-12,LINE-08,ORD-08-002,STY-016,uneven_stitch,2,233,minor,train,synthetic
QDEF-005677,FAC-001,2025-01-12,LINE-08,ORD-08-002,STY-016,shade_variation,1,233,minor,train,synthetic
QDEF-005678,FAC-001,2025-01-12,LINE-08,ORD-08-002,STY-016,oil_mark,1,233,major,train,synthetic
QDEF-005679,FAC-001,2025-01-12,LINE-08,ORD-08-002,STY-016,puckering,1,233,critical,train,synthetic
QDEF-005680,FAC-001,2025-01-13,LINE-08,ORD-08-002,STY-016,skip_stitch,7,382,critical,train,synthetic
QDEF-005681,FAC-001,2025-01-13,LINE-08,ORD-08-002,STY-016,puckering,1,382,major,train,synthetic
QDEF-005682,FAC-001,2025-01-13,LINE-08,ORD-08-002,STY-016,oil_mark,2,382,critical,train,synthetic
QDEF-005683,FAC-001,2025-01-13,LINE-08,ORD-08-002,STY-016,uneven_stitch,1,382,minor,train,synthetic
QDEF-005684,FAC-001,2025-01-13,LINE-08,ORD-08-002,STY-016,shade_variation,2,382,minor,train,synthetic
QDEF-005685,FAC-001,2025-01-13,LINE-08,ORD-08-002,STY-016,measurement_variance,1,382,major,train,synthetic
QDEF-005686,FAC-001,2025-01-14,LINE-08,ORD-08-002,STY-016,shade_variation,4,349,minor,train,synthetic
QDEF-005687,FAC-001,2025-01-14,LINE-08,ORD-08-002,STY-016,puckering,3,349,minor,train,synthetic
QDEF-005688,FAC-001,2025-01-14,LINE-08,ORD-08-002,STY-016,skip_stitch,4,349,major,train,synthetic
QDEF-005689,FAC-001,2025-01-14,LINE-08,ORD-08-002,STY-016,uneven_stitch,7,349,major,train,synthetic
QDEF-005690,FAC-001,2025-01-14,LINE-08,ORD-08-002,STY-016,measurement_variance,3,349,critical,train,synthetic
QDEF-005691,FAC-001,2025-01-14,LINE-08,ORD-08-002,STY-016,oil_mark,3,349,minor,train,synthetic
QDEF-005692,FAC-001,2025-01-14,LINE-08,ORD-08-002,STY-016,open_seam,2,349,major,train,synthetic
QDEF-005693,FAC-001,2025-01-15,LINE-08,ORD-08-002,STY-016,oil_mark,3,429,major,train,synthetic
QDEF-005694,FAC-001,2025-01-15,LINE-08,ORD-08-002,STY-016,skip_stitch,3,429,minor,train,synthetic
QDEF-005695,FAC-001,2025-01-15,LINE-08,ORD-08-002,STY-016,shade_variation,3,429,minor,train,synthetic
QDEF-005696,FAC-001,2025-01-15,LINE-08,ORD-08-002,STY-016,puckering,4,429,minor,train,synthetic
QDEF-005697,FAC-001,2025-01-15,LINE-08,ORD-08-002,STY-016,open_seam,2,429,minor,train,synthetic
QDEF-005698,FAC-001,2025-01-15,LINE-08,ORD-08-002,STY-016,uneven_stitch,2,429,major,train,synthetic
QDEF-005699,FAC-001,2025-01-15,LINE-08,ORD-08-002,STY-016,measurement_variance,2,429,critical,train,synthetic
QDEF-005700,FAC-001,2025-01-16,LINE-08,ORD-08-002,STY-016,open_seam,2,393,major,train,synthetic
QDEF-005701,FAC-001,2025-01-16,LINE-08,ORD-08-002,STY-016,uneven_stitch,3,393,minor,train,synthetic
QDEF-005702,FAC-001,2025-01-16,LINE-08,ORD-08-002,STY-016,measurement_variance,2,393,minor,train,synthetic
QDEF-005703,FAC-001,2025-01-16,LINE-08,ORD-08-002,STY-016,skip_stitch,2,393,minor,train,synthetic
QDEF-005704,FAC-001,2025-01-16,LINE-08,ORD-08-002,STY-016,oil_mark,2,393,minor,train,synthetic
QDEF-005705,FAC-001,2025-01-16,LINE-08,ORD-08-002,STY-016,puckering,3,393,minor,train,synthetic
QDEF-005706,FAC-001,2025-01-18,LINE-08,ORD-08-002,STY-016,measurement_variance,1,378,minor,train,synthetic
QDEF-005707,FAC-001,2025-01-18,LINE-08,ORD-08-002,STY-016,shade_variation,3,378,minor,train,synthetic
QDEF-005708,FAC-001,2025-01-18,LINE-08,ORD-08-002,STY-016,skip_stitch,4,378,minor,train,synthetic
QDEF-005709,FAC-001,2025-01-18,LINE-08,ORD-08-002,STY-016,oil_mark,2,378,major,train,synthetic
QDEF-005710,FAC-001,2025-01-18,LINE-08,ORD-08-002,STY-016,uneven_stitch,2,378,minor,train,synthetic
QDEF-005711,FAC-001,2025-01-18,LINE-08,ORD-08-002,STY-016,open_seam,3,378,major,train,synthetic
QDEF-005712,FAC-001,2025-01-18,LINE-08,ORD-08-002,STY-016,puckering,1,378,major,train,synthetic
QDEF-005713,FAC-001,2025-01-20,LINE-08,ORD-08-003,STY-028,oil_mark,2,157,minor,train,synthetic
QDEF-005714,FAC-001,2025-01-20,LINE-08,ORD-08-003,STY-028,skip_stitch,1,157,minor,train,synthetic
QDEF-005715,FAC-001,2025-01-20,LINE-08,ORD-08-003,STY-028,shade_variation,1,157,major,train,synthetic
QDEF-005716,FAC-001,2025-01-20,LINE-08,ORD-08-003,STY-028,open_seam,2,157,minor,train,synthetic
QDEF-005717,FAC-001,2025-01-21,LINE-08,ORD-08-003,STY-028,oil_mark,2,204,critical,train,synthetic
QDEF-005718,FAC-001,2025-01-21,LINE-08,ORD-08-003,STY-028,skip_stitch,2,204,major,train,synthetic
QDEF-005719,FAC-001,2025-01-21,LINE-08,ORD-08-003,STY-028,measurement_variance,1,204,minor,train,synthetic
QDEF-005720,FAC-001,2025-01-21,LINE-08,ORD-08-003,STY-028,open_seam,2,204,minor,train,synthetic
QDEF-005721,FAC-001,2025-01-21,LINE-08,ORD-08-003,STY-028,puckering,4,204,major,train,synthetic
QDEF-005722,FAC-001,2025-01-21,LINE-08,ORD-08-003,STY-028,shade_variation,1,204,minor,train,synthetic
QDEF-005723,FAC-001,2025-01-22,LINE-08,ORD-08-003,STY-028,open_seam,1,239,minor,train,synthetic
QDEF-005724,FAC-001,2025-01-22,LINE-08,ORD-08-003,STY-028,measurement_variance,1,239,major,train,synthetic
QDEF-005725,FAC-001,2025-01-22,LINE-08,ORD-08-003,STY-028,shade_variation,1,239,minor,train,synthetic
QDEF-005726,FAC-001,2025-01-22,LINE-08,ORD-08-003,STY-028,uneven_stitch,3,239,minor,train,synthetic
QDEF-005727,FAC-001,2025-01-22,LINE-08,ORD-08-003,STY-028,oil_mark,2,239,minor,train,synthetic
QDEF-005728,FAC-001,2025-01-22,LINE-08,ORD-08-003,STY-028,skip_stitch,1,239,minor,train,synthetic
QDEF-005729,FAC-001,2025-01-22,LINE-08,ORD-08-003,STY-028,puckering,1,239,major,train,synthetic
QDEF-005730,FAC-001,2025-01-23,LINE-08,ORD-08-003,STY-028,uneven_stitch,2,223,minor,train,synthetic
QDEF-005731,FAC-001,2025-01-23,LINE-08,ORD-08-003,STY-028,measurement_variance,3,223,minor,train,synthetic
QDEF-005732,FAC-001,2025-01-23,LINE-08,ORD-08-003,STY-028,skip_stitch,1,223,minor,train,synthetic
QDEF-005733,FAC-001,2025-01-23,LINE-08,ORD-08-003,STY-028,oil_mark,2,223,minor,train,synthetic
QDEF-005734,FAC-001,2025-01-23,LINE-08,ORD-08-003,STY-028,puckering,1,223,major,train,synthetic
QDEF-005735,FAC-001,2025-01-25,LINE-08,ORD-08-003,STY-028,oil_mark,2,182,minor,train,synthetic
QDEF-005736,FAC-001,2025-01-25,LINE-08,ORD-08-003,STY-028,open_seam,4,182,minor,train,synthetic
QDEF-005737,FAC-001,2025-01-25,LINE-08,ORD-08-003,STY-028,puckering,7,182,major,train,synthetic
QDEF-005738,FAC-001,2025-01-25,LINE-08,ORD-08-003,STY-028,uneven_stitch,1,182,major,train,synthetic
QDEF-005739,FAC-001,2025-01-25,LINE-08,ORD-08-003,STY-028,shade_variation,3,182,minor,train,synthetic
QDEF-005740,FAC-001,2025-01-25,LINE-08,ORD-08-003,STY-028,skip_stitch,3,182,minor,train,synthetic
QDEF-005741,FAC-001,2025-01-25,LINE-08,ORD-08-003,STY-028,measurement_variance,2,182,major,train,synthetic
QDEF-005742,FAC-001,2025-01-26,LINE-08,ORD-08-003,STY-028,shade_variation,3,246,major,train,synthetic
QDEF-005743,FAC-001,2025-01-26,LINE-08,ORD-08-003,STY-028,open_seam,1,246,minor,train,synthetic
QDEF-005744,FAC-001,2025-01-26,LINE-08,ORD-08-003,STY-028,puckering,1,246,major,train,synthetic
QDEF-005745,FAC-001,2025-01-26,LINE-08,ORD-08-003,STY-028,uneven_stitch,1,246,major,train,synthetic
QDEF-005746,FAC-001,2025-01-27,LINE-08,ORD-08-003,STY-028,skip_stitch,1,214,major,train,synthetic
QDEF-005747,FAC-001,2025-01-27,LINE-08,ORD-08-003,STY-028,uneven_stitch,1,214,minor,train,synthetic
QDEF-005748,FAC-001,2025-01-27,LINE-08,ORD-08-003,STY-028,puckering,3,214,minor,train,synthetic
QDEF-005749,FAC-001,2025-01-27,LINE-08,ORD-08-003,STY-028,shade_variation,1,214,major,train,synthetic
QDEF-005750,FAC-001,2025-01-27,LINE-08,ORD-08-003,STY-028,open_seam,2,214,minor,train,synthetic
QDEF-005751,FAC-001,2025-01-27,LINE-08,ORD-08-003,STY-028,measurement_variance,1,214,minor,train,synthetic
QDEF-005752,FAC-001,2025-01-27,LINE-08,ORD-08-003,STY-028,oil_mark,1,214,minor,train,synthetic
QDEF-005753,FAC-001,2025-01-28,LINE-08,ORD-08-003,STY-028,open_seam,1,165,major,train,synthetic
QDEF-005754,FAC-001,2025-01-28,LINE-08,ORD-08-003,STY-028,skip_stitch,2,165,major,train,synthetic
QDEF-005755,FAC-001,2025-01-28,LINE-08,ORD-08-003,STY-028,uneven_stitch,1,165,major,train,synthetic
QDEF-005756,FAC-001,2025-01-28,LINE-08,ORD-08-003,STY-028,shade_variation,1,165,minor,train,synthetic
QDEF-005757,FAC-001,2025-01-28,LINE-08,ORD-08-003,STY-028,measurement_variance,1,165,major,train,synthetic
QDEF-005758,FAC-001,2025-01-29,LINE-08,ORD-08-004,STY-035,uneven_stitch,3,319,minor,train,synthetic
QDEF-005759,FAC-001,2025-01-29,LINE-08,ORD-08-004,STY-035,oil_mark,4,319,minor,train,synthetic
QDEF-005760,FAC-001,2025-01-29,LINE-08,ORD-08-004,STY-035,open_seam,1,319,minor,train,synthetic
QDEF-005761,FAC-001,2025-01-29,LINE-08,ORD-08-004,STY-035,measurement_variance,1,319,major,train,synthetic
QDEF-005762,FAC-001,2025-01-30,LINE-08,ORD-08-004,STY-035,open_seam,4,410,minor,train,synthetic
QDEF-005763,FAC-001,2025-01-30,LINE-08,ORD-08-004,STY-035,oil_mark,2,410,minor,train,synthetic
QDEF-005764,FAC-001,2025-01-30,LINE-08,ORD-08-004,STY-035,measurement_variance,2,410,major,train,synthetic
QDEF-005765,FAC-001,2025-01-30,LINE-08,ORD-08-004,STY-035,skip_stitch,1,410,minor,train,synthetic
QDEF-005766,FAC-001,2025-01-30,LINE-08,ORD-08-004,STY-035,puckering,3,410,minor,train,synthetic
QDEF-005767,FAC-001,2025-01-30,LINE-08,ORD-08-004,STY-035,shade_variation,1,410,critical,train,synthetic
QDEF-005768,FAC-001,2025-02-01,LINE-08,ORD-08-004,STY-035,puckering,2,278,major,train,synthetic
QDEF-005769,FAC-001,2025-02-01,LINE-08,ORD-08-004,STY-035,measurement_variance,1,278,minor,train,synthetic
QDEF-005770,FAC-001,2025-02-01,LINE-08,ORD-08-004,STY-035,shade_variation,1,278,minor,train,synthetic
QDEF-005771,FAC-001,2025-02-01,LINE-08,ORD-08-004,STY-035,open_seam,1,278,minor,train,synthetic
QDEF-005772,FAC-001,2025-02-02,LINE-08,ORD-08-004,STY-035,oil_mark,2,479,minor,train,synthetic
QDEF-005773,FAC-001,2025-02-02,LINE-08,ORD-08-004,STY-035,open_seam,2,479,minor,train,synthetic
QDEF-005774,FAC-001,2025-02-02,LINE-08,ORD-08-004,STY-035,shade_variation,1,479,major,train,synthetic
QDEF-005775,FAC-001,2025-02-02,LINE-08,ORD-08-004,STY-035,skip_stitch,2,479,critical,train,synthetic
QDEF-005776,FAC-001,2025-02-02,LINE-08,ORD-08-004,STY-035,puckering,1,479,minor,train,synthetic
QDEF-005777,FAC-001,2025-02-02,LINE-08,ORD-08-004,STY-035,uneven_stitch,1,479,major,train,synthetic
QDEF-005778,FAC-001,2025-02-02,LINE-08,ORD-08-004,STY-035,measurement_variance,1,479,major,train,synthetic
QDEF-005779,FAC-001,2025-02-03,LINE-08,ORD-08-004,STY-035,oil_mark,1,448,minor,train,synthetic
QDEF-005780,FAC-001,2025-02-03,LINE-08,ORD-08-004,STY-035,measurement_variance,2,448,minor,train,synthetic
QDEF-005781,FAC-001,2025-02-03,LINE-08,ORD-08-004,STY-035,open_seam,2,448,major,train,synthetic
QDEF-005782,FAC-001,2025-02-03,LINE-08,ORD-08-004,STY-035,shade_variation,1,448,minor,train,synthetic
QDEF-005783,FAC-001,2025-02-03,LINE-08,ORD-08-004,STY-035,uneven_stitch,3,448,minor,train,synthetic
QDEF-005784,FAC-001,2025-02-04,LINE-08,ORD-08-004,STY-035,oil_mark,2,406,major,train,synthetic
QDEF-005785,FAC-001,2025-02-04,LINE-08,ORD-08-004,STY-035,open_seam,3,406,minor,train,synthetic
QDEF-005786,FAC-001,2025-02-04,LINE-08,ORD-08-004,STY-035,uneven_stitch,6,406,major,train,synthetic
QDEF-005787,FAC-001,2025-02-04,LINE-08,ORD-08-004,STY-035,shade_variation,2,406,minor,train,synthetic
QDEF-005788,FAC-001,2025-02-04,LINE-08,ORD-08-004,STY-035,measurement_variance,4,406,major,train,synthetic
QDEF-005789,FAC-001,2025-02-04,LINE-08,ORD-08-004,STY-035,puckering,4,406,minor,train,synthetic
QDEF-005790,FAC-001,2025-02-04,LINE-08,ORD-08-004,STY-035,skip_stitch,1,406,minor,train,synthetic
QDEF-005791,FAC-001,2025-02-05,LINE-08,ORD-08-004,STY-035,skip_stitch,3,455,minor,train,synthetic
QDEF-005792,FAC-001,2025-02-05,LINE-08,ORD-08-004,STY-035,uneven_stitch,2,455,minor,train,synthetic
QDEF-005793,FAC-001,2025-02-05,LINE-08,ORD-08-004,STY-035,shade_variation,1,455,minor,train,synthetic
QDEF-005794,FAC-001,2025-02-05,LINE-08,ORD-08-004,STY-035,open_seam,2,455,minor,train,synthetic
QDEF-005795,FAC-001,2025-02-05,LINE-08,ORD-08-004,STY-035,oil_mark,1,455,minor,train,synthetic
QDEF-005796,FAC-001,2025-02-05,LINE-08,ORD-08-004,STY-035,measurement_variance,1,455,critical,train,synthetic
QDEF-005797,FAC-001,2025-02-06,LINE-08,ORD-08-004,STY-035,skip_stitch,3,444,major,train,synthetic
QDEF-005798,FAC-001,2025-02-06,LINE-08,ORD-08-004,STY-035,puckering,1,444,minor,train,synthetic
QDEF-005799,FAC-001,2025-02-06,LINE-08,ORD-08-004,STY-035,measurement_variance,1,444,major,train,synthetic
QDEF-005800,FAC-001,2025-02-06,LINE-08,ORD-08-004,STY-035,shade_variation,1,444,minor,train,synthetic
QDEF-005801,FAC-001,2025-02-06,LINE-08,ORD-08-004,STY-035,uneven_stitch,1,444,minor,train,synthetic
QDEF-005802,FAC-001,2025-02-06,LINE-08,ORD-08-004,STY-035,open_seam,1,444,minor,train,synthetic
QDEF-005803,FAC-001,2025-02-08,LINE-08,ORD-08-004,STY-035,puckering,1,89,minor,train,synthetic
QDEF-005804,FAC-001,2025-02-09,LINE-08,ORD-08-005,STY-012,shade_variation,1,162,critical,train,synthetic
QDEF-005805,FAC-001,2025-02-09,LINE-08,ORD-08-005,STY-012,measurement_variance,1,162,major,train,synthetic
QDEF-005806,FAC-001,2025-02-09,LINE-08,ORD-08-005,STY-012,oil_mark,1,162,minor,train,synthetic
QDEF-005807,FAC-001,2025-02-09,LINE-08,ORD-08-005,STY-012,puckering,1,162,minor,train,synthetic
QDEF-005808,FAC-001,2025-02-09,LINE-08,ORD-08-005,STY-012,uneven_stitch,3,162,minor,train,synthetic
QDEF-005809,FAC-001,2025-02-10,LINE-08,ORD-08-005,STY-012,skip_stitch,1,169,critical,train,synthetic
QDEF-005810,FAC-001,2025-02-10,LINE-08,ORD-08-005,STY-012,open_seam,1,169,major,train,synthetic
QDEF-005811,FAC-001,2025-02-10,LINE-08,ORD-08-005,STY-012,puckering,1,169,minor,train,synthetic
QDEF-005812,FAC-001,2025-02-10,LINE-08,ORD-08-005,STY-012,measurement_variance,1,169,minor,train,synthetic
QDEF-005813,FAC-001,2025-02-10,LINE-08,ORD-08-005,STY-012,uneven_stitch,1,169,minor,train,synthetic
QDEF-005814,FAC-001,2025-02-10,LINE-08,ORD-08-005,STY-012,shade_variation,1,169,minor,train,synthetic
QDEF-005815,FAC-001,2025-02-11,LINE-08,ORD-08-005,STY-012,puckering,2,237,minor,train,synthetic
QDEF-005816,FAC-001,2025-02-11,LINE-08,ORD-08-005,STY-012,oil_mark,2,237,major,train,synthetic
QDEF-005817,FAC-001,2025-02-11,LINE-08,ORD-08-005,STY-012,open_seam,1,237,minor,train,synthetic
QDEF-005818,FAC-001,2025-02-11,LINE-08,ORD-08-005,STY-012,measurement_variance,2,237,minor,train,synthetic
QDEF-005819,FAC-001,2025-02-12,LINE-08,ORD-08-005,STY-012,skip_stitch,2,198,minor,train,synthetic
QDEF-005820,FAC-001,2025-02-12,LINE-08,ORD-08-005,STY-012,open_seam,2,198,critical,train,synthetic
QDEF-005821,FAC-001,2025-02-12,LINE-08,ORD-08-005,STY-012,measurement_variance,2,198,minor,train,synthetic
QDEF-005822,FAC-001,2025-02-12,LINE-08,ORD-08-005,STY-012,uneven_stitch,1,198,minor,train,synthetic
QDEF-005823,FAC-001,2025-02-12,LINE-08,ORD-08-005,STY-012,oil_mark,1,198,major,train,synthetic
QDEF-005824,FAC-001,2025-02-12,LINE-08,ORD-08-005,STY-012,puckering,2,198,minor,train,synthetic
QDEF-005825,FAC-001,2025-02-13,LINE-08,ORD-08-005,STY-012,oil_mark,1,227,minor,train,synthetic
QDEF-005826,FAC-001,2025-02-13,LINE-08,ORD-08-005,STY-012,skip_stitch,2,227,major,train,synthetic
QDEF-005827,FAC-001,2025-02-13,LINE-08,ORD-08-005,STY-012,measurement_variance,1,227,major,train,synthetic
QDEF-005828,FAC-001,2025-02-13,LINE-08,ORD-08-005,STY-012,shade_variation,2,227,minor,train,synthetic
QDEF-005829,FAC-001,2025-02-15,LINE-08,ORD-08-005,STY-012,puckering,2,230,minor,train,synthetic
QDEF-005830,FAC-001,2025-02-15,LINE-08,ORD-08-005,STY-012,skip_stitch,1,230,major,train,synthetic
QDEF-005831,FAC-001,2025-02-15,LINE-08,ORD-08-005,STY-012,measurement_variance,4,230,major,train,synthetic
QDEF-005832,FAC-001,2025-02-15,LINE-08,ORD-08-005,STY-012,uneven_stitch,1,230,minor,train,synthetic
QDEF-005833,FAC-001,2025-02-15,LINE-08,ORD-08-005,STY-012,oil_mark,1,230,minor,train,synthetic
QDEF-005834,FAC-001,2025-02-16,LINE-08,ORD-08-005,STY-012,oil_mark,4,216,minor,train,synthetic
QDEF-005835,FAC-001,2025-02-16,LINE-08,ORD-08-005,STY-012,puckering,2,216,major,train,synthetic
QDEF-005836,FAC-001,2025-02-16,LINE-08,ORD-08-005,STY-012,skip_stitch,2,216,major,train,synthetic
QDEF-005837,FAC-001,2025-02-16,LINE-08,ORD-08-005,STY-012,open_seam,1,216,major,train,synthetic
QDEF-005838,FAC-001,2025-02-16,LINE-08,ORD-08-005,STY-012,measurement_variance,2,216,minor,train,synthetic
QDEF-005839,FAC-001,2025-02-16,LINE-08,ORD-08-005,STY-012,uneven_stitch,2,216,major,train,synthetic
QDEF-005840,FAC-001,2025-02-16,LINE-08,ORD-08-005,STY-012,shade_variation,1,216,major,train,synthetic
QDEF-005841,FAC-001,2025-02-17,LINE-08,ORD-08-005,STY-012,skip_stitch,1,6,minor,train,synthetic
QDEF-005842,FAC-001,2025-02-19,LINE-08,ORD-08-006,STY-022,puckering,3,423,minor,train,synthetic
QDEF-005843,FAC-001,2025-02-19,LINE-08,ORD-08-006,STY-022,measurement_variance,1,423,minor,train,synthetic
QDEF-005844,FAC-001,2025-02-19,LINE-08,ORD-08-006,STY-022,uneven_stitch,1,423,minor,train,synthetic
QDEF-005845,FAC-001,2025-02-19,LINE-08,ORD-08-006,STY-022,open_seam,1,423,minor,train,synthetic
QDEF-005846,FAC-001,2025-02-19,LINE-08,ORD-08-006,STY-022,shade_variation,1,423,major,train,synthetic
QDEF-005847,FAC-001,2025-02-20,LINE-08,ORD-08-006,STY-022,uneven_stitch,2,432,major,train,synthetic
QDEF-005848,FAC-001,2025-02-20,LINE-08,ORD-08-006,STY-022,puckering,2,432,minor,train,synthetic
QDEF-005849,FAC-001,2025-02-20,LINE-08,ORD-08-006,STY-022,skip_stitch,3,432,minor,train,synthetic
QDEF-005850,FAC-001,2025-02-20,LINE-08,ORD-08-006,STY-022,measurement_variance,1,432,major,train,synthetic
QDEF-005851,FAC-001,2025-02-20,LINE-08,ORD-08-006,STY-022,oil_mark,1,432,minor,train,synthetic
QDEF-005852,FAC-001,2025-02-20,LINE-08,ORD-08-006,STY-022,open_seam,1,432,major,train,synthetic
QDEF-005853,FAC-001,2025-02-22,LINE-08,ORD-08-006,STY-022,skip_stitch,1,488,minor,train,synthetic
QDEF-005854,FAC-001,2025-02-22,LINE-08,ORD-08-006,STY-022,oil_mark,3,488,minor,train,synthetic
QDEF-005855,FAC-001,2025-02-22,LINE-08,ORD-08-006,STY-022,uneven_stitch,3,488,minor,train,synthetic
QDEF-005856,FAC-001,2025-02-22,LINE-08,ORD-08-006,STY-022,puckering,1,488,major,train,synthetic
QDEF-005857,FAC-001,2025-02-22,LINE-08,ORD-08-006,STY-022,measurement_variance,1,488,critical,train,synthetic
QDEF-005858,FAC-001,2025-02-22,LINE-08,ORD-08-006,STY-022,shade_variation,1,488,major,train,synthetic
QDEF-005859,FAC-001,2025-02-23,LINE-08,ORD-08-006,STY-022,open_seam,2,489,minor,train,synthetic
QDEF-005860,FAC-001,2025-02-23,LINE-08,ORD-08-006,STY-022,uneven_stitch,1,489,minor,train,synthetic
QDEF-005861,FAC-001,2025-02-23,LINE-08,ORD-08-006,STY-022,skip_stitch,7,489,minor,train,synthetic
QDEF-005862,FAC-001,2025-02-23,LINE-08,ORD-08-006,STY-022,measurement_variance,3,489,major,train,synthetic
QDEF-005863,FAC-001,2025-02-23,LINE-08,ORD-08-006,STY-022,puckering,2,489,major,train,synthetic
QDEF-005864,FAC-001,2025-02-23,LINE-08,ORD-08-006,STY-022,oil_mark,2,489,minor,train,synthetic
QDEF-005865,FAC-001,2025-02-23,LINE-08,ORD-08-006,STY-022,shade_variation,1,489,minor,train,synthetic
QDEF-005866,FAC-001,2025-02-24,LINE-08,ORD-08-006,STY-022,open_seam,3,542,minor,train,synthetic
QDEF-005867,FAC-001,2025-02-24,LINE-08,ORD-08-006,STY-022,skip_stitch,3,542,minor,train,synthetic
QDEF-005868,FAC-001,2025-02-24,LINE-08,ORD-08-006,STY-022,uneven_stitch,1,542,minor,train,synthetic
QDEF-005869,FAC-001,2025-02-24,LINE-08,ORD-08-006,STY-022,oil_mark,3,542,minor,train,synthetic
QDEF-005870,FAC-001,2025-02-24,LINE-08,ORD-08-006,STY-022,puckering,3,542,minor,train,synthetic
QDEF-005871,FAC-001,2025-02-24,LINE-08,ORD-08-006,STY-022,shade_variation,3,542,minor,train,synthetic
QDEF-005872,FAC-001,2025-02-24,LINE-08,ORD-08-006,STY-022,measurement_variance,1,542,minor,train,synthetic
QDEF-005873,FAC-001,2025-02-25,LINE-08,ORD-08-006,STY-022,measurement_variance,3,464,major,train,synthetic
QDEF-005874,FAC-001,2025-02-25,LINE-08,ORD-08-006,STY-022,shade_variation,5,464,minor,train,synthetic
QDEF-005875,FAC-001,2025-02-25,LINE-08,ORD-08-006,STY-022,uneven_stitch,2,464,minor,train,synthetic
QDEF-005876,FAC-001,2025-02-25,LINE-08,ORD-08-006,STY-022,skip_stitch,2,464,minor,train,synthetic
QDEF-005877,FAC-001,2025-02-25,LINE-08,ORD-08-006,STY-022,open_seam,5,464,minor,train,synthetic
QDEF-005878,FAC-001,2025-02-25,LINE-08,ORD-08-006,STY-022,puckering,1,464,major,train,synthetic
QDEF-005879,FAC-001,2025-02-25,LINE-08,ORD-08-006,STY-022,oil_mark,3,464,minor,train,synthetic
QDEF-005880,FAC-001,2025-02-26,LINE-08,ORD-08-006,STY-022,measurement_variance,3,522,minor,train,synthetic
QDEF-005881,FAC-001,2025-02-26,LINE-08,ORD-08-006,STY-022,shade_variation,4,522,minor,train,synthetic
QDEF-005882,FAC-001,2025-02-26,LINE-08,ORD-08-006,STY-022,open_seam,3,522,minor,train,synthetic
QDEF-005883,FAC-001,2025-02-26,LINE-08,ORD-08-006,STY-022,puckering,3,522,major,train,synthetic
QDEF-005884,FAC-001,2025-02-26,LINE-08,ORD-08-006,STY-022,uneven_stitch,5,522,major,train,synthetic
QDEF-005885,FAC-001,2025-02-26,LINE-08,ORD-08-006,STY-022,skip_stitch,1,522,minor,train,synthetic
QDEF-005886,FAC-001,2025-02-27,LINE-08,ORD-08-006,STY-022,uneven_stitch,3,545,minor,train,synthetic
QDEF-005887,FAC-001,2025-02-27,LINE-08,ORD-08-006,STY-022,skip_stitch,3,545,minor,train,synthetic
QDEF-005888,FAC-001,2025-02-27,LINE-08,ORD-08-006,STY-022,puckering,3,545,minor,train,synthetic
QDEF-005889,FAC-001,2025-02-27,LINE-08,ORD-08-006,STY-022,open_seam,3,545,major,train,synthetic
QDEF-005890,FAC-001,2025-02-27,LINE-08,ORD-08-006,STY-022,measurement_variance,3,545,critical,train,synthetic
QDEF-005891,FAC-001,2025-02-27,LINE-08,ORD-08-006,STY-022,oil_mark,1,545,minor,train,synthetic
QDEF-005892,FAC-001,2025-03-01,LINE-08,ORD-08-006,STY-022,open_seam,2,241,minor,train,synthetic
QDEF-005893,FAC-001,2025-03-01,LINE-08,ORD-08-006,STY-022,measurement_variance,1,241,minor,train,synthetic
QDEF-005894,FAC-001,2025-03-01,LINE-08,ORD-08-006,STY-022,oil_mark,2,241,critical,train,synthetic
QDEF-005895,FAC-001,2025-03-01,LINE-08,ORD-08-006,STY-022,shade_variation,2,241,minor,train,synthetic
QDEF-005896,FAC-001,2025-03-01,LINE-08,ORD-08-006,STY-022,skip_stitch,1,241,major,train,synthetic
QDEF-005897,FAC-001,2025-03-04,LINE-08,ORD-08-007,STY-001,measurement_variance,1,368,minor,train,synthetic
QDEF-005898,FAC-001,2025-03-04,LINE-08,ORD-08-007,STY-001,open_seam,1,368,minor,train,synthetic
QDEF-005899,FAC-001,2025-03-04,LINE-08,ORD-08-007,STY-001,shade_variation,2,368,major,train,synthetic
QDEF-005900,FAC-001,2025-03-04,LINE-08,ORD-08-007,STY-001,skip_stitch,1,368,minor,train,synthetic
QDEF-005901,FAC-001,2025-03-04,LINE-08,ORD-08-007,STY-001,uneven_stitch,1,368,major,train,synthetic
QDEF-005902,FAC-001,2025-03-05,LINE-08,ORD-08-007,STY-001,open_seam,3,650,minor,train,synthetic
QDEF-005903,FAC-001,2025-03-05,LINE-08,ORD-08-007,STY-001,measurement_variance,3,650,minor,train,synthetic
QDEF-005904,FAC-001,2025-03-05,LINE-08,ORD-08-007,STY-001,oil_mark,2,650,major,train,synthetic
QDEF-005905,FAC-001,2025-03-05,LINE-08,ORD-08-007,STY-001,skip_stitch,3,650,major,train,synthetic
QDEF-005906,FAC-001,2025-03-05,LINE-08,ORD-08-007,STY-001,puckering,1,650,minor,train,synthetic
QDEF-005907,FAC-001,2025-03-05,LINE-08,ORD-08-007,STY-001,uneven_stitch,3,650,minor,train,synthetic
QDEF-005908,FAC-001,2025-03-06,LINE-08,ORD-08-007,STY-001,open_seam,4,768,minor,train,synthetic
QDEF-005909,FAC-001,2025-03-06,LINE-08,ORD-08-007,STY-001,uneven_stitch,5,768,minor,train,synthetic
QDEF-005910,FAC-001,2025-03-06,LINE-08,ORD-08-007,STY-001,oil_mark,4,768,minor,train,synthetic
QDEF-005911,FAC-001,2025-03-06,LINE-08,ORD-08-007,STY-001,skip_stitch,4,768,minor,train,synthetic
QDEF-005912,FAC-001,2025-03-06,LINE-08,ORD-08-007,STY-001,shade_variation,1,768,minor,train,synthetic
QDEF-005913,FAC-001,2025-03-06,LINE-08,ORD-08-007,STY-001,puckering,2,768,minor,train,synthetic
QDEF-005914,FAC-001,2025-03-06,LINE-08,ORD-08-007,STY-001,measurement_variance,1,768,minor,train,synthetic
QDEF-005915,FAC-001,2025-03-08,LINE-08,ORD-08-007,STY-001,skip_stitch,2,783,minor,train,synthetic
QDEF-005916,FAC-001,2025-03-08,LINE-08,ORD-08-007,STY-001,open_seam,3,783,minor,train,synthetic
QDEF-005917,FAC-001,2025-03-08,LINE-08,ORD-08-007,STY-001,oil_mark,1,783,minor,train,synthetic
QDEF-005918,FAC-001,2025-03-08,LINE-08,ORD-08-007,STY-001,shade_variation,1,783,minor,train,synthetic
QDEF-005919,FAC-001,2025-03-08,LINE-08,ORD-08-007,STY-001,puckering,1,783,minor,train,synthetic
QDEF-005920,FAC-001,2025-03-08,LINE-08,ORD-08-007,STY-001,uneven_stitch,1,783,major,train,synthetic
QDEF-005921,FAC-001,2025-03-08,LINE-08,ORD-08-007,STY-001,measurement_variance,3,783,major,train,synthetic
QDEF-005922,FAC-001,2025-03-09,LINE-08,ORD-08-007,STY-001,measurement_variance,3,491,minor,train,synthetic
QDEF-005923,FAC-001,2025-03-09,LINE-08,ORD-08-007,STY-001,puckering,3,491,minor,train,synthetic
QDEF-005924,FAC-001,2025-03-09,LINE-08,ORD-08-007,STY-001,open_seam,1,491,minor,train,synthetic
QDEF-005925,FAC-001,2025-03-09,LINE-08,ORD-08-007,STY-001,skip_stitch,3,491,major,train,synthetic
QDEF-005926,FAC-001,2025-03-09,LINE-08,ORD-08-007,STY-001,oil_mark,2,491,minor,train,synthetic
QDEF-005927,FAC-001,2025-03-09,LINE-08,ORD-08-007,STY-001,shade_variation,1,491,minor,train,synthetic
QDEF-005928,FAC-001,2025-03-11,LINE-08,ORD-08-008,STY-002,skip_stitch,2,457,minor,train,synthetic
QDEF-005929,FAC-001,2025-03-11,LINE-08,ORD-08-008,STY-002,uneven_stitch,3,457,major,train,synthetic
QDEF-005930,FAC-001,2025-03-11,LINE-08,ORD-08-008,STY-002,open_seam,1,457,minor,train,synthetic
QDEF-005931,FAC-001,2025-03-11,LINE-08,ORD-08-008,STY-002,measurement_variance,1,457,major,train,synthetic
QDEF-005932,FAC-001,2025-03-12,LINE-08,ORD-08-008,STY-002,open_seam,1,691,minor,train,synthetic
QDEF-005933,FAC-001,2025-03-12,LINE-08,ORD-08-008,STY-002,puckering,2,691,minor,train,synthetic
QDEF-005934,FAC-001,2025-03-12,LINE-08,ORD-08-008,STY-002,uneven_stitch,3,691,minor,train,synthetic
QDEF-005935,FAC-001,2025-03-12,LINE-08,ORD-08-008,STY-002,measurement_variance,1,691,minor,train,synthetic
QDEF-005936,FAC-001,2025-03-12,LINE-08,ORD-08-008,STY-002,skip_stitch,1,691,minor,train,synthetic
QDEF-005937,FAC-001,2025-03-13,LINE-08,ORD-08-008,STY-002,skip_stitch,1,783,major,train,synthetic
QDEF-005938,FAC-001,2025-03-13,LINE-08,ORD-08-008,STY-002,shade_variation,4,783,minor,train,synthetic
QDEF-005939,FAC-001,2025-03-13,LINE-08,ORD-08-008,STY-002,open_seam,2,783,major,train,synthetic
QDEF-005940,FAC-001,2025-03-13,LINE-08,ORD-08-008,STY-002,oil_mark,1,783,major,train,synthetic
QDEF-005941,FAC-001,2025-03-13,LINE-08,ORD-08-008,STY-002,puckering,1,783,minor,train,synthetic
QDEF-005942,FAC-001,2025-03-13,LINE-08,ORD-08-008,STY-002,uneven_stitch,1,783,major,train,synthetic
QDEF-005943,FAC-001,2025-03-15,LINE-08,ORD-08-008,STY-002,open_seam,2,688,critical,train,synthetic
QDEF-005944,FAC-001,2025-03-15,LINE-08,ORD-08-008,STY-002,measurement_variance,1,688,minor,train,synthetic
QDEF-005945,FAC-001,2025-03-15,LINE-08,ORD-08-008,STY-002,oil_mark,1,688,minor,train,synthetic
QDEF-005946,FAC-001,2025-03-16,LINE-08,ORD-08-008,STY-002,skip_stitch,1,758,minor,train,synthetic
QDEF-005947,FAC-001,2025-03-16,LINE-08,ORD-08-008,STY-002,puckering,1,758,minor,train,synthetic
QDEF-005948,FAC-001,2025-03-16,LINE-08,ORD-08-008,STY-002,oil_mark,1,758,major,train,synthetic
QDEF-005949,FAC-001,2025-03-16,LINE-08,ORD-08-008,STY-002,open_seam,1,758,minor,train,synthetic
QDEF-005950,FAC-001,2025-03-16,LINE-08,ORD-08-008,STY-002,measurement_variance,1,758,minor,train,synthetic
QDEF-005951,FAC-001,2025-03-17,LINE-08,ORD-08-008,STY-002,oil_mark,2,780,minor,train,synthetic
QDEF-005952,FAC-001,2025-03-17,LINE-08,ORD-08-008,STY-002,uneven_stitch,2,780,major,train,synthetic
QDEF-005953,FAC-001,2025-03-17,LINE-08,ORD-08-008,STY-002,shade_variation,1,780,minor,train,synthetic
QDEF-005954,FAC-001,2025-03-18,LINE-08,ORD-08-008,STY-002,measurement_variance,3,738,major,train,synthetic
QDEF-005955,FAC-001,2025-03-18,LINE-08,ORD-08-008,STY-002,puckering,2,738,major,train,synthetic
QDEF-005956,FAC-001,2025-03-18,LINE-08,ORD-08-008,STY-002,skip_stitch,4,738,major,train,synthetic
QDEF-005957,FAC-001,2025-03-18,LINE-08,ORD-08-008,STY-002,uneven_stitch,1,738,minor,train,synthetic
QDEF-005958,FAC-001,2025-03-18,LINE-08,ORD-08-008,STY-002,open_seam,2,738,minor,train,synthetic
QDEF-005959,FAC-001,2025-03-18,LINE-08,ORD-08-008,STY-002,oil_mark,1,738,major,train,synthetic
QDEF-005960,FAC-001,2025-03-18,LINE-08,ORD-08-008,STY-002,shade_variation,1,738,minor,train,synthetic
QDEF-005961,FAC-001,2025-03-19,LINE-08,ORD-08-008,STY-002,oil_mark,2,698,minor,train,synthetic
QDEF-005962,FAC-001,2025-03-19,LINE-08,ORD-08-008,STY-002,shade_variation,1,698,minor,train,synthetic
QDEF-005963,FAC-001,2025-03-19,LINE-08,ORD-08-008,STY-002,open_seam,3,698,major,train,synthetic
QDEF-005964,FAC-001,2025-03-19,LINE-08,ORD-08-008,STY-002,uneven_stitch,1,698,major,train,synthetic
QDEF-005965,FAC-001,2025-03-19,LINE-08,ORD-08-008,STY-002,skip_stitch,1,698,critical,train,synthetic
QDEF-005966,FAC-001,2025-03-19,LINE-08,ORD-08-008,STY-002,puckering,2,698,minor,train,synthetic
QDEF-005967,FAC-001,2025-03-20,LINE-08,ORD-08-008,STY-002,skip_stitch,1,218,minor,train,synthetic
QDEF-005968,FAC-001,2025-03-20,LINE-08,ORD-08-008,STY-002,puckering,2,218,minor,train,synthetic
QDEF-005969,FAC-001,2025-03-23,LINE-08,ORD-08-009,STY-027,shade_variation,4,187,minor,train,synthetic
QDEF-005970,FAC-001,2025-03-23,LINE-08,ORD-08-009,STY-027,uneven_stitch,3,187,critical,train,synthetic
QDEF-005971,FAC-001,2025-03-23,LINE-08,ORD-08-009,STY-027,measurement_variance,2,187,major,train,synthetic
QDEF-005972,FAC-001,2025-03-23,LINE-08,ORD-08-009,STY-027,oil_mark,3,187,major,train,synthetic
QDEF-005973,FAC-001,2025-03-23,LINE-08,ORD-08-009,STY-027,open_seam,1,187,major,train,synthetic
QDEF-005974,FAC-001,2025-03-23,LINE-08,ORD-08-009,STY-027,puckering,1,187,major,train,synthetic
QDEF-005975,FAC-001,2025-03-24,LINE-08,ORD-08-009,STY-027,open_seam,1,248,minor,train,synthetic
QDEF-005976,FAC-001,2025-03-24,LINE-08,ORD-08-009,STY-027,measurement_variance,2,248,major,train,synthetic
QDEF-005977,FAC-001,2025-03-24,LINE-08,ORD-08-009,STY-027,shade_variation,1,248,minor,train,synthetic
QDEF-005978,FAC-001,2025-03-24,LINE-08,ORD-08-009,STY-027,puckering,2,248,major,train,synthetic
QDEF-005979,FAC-001,2025-03-24,LINE-08,ORD-08-009,STY-027,oil_mark,1,248,minor,train,synthetic
QDEF-005980,FAC-001,2025-03-24,LINE-08,ORD-08-009,STY-027,uneven_stitch,2,248,minor,train,synthetic
QDEF-005981,FAC-001,2025-03-24,LINE-08,ORD-08-009,STY-027,skip_stitch,1,248,minor,train,synthetic
QDEF-005982,FAC-001,2025-03-25,LINE-08,ORD-08-009,STY-027,uneven_stitch,3,269,major,train,synthetic
QDEF-005983,FAC-001,2025-03-25,LINE-08,ORD-08-009,STY-027,measurement_variance,1,269,minor,train,synthetic
QDEF-005984,FAC-001,2025-03-25,LINE-08,ORD-08-009,STY-027,skip_stitch,3,269,minor,train,synthetic
QDEF-005985,FAC-001,2025-03-25,LINE-08,ORD-08-009,STY-027,shade_variation,2,269,minor,train,synthetic
QDEF-005986,FAC-001,2025-03-25,LINE-08,ORD-08-009,STY-027,puckering,2,269,minor,train,synthetic
QDEF-005987,FAC-001,2025-03-25,LINE-08,ORD-08-009,STY-027,oil_mark,1,269,minor,train,synthetic
QDEF-005988,FAC-001,2025-03-25,LINE-08,ORD-08-009,STY-027,open_seam,1,269,minor,train,synthetic
QDEF-005989,FAC-001,2025-03-26,LINE-08,ORD-08-009,STY-027,shade_variation,3,262,critical,train,synthetic
QDEF-005990,FAC-001,2025-03-26,LINE-08,ORD-08-009,STY-027,measurement_variance,2,262,major,train,synthetic
QDEF-005991,FAC-001,2025-03-26,LINE-08,ORD-08-009,STY-027,open_seam,3,262,minor,train,synthetic
QDEF-005992,FAC-001,2025-03-26,LINE-08,ORD-08-009,STY-027,uneven_stitch,2,262,minor,train,synthetic
QDEF-005993,FAC-001,2025-03-26,LINE-08,ORD-08-009,STY-027,oil_mark,1,262,minor,train,synthetic
QDEF-005994,FAC-001,2025-03-26,LINE-08,ORD-08-009,STY-027,skip_stitch,1,262,minor,train,synthetic
QDEF-005995,FAC-001,2025-03-27,LINE-08,ORD-08-009,STY-027,shade_variation,1,18,minor,train,synthetic
QDEF-005996,FAC-001,2025-03-30,LINE-08,ORD-08-010,STY-036,skip_stitch,2,267,major,train,synthetic
QDEF-005997,FAC-001,2025-03-30,LINE-08,ORD-08-010,STY-036,puckering,1,267,minor,train,synthetic
QDEF-005998,FAC-001,2025-03-30,LINE-08,ORD-08-010,STY-036,open_seam,3,267,minor,train,synthetic
QDEF-005999,FAC-001,2025-03-30,LINE-08,ORD-08-010,STY-036,uneven_stitch,1,267,major,train,synthetic
QDEF-006000,FAC-001,2025-03-30,LINE-08,ORD-08-010,STY-036,shade_variation,1,267,minor,train,synthetic
QDEF-006001,FAC-001,2025-03-31,LINE-08,ORD-08-010,STY-036,uneven_stitch,3,284,minor,train,synthetic
QDEF-006002,FAC-001,2025-03-31,LINE-08,ORD-08-010,STY-036,measurement_variance,1,284,minor,train,synthetic
QDEF-006003,FAC-001,2025-03-31,LINE-08,ORD-08-010,STY-036,open_seam,2,284,minor,train,synthetic
QDEF-006004,FAC-001,2025-03-31,LINE-08,ORD-08-010,STY-036,shade_variation,1,284,minor,train,synthetic
QDEF-006005,FAC-001,2025-04-01,LINE-08,ORD-08-010,STY-036,shade_variation,3,344,minor,train,synthetic
QDEF-006006,FAC-001,2025-04-01,LINE-08,ORD-08-010,STY-036,puckering,1,344,critical,train,synthetic
QDEF-006007,FAC-001,2025-04-01,LINE-08,ORD-08-010,STY-036,uneven_stitch,1,344,minor,train,synthetic
QDEF-006008,FAC-001,2025-04-01,LINE-08,ORD-08-010,STY-036,measurement_variance,1,344,minor,train,synthetic
QDEF-006009,FAC-001,2025-04-01,LINE-08,ORD-08-010,STY-036,skip_stitch,1,344,major,train,synthetic
QDEF-006010,FAC-001,2025-04-01,LINE-08,ORD-08-010,STY-036,oil_mark,1,344,major,train,synthetic
QDEF-006011,FAC-001,2025-04-02,LINE-08,ORD-08-010,STY-036,oil_mark,3,345,critical,train,synthetic
QDEF-006012,FAC-001,2025-04-02,LINE-08,ORD-08-010,STY-036,uneven_stitch,1,345,minor,train,synthetic
QDEF-006013,FAC-001,2025-04-02,LINE-08,ORD-08-010,STY-036,shade_variation,2,345,major,train,synthetic
QDEF-006014,FAC-001,2025-04-02,LINE-08,ORD-08-010,STY-036,skip_stitch,2,345,minor,train,synthetic
QDEF-006015,FAC-001,2025-04-02,LINE-08,ORD-08-010,STY-036,measurement_variance,1,345,minor,train,synthetic
QDEF-006016,FAC-001,2025-04-02,LINE-08,ORD-08-010,STY-036,open_seam,2,345,minor,train,synthetic
QDEF-006017,FAC-001,2025-04-03,LINE-08,ORD-08-010,STY-036,measurement_variance,2,337,major,train,synthetic
QDEF-006018,FAC-001,2025-04-03,LINE-08,ORD-08-010,STY-036,uneven_stitch,2,337,major,train,synthetic
QDEF-006019,FAC-001,2025-04-03,LINE-08,ORD-08-010,STY-036,oil_mark,1,337,minor,train,synthetic
QDEF-006020,FAC-001,2025-04-03,LINE-08,ORD-08-010,STY-036,skip_stitch,1,337,major,train,synthetic
QDEF-006021,FAC-001,2025-04-03,LINE-08,ORD-08-010,STY-036,shade_variation,1,337,critical,train,synthetic
QDEF-006022,FAC-001,2025-04-05,LINE-08,ORD-08-010,STY-036,puckering,1,362,minor,train,synthetic
QDEF-006023,FAC-001,2025-04-05,LINE-08,ORD-08-010,STY-036,skip_stitch,1,362,minor,train,synthetic
QDEF-006024,FAC-001,2025-04-05,LINE-08,ORD-08-010,STY-036,measurement_variance,2,362,minor,train,synthetic
QDEF-006025,FAC-001,2025-04-05,LINE-08,ORD-08-010,STY-036,oil_mark,2,362,minor,train,synthetic
QDEF-006026,FAC-001,2025-04-05,LINE-08,ORD-08-010,STY-036,open_seam,1,362,minor,train,synthetic
QDEF-006027,FAC-001,2025-04-05,LINE-08,ORD-08-010,STY-036,shade_variation,2,362,minor,train,synthetic
QDEF-006028,FAC-001,2025-04-06,LINE-08,ORD-08-010,STY-036,uneven_stitch,2,342,minor,train,synthetic
QDEF-006029,FAC-001,2025-04-06,LINE-08,ORD-08-010,STY-036,measurement_variance,2,342,major,train,synthetic
QDEF-006030,FAC-001,2025-04-06,LINE-08,ORD-08-010,STY-036,shade_variation,2,342,minor,train,synthetic
QDEF-006031,FAC-001,2025-04-06,LINE-08,ORD-08-010,STY-036,open_seam,1,342,minor,train,synthetic
QDEF-006032,FAC-001,2025-04-06,LINE-08,ORD-08-010,STY-036,oil_mark,2,342,critical,train,synthetic
QDEF-006033,FAC-001,2025-04-07,LINE-08,ORD-08-010,STY-036,open_seam,3,348,minor,train,synthetic
QDEF-006034,FAC-001,2025-04-07,LINE-08,ORD-08-010,STY-036,shade_variation,2,348,minor,train,synthetic
QDEF-006035,FAC-001,2025-04-07,LINE-08,ORD-08-010,STY-036,skip_stitch,3,348,minor,train,synthetic
QDEF-006036,FAC-001,2025-04-07,LINE-08,ORD-08-010,STY-036,oil_mark,3,348,major,train,synthetic
QDEF-006037,FAC-001,2025-04-07,LINE-08,ORD-08-010,STY-036,puckering,1,348,major,train,synthetic
QDEF-006038,FAC-001,2025-04-07,LINE-08,ORD-08-010,STY-036,uneven_stitch,1,348,minor,train,synthetic
QDEF-006039,FAC-001,2025-04-08,LINE-08,ORD-08-010,STY-036,skip_stitch,3,342,major,train,synthetic
QDEF-006040,FAC-001,2025-04-08,LINE-08,ORD-08-010,STY-036,uneven_stitch,4,342,major,train,synthetic
QDEF-006041,FAC-001,2025-04-08,LINE-08,ORD-08-010,STY-036,oil_mark,6,342,critical,train,synthetic
QDEF-006042,FAC-001,2025-04-08,LINE-08,ORD-08-010,STY-036,open_seam,2,342,major,train,synthetic
QDEF-006043,FAC-001,2025-04-08,LINE-08,ORD-08-010,STY-036,measurement_variance,1,342,minor,train,synthetic
QDEF-006044,FAC-001,2025-04-08,LINE-08,ORD-08-010,STY-036,shade_variation,1,342,minor,train,synthetic
QDEF-006045,FAC-001,2025-04-08,LINE-08,ORD-08-010,STY-036,puckering,6,342,major,train,synthetic
QDEF-006046,FAC-001,2025-04-09,LINE-08,ORD-08-010,STY-036,shade_variation,1,155,major,train,synthetic
QDEF-006047,FAC-001,2025-04-09,LINE-08,ORD-08-010,STY-036,measurement_variance,1,155,minor,train,synthetic
QDEF-006048,FAC-001,2025-04-09,LINE-08,ORD-08-010,STY-036,oil_mark,1,155,minor,train,synthetic
QDEF-006049,FAC-001,2025-04-09,LINE-08,ORD-08-010,STY-036,skip_stitch,1,155,major,train,synthetic
QDEF-006050,FAC-001,2025-04-10,LINE-08,ORD-08-011,STY-011,oil_mark,2,183,critical,train,synthetic
QDEF-006051,FAC-001,2025-04-10,LINE-08,ORD-08-011,STY-011,shade_variation,2,183,minor,train,synthetic
QDEF-006052,FAC-001,2025-04-10,LINE-08,ORD-08-011,STY-011,uneven_stitch,2,183,minor,train,synthetic
QDEF-006053,FAC-001,2025-04-10,LINE-08,ORD-08-011,STY-011,open_seam,1,183,minor,train,synthetic
QDEF-006054,FAC-001,2025-04-10,LINE-08,ORD-08-011,STY-011,measurement_variance,2,183,minor,train,synthetic
QDEF-006055,FAC-001,2025-04-12,LINE-08,ORD-08-011,STY-011,oil_mark,3,223,minor,train,synthetic
QDEF-006056,FAC-001,2025-04-12,LINE-08,ORD-08-011,STY-011,puckering,4,223,major,train,synthetic
QDEF-006057,FAC-001,2025-04-12,LINE-08,ORD-08-011,STY-011,uneven_stitch,2,223,minor,train,synthetic
QDEF-006058,FAC-001,2025-04-12,LINE-08,ORD-08-011,STY-011,shade_variation,3,223,minor,train,synthetic
QDEF-006059,FAC-001,2025-04-12,LINE-08,ORD-08-011,STY-011,measurement_variance,2,223,minor,train,synthetic
QDEF-006060,FAC-001,2025-04-13,LINE-08,ORD-08-011,STY-011,measurement_variance,1,227,minor,train,synthetic
QDEF-006061,FAC-001,2025-04-13,LINE-08,ORD-08-011,STY-011,uneven_stitch,2,227,minor,train,synthetic
QDEF-006062,FAC-001,2025-04-13,LINE-08,ORD-08-011,STY-011,oil_mark,3,227,minor,train,synthetic
QDEF-006063,FAC-001,2025-04-13,LINE-08,ORD-08-011,STY-011,puckering,2,227,minor,train,synthetic
QDEF-006064,FAC-001,2025-04-13,LINE-08,ORD-08-011,STY-011,skip_stitch,1,227,major,train,synthetic
QDEF-006065,FAC-001,2025-04-13,LINE-08,ORD-08-011,STY-011,open_seam,1,227,major,train,synthetic
QDEF-006066,FAC-001,2025-04-14,LINE-08,ORD-08-011,STY-011,skip_stitch,2,254,major,train,synthetic
QDEF-006067,FAC-001,2025-04-14,LINE-08,ORD-08-011,STY-011,oil_mark,3,254,minor,train,synthetic
QDEF-006068,FAC-001,2025-04-14,LINE-08,ORD-08-011,STY-011,measurement_variance,1,254,major,train,synthetic
QDEF-006069,FAC-001,2025-04-14,LINE-08,ORD-08-011,STY-011,puckering,2,254,minor,train,synthetic
QDEF-006070,FAC-001,2025-04-14,LINE-08,ORD-08-011,STY-011,shade_variation,3,254,minor,train,synthetic
QDEF-006071,FAC-001,2025-04-14,LINE-08,ORD-08-011,STY-011,uneven_stitch,1,254,minor,train,synthetic
QDEF-006072,FAC-001,2025-04-15,LINE-08,ORD-08-011,STY-011,open_seam,5,290,major,train,synthetic
QDEF-006073,FAC-001,2025-04-15,LINE-08,ORD-08-011,STY-011,puckering,2,290,minor,train,synthetic
QDEF-006074,FAC-001,2025-04-15,LINE-08,ORD-08-011,STY-011,skip_stitch,1,290,minor,train,synthetic
QDEF-006075,FAC-001,2025-04-15,LINE-08,ORD-08-011,STY-011,oil_mark,1,290,minor,train,synthetic
QDEF-006076,FAC-001,2025-04-15,LINE-08,ORD-08-011,STY-011,measurement_variance,1,290,minor,train,synthetic
QDEF-006077,FAC-001,2025-04-16,LINE-08,ORD-08-011,STY-011,open_seam,1,242,minor,train,synthetic
QDEF-006078,FAC-001,2025-04-16,LINE-08,ORD-08-011,STY-011,measurement_variance,1,242,minor,train,synthetic
QDEF-006079,FAC-001,2025-04-16,LINE-08,ORD-08-011,STY-011,uneven_stitch,2,242,major,train,synthetic
QDEF-006080,FAC-001,2025-04-16,LINE-08,ORD-08-011,STY-011,shade_variation,1,242,minor,train,synthetic
QDEF-006081,FAC-001,2025-04-16,LINE-08,ORD-08-011,STY-011,puckering,3,242,minor,train,synthetic
QDEF-006082,FAC-001,2025-04-16,LINE-08,ORD-08-011,STY-011,oil_mark,1,242,minor,train,synthetic
QDEF-006083,FAC-001,2025-04-17,LINE-08,ORD-08-011,STY-011,uneven_stitch,6,259,major,train,synthetic
QDEF-006084,FAC-001,2025-04-17,LINE-08,ORD-08-011,STY-011,skip_stitch,2,259,minor,train,synthetic
QDEF-006085,FAC-001,2025-04-17,LINE-08,ORD-08-011,STY-011,open_seam,2,259,minor,train,synthetic
QDEF-006086,FAC-001,2025-04-17,LINE-08,ORD-08-011,STY-011,measurement_variance,4,259,minor,train,synthetic
QDEF-006087,FAC-001,2025-04-17,LINE-08,ORD-08-011,STY-011,oil_mark,3,259,minor,train,synthetic
QDEF-006088,FAC-001,2025-04-17,LINE-08,ORD-08-011,STY-011,shade_variation,2,259,major,train,synthetic
QDEF-006089,FAC-001,2025-04-17,LINE-08,ORD-08-011,STY-011,puckering,2,259,minor,train,synthetic
QDEF-006090,FAC-001,2025-04-19,LINE-08,ORD-08-011,STY-011,shade_variation,3,218,critical,train,synthetic
QDEF-006091,FAC-001,2025-04-19,LINE-08,ORD-08-011,STY-011,puckering,1,218,minor,train,synthetic
QDEF-006092,FAC-001,2025-04-20,LINE-08,ORD-08-011,STY-011,puckering,2,226,minor,train,synthetic
QDEF-006093,FAC-001,2025-04-20,LINE-08,ORD-08-011,STY-011,skip_stitch,1,226,minor,train,synthetic
QDEF-006094,FAC-001,2025-04-20,LINE-08,ORD-08-011,STY-011,uneven_stitch,1,226,minor,train,synthetic
QDEF-006095,FAC-001,2025-04-20,LINE-08,ORD-08-011,STY-011,shade_variation,1,226,major,train,synthetic
QDEF-006096,FAC-001,2025-04-20,LINE-08,ORD-08-011,STY-011,open_seam,3,226,minor,train,synthetic
QDEF-006097,FAC-001,2025-04-20,LINE-08,ORD-08-011,STY-011,oil_mark,2,226,minor,train,synthetic
QDEF-006098,FAC-001,2025-04-20,LINE-08,ORD-08-011,STY-011,measurement_variance,1,226,minor,train,synthetic
QDEF-006099,FAC-001,2025-04-21,LINE-08,ORD-08-011,STY-011,oil_mark,2,205,minor,train,synthetic
QDEF-006100,FAC-001,2025-04-21,LINE-08,ORD-08-011,STY-011,skip_stitch,2,205,minor,train,synthetic
QDEF-006101,FAC-001,2025-04-21,LINE-08,ORD-08-011,STY-011,open_seam,3,205,critical,train,synthetic
QDEF-006102,FAC-001,2025-04-21,LINE-08,ORD-08-011,STY-011,shade_variation,1,205,minor,train,synthetic
QDEF-006103,FAC-001,2025-04-21,LINE-08,ORD-08-011,STY-011,measurement_variance,1,205,major,train,synthetic
QDEF-006104,FAC-001,2025-04-22,LINE-08,ORD-08-012,STY-033,uneven_stitch,2,580,major,train,synthetic
QDEF-006105,FAC-001,2025-04-22,LINE-08,ORD-08-012,STY-033,shade_variation,3,580,minor,train,synthetic
QDEF-006106,FAC-001,2025-04-22,LINE-08,ORD-08-012,STY-033,oil_mark,4,580,minor,train,synthetic
QDEF-006107,FAC-001,2025-04-22,LINE-08,ORD-08-012,STY-033,open_seam,1,580,minor,train,synthetic
QDEF-006108,FAC-001,2025-04-22,LINE-08,ORD-08-012,STY-033,measurement_variance,1,580,minor,train,synthetic
QDEF-006109,FAC-001,2025-04-22,LINE-08,ORD-08-012,STY-033,skip_stitch,1,580,minor,train,synthetic
QDEF-006110,FAC-001,2025-04-23,LINE-08,ORD-08-012,STY-033,shade_variation,3,721,major,train,synthetic
QDEF-006111,FAC-001,2025-04-23,LINE-08,ORD-08-012,STY-033,puckering,2,721,minor,train,synthetic
QDEF-006112,FAC-001,2025-04-23,LINE-08,ORD-08-012,STY-033,open_seam,1,721,minor,train,synthetic
QDEF-006113,FAC-001,2025-04-23,LINE-08,ORD-08-012,STY-033,uneven_stitch,1,721,minor,train,synthetic
QDEF-006114,FAC-001,2025-04-24,LINE-08,ORD-08-012,STY-033,oil_mark,4,824,critical,train,synthetic
QDEF-006115,FAC-001,2025-04-24,LINE-08,ORD-08-012,STY-033,shade_variation,2,824,critical,train,synthetic
QDEF-006116,FAC-001,2025-04-24,LINE-08,ORD-08-012,STY-033,puckering,2,824,minor,train,synthetic
QDEF-006117,FAC-001,2025-04-24,LINE-08,ORD-08-012,STY-033,skip_stitch,1,824,minor,train,synthetic
QDEF-006118,FAC-001,2025-04-24,LINE-08,ORD-08-012,STY-033,uneven_stitch,2,824,major,train,synthetic
QDEF-006119,FAC-001,2025-04-24,LINE-08,ORD-08-012,STY-033,measurement_variance,3,824,minor,train,synthetic
QDEF-006120,FAC-001,2025-04-26,LINE-08,ORD-08-012,STY-033,skip_stitch,1,850,major,train,synthetic
QDEF-006121,FAC-001,2025-04-26,LINE-08,ORD-08-012,STY-033,oil_mark,5,850,major,train,synthetic
QDEF-006122,FAC-001,2025-04-26,LINE-08,ORD-08-012,STY-033,measurement_variance,6,850,critical,train,synthetic
QDEF-006123,FAC-001,2025-04-26,LINE-08,ORD-08-012,STY-033,open_seam,2,850,minor,train,synthetic
QDEF-006124,FAC-001,2025-04-26,LINE-08,ORD-08-012,STY-033,uneven_stitch,3,850,minor,train,synthetic
QDEF-006125,FAC-001,2025-04-26,LINE-08,ORD-08-012,STY-033,shade_variation,2,850,critical,train,synthetic
QDEF-006126,FAC-001,2025-04-26,LINE-08,ORD-08-012,STY-033,puckering,3,850,minor,train,synthetic
QDEF-006127,FAC-001,2025-04-27,LINE-08,ORD-08-012,STY-033,puckering,4,779,critical,train,synthetic
QDEF-006128,FAC-001,2025-04-27,LINE-08,ORD-08-012,STY-033,open_seam,3,779,minor,train,synthetic
QDEF-006129,FAC-001,2025-04-27,LINE-08,ORD-08-012,STY-033,oil_mark,2,779,minor,train,synthetic
QDEF-006130,FAC-001,2025-04-27,LINE-08,ORD-08-012,STY-033,measurement_variance,2,779,minor,train,synthetic
QDEF-006131,FAC-001,2025-04-27,LINE-08,ORD-08-012,STY-033,skip_stitch,1,779,minor,train,synthetic
QDEF-006132,FAC-001,2025-04-29,LINE-08,ORD-08-013,STY-003,measurement_variance,2,325,minor,train,synthetic
QDEF-006133,FAC-001,2025-04-29,LINE-08,ORD-08-013,STY-003,oil_mark,2,325,minor,train,synthetic
QDEF-006134,FAC-001,2025-04-29,LINE-08,ORD-08-013,STY-003,uneven_stitch,1,325,minor,train,synthetic
QDEF-006135,FAC-001,2025-04-29,LINE-08,ORD-08-013,STY-003,shade_variation,2,325,major,train,synthetic
QDEF-006136,FAC-001,2025-04-29,LINE-08,ORD-08-013,STY-003,skip_stitch,3,325,minor,train,synthetic
QDEF-006137,FAC-001,2025-04-29,LINE-08,ORD-08-013,STY-003,open_seam,1,325,major,train,synthetic
QDEF-006138,FAC-001,2025-04-30,LINE-08,ORD-08-013,STY-003,skip_stitch,1,390,minor,train,synthetic
QDEF-006139,FAC-001,2025-04-30,LINE-08,ORD-08-013,STY-003,oil_mark,2,390,minor,train,synthetic
QDEF-006140,FAC-001,2025-04-30,LINE-08,ORD-08-013,STY-003,shade_variation,2,390,minor,train,synthetic
QDEF-006141,FAC-001,2025-04-30,LINE-08,ORD-08-013,STY-003,open_seam,3,390,major,train,synthetic
QDEF-006142,FAC-001,2025-04-30,LINE-08,ORD-08-013,STY-003,measurement_variance,1,390,minor,train,synthetic
QDEF-006143,FAC-001,2025-04-30,LINE-08,ORD-08-013,STY-003,puckering,1,390,minor,train,synthetic
QDEF-006144,FAC-001,2025-05-01,LINE-08,ORD-08-013,STY-003,open_seam,6,422,major,validation,synthetic
QDEF-006145,FAC-001,2025-05-01,LINE-08,ORD-08-013,STY-003,shade_variation,2,422,minor,validation,synthetic
QDEF-006146,FAC-001,2025-05-01,LINE-08,ORD-08-013,STY-003,puckering,2,422,minor,validation,synthetic
QDEF-006147,FAC-001,2025-05-01,LINE-08,ORD-08-013,STY-003,measurement_variance,3,422,major,validation,synthetic
QDEF-006148,FAC-001,2025-05-01,LINE-08,ORD-08-013,STY-003,uneven_stitch,1,422,major,validation,synthetic
QDEF-006149,FAC-001,2025-05-01,LINE-08,ORD-08-013,STY-003,skip_stitch,4,422,minor,validation,synthetic
QDEF-006150,FAC-001,2025-05-01,LINE-08,ORD-08-013,STY-003,oil_mark,1,422,minor,validation,synthetic
QDEF-006151,FAC-001,2025-05-03,LINE-08,ORD-08-013,STY-003,measurement_variance,4,526,minor,validation,synthetic
QDEF-006152,FAC-001,2025-05-03,LINE-08,ORD-08-013,STY-003,shade_variation,4,526,minor,validation,synthetic
QDEF-006153,FAC-001,2025-05-03,LINE-08,ORD-08-013,STY-003,open_seam,6,526,critical,validation,synthetic
QDEF-006154,FAC-001,2025-05-03,LINE-08,ORD-08-013,STY-003,skip_stitch,2,526,minor,validation,synthetic
QDEF-006155,FAC-001,2025-05-03,LINE-08,ORD-08-013,STY-003,puckering,1,526,minor,validation,synthetic
QDEF-006156,FAC-001,2025-05-03,LINE-08,ORD-08-013,STY-003,uneven_stitch,2,526,minor,validation,synthetic
QDEF-006157,FAC-001,2025-05-04,LINE-08,ORD-08-013,STY-003,skip_stitch,3,468,minor,validation,synthetic
QDEF-006158,FAC-001,2025-05-04,LINE-08,ORD-08-013,STY-003,measurement_variance,3,468,minor,validation,synthetic
QDEF-006159,FAC-001,2025-05-04,LINE-08,ORD-08-013,STY-003,oil_mark,4,468,minor,validation,synthetic
QDEF-006160,FAC-001,2025-05-04,LINE-08,ORD-08-013,STY-003,puckering,4,468,minor,validation,synthetic
QDEF-006161,FAC-001,2025-05-04,LINE-08,ORD-08-013,STY-003,open_seam,2,468,major,validation,synthetic
QDEF-006162,FAC-001,2025-05-04,LINE-08,ORD-08-013,STY-003,uneven_stitch,4,468,minor,validation,synthetic
QDEF-006163,FAC-001,2025-05-04,LINE-08,ORD-08-013,STY-003,shade_variation,3,468,critical,validation,synthetic
QDEF-006164,FAC-001,2025-05-05,LINE-08,ORD-08-013,STY-003,skip_stitch,4,401,critical,validation,synthetic
QDEF-006165,FAC-001,2025-05-05,LINE-08,ORD-08-013,STY-003,uneven_stitch,2,401,major,validation,synthetic
QDEF-006166,FAC-001,2025-05-05,LINE-08,ORD-08-013,STY-003,oil_mark,4,401,minor,validation,synthetic
QDEF-006167,FAC-001,2025-05-05,LINE-08,ORD-08-013,STY-003,shade_variation,4,401,major,validation,synthetic
QDEF-006168,FAC-001,2025-05-05,LINE-08,ORD-08-013,STY-003,open_seam,4,401,major,validation,synthetic
QDEF-006169,FAC-001,2025-05-05,LINE-08,ORD-08-013,STY-003,puckering,2,401,minor,validation,synthetic
QDEF-006170,FAC-001,2025-05-05,LINE-08,ORD-08-013,STY-003,measurement_variance,5,401,minor,validation,synthetic
QDEF-006171,FAC-001,2025-05-06,LINE-08,ORD-08-013,STY-003,puckering,3,470,major,validation,synthetic
QDEF-006172,FAC-001,2025-05-06,LINE-08,ORD-08-013,STY-003,uneven_stitch,2,470,minor,validation,synthetic
QDEF-006173,FAC-001,2025-05-06,LINE-08,ORD-08-013,STY-003,open_seam,2,470,minor,validation,synthetic
QDEF-006174,FAC-001,2025-05-06,LINE-08,ORD-08-013,STY-003,oil_mark,2,470,minor,validation,synthetic
QDEF-006175,FAC-001,2025-05-06,LINE-08,ORD-08-013,STY-003,skip_stitch,2,470,minor,validation,synthetic
QDEF-006176,FAC-001,2025-05-06,LINE-08,ORD-08-013,STY-003,shade_variation,1,470,minor,validation,synthetic
QDEF-006177,FAC-001,2025-05-07,LINE-08,ORD-08-013,STY-003,open_seam,1,483,minor,validation,synthetic
QDEF-006178,FAC-001,2025-05-07,LINE-08,ORD-08-013,STY-003,measurement_variance,4,483,minor,validation,synthetic
QDEF-006179,FAC-001,2025-05-07,LINE-08,ORD-08-013,STY-003,puckering,2,483,major,validation,synthetic
QDEF-006180,FAC-001,2025-05-07,LINE-08,ORD-08-013,STY-003,uneven_stitch,2,483,minor,validation,synthetic
QDEF-006181,FAC-001,2025-05-07,LINE-08,ORD-08-013,STY-003,shade_variation,2,483,minor,validation,synthetic
QDEF-006182,FAC-001,2025-05-07,LINE-08,ORD-08-013,STY-003,skip_stitch,1,483,minor,validation,synthetic
QDEF-006183,FAC-001,2025-05-08,LINE-08,ORD-08-013,STY-003,skip_stitch,2,461,critical,validation,synthetic
QDEF-006184,FAC-001,2025-05-08,LINE-08,ORD-08-013,STY-003,oil_mark,2,461,minor,validation,synthetic
QDEF-006185,FAC-001,2025-05-08,LINE-08,ORD-08-013,STY-003,open_seam,4,461,minor,validation,synthetic
QDEF-006186,FAC-001,2025-05-08,LINE-08,ORD-08-013,STY-003,uneven_stitch,2,461,minor,validation,synthetic
QDEF-006187,FAC-001,2025-05-08,LINE-08,ORD-08-013,STY-003,puckering,4,461,minor,validation,synthetic
QDEF-006188,FAC-001,2025-05-08,LINE-08,ORD-08-013,STY-003,measurement_variance,1,461,minor,validation,synthetic
QDEF-006189,FAC-001,2025-05-10,LINE-08,ORD-08-014,STY-025,oil_mark,1,172,minor,validation,synthetic
QDEF-006190,FAC-001,2025-05-10,LINE-08,ORD-08-014,STY-025,uneven_stitch,1,172,minor,validation,synthetic
QDEF-006191,FAC-001,2025-05-10,LINE-08,ORD-08-014,STY-025,puckering,2,172,major,validation,synthetic
QDEF-006192,FAC-001,2025-05-10,LINE-08,ORD-08-014,STY-025,skip_stitch,1,172,minor,validation,synthetic
QDEF-006193,FAC-001,2025-05-11,LINE-08,ORD-08-014,STY-025,open_seam,1,220,minor,validation,synthetic
QDEF-006194,FAC-001,2025-05-11,LINE-08,ORD-08-014,STY-025,uneven_stitch,3,220,minor,validation,synthetic
QDEF-006195,FAC-001,2025-05-11,LINE-08,ORD-08-014,STY-025,puckering,1,220,minor,validation,synthetic
QDEF-006196,FAC-001,2025-05-11,LINE-08,ORD-08-014,STY-025,measurement_variance,3,220,minor,validation,synthetic
QDEF-006197,FAC-001,2025-05-11,LINE-08,ORD-08-014,STY-025,shade_variation,3,220,major,validation,synthetic
QDEF-006198,FAC-001,2025-05-11,LINE-08,ORD-08-014,STY-025,skip_stitch,1,220,major,validation,synthetic
QDEF-006199,FAC-001,2025-05-12,LINE-08,ORD-08-014,STY-025,uneven_stitch,4,228,minor,validation,synthetic
QDEF-006200,FAC-001,2025-05-12,LINE-08,ORD-08-014,STY-025,oil_mark,6,228,minor,validation,synthetic
QDEF-006201,FAC-001,2025-05-12,LINE-08,ORD-08-014,STY-025,open_seam,2,228,critical,validation,synthetic
QDEF-006202,FAC-001,2025-05-12,LINE-08,ORD-08-014,STY-025,measurement_variance,2,228,minor,validation,synthetic
QDEF-006203,FAC-001,2025-05-12,LINE-08,ORD-08-014,STY-025,skip_stitch,1,228,minor,validation,synthetic
QDEF-006204,FAC-001,2025-05-13,LINE-08,ORD-08-014,STY-025,uneven_stitch,4,247,minor,validation,synthetic
QDEF-006205,FAC-001,2025-05-13,LINE-08,ORD-08-014,STY-025,puckering,2,247,minor,validation,synthetic
QDEF-006206,FAC-001,2025-05-13,LINE-08,ORD-08-014,STY-025,open_seam,1,247,minor,validation,synthetic
QDEF-006207,FAC-001,2025-05-13,LINE-08,ORD-08-014,STY-025,measurement_variance,3,247,minor,validation,synthetic
QDEF-006208,FAC-001,2025-05-13,LINE-08,ORD-08-014,STY-025,oil_mark,2,247,minor,validation,synthetic
QDEF-006209,FAC-001,2025-05-13,LINE-08,ORD-08-014,STY-025,skip_stitch,1,247,major,validation,synthetic
QDEF-006210,FAC-001,2025-05-13,LINE-08,ORD-08-014,STY-025,shade_variation,1,247,minor,validation,synthetic
QDEF-006211,FAC-001,2025-05-14,LINE-08,ORD-08-014,STY-025,oil_mark,3,275,minor,validation,synthetic
QDEF-006212,FAC-001,2025-05-14,LINE-08,ORD-08-014,STY-025,shade_variation,3,275,major,validation,synthetic
QDEF-006213,FAC-001,2025-05-14,LINE-08,ORD-08-014,STY-025,uneven_stitch,3,275,minor,validation,synthetic
QDEF-006214,FAC-001,2025-05-14,LINE-08,ORD-08-014,STY-025,measurement_variance,2,275,minor,validation,synthetic
QDEF-006215,FAC-001,2025-05-14,LINE-08,ORD-08-014,STY-025,open_seam,3,275,major,validation,synthetic
QDEF-006216,FAC-001,2025-05-14,LINE-08,ORD-08-014,STY-025,skip_stitch,2,275,minor,validation,synthetic
QDEF-006217,FAC-001,2025-05-15,LINE-08,ORD-08-014,STY-025,open_seam,1,98,major,validation,synthetic
QDEF-006218,FAC-001,2025-05-15,LINE-08,ORD-08-014,STY-025,oil_mark,1,98,minor,validation,synthetic
QDEF-006219,FAC-001,2025-05-15,LINE-08,ORD-08-014,STY-025,uneven_stitch,2,98,minor,validation,synthetic
QDEF-006220,FAC-001,2025-05-15,LINE-08,ORD-08-014,STY-025,skip_stitch,1,98,major,validation,synthetic
QDEF-006221,FAC-001,2025-05-19,LINE-08,ORD-08-015,STY-006,measurement_variance,3,365,critical,validation,synthetic
QDEF-006222,FAC-001,2025-05-19,LINE-08,ORD-08-015,STY-006,skip_stitch,4,365,major,validation,synthetic
QDEF-006223,FAC-001,2025-05-19,LINE-08,ORD-08-015,STY-006,uneven_stitch,1,365,minor,validation,synthetic
QDEF-006224,FAC-001,2025-05-19,LINE-08,ORD-08-015,STY-006,shade_variation,1,365,minor,validation,synthetic
QDEF-006225,FAC-001,2025-05-19,LINE-08,ORD-08-015,STY-006,puckering,3,365,minor,validation,synthetic
QDEF-006226,FAC-001,2025-05-19,LINE-08,ORD-08-015,STY-006,oil_mark,1,365,minor,validation,synthetic
QDEF-006227,FAC-001,2025-05-20,LINE-08,ORD-08-015,STY-006,uneven_stitch,2,425,critical,validation,synthetic
QDEF-006228,FAC-001,2025-05-20,LINE-08,ORD-08-015,STY-006,measurement_variance,3,425,minor,validation,synthetic
QDEF-006229,FAC-001,2025-05-20,LINE-08,ORD-08-015,STY-006,skip_stitch,1,425,minor,validation,synthetic
QDEF-006230,FAC-001,2025-05-20,LINE-08,ORD-08-015,STY-006,open_seam,2,425,minor,validation,synthetic
QDEF-006231,FAC-001,2025-05-20,LINE-08,ORD-08-015,STY-006,oil_mark,1,425,minor,validation,synthetic
QDEF-006232,FAC-001,2025-05-20,LINE-08,ORD-08-015,STY-006,shade_variation,2,425,major,validation,synthetic
QDEF-006233,FAC-001,2025-05-21,LINE-08,ORD-08-015,STY-006,shade_variation,1,380,minor,validation,synthetic
QDEF-006234,FAC-001,2025-05-21,LINE-08,ORD-08-015,STY-006,measurement_variance,1,380,minor,validation,synthetic
QDEF-006235,FAC-001,2025-05-21,LINE-08,ORD-08-015,STY-006,skip_stitch,1,380,major,validation,synthetic
QDEF-006236,FAC-001,2025-05-22,LINE-08,ORD-08-015,STY-006,shade_variation,3,478,major,validation,synthetic
QDEF-006237,FAC-001,2025-05-22,LINE-08,ORD-08-015,STY-006,skip_stitch,1,478,minor,validation,synthetic
QDEF-006238,FAC-001,2025-05-22,LINE-08,ORD-08-015,STY-006,measurement_variance,3,478,minor,validation,synthetic
QDEF-006239,FAC-001,2025-05-22,LINE-08,ORD-08-015,STY-006,uneven_stitch,2,478,minor,validation,synthetic
QDEF-006240,FAC-001,2025-05-22,LINE-08,ORD-08-015,STY-006,open_seam,1,478,minor,validation,synthetic
QDEF-006241,FAC-001,2025-05-22,LINE-08,ORD-08-015,STY-006,puckering,2,478,minor,validation,synthetic
QDEF-006242,FAC-001,2025-05-24,LINE-08,ORD-08-015,STY-006,puckering,1,413,major,validation,synthetic
QDEF-006243,FAC-001,2025-05-24,LINE-08,ORD-08-015,STY-006,uneven_stitch,2,413,minor,validation,synthetic
QDEF-006244,FAC-001,2025-05-25,LINE-08,ORD-08-015,STY-006,open_seam,4,426,major,validation,synthetic
QDEF-006245,FAC-001,2025-05-25,LINE-08,ORD-08-015,STY-006,oil_mark,3,426,major,validation,synthetic
QDEF-006246,FAC-001,2025-05-25,LINE-08,ORD-08-015,STY-006,puckering,2,426,minor,validation,synthetic
QDEF-006247,FAC-001,2025-05-25,LINE-08,ORD-08-015,STY-006,skip_stitch,1,426,minor,validation,synthetic
QDEF-006248,FAC-001,2025-05-25,LINE-08,ORD-08-015,STY-006,uneven_stitch,4,426,minor,validation,synthetic
QDEF-006249,FAC-001,2025-05-25,LINE-08,ORD-08-015,STY-006,shade_variation,2,426,minor,validation,synthetic
QDEF-006250,FAC-001,2025-05-25,LINE-08,ORD-08-015,STY-006,measurement_variance,1,426,minor,validation,synthetic
QDEF-006251,FAC-001,2025-05-26,LINE-08,ORD-08-015,STY-006,measurement_variance,3,534,minor,validation,synthetic
QDEF-006252,FAC-001,2025-05-26,LINE-08,ORD-08-015,STY-006,uneven_stitch,3,534,major,validation,synthetic
QDEF-006253,FAC-001,2025-05-26,LINE-08,ORD-08-015,STY-006,shade_variation,2,534,major,validation,synthetic
QDEF-006254,FAC-001,2025-05-26,LINE-08,ORD-08-015,STY-006,skip_stitch,2,534,minor,validation,synthetic
QDEF-006255,FAC-001,2025-05-26,LINE-08,ORD-08-015,STY-006,open_seam,1,534,minor,validation,synthetic
QDEF-006256,FAC-001,2025-05-26,LINE-08,ORD-08-015,STY-006,oil_mark,1,534,minor,validation,synthetic
QDEF-006257,FAC-001,2025-05-26,LINE-08,ORD-08-015,STY-006,puckering,1,534,minor,validation,synthetic
QDEF-006258,FAC-001,2025-05-27,LINE-08,ORD-08-015,STY-006,open_seam,2,166,minor,validation,synthetic
QDEF-006259,FAC-001,2025-05-27,LINE-08,ORD-08-015,STY-006,uneven_stitch,1,166,critical,validation,synthetic
QDEF-006260,FAC-001,2025-05-29,LINE-08,ORD-08-016,STY-012,shade_variation,2,143,minor,validation,synthetic
QDEF-006261,FAC-001,2025-05-29,LINE-08,ORD-08-016,STY-012,oil_mark,5,143,minor,validation,synthetic
QDEF-006262,FAC-001,2025-05-29,LINE-08,ORD-08-016,STY-012,uneven_stitch,1,143,minor,validation,synthetic
QDEF-006263,FAC-001,2025-05-29,LINE-08,ORD-08-016,STY-012,measurement_variance,3,143,minor,validation,synthetic
QDEF-006264,FAC-001,2025-05-29,LINE-08,ORD-08-016,STY-012,puckering,1,143,major,validation,synthetic
QDEF-006265,FAC-001,2025-05-31,LINE-08,ORD-08-016,STY-012,open_seam,3,212,major,validation,synthetic
QDEF-006266,FAC-001,2025-05-31,LINE-08,ORD-08-016,STY-012,uneven_stitch,2,212,minor,validation,synthetic
QDEF-006267,FAC-001,2025-05-31,LINE-08,ORD-08-016,STY-012,skip_stitch,2,212,critical,validation,synthetic
QDEF-006268,FAC-001,2025-05-31,LINE-08,ORD-08-016,STY-012,puckering,1,212,major,validation,synthetic
QDEF-006269,FAC-001,2025-06-01,LINE-08,ORD-08-016,STY-012,uneven_stitch,2,223,major,test,synthetic
QDEF-006270,FAC-001,2025-06-01,LINE-08,ORD-08-016,STY-012,oil_mark,2,223,minor,test,synthetic
QDEF-006271,FAC-001,2025-06-01,LINE-08,ORD-08-016,STY-012,puckering,2,223,minor,test,synthetic
QDEF-006272,FAC-001,2025-06-01,LINE-08,ORD-08-016,STY-012,open_seam,1,223,minor,test,synthetic
QDEF-006273,FAC-001,2025-06-01,LINE-08,ORD-08-016,STY-012,skip_stitch,1,223,minor,test,synthetic
QDEF-006274,FAC-001,2025-06-01,LINE-08,ORD-08-016,STY-012,shade_variation,1,223,minor,test,synthetic
QDEF-006275,FAC-001,2025-06-02,LINE-08,ORD-08-016,STY-012,shade_variation,2,238,major,test,synthetic
QDEF-006276,FAC-001,2025-06-02,LINE-08,ORD-08-016,STY-012,uneven_stitch,1,238,major,test,synthetic
QDEF-006277,FAC-001,2025-06-02,LINE-08,ORD-08-016,STY-012,puckering,1,238,minor,test,synthetic
QDEF-006278,FAC-001,2025-06-03,LINE-08,ORD-08-016,STY-012,open_seam,2,215,minor,test,synthetic
QDEF-006279,FAC-001,2025-06-03,LINE-08,ORD-08-016,STY-012,uneven_stitch,3,215,minor,test,synthetic
QDEF-006280,FAC-001,2025-06-03,LINE-08,ORD-08-016,STY-012,skip_stitch,1,215,major,test,synthetic
QDEF-006281,FAC-001,2025-06-03,LINE-08,ORD-08-016,STY-012,oil_mark,1,215,major,test,synthetic
QDEF-006282,FAC-001,2025-06-04,LINE-08,ORD-08-016,STY-012,shade_variation,2,238,critical,test,synthetic
QDEF-006283,FAC-001,2025-06-04,LINE-08,ORD-08-016,STY-012,puckering,1,238,major,test,synthetic
QDEF-006284,FAC-001,2025-06-04,LINE-08,ORD-08-016,STY-012,measurement_variance,1,238,minor,test,synthetic
QDEF-006285,FAC-001,2025-06-05,LINE-08,ORD-08-016,STY-012,measurement_variance,3,202,minor,test,synthetic
QDEF-006286,FAC-001,2025-06-05,LINE-08,ORD-08-016,STY-012,open_seam,1,202,major,test,synthetic
QDEF-006287,FAC-001,2025-06-05,LINE-08,ORD-08-016,STY-012,uneven_stitch,2,202,major,test,synthetic
QDEF-006288,FAC-001,2025-06-05,LINE-08,ORD-08-016,STY-012,oil_mark,1,202,minor,test,synthetic
QDEF-006289,FAC-001,2025-06-05,LINE-08,ORD-08-016,STY-012,skip_stitch,1,202,minor,test,synthetic
QDEF-006290,FAC-001,2025-06-05,LINE-08,ORD-08-016,STY-012,shade_variation,2,202,minor,test,synthetic
QDEF-006291,FAC-001,2025-06-05,LINE-08,ORD-08-016,STY-012,puckering,1,202,minor,test,synthetic
QDEF-006292,FAC-001,2025-06-07,LINE-08,ORD-08-016,STY-012,open_seam,2,221,minor,test,synthetic
QDEF-006293,FAC-001,2025-06-07,LINE-08,ORD-08-016,STY-012,puckering,1,221,minor,test,synthetic
QDEF-006294,FAC-001,2025-06-08,LINE-08,ORD-08-016,STY-012,oil_mark,1,203,minor,test,synthetic
QDEF-006295,FAC-001,2025-06-08,LINE-08,ORD-08-016,STY-012,skip_stitch,2,203,minor,test,synthetic
QDEF-006296,FAC-001,2025-06-08,LINE-08,ORD-08-016,STY-012,shade_variation,2,203,minor,test,synthetic
QDEF-006297,FAC-001,2025-06-08,LINE-08,ORD-08-016,STY-012,open_seam,1,203,minor,test,synthetic
QDEF-006298,FAC-001,2025-06-09,LINE-08,ORD-08-016,STY-012,skip_stitch,1,194,minor,test,synthetic
QDEF-006299,FAC-001,2025-06-09,LINE-08,ORD-08-016,STY-012,open_seam,1,194,minor,test,synthetic
QDEF-006300,FAC-001,2025-06-09,LINE-08,ORD-08-016,STY-012,puckering,2,194,major,test,synthetic
QDEF-006301,FAC-001,2025-06-09,LINE-08,ORD-08-016,STY-012,oil_mark,2,194,minor,test,synthetic
QDEF-006302,FAC-001,2025-06-09,LINE-08,ORD-08-016,STY-012,shade_variation,2,194,minor,test,synthetic
QDEF-006303,FAC-001,2025-06-09,LINE-08,ORD-08-016,STY-012,uneven_stitch,3,194,minor,test,synthetic
QDEF-006304,FAC-001,2025-06-10,LINE-08,ORD-08-016,STY-012,skip_stitch,3,180,minor,test,synthetic
QDEF-006305,FAC-001,2025-06-10,LINE-08,ORD-08-016,STY-012,oil_mark,2,180,minor,test,synthetic
QDEF-006306,FAC-001,2025-06-10,LINE-08,ORD-08-016,STY-012,open_seam,1,180,major,test,synthetic
QDEF-006307,FAC-001,2025-06-10,LINE-08,ORD-08-016,STY-012,uneven_stitch,3,180,major,test,synthetic
QDEF-006308,FAC-001,2025-06-10,LINE-08,ORD-08-016,STY-012,measurement_variance,2,180,minor,test,synthetic
QDEF-006309,FAC-001,2025-06-10,LINE-08,ORD-08-016,STY-012,puckering,1,180,minor,test,synthetic
QDEF-006310,FAC-001,2025-06-11,LINE-08,ORD-08-016,STY-012,measurement_variance,1,13,major,test,synthetic
QDEF-006311,FAC-001,2025-06-11,LINE-08,ORD-08-016,STY-012,oil_mark,1,13,major,test,synthetic
QDEF-006312,FAC-001,2025-06-14,LINE-08,ORD-08-017,STY-018,puckering,1,412,minor,test,synthetic
QDEF-006313,FAC-001,2025-06-14,LINE-08,ORD-08-017,STY-018,open_seam,5,412,major,test,synthetic
QDEF-006314,FAC-001,2025-06-14,LINE-08,ORD-08-017,STY-018,measurement_variance,1,412,minor,test,synthetic
QDEF-006315,FAC-001,2025-06-14,LINE-08,ORD-08-017,STY-018,uneven_stitch,3,412,minor,test,synthetic
QDEF-006316,FAC-001,2025-06-14,LINE-08,ORD-08-017,STY-018,oil_mark,1,412,major,test,synthetic
QDEF-006317,FAC-001,2025-06-14,LINE-08,ORD-08-017,STY-018,skip_stitch,1,412,major,test,synthetic
QDEF-006318,FAC-001,2025-06-15,LINE-08,ORD-08-017,STY-018,measurement_variance,4,654,critical,test,synthetic
QDEF-006319,FAC-001,2025-06-15,LINE-08,ORD-08-017,STY-018,shade_variation,5,654,minor,test,synthetic
QDEF-006320,FAC-001,2025-06-15,LINE-08,ORD-08-017,STY-018,open_seam,4,654,critical,test,synthetic
QDEF-006321,FAC-001,2025-06-15,LINE-08,ORD-08-017,STY-018,puckering,2,654,minor,test,synthetic
QDEF-006322,FAC-001,2025-06-15,LINE-08,ORD-08-017,STY-018,skip_stitch,2,654,minor,test,synthetic
QDEF-006323,FAC-001,2025-06-15,LINE-08,ORD-08-017,STY-018,oil_mark,1,654,minor,test,synthetic
QDEF-006324,FAC-001,2025-06-16,LINE-08,ORD-08-017,STY-018,shade_variation,2,602,minor,test,synthetic
QDEF-006325,FAC-001,2025-06-16,LINE-08,ORD-08-017,STY-018,open_seam,2,602,minor,test,synthetic
QDEF-006326,FAC-001,2025-06-16,LINE-08,ORD-08-017,STY-018,puckering,1,602,minor,test,synthetic
QDEF-006327,FAC-001,2025-06-16,LINE-08,ORD-08-017,STY-018,skip_stitch,1,602,critical,test,synthetic
QDEF-006328,FAC-001,2025-06-17,LINE-08,ORD-08-017,STY-018,measurement_variance,3,729,minor,test,synthetic
QDEF-006329,FAC-001,2025-06-17,LINE-08,ORD-08-017,STY-018,skip_stitch,2,729,major,test,synthetic
QDEF-006330,FAC-001,2025-06-17,LINE-08,ORD-08-017,STY-018,open_seam,2,729,major,test,synthetic
QDEF-006331,FAC-001,2025-06-17,LINE-08,ORD-08-017,STY-018,uneven_stitch,4,729,major,test,synthetic
QDEF-006332,FAC-001,2025-06-17,LINE-08,ORD-08-017,STY-018,oil_mark,4,729,critical,test,synthetic
QDEF-006333,FAC-001,2025-06-17,LINE-08,ORD-08-017,STY-018,shade_variation,1,729,minor,test,synthetic
QDEF-006334,FAC-001,2025-06-17,LINE-08,ORD-08-017,STY-018,puckering,1,729,minor,test,synthetic
QDEF-006335,FAC-001,2025-06-18,LINE-08,ORD-08-017,STY-018,open_seam,1,691,minor,test,synthetic
QDEF-006336,FAC-001,2025-06-18,LINE-08,ORD-08-017,STY-018,skip_stitch,1,691,minor,test,synthetic
QDEF-006337,FAC-001,2025-06-18,LINE-08,ORD-08-017,STY-018,shade_variation,7,691,minor,test,synthetic
QDEF-006338,FAC-001,2025-06-18,LINE-08,ORD-08-017,STY-018,puckering,3,691,minor,test,synthetic
QDEF-006339,FAC-001,2025-06-18,LINE-08,ORD-08-017,STY-018,uneven_stitch,1,691,minor,test,synthetic
QDEF-006340,FAC-001,2025-06-18,LINE-08,ORD-08-017,STY-018,measurement_variance,2,691,minor,test,synthetic
QDEF-006341,FAC-001,2025-06-18,LINE-08,ORD-08-017,STY-018,oil_mark,1,691,minor,test,synthetic
QDEF-006342,FAC-001,2025-06-19,LINE-08,ORD-08-017,STY-018,measurement_variance,3,629,minor,test,synthetic
QDEF-006343,FAC-001,2025-06-19,LINE-08,ORD-08-017,STY-018,shade_variation,2,629,minor,test,synthetic
QDEF-006344,FAC-001,2025-06-19,LINE-08,ORD-08-017,STY-018,skip_stitch,1,629,critical,test,synthetic
QDEF-006345,FAC-001,2025-06-19,LINE-08,ORD-08-017,STY-018,oil_mark,1,629,minor,test,synthetic
QDEF-006346,FAC-001,2025-06-21,LINE-08,ORD-08-017,STY-018,skip_stitch,3,465,minor,test,synthetic
QDEF-006347,FAC-001,2025-06-21,LINE-08,ORD-08-017,STY-018,measurement_variance,3,465,minor,test,synthetic
QDEF-006348,FAC-001,2025-06-21,LINE-08,ORD-08-017,STY-018,uneven_stitch,1,465,minor,test,synthetic
QDEF-006349,FAC-001,2025-06-21,LINE-08,ORD-08-017,STY-018,open_seam,2,465,minor,test,synthetic
QDEF-006350,FAC-001,2025-06-21,LINE-08,ORD-08-017,STY-018,puckering,2,465,major,test,synthetic
QDEF-006351,FAC-001,2025-06-21,LINE-08,ORD-08-017,STY-018,shade_variation,1,465,minor,test,synthetic
QDEF-006352,FAC-001,2025-06-22,LINE-08,ORD-08-017,STY-018,uneven_stitch,1,45,major,test,synthetic
QDEF-006353,FAC-001,2025-06-23,LINE-08,ORD-08-018,STY-016,measurement_variance,2,250,minor,test,synthetic
QDEF-006354,FAC-001,2025-06-23,LINE-08,ORD-08-018,STY-016,open_seam,2,250,minor,test,synthetic
QDEF-006355,FAC-001,2025-06-23,LINE-08,ORD-08-018,STY-016,oil_mark,1,250,major,test,synthetic
QDEF-006356,FAC-001,2025-06-23,LINE-08,ORD-08-018,STY-016,skip_stitch,2,250,major,test,synthetic
QDEF-006357,FAC-001,2025-06-23,LINE-08,ORD-08-018,STY-016,uneven_stitch,1,250,major,test,synthetic
QDEF-006358,FAC-001,2025-06-24,LINE-08,ORD-08-018,STY-016,shade_variation,5,320,minor,test,synthetic
QDEF-006359,FAC-001,2025-06-24,LINE-08,ORD-08-018,STY-016,puckering,3,320,minor,test,synthetic
QDEF-006360,FAC-001,2025-06-24,LINE-08,ORD-08-018,STY-016,skip_stitch,4,320,minor,test,synthetic
QDEF-006361,FAC-001,2025-06-24,LINE-08,ORD-08-018,STY-016,measurement_variance,2,320,major,test,synthetic
QDEF-006362,FAC-001,2025-06-24,LINE-08,ORD-08-018,STY-016,uneven_stitch,2,320,minor,test,synthetic
QDEF-006363,FAC-001,2025-06-24,LINE-08,ORD-08-018,STY-016,open_seam,1,320,minor,test,synthetic
QDEF-006364,FAC-001,2025-06-24,LINE-08,ORD-08-018,STY-016,oil_mark,1,320,minor,test,synthetic
QDEF-006365,FAC-001,2025-06-25,LINE-08,ORD-08-018,STY-016,measurement_variance,4,348,minor,test,synthetic
QDEF-006366,FAC-001,2025-06-25,LINE-08,ORD-08-018,STY-016,oil_mark,2,348,minor,test,synthetic
QDEF-006367,FAC-001,2025-06-25,LINE-08,ORD-08-018,STY-016,shade_variation,3,348,minor,test,synthetic
QDEF-006368,FAC-001,2025-06-25,LINE-08,ORD-08-018,STY-016,open_seam,1,348,minor,test,synthetic
QDEF-006369,FAC-001,2025-06-25,LINE-08,ORD-08-018,STY-016,uneven_stitch,4,348,minor,test,synthetic
QDEF-006370,FAC-001,2025-06-25,LINE-08,ORD-08-018,STY-016,skip_stitch,3,348,minor,test,synthetic
QDEF-006371,FAC-001,2025-06-25,LINE-08,ORD-08-018,STY-016,puckering,1,348,minor,test,synthetic
QDEF-006372,FAC-001,2025-06-26,LINE-08,ORD-08-018,STY-016,uneven_stitch,2,393,major,test,synthetic
QDEF-006373,FAC-001,2025-06-26,LINE-08,ORD-08-018,STY-016,measurement_variance,1,393,minor,test,synthetic
QDEF-006374,FAC-001,2025-06-26,LINE-08,ORD-08-018,STY-016,oil_mark,2,393,minor,test,synthetic
QDEF-006375,FAC-001,2025-06-26,LINE-08,ORD-08-018,STY-016,skip_stitch,1,393,minor,test,synthetic
QDEF-006376,FAC-001,2025-06-26,LINE-08,ORD-08-018,STY-016,puckering,1,393,major,test,synthetic
QDEF-006377,FAC-001,2025-06-28,LINE-08,ORD-08-018,STY-016,skip_stitch,6,403,minor,test,synthetic
QDEF-006378,FAC-001,2025-06-28,LINE-08,ORD-08-018,STY-016,open_seam,3,403,minor,test,synthetic
QDEF-006379,FAC-001,2025-06-28,LINE-08,ORD-08-018,STY-016,oil_mark,5,403,major,test,synthetic
QDEF-006380,FAC-001,2025-06-28,LINE-08,ORD-08-018,STY-016,puckering,6,403,minor,test,synthetic
QDEF-006381,FAC-001,2025-06-28,LINE-08,ORD-08-018,STY-016,measurement_variance,8,403,minor,test,synthetic
QDEF-006382,FAC-001,2025-06-28,LINE-08,ORD-08-018,STY-016,shade_variation,3,403,minor,test,synthetic
QDEF-006383,FAC-001,2025-06-28,LINE-08,ORD-08-018,STY-016,uneven_stitch,6,403,minor,test,synthetic
QDEF-006384,FAC-001,2025-06-29,LINE-08,ORD-08-018,STY-016,open_seam,4,426,major,test,synthetic
QDEF-006385,FAC-001,2025-06-29,LINE-08,ORD-08-018,STY-016,oil_mark,4,426,minor,test,synthetic
QDEF-006386,FAC-001,2025-06-29,LINE-08,ORD-08-018,STY-016,shade_variation,4,426,minor,test,synthetic
QDEF-006387,FAC-001,2025-06-29,LINE-08,ORD-08-018,STY-016,measurement_variance,2,426,major,test,synthetic
QDEF-006388,FAC-001,2025-06-29,LINE-08,ORD-08-018,STY-016,uneven_stitch,1,426,minor,test,synthetic
QDEF-006389,FAC-001,2025-06-29,LINE-08,ORD-08-018,STY-016,skip_stitch,2,426,minor,test,synthetic
QDEF-006390,FAC-001,2025-06-30,LINE-08,ORD-08-018,STY-016,uneven_stitch,3,220,major,test,synthetic
QDEF-006391,FAC-001,2025-06-30,LINE-08,ORD-08-018,STY-016,shade_variation,6,220,minor,test,synthetic
QDEF-006392,FAC-001,2025-06-30,LINE-08,ORD-08-018,STY-016,measurement_variance,2,220,minor,test,synthetic
QDEF-006393,FAC-001,2025-06-30,LINE-08,ORD-08-018,STY-016,oil_mark,2,220,minor,test,synthetic
QDEF-006394,FAC-001,2025-06-30,LINE-08,ORD-08-018,STY-016,skip_stitch,1,220,minor,test,synthetic
