note_id,factory_id,line_id,order_id,work_date,created_at,language,note_text,root_cause_label,urgency_label,blocking,mentioned_downtime_minutes,data_split,dataset_provenance
NOTE-000001,FAC-001,LINE-01,ORD-01-001,2025-01-04,2025-01-04T12:30:00+00:00,bn,অর্ডার অগ্রাধিকার পরিবর্তনের কারণে পরিকল্পনায় বিলম্ব হয়েছে।,planning,medium,False,0,train,synthetic
NOTE-000002,FAC-001,LINE-01,ORD-01-001,2025-01-05,2025-01-05T12:30:00+00:00,bn,"bartack মেশিন 55 মিনিট বন্ধ ছিল, মেকানিক কাজ করছে।",machine,medium,True,55,train,synthetic
NOTE-000003,FAC-001,LINE-01,ORD-01-001,2025-01-06,2025-01-06T12:30:00+00:00,bn,"লাইন স্বাভাবিকভাবে চলছে, বড় কোনো সমস্যা নেই।",none,low,False,0,train,synthetic
NOTE-000004,FAC-001,LINE-01,ORD-01-001,2025-01-07,2025-01-07T12:30:00+00:00,bn,উৎপাদন পরিকল্পনা অনুযায়ী চলছে।,none,low,False,0,train,synthetic
NOTE-000005,FAC-001,LINE-01,ORD-01-001,2025-01-08,2025-01-08T12:30:00+00:00,bn,উৎপাদন পরিকল্পনা অনুযায়ী চলছে।,none,low,False,0,train,synthetic
NOTE-000006,FAC-001,LINE-01,ORD-01-002,2025-01-09,2025-01-09T12:30:00+00:00,bn,"স্টাইল চেঞ্জওভার দেরিতে শেষ হয়েছে, প্রথম ভাগের উৎপাদন কম।",method,medium,False,0,train,synthetic
NOTE-000007,FAC-001,LINE-01,ORD-01-002,2025-01-11,2025-01-11T12:30:00+00:00,mixed,"Inline QC-তে defect rate বেশি, correction চলছে।",quality,medium,False,0,train,synthetic
NOTE-000008,FAC-001,LINE-01,ORD-01-002,2025-01-12,2025-01-12T12:30:00+00:00,bn,দক্ষ অপারেটর কম থাকায় কয়েকটি অপারেশন আটকে আছে।,manpower,medium,False,0,train,synthetic
NOTE-000009,FAC-001,LINE-01,ORD-01-002,2025-01-13,2025-01-13T12:30:00+00:00,en,puckering defects increased and rework is reducing output.,quality,medium,False,0,train,synthetic
NOTE-000010,FAC-001,LINE-01,ORD-01-002,2025-01-14,2025-01-14T12:30:00+00:00,mixed,"Line স্বাভাবিক চলছে, major issue নেই।",none,low,False,0,train,synthetic
NOTE-000011,FAC-001,LINE-01,ORD-01-003,2025-01-15,2025-01-15T12:30:00+00:00,bn,"ট্রিমস সময়মতো আসেনি, লাইনের কাজ ধীর হয়েছে।",material,high,True,0,train,synthetic
NOTE-000012,FAC-001,LINE-01,ORD-01-003,2025-01-16,2025-01-16T12:30:00+00:00,bn,"লাইন স্বাভাবিকভাবে চলছে, বড় কোনো সমস্যা নেই।",none,low,False,0,train,synthetic
NOTE-000013,FAC-001,LINE-01,ORD-01-003,2025-01-18,2025-01-18T12:30:00+00:00,en,The line is operating normally with no major issue.,none,low,False,0,train,synthetic
NOTE-000014,FAC-001,LINE-01,ORD-01-003,2025-01-19,2025-01-19T12:30:00+00:00,bn,উৎপাদন পরিকল্পনা অনুযায়ী চলছে।,none,low,False,0,train,synthetic
NOTE-000015,FAC-001,LINE-01,ORD-01-003,2025-01-20,2025-01-20T12:30:00+00:00,bn,"লাইন স্বাভাবিকভাবে চলছে, বড় কোনো সমস্যা নেই।",none,low,False,0,train,synthetic
NOTE-000016,FAC-001,LINE-01,ORD-01-003,2025-01-21,2025-01-21T12:30:00+00:00,en,Production is progressing according to plan.,none,low,False,0,train,synthetic
NOTE-000017,FAC-001,LINE-01,ORD-01-003,2025-01-22,2025-01-22T12:30:00+00:00,bn,"কোয়ালিটি চেকে বেশি ত্রুটি পাওয়া গেছে, ইনলাইন সংশোধন চলছে।",quality,medium,False,0,train,synthetic
NOTE-000018,FAC-001,LINE-01,ORD-01-003,2025-01-23,2025-01-23T12:30:00+00:00,bn,উৎপাদন পরিকল্পনা অনুযায়ী চলছে।,none,low,False,0,train,synthetic
NOTE-000019,FAC-001,LINE-01,ORD-01-003,2025-01-25,2025-01-25T12:30:00+00:00,en,Production is progressing according to plan.,none,low,False,0,train,synthetic
NOTE-000020,FAC-001,LINE-01,ORD-01-003,2025-01-26,2025-01-26T12:30:00+00:00,mixed,"Line স্বাভাবিক চলছে, major issue নেই।",none,low,False,0,train,synthetic
NOTE-000021,FAC-001,LINE-01,ORD-01-004,2025-01-27,2025-01-27T12:30:00+00:00,en,A priority change delayed the planned production sequence.,planning,medium,False,0,train,synthetic
NOTE-000022,FAC-001,LINE-01,ORD-01-004,2025-01-28,2025-01-28T12:30:00+00:00,mixed,Production plan অনুযায়ী চলছে।,none,low,False,0,train,synthetic
NOTE-000023,FAC-001,LINE-01,ORD-01-004,2025-01-29,2025-01-29T12:30:00+00:00,bn,উৎপাদন পরিকল্পনা অনুযায়ী চলছে।,none,low,False,0,train,synthetic
NOTE-000024,FAC-001,LINE-01,ORD-01-004,2025-01-30,2025-01-30T12:30:00+00:00,bn,উৎপাদন পরিকল্পনা অনুযায়ী চলছে।,none,low,False,0,train,synthetic
NOTE-000025,FAC-001,LINE-01,ORD-01-004,2025-02-01,2025-02-01T12:30:00+00:00,mixed,"আজ 6 জন operator absent, তাই output target-এর নিচে।",manpower,medium,False,0,train,synthetic
NOTE-000026,FAC-001,LINE-01,ORD-01-004,2025-02-02,2025-02-02T12:30:00+00:00,bn,"আজ 7 জন অপারেটর অনুপস্থিত, আউটপুট লক্ষ্যের নিচে।",manpower,medium,False,0,train,synthetic
NOTE-000027,FAC-001,LINE-01,ORD-01-004,2025-02-03,2025-02-03T12:30:00+00:00,en,Several operations are constrained because skilled operators are unavailable.,manpower,medium,False,0,train,synthetic
NOTE-000028,FAC-001,LINE-01,ORD-01-004,2025-02-04,2025-02-04T12:30:00+00:00,en,Production is progressing according to plan.,none,low,False,0,train,synthetic
NOTE-000029,FAC-001,LINE-01,ORD-01-004,2025-02-05,2025-02-05T12:30:00+00:00,en,Production is progressing according to plan.,none,low,False,0,train,synthetic
NOTE-000030,FAC-001,LINE-01,ORD-01-004,2025-02-06,2025-02-06T12:30:00+00:00,mixed,Production plan অনুযায়ী চলছে।,none,low,False,0,train,synthetic
NOTE-000031,FAC-001,LINE-01,ORD-01-004,2025-02-08,2025-02-08T12:30:00+00:00,bn,"লাইন স্বাভাবিকভাবে চলছে, বড় কোনো সমস্যা নেই।",none,low,False,0,train,synthetic
NOTE-000032,FAC-001,LINE-01,ORD-01-005,2025-02-09,2025-02-09T12:30:00+00:00,mixed,"uneven stitch defect বেড়েছে, rework-এর কারণে output কম।",quality,medium,False,0,train,synthetic
NOTE-000033,FAC-001,LINE-01,ORD-01-005,2025-02-10,2025-02-10T12:30:00+00:00,bn,"লাইন স্বাভাবিকভাবে চলছে, বড় কোনো সমস্যা নেই।",none,low,False,0,train,synthetic
NOTE-000034,FAC-001,LINE-01,ORD-01-005,2025-02-11,2025-02-11T12:30:00+00:00,bn,উৎপাদন পরিকল্পনা অনুযায়ী চলছে।,none,low,False,0,train,synthetic
NOTE-000035,FAC-001,LINE-01,ORD-01-005,2025-02-12,2025-02-12T12:30:00+00:00,en,The line is operating normally with no major issue.,none,low,False,0,train,synthetic
NOTE-000036,FAC-001,LINE-01,ORD-01-005,2025-02-13,2025-02-13T12:30:00+00:00,en,Inline inspection found a higher defect rate; correction is in progress.,quality,medium,False,0,train,synthetic
NOTE-000037,FAC-001,LINE-01,ORD-01-005,2025-02-15,2025-02-15T12:30:00+00:00,en,The line is operating normally with no major issue.,none,low,False,0,train,synthetic
NOTE-000038,FAC-001,LINE-01,ORD-01-005,2025-02-16,2025-02-16T12:30:00+00:00,en,7 operators are absent today and output is below plan.,manpower,medium,False,0,train,synthetic
NOTE-000039,FAC-001,LINE-01,ORD-01-005,2025-02-17,2025-02-17T12:30:00+00:00,en,The line is operating normally with no major issue.,none,low,False,0,train,synthetic
NOTE-000040,FAC-001,LINE-01,ORD-01-005,2025-02-18,2025-02-18T12:30:00+00:00,en,6 operators are absent today and output is below plan.,manpower,medium,False,0,train,synthetic
NOTE-000041,FAC-001,LINE-01,ORD-01-005,2025-02-19,2025-02-19T12:30:00+00:00,mixed,"Line স্বাভাবিক চলছে, major issue নেই।",none,low,False,0,train,synthetic
NOTE-000042,FAC-001,LINE-01,ORD-01-005,2025-02-20,2025-02-20T12:30:00+00:00,bn,"measurement variance সমস্যা বেড়েছে, রিওয়ার্কের কারণে আউটপুট কমছে।",quality,medium,False,0,train,synthetic
NOTE-000043,FAC-001,LINE-01,ORD-01-006,2025-02-22,2025-02-22T12:30:00+00:00,mixed,Available manpower-এর তুলনায় line target বেশি set করা হয়েছে।,planning,medium,False,0,train,synthetic
NOTE-000044,FAC-001,LINE-01,ORD-01-006,2025-02-23,2025-02-23T12:30:00+00:00,bn,উৎপাদন পরিকল্পনা অনুযায়ী চলছে।,none,low,False,0,train,synthetic
NOTE-000045,FAC-001,LINE-01,ORD-01-006,2025-02-24,2025-02-24T12:30:00+00:00,en,Production is progressing according to plan.,none,low,False,0,train,synthetic
NOTE-000046,FAC-001,LINE-01,ORD-01-006,2025-02-25,2025-02-25T12:30:00+00:00,mixed,"Line স্বাভাবিক চলছে, major issue নেই।",none,low,False,0,train,synthetic
NOTE-000047,FAC-001,LINE-01,ORD-01-006,2025-02-26,2025-02-26T12:30:00+00:00,bn,উৎপাদন পরিকল্পনা অনুযায়ী চলছে।,none,low,False,0,train,synthetic
NOTE-000048,FAC-001,LINE-01,ORD-01-006,2025-02-27,2025-02-27T12:30:00+00:00,mixed,Line output কমেছে because button hole machine had 40 minutes downtime.,machine,medium,False,40,train,synthetic
NOTE-000049,FAC-001,LINE-01,ORD-01-006,2025-03-01,2025-03-01T12:30:00+00:00,mixed,"Line স্বাভাবিক চলছে, major issue নেই।",none,low,False,0,train,synthetic
NOTE-000050,FAC-001,LINE-01,ORD-01-006,2025-03-02,2025-03-02T12:30:00+00:00,bn,উৎপাদন পরিকল্পনা অনুযায়ী চলছে।,none,low,False,0,train,synthetic
NOTE-000051,FAC-001,LINE-01,ORD-01-007,2025-03-03,2025-03-03T12:30:00+00:00,bn,"নতুন স্টাইলের অপারেশন ব্যালেন্স ঠিক হয়নি, বোতলনেক তৈরি হয়েছে।",method,medium,False,0,train,synthetic
NOTE-000052,FAC-001,LINE-01,ORD-01-007,2025-03-04,2025-03-04T12:30:00+00:00,bn,"আজ 7 জন অপারেটর অনুপস্থিত, আউটপুট লক্ষ্যের নিচে।",manpower,medium,False,0,train,synthetic
NOTE-000053,FAC-001,LINE-01,ORD-01-007,2025-03-05,2025-03-05T12:30:00+00:00,bn,দক্ষ অপারেটর কম থাকায় কয়েকটি অপারেশন আটকে আছে।,manpower,medium,False,0,train,synthetic
NOTE-000054,FAC-001,LINE-01,ORD-01-007,2025-03-06,2025-03-06T12:30:00+00:00,en,Material availability is below requirement and production is partially blocked.,material,high,True,0,train,synthetic
NOTE-000055,FAC-001,LINE-01,ORD-01-007,2025-03-08,2025-03-08T12:30:00+00:00,en,The line is operating normally with no major issue.,none,low,False,0,train,synthetic
NOTE-000056,FAC-001,LINE-01,ORD-01-007,2025-03-09,2025-03-09T12:30:00+00:00,bn,"লাইন স্বাভাবিকভাবে চলছে, বড় কোনো সমস্যা নেই।",none,low,False,0,train,synthetic
NOTE-000057,FAC-001,LINE-01,ORD-01-007,2025-03-10,2025-03-10T12:30:00+00:00,en,Production is progressing according to plan.,none,low,False,0,train,synthetic
NOTE-000058,FAC-001,LINE-01,ORD-01-007,2025-03-11,2025-03-11T12:30:00+00:00,en,The line is operating normally with no major issue.,none,low,False,0,train,synthetic
NOTE-000059,FAC-001,LINE-01,ORD-01-007,2025-03-12,2025-03-12T12:30:00+00:00,bn,"লাইন স্বাভাবিকভাবে চলছে, বড় কোনো সমস্যা নেই।",none,low,False,0,train,synthetic
NOTE-000060,FAC-001,LINE-01,ORD-01-007,2025-03-13,2025-03-13T12:30:00+00:00,bn,"আজ 5 জন অপারেটর অনুপস্থিত, আউটপুট লক্ষ্যের নিচে।",manpower,medium,False,0,train,synthetic
NOTE-000061,FAC-001,LINE-01,ORD-01-008,2025-03-15,2025-03-15T12:30:00+00:00,bn,লাইনের লক্ষ্য বর্তমান জনবল ও স্টাইল জটিলতার তুলনায় বেশি নির্ধারণ করা হয়েছে।,planning,medium,False,0,train,synthetic
NOTE-000062,FAC-001,LINE-01,ORD-01-008,2025-03-16,2025-03-16T12:30:00+00:00,bn,দক্ষ অপারেটর কম থাকায় কয়েকটি অপারেশন আটকে আছে।,manpower,medium,False,0,train,synthetic
NOTE-000063,FAC-001,LINE-01,ORD-01-008,2025-03-17,2025-03-17T12:30:00+00:00,bn,দক্ষ অপারেটর কম থাকায় কয়েকটি অপারেশন আটকে আছে।,manpower,medium,False,0,train,synthetic
NOTE-000064,FAC-001,LINE-01,ORD-01-008,2025-03-18,2025-03-18T12:30:00+00:00,bn,"লাইন স্বাভাবিকভাবে চলছে, বড় কোনো সমস্যা নেই।",none,low,False,0,train,synthetic
NOTE-000065,FAC-001,LINE-01,ORD-01-008,2025-03-19,2025-03-19T12:30:00+00:00,bn,"লাইন স্বাভাবিকভাবে চলছে, বড় কোনো সমস্যা নেই।",none,low,False,0,train,synthetic
NOTE-000066,FAC-001,LINE-01,ORD-01-008,2025-03-20,2025-03-20T12:30:00+00:00,bn,"প্রয়োজনীয় ম্যাটেরিয়াল কম আছে, উৎপাদন আংশিকভাবে বন্ধ।",material,high,True,0,train,synthetic
NOTE-000067,FAC-001,LINE-01,ORD-01-008,2025-03-22,2025-03-22T12:30:00+00:00,bn,উৎপাদন পরিকল্পনা অনুযায়ী চলছে।,none,low,False,0,train,synthetic
NOTE-000068,FAC-001,LINE-01,ORD-01-009,2025-03-23,2025-03-23T12:30:00+00:00,mixed,Skilled operator কম থাকায় কিছু operation bottleneck হয়েছে।,manpower,medium,False,0,train,synthetic
NOTE-000069,FAC-001,LINE-01,ORD-01-009,2025-03-24,2025-03-24T12:30:00+00:00,bn,"আজ 8 জন অপারেটর অনুপস্থিত, আউটপুট লক্ষ্যের নিচে।",manpower,medium,False,0,train,synthetic
NOTE-000070,FAC-001,LINE-01,ORD-01-009,2025-03-25,2025-03-25T12:30:00+00:00,mixed,"Line স্বাভাবিক চলছে, major issue নেই।",none,low,False,0,train,synthetic
NOTE-000071,FAC-001,LINE-01,ORD-01-009,2025-03-26,2025-03-26T12:30:00+00:00,en,The line is operating normally with no major issue.,none,low,False,0,train,synthetic
NOTE-000072,FAC-001,LINE-01,ORD-01-009,2025-03-27,2025-03-27T12:30:00+00:00,bn,"লাইন স্বাভাবিকভাবে চলছে, বড় কোনো সমস্যা নেই।",none,low,False,0,train,synthetic
NOTE-000073,FAC-001,LINE-01,ORD-01-009,2025-03-29,2025-03-29T12:30:00+00:00,bn,"লাইন স্বাভাবিকভাবে চলছে, বড় কোনো সমস্যা নেই।",none,low,False,0,train,synthetic
NOTE-000074,FAC-001,LINE-01,ORD-01-009,2025-03-30,2025-03-30T12:30:00+00:00,bn,উৎপাদন পরিকল্পনা অনুযায়ী চলছে।,none,low,False,0,train,synthetic
NOTE-000075,FAC-001,LINE-01,ORD-01-009,2025-03-31,2025-03-31T12:30:00+00:00,bn,"লাইন স্বাভাবিকভাবে চলছে, বড় কোনো সমস্যা নেই।",none,low,False,0,train,synthetic
NOTE-000076,FAC-001,LINE-01,ORD-01-009,2025-04-01,2025-04-01T12:30:00+00:00,mixed,Skilled operator কম থাকায় কিছু operation bottleneck হয়েছে।,manpower,medium,False,0,train,synthetic
NOTE-000077,FAC-001,LINE-01,ORD-01-010,2025-04-02,2025-04-02T12:30:00+00:00,en,A priority change delayed the planned production sequence.,planning,medium,False,0,train,synthetic
NOTE-000078,FAC-001,LINE-01,ORD-01-010,2025-04-03,2025-04-03T12:30:00+00:00,bn,"লাইন স্বাভাবিকভাবে চলছে, বড় কোনো সমস্যা নেই।",none,low,False,0,train,synthetic
NOTE-000079,FAC-001,LINE-01,ORD-01-010,2025-04-05,2025-04-05T12:30:00+00:00,bn,উৎপাদন পরিকল্পনা অনুযায়ী চলছে।,none,low,False,0,train,synthetic
NOTE-000080,FAC-001,LINE-01,ORD-01-010,2025-04-06,2025-04-06T12:30:00+00:00,en,The line is operating normally with no major issue.,none,low,False,0,train,synthetic
NOTE-000081,FAC-001,LINE-01,ORD-01-010,2025-04-07,2025-04-07T12:30:00+00:00,en,The line is operating normally with no major issue.,none,low,False,0,train,synthetic
NOTE-000082,FAC-001,LINE-01,ORD-01-010,2025-04-08,2025-04-08T12:30:00+00:00,mixed,Production plan অনুযায়ী চলছে।,none,low,False,0,train,synthetic
NOTE-000083,FAC-001,LINE-01,ORD-01-011,2025-04-09,2025-04-09T12:30:00+00:00,en,skip stitch defects increased and rework is reducing output.,quality,medium,False,0,train,synthetic
NOTE-000084,FAC-001,LINE-01,ORD-01-011,2025-04-10,2025-04-10T12:30:00+00:00,bn,"ট্রিমস সময়মতো আসেনি, লাইনের কাজ ধীর হয়েছে।",material,high,True,0,train,synthetic
NOTE-000085,FAC-001,LINE-01,ORD-01-011,2025-04-12,2025-04-12T12:30:00+00:00,en,Production is progressing according to plan.,none,low,False,0,train,synthetic
NOTE-000086,FAC-001,LINE-01,ORD-01-011,2025-04-13,2025-04-13T12:30:00+00:00,mixed,Production plan অনুযায়ী চলছে।,none,low,False,0,train,synthetic
NOTE-000087,FAC-001,LINE-01,ORD-01-011,2025-04-14,2025-04-14T12:30:00+00:00,bn,উৎপাদন পরিকল্পনা অনুযায়ী চলছে।,none,low,False,0,train,synthetic
NOTE-000088,FAC-001,LINE-01,ORD-01-011,2025-04-15,2025-04-15T12:30:00+00:00,bn,"লাইন স্বাভাবিকভাবে চলছে, বড় কোনো সমস্যা নেই।",none,low,False,0,train,synthetic
NOTE-000089,FAC-001,LINE-01,ORD-01-011,2025-04-16,2025-04-16T12:30:00+00:00,mixed,Production plan অনুযায়ী চলছে।,none,low,False,0,train,synthetic
NOTE-000090,FAC-001,LINE-01,ORD-01-012,2025-04-17,2025-04-17T12:30:00+00:00,en,The single needle machine was down for 55 minutes; maintenance is checking it.,machine,medium,True,55,train,synthetic
NOTE-000091,FAC-001,LINE-01,ORD-01-012,2025-04-19,2025-04-19T12:30:00+00:00,en,Production is progressing according to plan.,none,low,False,0,train,synthetic
NOTE-000092,FAC-001,LINE-01,ORD-01-012,2025-04-20,2025-04-20T12:30:00+00:00,mixed,"Line স্বাভাবিক চলছে, major issue নেই।",none,low,False,0,train,synthetic
NOTE-000093,FAC-001,LINE-01,ORD-01-012,2025-04-21,2025-04-21T12:30:00+00:00,mixed,"Required trims সময়মতো আসেনি, line output কমেছে।",material,high,True,0,train,synthetic
NOTE-000094,FAC-001,LINE-01,ORD-01-012,2025-04-22,2025-04-22T12:30:00+00:00,mixed,Line output কমেছে because button attach machine had 35 minutes downtime.,machine,medium,False,35,train,synthetic
NOTE-000095,FAC-001,LINE-01,ORD-01-012,2025-04-23,2025-04-23T12:30:00+00:00,en,Production is progressing according to plan.,none,low,False,0,train,synthetic
NOTE-000096,FAC-001,LINE-01,ORD-01-012,2025-04-24,2025-04-24T12:30:00+00:00,en,Production is progressing according to plan.,none,low,False,0,train,synthetic
NOTE-000097,FAC-001,LINE-01,ORD-01-013,2025-04-26,2025-04-26T12:30:00+00:00,bn,অর্ডার অগ্রাধিকার পরিবর্তনের কারণে পরিকল্পনায় বিলম্ব হয়েছে।,planning,medium,False,0,train,synthetic
NOTE-000098,FAC-001,LINE-01,ORD-01-013,2025-04-27,2025-04-27T12:30:00+00:00,en,The line is operating normally with no major issue.,none,low,False,0,train,synthetic
NOTE-000099,FAC-001,LINE-01,ORD-01-013,2025-04-28,2025-04-28T12:30:00+00:00,bn,দক্ষ অপারেটর কম থাকায় কয়েকটি অপারেশন আটকে আছে।,manpower,medium,False,0,train,synthetic
NOTE-000100,FAC-001,LINE-01,ORD-01-013,2025-04-29,2025-04-29T12:30:00+00:00,bn,উৎপাদন পরিকল্পনা অনুযায়ী চলছে।,none,low,False,0,train,synthetic
NOTE-000101,FAC-001,LINE-01,ORD-01-013,2025-04-30,2025-04-30T12:30:00+00:00,bn,উৎপাদন পরিকল্পনা অনুযায়ী চলছে।,none,low,False,0,train,synthetic
NOTE-000102,FAC-001,LINE-01,ORD-01-013,2025-05-01,2025-05-01T12:30:00+00:00,bn,"লাইন স্বাভাবিকভাবে চলছে, বড় কোনো সমস্যা নেই।",none,low,False,0,validation,synthetic
NOTE-000103,FAC-001,LINE-01,ORD-01-013,2025-05-03,2025-05-03T12:30:00+00:00,bn,উৎপাদন পরিকল্পনা অনুযায়ী চলছে।,none,low,False,0,validation,synthetic
NOTE-000104,FAC-001,LINE-01,ORD-01-013,2025-05-04,2025-05-04T12:30:00+00:00,en,Several operations are constrained because skilled operators are unavailable.,manpower,medium,False,0,validation,synthetic
NOTE-000105,FAC-001,LINE-01,ORD-01-013,2025-05-05,2025-05-05T12:30:00+00:00,bn,"লাইন স্বাভাবিকভাবে চলছে, বড় কোনো সমস্যা নেই।",none,low,False,0,validation,synthetic
NOTE-000106,FAC-001,LINE-01,ORD-01-013,2025-05-06,2025-05-06T12:30:00+00:00,bn,"লাইন স্বাভাবিকভাবে চলছে, বড় কোনো সমস্যা নেই।",none,low,False,0,validation,synthetic
NOTE-000107,FAC-001,LINE-01,ORD-01-013,2025-05-07,2025-05-07T12:30:00+00:00,mixed,"Line স্বাভাবিক চলছে, major issue নেই।",none,low,False,0,validation,synthetic
NOTE-000108,FAC-001,LINE-01,ORD-01-014,2025-05-08,2025-05-08T12:30:00+00:00,bn,"skip stitch সমস্যা বেড়েছে, রিওয়ার্কের কারণে আউটপুট কমছে।",quality,medium,False,0,validation,synthetic
NOTE-000109,FAC-001,LINE-01,ORD-01-014,2025-05-10,2025-05-10T12:30:00+00:00,bn,উৎপাদন পরিকল্পনা অনুযায়ী চলছে।,none,low,False,0,validation,synthetic
NOTE-000110,FAC-001,LINE-01,ORD-01-014,2025-05-11,2025-05-11T12:30:00+00:00,en,Production is progressing according to plan.,none,low,False,0,validation,synthetic
NOTE-000111,FAC-001,LINE-01,ORD-01-014,2025-05-12,2025-05-12T12:30:00+00:00,bn,উৎপাদন পরিকল্পনা অনুযায়ী চলছে।,none,low,False,0,validation,synthetic
NOTE-000112,FAC-001,LINE-01,ORD-01-014,2025-05-13,2025-05-13T12:30:00+00:00,bn,"লাইন স্বাভাবিকভাবে চলছে, বড় কোনো সমস্যা নেই।",none,low,False,0,validation,synthetic
NOTE-000113,FAC-001,LINE-01,ORD-01-014,2025-05-14,2025-05-14T12:30:00+00:00,en,The line is operating normally with no major issue.,none,low,False,0,validation,synthetic
NOTE-000114,FAC-001,LINE-01,ORD-01-014,2025-05-15,2025-05-15T12:30:00+00:00,bn,"লাইন স্বাভাবিকভাবে চলছে, বড় কোনো সমস্যা নেই।",none,low,False,0,validation,synthetic
NOTE-000115,FAC-001,LINE-01,ORD-01-014,2025-05-17,2025-05-17T12:30:00+00:00,en,Several operations are constrained because skilled operators are unavailable.,manpower,medium,False,0,validation,synthetic
NOTE-000116,FAC-001,LINE-01,ORD-01-014,2025-05-18,2025-05-18T12:30:00+00:00,en,The flatlock machine was down for 55 minutes; maintenance is checking it.,machine,medium,True,55,validation,synthetic
NOTE-000117,FAC-001,LINE-01,ORD-01-014,2025-05-19,2025-05-19T12:30:00+00:00,bn,উৎপাদন পরিকল্পনা অনুযায়ী চলছে।,none,low,False,0,validation,synthetic
NOTE-000118,FAC-001,LINE-01,ORD-01-014,2025-05-20,2025-05-20T12:30:00+00:00,en,Output stopped for 55 minutes because of a single needle machine problem.,machine,medium,True,55,validation,synthetic
NOTE-000119,FAC-001,LINE-01,ORD-01-014,2025-05-21,2025-05-21T12:30:00+00:00,en,The line is operating normally with no major issue.,none,low,False,0,validation,synthetic
NOTE-000120,FAC-001,LINE-01,ORD-01-015,2025-05-22,2025-05-22T12:30:00+00:00,bn,লাইনের লক্ষ্য বর্তমান জনবল ও স্টাইল জটিলতার তুলনায় বেশি নির্ধারণ করা হয়েছে।,planning,medium,False,0,validation,synthetic
NOTE-000121,FAC-001,LINE-01,ORD-01-015,2025-05-24,2025-05-24T12:30:00+00:00,en,The line is operating normally with no major issue.,none,low,False,0,validation,synthetic
NOTE-000122,FAC-001,LINE-01,ORD-01-015,2025-05-25,2025-05-25T12:30:00+00:00,bn,"লাইন স্বাভাবিকভাবে চলছে, বড় কোনো সমস্যা নেই।",none,low,False,0,validation,synthetic
NOTE-000123,FAC-001,LINE-01,ORD-01-015,2025-05-26,2025-05-26T12:30:00+00:00,en,Production is progressing according to plan.,none,low,False,0,validation,synthetic
NOTE-000124,FAC-001,LINE-01,ORD-01-015,2025-05-27,2025-05-27T12:30:00+00:00,bn,উৎপাদন পরিকল্পনা অনুযায়ী চলছে।,none,low,False,0,validation,synthetic
NOTE-000125,FAC-001,LINE-01,ORD-01-015,2025-05-28,2025-05-28T12:30:00+00:00,bn,"কোয়ালিটি চেকে বেশি ত্রুটি পাওয়া গেছে, ইনলাইন সংশোধন চলছে।",quality,medium,False,0,validation,synthetic
NOTE-000126,FAC-001,LINE-01,ORD-01-015,2025-05-29,2025-05-29T12:30:00+00:00,bn,উৎপাদন পরিকল্পনা অনুযায়ী চলছে।,none,low,False,0,validation,synthetic
NOTE-000127,FAC-001,LINE-01,ORD-01-016,2025-05-31,2025-05-31T12:30:00+00:00,en,The line target is high relative to available operators and style complexity.,planning,medium,False,0,validation,synthetic
NOTE-000128,FAC-001,LINE-01,ORD-01-016,2025-06-01,2025-06-01T12:30:00+00:00,bn,উৎপাদন পরিকল্পনা অনুযায়ী চলছে।,none,low,False,0,test,synthetic
NOTE-000129,FAC-001,LINE-01,ORD-01-016,2025-06-02,2025-06-02T12:30:00+00:00,en,The line is operating normally with no major issue.,none,low,False,0,test,synthetic
NOTE-000130,FAC-001,LINE-01,ORD-01-016,2025-06-03,2025-06-03T12:30:00+00:00,bn,উৎপাদন পরিকল্পনা অনুযায়ী চলছে।,none,low,False,0,test,synthetic
NOTE-000131,FAC-001,LINE-01,ORD-01-016,2025-06-04,2025-06-04T12:30:00+00:00,mixed,Production plan অনুযায়ী চলছে।,none,low,False,0,test,synthetic
NOTE-000132,FAC-001,LINE-01,ORD-01-016,2025-06-05,2025-06-05T12:30:00+00:00,mixed,"Line স্বাভাবিক চলছে, major issue নেই।",none,low,False,0,test,synthetic
NOTE-000133,FAC-001,LINE-01,ORD-01-016,2025-06-07,2025-06-07T12:30:00+00:00,bn,উৎপাদন পরিকল্পনা অনুযায়ী চলছে।,none,low,False,0,test,synthetic
NOTE-000134,FAC-001,LINE-01,ORD-01-016,2025-06-08,2025-06-08T12:30:00+00:00,bn,"লাইন স্বাভাবিকভাবে চলছে, বড় কোনো সমস্যা নেই।",none,low,False,0,test,synthetic
NOTE-000135,FAC-001,LINE-01,ORD-01-016,2025-06-09,2025-06-09T12:30:00+00:00,mixed,Production plan অনুযায়ী চলছে।,none,low,False,0,test,synthetic
NOTE-000136,FAC-001,LINE-01,ORD-01-017,2025-06-10,2025-06-10T12:30:00+00:00,bn,"আজ 7 জন অপারেটর অনুপস্থিত, আউটপুট লক্ষ্যের নিচে।",manpower,medium,False,0,test,synthetic
NOTE-000137,FAC-001,LINE-01,ORD-01-017,2025-06-11,2025-06-11T12:30:00+00:00,bn,"লাইন স্বাভাবিকভাবে চলছে, বড় কোনো সমস্যা নেই।",none,low,False,0,test,synthetic
NOTE-000138,FAC-001,LINE-01,ORD-01-017,2025-06-12,2025-06-12T12:30:00+00:00,en,Several operations are constrained because skilled operators are unavailable.,manpower,medium,False,0,test,synthetic
NOTE-000139,FAC-001,LINE-01,ORD-01-017,2025-06-14,2025-06-14T12:30:00+00:00,bn,"লাইন স্বাভাবিকভাবে চলছে, বড় কোনো সমস্যা নেই।",none,low,False,0,test,synthetic
NOTE-000140,FAC-001,LINE-01,ORD-01-017,2025-06-15,2025-06-15T12:30:00+00:00,bn,উৎপাদন পরিকল্পনা অনুযায়ী চলছে।,none,low,False,0,test,synthetic
NOTE-000141,FAC-001,LINE-01,ORD-01-017,2025-06-16,2025-06-16T12:30:00+00:00,en,The line is operating normally with no major issue.,none,low,False,0,test,synthetic
NOTE-000142,FAC-001,LINE-01,ORD-01-017,2025-06-17,2025-06-17T12:30:00+00:00,mixed,"Line স্বাভাবিক চলছে, major issue নেই।",none,low,False,0,test,synthetic
NOTE-000143,FAC-001,LINE-01,ORD-01-017,2025-06-18,2025-06-18T12:30:00+00:00,bn,"লাইনে cutting machine মেশিনে সমস্যা হয়েছে, 50 মিনিট আউটপুট বন্ধ ছিল।",machine,medium,True,50,test,synthetic
NOTE-000144,FAC-001,LINE-01,ORD-01-017,2025-06-19,2025-06-19T12:30:00+00:00,bn,উৎপাদন পরিকল্পনা অনুযায়ী চলছে।,none,low,False,0,test,synthetic
NOTE-000145,FAC-001,LINE-01,ORD-01-017,2025-06-21,2025-06-21T12:30:00+00:00,bn,"overlock মেশিন 40 মিনিট বন্ধ ছিল, মেকানিক কাজ করছে।",machine,medium,False,40,test,synthetic
NOTE-000146,FAC-001,LINE-01,ORD-01-017,2025-06-22,2025-06-22T12:30:00+00:00,en,Production is progressing according to plan.,none,low,False,0,test,synthetic
NOTE-000147,FAC-001,LINE-01,ORD-01-018,2025-06-23,2025-06-23T12:30:00+00:00,bn,"স্টাইল চেঞ্জওভার দেরিতে শেষ হয়েছে, প্রথম ভাগের উৎপাদন কম।",method,medium,False,0,test,synthetic
NOTE-000148,FAC-001,LINE-01,ORD-01-018,2025-06-24,2025-06-24T12:30:00+00:00,en,Production is progressing according to plan.,none,low,False,0,test,synthetic
NOTE-000149,FAC-001,LINE-01,ORD-01-018,2025-06-25,2025-06-25T12:30:00+00:00,en,Production is progressing according to plan.,none,low,False,0,test,synthetic
NOTE-000150,FAC-001,LINE-01,ORD-01-018,2025-06-26,2025-06-26T12:30:00+00:00,mixed,Production plan অনুযায়ী চলছে।,none,low,False,0,test,synthetic
NOTE-000151,FAC-001,LINE-01,ORD-01-018,2025-06-28,2025-06-28T12:30:00+00:00,bn,উৎপাদন পরিকল্পনা অনুযায়ী চলছে।,none,low,False,0,test,synthetic
NOTE-000152,FAC-001,LINE-01,ORD-01-018,2025-06-29,2025-06-29T12:30:00+00:00,en,puckering defects increased and rework is reducing output.,quality,medium,False,0,test,synthetic
NOTE-000153,FAC-001,LINE-01,ORD-01-018,2025-06-30,2025-06-30T12:30:00+00:00,en,Inline inspection found a higher defect rate; correction is in progress.,quality,medium,False,0,test,synthetic
NOTE-000154,FAC-001,LINE-02,ORD-02-001,2025-01-04,2025-01-04T12:30:00+00:00,bn,লাইনের লক্ষ্য বর্তমান জনবল ও স্টাইল জটিলতার তুলনায় বেশি নির্ধারণ করা হয়েছে।,planning,medium,False,0,train,synthetic
NOTE-000155,FAC-001,LINE-02,ORD-02-001,2025-01-05,2025-01-05T12:30:00+00:00,bn,"লাইনে flatlock মেশিনে সমস্যা হয়েছে, 43 মিনিট আউটপুট বন্ধ ছিল।",machine,medium,False,43,train,synthetic
NOTE-000156,FAC-001,LINE-02,ORD-02-001,2025-01-06,2025-01-06T12:30:00+00:00,en,Production is progressing according to plan.,none,low,False,0,train,synthetic
NOTE-000157,FAC-001,LINE-02,ORD-02-001,2025-01-07,2025-01-07T12:30:00+00:00,bn,"লাইন স্বাভাবিকভাবে চলছে, বড় কোনো সমস্যা নেই।",none,low,False,0,train,synthetic
NOTE-000158,FAC-001,LINE-02,ORD-02-001,2025-01-08,2025-01-08T12:30:00+00:00,mixed,Production plan অনুযায়ী চলছে।,none,low,False,0,train,synthetic
NOTE-000159,FAC-001,LINE-02,ORD-02-002,2025-01-09,2025-01-09T12:30:00+00:00,bn,অর্ডার অগ্রাধিকার পরিবর্তনের কারণে পরিকল্পনায় বিলম্ব হয়েছে।,planning,medium,False,0,train,synthetic
NOTE-000160,FAC-001,LINE-02,ORD-02-002,2025-01-11,2025-01-11T12:30:00+00:00,en,Inline inspection found a higher defect rate; correction is in progress.,quality,medium,False,0,train,synthetic
NOTE-000161,FAC-001,LINE-02,ORD-02-002,2025-01-12,2025-01-12T12:30:00+00:00,mixed,"Required trims সময়মতো আসেনি, line output কমেছে।",material,high,True,0,train,synthetic
NOTE-000162,FAC-001,LINE-02,ORD-02-002,2025-01-13,2025-01-13T12:30:00+00:00,mixed,Production plan অনুযায়ী চলছে।,none,low,False,0,train,synthetic
NOTE-000163,FAC-001,LINE-02,ORD-02-002,2025-01-14,2025-01-14T12:30:00+00:00,en,puckering defects increased and rework is reducing output.,quality,medium,False,0,train,synthetic
NOTE-000164,FAC-001,LINE-02,ORD-02-002,2025-01-15,2025-01-15T12:30:00+00:00,mixed,"open seam defect বেড়েছে, rework-এর কারণে output কম।",quality,medium,False,0,train,synthetic
NOTE-000165,FAC-001,LINE-02,ORD-02-002,2025-01-16,2025-01-16T12:30:00+00:00,bn,"লাইন স্বাভাবিকভাবে চলছে, বড় কোনো সমস্যা নেই।",none,low,False,0,train,synthetic
NOTE-000166,FAC-001,LINE-02,ORD-02-002,2025-01-18,2025-01-18T12:30:00+00:00,bn,উৎপাদন পরিকল্পনা অনুযায়ী চলছে।,none,low,False,0,train,synthetic
NOTE-000167,FAC-001,LINE-02,ORD-02-002,2025-01-19,2025-01-19T12:30:00+00:00,en,Inline inspection found a higher defect rate; correction is in progress.,quality,medium,False,0,train,synthetic
NOTE-000168,FAC-001,LINE-02,ORD-02-003,2025-01-20,2025-01-20T12:30:00+00:00,bn,"স্টাইল চেঞ্জওভার দেরিতে শেষ হয়েছে, প্রথম ভাগের উৎপাদন কম।",method,medium,False,0,train,synthetic
NOTE-000169,FAC-001,LINE-02,ORD-02-003,2025-01-21,2025-01-21T12:30:00+00:00,bn,"লাইন স্বাভাবিকভাবে চলছে, বড় কোনো সমস্যা নেই।",none,low,False,0,train,synthetic
NOTE-000170,FAC-001,LINE-02,ORD-02-003,2025-01-22,2025-01-22T12:30:00+00:00,mixed,Production plan অনুযায়ী চলছে।,none,low,False,0,train,synthetic
NOTE-000171,FAC-001,LINE-02,ORD-02-003,2025-01-23,2025-01-23T12:30:00+00:00,bn,"লাইন স্বাভাবিকভাবে চলছে, বড় কোনো সমস্যা নেই।",none,low,False,0,train,synthetic
NOTE-000172,FAC-001,LINE-02,ORD-02-003,2025-01-25,2025-01-25T12:30:00+00:00,mixed,"Line স্বাভাবিক চলছে, major issue নেই।",none,low,False,0,train,synthetic
NOTE-000173,FAC-001,LINE-02,ORD-02-003,2025-01-26,2025-01-26T12:30:00+00:00,en,The line is operating normally with no major issue.,none,low,False,0,train,synthetic
NOTE-000174,FAC-001,LINE-02,ORD-02-003,2025-01-27,2025-01-27T12:30:00+00:00,bn,"লাইন স্বাভাবিকভাবে চলছে, বড় কোনো সমস্যা নেই।",none,low,False,0,train,synthetic
NOTE-000175,FAC-001,LINE-02,ORD-02-003,2025-01-28,2025-01-28T12:30:00+00:00,bn,"লাইন স্বাভাবিকভাবে চলছে, বড় কোনো সমস্যা নেই।",none,low,False,0,train,synthetic
NOTE-000176,FAC-001,LINE-02,ORD-02-004,2025-01-29,2025-01-29T12:30:00+00:00,bn,"স্টাইল চেঞ্জওভার দেরিতে শেষ হয়েছে, প্রথম ভাগের উৎপাদন কম।",method,medium,False,0,train,synthetic
NOTE-000177,FAC-001,LINE-02,ORD-02-004,2025-01-30,2025-01-30T12:30:00+00:00,en,"Required trims did not arrive on time, so the line is running slowly.",material,high,True,0,train,synthetic
NOTE-000178,FAC-001,LINE-02,ORD-02-004,2025-02-01,2025-02-01T12:30:00+00:00,en,The line is operating normally with no major issue.,none,low,False,0,train,synthetic
NOTE-000179,FAC-001,LINE-02,ORD-02-004,2025-02-02,2025-02-02T12:30:00+00:00,bn,"shade variation সমস্যা বেড়েছে, রিওয়ার্কের কারণে আউটপুট কমছে।",quality,medium,False,0,train,synthetic
NOTE-000180,FAC-001,LINE-02,ORD-02-004,2025-02-03,2025-02-03T12:30:00+00:00,en,The line is operating normally with no major issue.,none,low,False,0,train,synthetic
NOTE-000181,FAC-001,LINE-02,ORD-02-004,2025-02-04,2025-02-04T12:30:00+00:00,en,skip stitch defects increased and rework is reducing output.,quality,medium,False,0,train,synthetic
NOTE-000182,FAC-001,LINE-02,ORD-02-004,2025-02-05,2025-02-05T12:30:00+00:00,mixed,Production plan অনুযায়ী চলছে।,none,low,False,0,train,synthetic
NOTE-000183,FAC-001,LINE-02,ORD-02-004,2025-02-06,2025-02-06T12:30:00+00:00,en,Production is progressing according to plan.,none,low,False,0,train,synthetic
NOTE-000184,FAC-001,LINE-02,ORD-02-004,2025-02-08,2025-02-08T12:30:00+00:00,en,Production is progressing according to plan.,none,low,False,0,train,synthetic
NOTE-000185,FAC-001,LINE-02,ORD-02-004,2025-02-09,2025-02-09T12:30:00+00:00,bn,উৎপাদন পরিকল্পনা অনুযায়ী চলছে।,none,low,False,0,train,synthetic
NOTE-000186,FAC-001,LINE-02,ORD-02-004,2025-02-10,2025-02-10T12:30:00+00:00,en,Several operations are constrained because skilled operators are unavailable.,manpower,medium,False,0,train,synthetic
NOTE-000187,FAC-001,LINE-02,ORD-02-004,2025-02-11,2025-02-11T12:30:00+00:00,en,The line is operating normally with no major issue.,none,low,False,0,train,synthetic
NOTE-000188,FAC-001,LINE-02,ORD-02-005,2025-02-12,2025-02-12T12:30:00+00:00,mixed,"New style-এর operation balance ঠিক হয়নি, bottleneck হয়েছে।",method,medium,False,0,train,synthetic
NOTE-000189,FAC-001,LINE-02,ORD-02-005,2025-02-13,2025-02-13T12:30:00+00:00,en,The single needle machine was down for 36 minutes; maintenance is checking it.,machine,medium,False,36,train,synthetic
NOTE-000190,FAC-001,LINE-02,ORD-02-005,2025-02-15,2025-02-15T12:30:00+00:00,mixed,Production plan অনুযায়ী চলছে।,none,low,False,0,train,synthetic
NOTE-000191,FAC-001,LINE-02,ORD-02-005,2025-02-16,2025-02-16T12:30:00+00:00,en,Production is progressing according to plan.,none,low,False,0,train,synthetic
NOTE-000192,FAC-001,LINE-02,ORD-02-005,2025-02-17,2025-02-17T12:30:00+00:00,en,Production is progressing according to plan.,none,low,False,0,train,synthetic
NOTE-000193,FAC-001,LINE-02,ORD-02-005,2025-02-18,2025-02-18T12:30:00+00:00,bn,উৎপাদন পরিকল্পনা অনুযায়ী চলছে।,none,low,False,0,train,synthetic
NOTE-000194,FAC-001,LINE-02,ORD-02-005,2025-02-19,2025-02-19T12:30:00+00:00,en,Output stopped for 55 minutes because of a bartack machine problem.,machine,medium,True,55,train,synthetic
NOTE-000195,FAC-001,LINE-02,ORD-02-005,2025-02-20,2025-02-20T12:30:00+00:00,en,The line is operating normally with no major issue.,none,low,False,0,train,synthetic
NOTE-000196,FAC-001,LINE-02,ORD-02-006,2025-02-22,2025-02-22T12:30:00+00:00,mixed,"New style-এর operation balance ঠিক হয়নি, bottleneck হয়েছে।",method,medium,False,0,train,synthetic
NOTE-000197,FAC-001,LINE-02,ORD-02-006,2025-02-23,2025-02-23T12:30:00+00:00,en,Production is progressing according to plan.,none,low,False,0,train,synthetic
NOTE-000198,FAC-001,LINE-02,ORD-02-006,2025-02-24,2025-02-24T12:30:00+00:00,mixed,"flatlock machine 55 মিনিট বন্ধ ছিল, mechanic check করছে।",machine,medium,True,55,train,synthetic
NOTE-000199,FAC-001,LINE-02,ORD-02-006,2025-02-25,2025-02-25T12:30:00+00:00,bn,"লাইন স্বাভাবিকভাবে চলছে, বড় কোনো সমস্যা নেই।",none,low,False,0,train,synthetic
NOTE-000200,FAC-001,LINE-02,ORD-02-006,2025-02-26,2025-02-26T12:30:00+00:00,bn,উৎপাদন পরিকল্পনা অনুযায়ী চলছে।,none,low,False,0,train,synthetic
NOTE-000201,FAC-001,LINE-02,ORD-02-006,2025-02-27,2025-02-27T12:30:00+00:00,bn,"লাইন স্বাভাবিকভাবে চলছে, বড় কোনো সমস্যা নেই।",none,low,False,0,train,synthetic
NOTE-000202,FAC-001,LINE-02,ORD-02-006,2025-03-01,2025-03-01T12:30:00+00:00,bn,"লাইন স্বাভাবিকভাবে চলছে, বড় কোনো সমস্যা নেই।",none,low,False,0,train,synthetic
NOTE-000203,FAC-001,LINE-02,ORD-02-006,2025-03-02,2025-03-02T12:30:00+00:00,bn,"লাইন স্বাভাবিকভাবে চলছে, বড় কোনো সমস্যা নেই।",none,low,False,0,train,synthetic
NOTE-000204,FAC-001,LINE-02,ORD-02-006,2025-03-03,2025-03-03T12:30:00+00:00,en,Production is progressing according to plan.,none,low,False,0,train,synthetic
NOTE-000205,FAC-001,LINE-02,ORD-02-006,2025-03-04,2025-03-04T12:30:00+00:00,mixed,"Line স্বাভাবিক চলছে, major issue নেই।",none,low,False,0,train,synthetic
NOTE-000206,FAC-001,LINE-02,ORD-02-006,2025-03-05,2025-03-05T12:30:00+00:00,bn,উৎপাদন পরিকল্পনা অনুযায়ী চলছে।,none,low,False,0,train,synthetic
NOTE-000207,FAC-001,LINE-02,ORD-02-007,2025-03-06,2025-03-06T12:30:00+00:00,en,The line target is high relative to available operators and style complexity.,planning,medium,False,0,train,synthetic
NOTE-000208,FAC-001,LINE-02,ORD-02-007,2025-03-08,2025-03-08T12:30:00+00:00,mixed,Production plan অনুযায়ী চলছে।,none,low,False,0,train,synthetic
NOTE-000209,FAC-001,LINE-02,ORD-02-007,2025-03-09,2025-03-09T12:30:00+00:00,bn,"লাইন স্বাভাবিকভাবে চলছে, বড় কোনো সমস্যা নেই।",none,low,False,0,train,synthetic
NOTE-000210,FAC-001,LINE-02,ORD-02-007,2025-03-10,2025-03-10T12:30:00+00:00,bn,উৎপাদন পরিকল্পনা অনুযায়ী চলছে।,none,low,False,0,train,synthetic
NOTE-000211,FAC-001,LINE-02,ORD-02-007,2025-03-11,2025-03-11T12:30:00+00:00,bn,"লাইন স্বাভাবিকভাবে চলছে, বড় কোনো সমস্যা নেই।",none,low,False,0,train,synthetic
NOTE-000212,FAC-001,LINE-02,ORD-02-007,2025-03-12,2025-03-12T12:30:00+00:00,bn,উৎপাদন পরিকল্পনা অনুযায়ী চলছে।,none,low,False,0,train,synthetic
NOTE-000213,FAC-001,LINE-02,ORD-02-007,2025-03-13,2025-03-13T12:30:00+00:00,mixed,Production plan অনুযায়ী চলছে।,none,low,False,0,train,synthetic
NOTE-000214,FAC-001,LINE-02,ORD-02-007,2025-03-15,2025-03-15T12:30:00+00:00,bn,"লাইন স্বাভাবিকভাবে চলছে, বড় কোনো সমস্যা নেই।",none,low,False,0,train,synthetic
NOTE-000215,FAC-001,LINE-02,ORD-02-008,2025-03-16,2025-03-16T12:30:00+00:00,bn,"প্রয়োজনীয় ম্যাটেরিয়াল কম আছে, উৎপাদন আংশিকভাবে বন্ধ।",material,high,True,0,train,synthetic
NOTE-000216,FAC-001,LINE-02,ORD-02-008,2025-03-17,2025-03-17T12:30:00+00:00,en,Production is progressing according to plan.,none,low,False,0,train,synthetic
NOTE-000217,FAC-001,LINE-02,ORD-02-008,2025-03-18,2025-03-18T12:30:00+00:00,en,Production is progressing according to plan.,none,low,False,0,train,synthetic
NOTE-000218,FAC-001,LINE-02,ORD-02-008,2025-03-19,2025-03-19T12:30:00+00:00,bn,উৎপাদন পরিকল্পনা অনুযায়ী চলছে।,none,low,False,0,train,synthetic
NOTE-000219,FAC-001,LINE-02,ORD-02-008,2025-03-20,2025-03-20T12:30:00+00:00,mixed,Line output কমেছে because button attach machine had 35 minutes downtime.,machine,medium,False,35,train,synthetic
NOTE-000220,FAC-001,LINE-02,ORD-02-008,2025-03-22,2025-03-22T12:30:00+00:00,bn,"আজ 6 জন অপারেটর অনুপস্থিত, আউটপুট লক্ষ্যের নিচে।",manpower,medium,False,0,train,synthetic
NOTE-000221,FAC-001,LINE-02,ORD-02-008,2025-03-23,2025-03-23T12:30:00+00:00,bn,"লাইন স্বাভাবিকভাবে চলছে, বড় কোনো সমস্যা নেই।",none,low,False,0,train,synthetic
NOTE-000222,FAC-001,LINE-02,ORD-02-009,2025-03-24,2025-03-24T12:30:00+00:00,mixed,"Style changeover late হয়েছে, morning output কম।",method,medium,False,0,train,synthetic
NOTE-000223,FAC-001,LINE-02,ORD-02-009,2025-03-25,2025-03-25T12:30:00+00:00,bn,উৎপাদন পরিকল্পনা অনুযায়ী চলছে।,none,low,False,0,train,synthetic
NOTE-000224,FAC-001,LINE-02,ORD-02-009,2025-03-26,2025-03-26T12:30:00+00:00,bn,"লাইন স্বাভাবিকভাবে চলছে, বড় কোনো সমস্যা নেই।",none,low,False,0,train,synthetic
NOTE-000225,FAC-001,LINE-02,ORD-02-009,2025-03-27,2025-03-27T12:30:00+00:00,bn,"আজ 9 জন অপারেটর অনুপস্থিত, আউটপুট লক্ষ্যের নিচে।",manpower,medium,False,0,train,synthetic
NOTE-000226,FAC-001,LINE-02,ORD-02-009,2025-03-29,2025-03-29T12:30:00+00:00,mixed,"button hole machine 39 মিনিট বন্ধ ছিল, mechanic check করছে।",machine,medium,False,39,train,synthetic
NOTE-000227,FAC-001,LINE-02,ORD-02-009,2025-03-30,2025-03-30T12:30:00+00:00,bn,উৎপাদন পরিকল্পনা অনুযায়ী চলছে।,none,low,False,0,train,synthetic
NOTE-000228,FAC-001,LINE-02,ORD-02-010,2025-03-31,2025-03-31T12:30:00+00:00,bn,"নতুন স্টাইলের অপারেশন ব্যালেন্স ঠিক হয়নি, বোতলনেক তৈরি হয়েছে।",method,medium,False,0,train,synthetic
NOTE-000229,FAC-001,LINE-02,ORD-02-010,2025-04-01,2025-04-01T12:30:00+00:00,bn,"লাইন স্বাভাবিকভাবে চলছে, বড় কোনো সমস্যা নেই।",none,low,False,0,train,synthetic
NOTE-000230,FAC-001,LINE-02,ORD-02-010,2025-04-02,2025-04-02T12:30:00+00:00,bn,"লাইন স্বাভাবিকভাবে চলছে, বড় কোনো সমস্যা নেই।",none,low,False,0,train,synthetic
NOTE-000231,FAC-001,LINE-02,ORD-02-010,2025-04-03,2025-04-03T12:30:00+00:00,bn,"লাইন স্বাভাবিকভাবে চলছে, বড় কোনো সমস্যা নেই।",none,low,False,0,train,synthetic
NOTE-000232,FAC-001,LINE-02,ORD-02-010,2025-04-05,2025-04-05T12:30:00+00:00,mixed,Production plan অনুযায়ী চলছে।,none,low,False,0,train,synthetic
NOTE-000233,FAC-001,LINE-02,ORD-02-010,2025-04-06,2025-04-06T12:30:00+00:00,en,Production is progressing according to plan.,none,low,False,0,train,synthetic
NOTE-000234,FAC-001,LINE-02,ORD-02-010,2025-04-07,2025-04-07T12:30:00+00:00,bn,"লাইন স্বাভাবিকভাবে চলছে, বড় কোনো সমস্যা নেই।",none,low,False,0,train,synthetic
NOTE-000235,FAC-001,LINE-02,ORD-02-010,2025-04-08,2025-04-08T12:30:00+00:00,mixed,"আজ 6 জন operator absent, তাই output target-এর নিচে।",manpower,medium,False,0,train,synthetic
NOTE-000236,FAC-001,LINE-02,ORD-02-010,2025-04-09,2025-04-09T12:30:00+00:00,en,Several operations are constrained because skilled operators are unavailable.,manpower,medium,False,0,train,synthetic
NOTE-000237,FAC-001,LINE-02,ORD-02-010,2025-04-10,2025-04-10T12:30:00+00:00,en,"Required trims did not arrive on time, so the line is running slowly.",material,high,True,0,train,synthetic
NOTE-000238,FAC-001,LINE-02,ORD-02-010,2025-04-12,2025-04-12T12:30:00+00:00,en,The line is operating normally with no major issue.,none,low,False,0,train,synthetic
NOTE-000239,FAC-001,LINE-02,ORD-02-010,2025-04-13,2025-04-13T12:30:00+00:00,en,Production is progressing according to plan.,none,low,False,0,train,synthetic
NOTE-000240,FAC-001,LINE-02,ORD-02-011,2025-04-14,2025-04-14T12:30:00+00:00,en,The new style is not balanced yet and a bottleneck has formed.,method,medium,False,0,train,synthetic
NOTE-000241,FAC-001,LINE-02,ORD-02-011,2025-04-15,2025-04-15T12:30:00+00:00,mixed,Production plan অনুযায়ী চলছে।,none,low,False,0,train,synthetic
NOTE-000242,FAC-001,LINE-02,ORD-02-011,2025-04-16,2025-04-16T12:30:00+00:00,bn,"লাইন স্বাভাবিকভাবে চলছে, বড় কোনো সমস্যা নেই।",none,low,False,0,train,synthetic
NOTE-000243,FAC-001,LINE-02,ORD-02-011,2025-04-17,2025-04-17T12:30:00+00:00,bn,উৎপাদন পরিকল্পনা অনুযায়ী চলছে।,none,low,False,0,train,synthetic
NOTE-000244,FAC-001,LINE-02,ORD-02-011,2025-04-19,2025-04-19T12:30:00+00:00,en,The line is operating normally with no major issue.,none,low,False,0,train,synthetic
NOTE-000245,FAC-001,LINE-02,ORD-02-011,2025-04-20,2025-04-20T12:30:00+00:00,mixed,Production plan অনুযায়ী চলছে।,none,low,False,0,train,synthetic
NOTE-000246,FAC-001,LINE-02,ORD-02-012,2025-04-21,2025-04-21T12:30:00+00:00,en,The overlock machine was down for 55 minutes; maintenance is checking it.,machine,medium,True,55,train,synthetic
NOTE-000247,FAC-001,LINE-02,ORD-02-012,2025-04-22,2025-04-22T12:30:00+00:00,en,The line target is high relative to available operators and style complexity.,planning,medium,False,0,train,synthetic
NOTE-000248,FAC-001,LINE-02,ORD-02-012,2025-04-23,2025-04-23T12:30:00+00:00,bn,"iron মেশিন 41 মিনিট বন্ধ ছিল, মেকানিক কাজ করছে।",machine,medium,False,41,train,synthetic
NOTE-000249,FAC-001,LINE-02,ORD-02-012,2025-04-24,2025-04-24T12:30:00+00:00,mixed,"Line স্বাভাবিক চলছে, major issue নেই।",none,low,False,0,train,synthetic
NOTE-000250,FAC-001,LINE-02,ORD-02-012,2025-04-26,2025-04-26T12:30:00+00:00,mixed,Skilled operator কম থাকায় কিছু operation bottleneck হয়েছে।,manpower,medium,False,0,train,synthetic
NOTE-000251,FAC-001,LINE-02,ORD-02-012,2025-04-27,2025-04-27T12:30:00+00:00,en,Production is progressing according to plan.,none,low,False,0,train,synthetic
NOTE-000252,FAC-001,LINE-02,ORD-02-012,2025-04-28,2025-04-28T12:30:00+00:00,en,Production is progressing according to plan.,none,low,False,0,train,synthetic
NOTE-000253,FAC-001,LINE-02,ORD-02-012,2025-04-29,2025-04-29T12:30:00+00:00,bn,দক্ষ অপারেটর কম থাকায় কয়েকটি অপারেশন আটকে আছে।,manpower,medium,False,0,train,synthetic
NOTE-000254,FAC-001,LINE-02,ORD-02-012,2025-04-30,2025-04-30T12:30:00+00:00,en,The line is operating normally with no major issue.,none,low,False,0,train,synthetic
NOTE-000255,FAC-001,LINE-02,ORD-02-012,2025-05-01,2025-05-01T12:30:00+00:00,mixed,Production plan অনুযায়ী চলছে।,none,low,False,0,validation,synthetic
NOTE-000256,FAC-001,LINE-02,ORD-02-013,2025-05-03,2025-05-03T12:30:00+00:00,bn,"লাইনে single needle মেশিনে সমস্যা হয়েছে, 80 মিনিট আউটপুট বন্ধ ছিল।",machine,high,True,80,validation,synthetic
NOTE-000257,FAC-001,LINE-02,ORD-02-013,2025-05-04,2025-05-04T12:30:00+00:00,mixed,"Line স্বাভাবিক চলছে, major issue নেই।",none,low,False,0,validation,synthetic
NOTE-000258,FAC-001,LINE-02,ORD-02-013,2025-05-05,2025-05-05T12:30:00+00:00,en,The line is operating normally with no major issue.,none,low,False,0,validation,synthetic
NOTE-000259,FAC-001,LINE-02,ORD-02-013,2025-05-06,2025-05-06T12:30:00+00:00,bn,"লাইন স্বাভাবিকভাবে চলছে, বড় কোনো সমস্যা নেই।",none,low,False,0,validation,synthetic
NOTE-000260,FAC-001,LINE-02,ORD-02-013,2025-05-07,2025-05-07T12:30:00+00:00,mixed,Production plan অনুযায়ী চলছে।,none,low,False,0,validation,synthetic
NOTE-000261,FAC-001,LINE-02,ORD-02-013,2025-05-08,2025-05-08T12:30:00+00:00,en,The line is operating normally with no major issue.,none,low,False,0,validation,synthetic
NOTE-000262,FAC-001,LINE-02,ORD-02-013,2025-05-10,2025-05-10T12:30:00+00:00,bn,উৎপাদন পরিকল্পনা অনুযায়ী চলছে।,none,low,False,0,validation,synthetic
NOTE-000263,FAC-001,LINE-02,ORD-02-014,2025-05-11,2025-05-11T12:30:00+00:00,bn,লাইনের লক্ষ্য বর্তমান জনবল ও স্টাইল জটিলতার তুলনায় বেশি নির্ধারণ করা হয়েছে।,planning,medium,False,0,validation,synthetic
NOTE-000264,FAC-001,LINE-02,ORD-02-014,2025-05-12,2025-05-12T12:30:00+00:00,en,The line is operating normally with no major issue.,none,low,False,0,validation,synthetic
NOTE-000265,FAC-001,LINE-02,ORD-02-014,2025-05-13,2025-05-13T12:30:00+00:00,bn,উৎপাদন পরিকল্পনা অনুযায়ী চলছে।,none,low,False,0,validation,synthetic
NOTE-000266,FAC-001,LINE-02,ORD-02-014,2025-05-14,2025-05-14T12:30:00+00:00,bn,"আজ 7 জন অপারেটর অনুপস্থিত, আউটপুট লক্ষ্যের নিচে।",manpower,medium,False,0,validation,synthetic
NOTE-000267,FAC-001,LINE-02,ORD-02-014,2025-05-15,2025-05-15T12:30:00+00:00,mixed,Line output কমেছে because overlock machine had 35 minutes downtime.,machine,medium,False,35,validation,synthetic
NOTE-000268,FAC-001,LINE-02,ORD-02-014,2025-05-17,2025-05-17T12:30:00+00:00,mixed,Skilled operator কম থাকায় কিছু operation bottleneck হয়েছে।,manpower,medium,False,0,validation,synthetic
NOTE-000269,FAC-001,LINE-02,ORD-02-014,2025-05-18,2025-05-18T12:30:00+00:00,mixed,"Line স্বাভাবিক চলছে, major issue নেই।",none,low,False,0,validation,synthetic
NOTE-000270,FAC-001,LINE-02,ORD-02-014,2025-05-19,2025-05-19T12:30:00+00:00,mixed,Line output কমেছে because button attach machine had 36 minutes downtime.,machine,medium,False,36,validation,synthetic
NOTE-000271,FAC-001,LINE-02,ORD-02-014,2025-05-20,2025-05-20T12:30:00+00:00,bn,"লাইন স্বাভাবিকভাবে চলছে, বড় কোনো সমস্যা নেই।",none,low,False,0,validation,synthetic
NOTE-000272,FAC-001,LINE-02,ORD-02-015,2025-05-21,2025-05-21T12:30:00+00:00,en,The line target is high relative to available operators and style complexity.,planning,medium,False,0,validation,synthetic
NOTE-000273,FAC-001,LINE-02,ORD-02-015,2025-05-22,2025-05-22T12:30:00+00:00,bn,উৎপাদন পরিকল্পনা অনুযায়ী চলছে।,none,low,False,0,validation,synthetic
NOTE-000274,FAC-001,LINE-02,ORD-02-015,2025-05-24,2025-05-24T12:30:00+00:00,bn,উৎপাদন পরিকল্পনা অনুযায়ী চলছে।,none,low,False,0,validation,synthetic
NOTE-000275,FAC-001,LINE-02,ORD-02-015,2025-05-25,2025-05-25T12:30:00+00:00,bn,"লাইন স্বাভাবিকভাবে চলছে, বড় কোনো সমস্যা নেই।",none,low,False,0,validation,synthetic
NOTE-000276,FAC-001,LINE-02,ORD-02-015,2025-05-26,2025-05-26T12:30:00+00:00,mixed,Production plan অনুযায়ী চলছে।,none,low,False,0,validation,synthetic
NOTE-000277,FAC-001,LINE-02,ORD-02-015,2025-05-27,2025-05-27T12:30:00+00:00,mixed,"Line স্বাভাবিক চলছে, major issue নেই।",none,low,False,0,validation,synthetic
NOTE-000278,FAC-001,LINE-02,ORD-02-015,2025-05-28,2025-05-28T12:30:00+00:00,bn,"লাইনে bartack মেশিনে সমস্যা হয়েছে, 55 মিনিট আউটপুট বন্ধ ছিল।",machine,medium,True,55,validation,synthetic
NOTE-000279,FAC-001,LINE-02,ORD-02-015,2025-05-29,2025-05-29T12:30:00+00:00,mixed,Production plan অনুযায়ী চলছে।,none,low,False,0,validation,synthetic
NOTE-000280,FAC-001,LINE-02,ORD-02-016,2025-05-31,2025-05-31T12:30:00+00:00,mixed,"Style changeover late হয়েছে, morning output কম।",method,medium,False,0,validation,synthetic
NOTE-000281,FAC-001,LINE-02,ORD-02-016,2025-06-01,2025-06-01T12:30:00+00:00,bn,"লাইন স্বাভাবিকভাবে চলছে, বড় কোনো সমস্যা নেই।",none,low,False,0,test,synthetic
NOTE-000282,FAC-001,LINE-02,ORD-02-016,2025-06-02,2025-06-02T12:30:00+00:00,mixed,Production plan অনুযায়ী চলছে।,none,low,False,0,test,synthetic
NOTE-000283,FAC-001,LINE-02,ORD-02-016,2025-06-03,2025-06-03T12:30:00+00:00,bn,"লাইনে iron মেশিনে সমস্যা হয়েছে, 55 মিনিট আউটপুট বন্ধ ছিল।",machine,medium,True,55,test,synthetic
NOTE-000284,FAC-001,LINE-02,ORD-02-016,2025-06-04,2025-06-04T12:30:00+00:00,bn,উৎপাদন পরিকল্পনা অনুযায়ী চলছে।,none,low,False,0,test,synthetic
NOTE-000285,FAC-001,LINE-02,ORD-02-016,2025-06-05,2025-06-05T12:30:00+00:00,bn,উৎপাদন পরিকল্পনা অনুযায়ী চলছে।,none,low,False,0,test,synthetic
NOTE-000286,FAC-001,LINE-02,ORD-02-016,2025-06-07,2025-06-07T12:30:00+00:00,bn,"আজ 5 জন অপারেটর অনুপস্থিত, আউটপুট লক্ষ্যের নিচে।",manpower,medium,False,0,test,synthetic
NOTE-000287,FAC-001,LINE-02,ORD-02-016,2025-06-08,2025-06-08T12:30:00+00:00,bn,"কোয়ালিটি চেকে বেশি ত্রুটি পাওয়া গেছে, ইনলাইন সংশোধন চলছে।",quality,medium,False,0,test,synthetic
NOTE-000288,FAC-001,LINE-02,ORD-02-016,2025-06-09,2025-06-09T12:30:00+00:00,en,9 operators are absent today and output is below plan.,manpower,medium,False,0,test,synthetic
NOTE-000289,FAC-001,LINE-02,ORD-02-017,2025-06-10,2025-06-10T12:30:00+00:00,en,The line target is high relative to available operators and style complexity.,planning,medium,False,0,test,synthetic
NOTE-000290,FAC-001,LINE-02,ORD-02-017,2025-06-11,2025-06-11T12:30:00+00:00,bn,"লাইন স্বাভাবিকভাবে চলছে, বড় কোনো সমস্যা নেই।",none,low,False,0,test,synthetic
NOTE-000291,FAC-001,LINE-02,ORD-02-017,2025-06-12,2025-06-12T12:30:00+00:00,en,Material availability is below requirement and production is partially blocked.,material,high,True,0,test,synthetic
NOTE-000292,FAC-001,LINE-02,ORD-02-017,2025-06-14,2025-06-14T12:30:00+00:00,bn,"লাইন স্বাভাবিকভাবে চলছে, বড় কোনো সমস্যা নেই।",none,low,False,0,test,synthetic
NOTE-000293,FAC-001,LINE-02,ORD-02-017,2025-06-15,2025-06-15T12:30:00+00:00,en,Production is progressing according to plan.,none,low,False,0,test,synthetic
NOTE-000294,FAC-001,LINE-02,ORD-02-017,2025-06-16,2025-06-16T12:30:00+00:00,en,Production is progressing according to plan.,none,low,False,0,test,synthetic
NOTE-000295,FAC-001,LINE-02,ORD-02-017,2025-06-17,2025-06-17T12:30:00+00:00,mixed,Production plan অনুযায়ী চলছে।,none,low,False,0,test,synthetic
NOTE-000296,FAC-001,LINE-02,ORD-02-017,2025-06-18,2025-06-18T12:30:00+00:00,en,The line is operating normally with no major issue.,none,low,False,0,test,synthetic
NOTE-000297,FAC-001,LINE-02,ORD-02-018,2025-06-19,2025-06-19T12:30:00+00:00,bn,"নতুন স্টাইলের অপারেশন ব্যালেন্স ঠিক হয়নি, বোতলনেক তৈরি হয়েছে।",method,medium,False,0,test,synthetic
NOTE-000298,FAC-001,LINE-02,ORD-02-018,2025-06-21,2025-06-21T12:30:00+00:00,en,The line is operating normally with no major issue.,none,low,False,0,test,synthetic
NOTE-000299,FAC-001,LINE-02,ORD-02-018,2025-06-22,2025-06-22T12:30:00+00:00,en,Inline inspection found a higher defect rate; correction is in progress.,quality,medium,False,0,test,synthetic
NOTE-000300,FAC-001,LINE-02,ORD-02-018,2025-06-23,2025-06-23T12:30:00+00:00,bn,"লাইন স্বাভাবিকভাবে চলছে, বড় কোনো সমস্যা নেই।",none,low,False,0,test,synthetic
NOTE-000301,FAC-001,LINE-02,ORD-02-018,2025-06-24,2025-06-24T12:30:00+00:00,bn,উৎপাদন পরিকল্পনা অনুযায়ী চলছে।,none,low,False,0,test,synthetic
NOTE-000302,FAC-001,LINE-02,ORD-02-018,2025-06-25,2025-06-25T12:30:00+00:00,en,The line is operating normally with no major issue.,none,low,False,0,test,synthetic
NOTE-000303,FAC-001,LINE-02,ORD-02-018,2025-06-26,2025-06-26T12:30:00+00:00,bn,"measurement variance সমস্যা বেড়েছে, রিওয়ার্কের কারণে আউটপুট কমছে।",quality,medium,False,0,test,synthetic
NOTE-000304,FAC-001,LINE-02,ORD-02-018,2025-06-28,2025-06-28T12:30:00+00:00,mixed,Production plan অনুযায়ী চলছে।,none,low,False,0,test,synthetic
NOTE-000305,FAC-001,LINE-02,ORD-02-018,2025-06-29,2025-06-29T12:30:00+00:00,bn,দক্ষ অপারেটর কম থাকায় কয়েকটি অপারেশন আটকে আছে।,manpower,medium,False,0,test,synthetic
NOTE-000306,FAC-001,LINE-02,ORD-02-018,2025-06-30,2025-06-30T12:30:00+00:00,bn,উৎপাদন পরিকল্পনা অনুযায়ী চলছে।,none,low,False,0,test,synthetic
NOTE-000307,FAC-001,LINE-03,ORD-03-001,2025-01-04,2025-01-04T12:30:00+00:00,bn,লাইনের লক্ষ্য বর্তমান জনবল ও স্টাইল জটিলতার তুলনায় বেশি নির্ধারণ করা হয়েছে।,planning,medium,False,0,train,synthetic
NOTE-000308,FAC-001,LINE-03,ORD-03-001,2025-01-05,2025-01-05T12:30:00+00:00,en,The line is operating normally with no major issue.,none,low,False,0,train,synthetic
NOTE-000309,FAC-001,LINE-03,ORD-03-001,2025-01-06,2025-01-06T12:30:00+00:00,en,Several operations are constrained because skilled operators are unavailable.,manpower,medium,False,0,train,synthetic
NOTE-000310,FAC-001,LINE-03,ORD-03-001,2025-01-07,2025-01-07T12:30:00+00:00,mixed,"uneven stitch defect বেড়েছে, rework-এর কারণে output কম।",quality,medium,False,0,train,synthetic
NOTE-000311,FAC-001,LINE-03,ORD-03-001,2025-01-08,2025-01-08T12:30:00+00:00,mixed,Production plan অনুযায়ী চলছে।,none,low,False,0,train,synthetic
NOTE-000312,FAC-001,LINE-03,ORD-03-001,2025-01-09,2025-01-09T12:30:00+00:00,mixed,Production plan অনুযায়ী চলছে।,none,low,False,0,train,synthetic
NOTE-000313,FAC-001,LINE-03,ORD-03-001,2025-01-11,2025-01-11T12:30:00+00:00,en,Production is progressing according to plan.,none,low,False,0,train,synthetic
NOTE-000314,FAC-001,LINE-03,ORD-03-001,2025-01-12,2025-01-12T12:30:00+00:00,bn,"oil mark সমস্যা বেড়েছে, রিওয়ার্কের কারণে আউটপুট কমছে।",quality,medium,False,0,train,synthetic
NOTE-000315,FAC-001,LINE-03,ORD-03-002,2025-01-13,2025-01-13T12:30:00+00:00,bn,লাইনের লক্ষ্য বর্তমান জনবল ও স্টাইল জটিলতার তুলনায় বেশি নির্ধারণ করা হয়েছে।,planning,medium,False,0,train,synthetic
NOTE-000316,FAC-001,LINE-03,ORD-03-002,2025-01-14,2025-01-14T12:30:00+00:00,en,The flatlock machine was down for 49 minutes; maintenance is checking it.,machine,medium,True,49,train,synthetic
NOTE-000317,FAC-001,LINE-03,ORD-03-002,2025-01-15,2025-01-15T12:30:00+00:00,bn,"লাইন স্বাভাবিকভাবে চলছে, বড় কোনো সমস্যা নেই।",none,low,False,0,train,synthetic
NOTE-000318,FAC-001,LINE-03,ORD-03-002,2025-01-16,2025-01-16T12:30:00+00:00,en,Output stopped for 106 minutes because of a iron machine problem.,machine,high,True,106,train,synthetic
NOTE-000319,FAC-001,LINE-03,ORD-03-002,2025-01-18,2025-01-18T12:30:00+00:00,bn,"লাইন স্বাভাবিকভাবে চলছে, বড় কোনো সমস্যা নেই।",none,low,False,0,train,synthetic
NOTE-000320,FAC-001,LINE-03,ORD-03-002,2025-01-19,2025-01-19T12:30:00+00:00,en,Output stopped for 50 minutes because of a overlock machine problem.,machine,medium,True,50,train,synthetic
NOTE-000321,FAC-001,LINE-03,ORD-03-002,2025-01-20,2025-01-20T12:30:00+00:00,bn,উৎপাদন পরিকল্পনা অনুযায়ী চলছে।,none,low,False,0,train,synthetic
NOTE-000322,FAC-001,LINE-03,ORD-03-003,2025-01-21,2025-01-21T12:30:00+00:00,bn,লাইনের লক্ষ্য বর্তমান জনবল ও স্টাইল জটিলতার তুলনায় বেশি নির্ধারণ করা হয়েছে।,planning,medium,False,0,train,synthetic
NOTE-000323,FAC-001,LINE-03,ORD-03-003,2025-01-22,2025-01-22T12:30:00+00:00,bn,উৎপাদন পরিকল্পনা অনুযায়ী চলছে।,none,low,False,0,train,synthetic
NOTE-000324,FAC-001,LINE-03,ORD-03-003,2025-01-23,2025-01-23T12:30:00+00:00,bn,উৎপাদন পরিকল্পনা অনুযায়ী চলছে।,none,low,False,0,train,synthetic
NOTE-000325,FAC-001,LINE-03,ORD-03-003,2025-01-25,2025-01-25T12:30:00+00:00,bn,"লাইন স্বাভাবিকভাবে চলছে, বড় কোনো সমস্যা নেই।",none,low,False,0,train,synthetic
NOTE-000326,FAC-001,LINE-03,ORD-03-003,2025-01-26,2025-01-26T12:30:00+00:00,mixed,"Line স্বাভাবিক চলছে, major issue নেই।",none,low,False,0,train,synthetic
NOTE-000327,FAC-001,LINE-03,ORD-03-003,2025-01-27,2025-01-27T12:30:00+00:00,en,Production is progressing according to plan.,none,low,False,0,train,synthetic
NOTE-000328,FAC-001,LINE-03,ORD-03-003,2025-01-28,2025-01-28T12:30:00+00:00,mixed,"Line স্বাভাবিক চলছে, major issue নেই।",none,low,False,0,train,synthetic
NOTE-000329,FAC-001,LINE-03,ORD-03-003,2025-01-29,2025-01-29T12:30:00+00:00,bn,উৎপাদন পরিকল্পনা অনুযায়ী চলছে।,none,low,False,0,train,synthetic
NOTE-000330,FAC-001,LINE-03,ORD-03-003,2025-01-30,2025-01-30T12:30:00+00:00,bn,উৎপাদন পরিকল্পনা অনুযায়ী চলছে।,none,low,False,0,train,synthetic
NOTE-000331,FAC-001,LINE-03,ORD-03-004,2025-02-01,2025-02-01T12:30:00+00:00,en,"Style changeover finished late, reducing first-half production.",method,medium,False,0,train,synthetic
NOTE-000332,FAC-001,LINE-03,ORD-03-004,2025-02-02,2025-02-02T12:30:00+00:00,en,Production is progressing according to plan.,none,low,False,0,train,synthetic
NOTE-000333,FAC-001,LINE-03,ORD-03-004,2025-02-03,2025-02-03T12:30:00+00:00,bn,"লাইন স্বাভাবিকভাবে চলছে, বড় কোনো সমস্যা নেই।",none,low,False,0,train,synthetic
NOTE-000334,FAC-001,LINE-03,ORD-03-004,2025-02-04,2025-02-04T12:30:00+00:00,en,Production is progressing according to plan.,none,low,False,0,train,synthetic
NOTE-000335,FAC-001,LINE-03,ORD-03-004,2025-02-05,2025-02-05T12:30:00+00:00,en,The line is operating normally with no major issue.,none,low,False,0,train,synthetic
NOTE-000336,FAC-001,LINE-03,ORD-03-004,2025-02-06,2025-02-06T12:30:00+00:00,bn,উৎপাদন পরিকল্পনা অনুযায়ী চলছে।,none,low,False,0,train,synthetic
NOTE-000337,FAC-001,LINE-03,ORD-03-004,2025-02-08,2025-02-08T12:30:00+00:00,mixed,"Material shortage আছে, production partially blocked.",material,high,True,0,train,synthetic
NOTE-000338,FAC-001,LINE-03,ORD-03-004,2025-02-09,2025-02-09T12:30:00+00:00,mixed,Line output কমেছে because button attach machine had 47 minutes downtime.,machine,medium,True,47,train,synthetic
NOTE-000339,FAC-001,LINE-03,ORD-03-004,2025-02-10,2025-02-10T12:30:00+00:00,bn,"লাইন স্বাভাবিকভাবে চলছে, বড় কোনো সমস্যা নেই।",none,low,False,0,train,synthetic
NOTE-000340,FAC-001,LINE-03,ORD-03-004,2025-02-11,2025-02-11T12:30:00+00:00,en,Output stopped for 55 minutes because of a button attach machine problem.,machine,medium,True,55,train,synthetic
NOTE-000341,FAC-001,LINE-03,ORD-03-004,2025-02-12,2025-02-12T12:30:00+00:00,bn,"cutting machine মেশিন 55 মিনিট বন্ধ ছিল, মেকানিক কাজ করছে।",machine,medium,True,55,train,synthetic
NOTE-000342,FAC-001,LINE-03,ORD-03-004,2025-02-13,2025-02-13T12:30:00+00:00,bn,দক্ষ অপারেটর কম থাকায় কয়েকটি অপারেশন আটকে আছে।,manpower,medium,False,0,train,synthetic
NOTE-000343,FAC-001,LINE-03,ORD-03-004,2025-02-15,2025-02-15T12:30:00+00:00,bn,উৎপাদন পরিকল্পনা অনুযায়ী চলছে।,none,low,False,0,train,synthetic
NOTE-000344,FAC-001,LINE-03,ORD-03-005,2025-02-16,2025-02-16T12:30:00+00:00,en,A priority change delayed the planned production sequence.,planning,medium,False,0,train,synthetic
NOTE-000345,FAC-001,LINE-03,ORD-03-005,2025-02-17,2025-02-17T12:30:00+00:00,mixed,"Line স্বাভাবিক চলছে, major issue নেই।",none,low,False,0,train,synthetic
NOTE-000346,FAC-001,LINE-03,ORD-03-005,2025-02-18,2025-02-18T12:30:00+00:00,bn,"লাইন স্বাভাবিকভাবে চলছে, বড় কোনো সমস্যা নেই।",none,low,False,0,train,synthetic
NOTE-000347,FAC-001,LINE-03,ORD-03-005,2025-02-19,2025-02-19T12:30:00+00:00,bn,উৎপাদন পরিকল্পনা অনুযায়ী চলছে।,none,low,False,0,train,synthetic
NOTE-000348,FAC-001,LINE-03,ORD-03-005,2025-02-20,2025-02-20T12:30:00+00:00,en,Several operations are constrained because skilled operators are unavailable.,manpower,medium,False,0,train,synthetic
NOTE-000349,FAC-001,LINE-03,ORD-03-005,2025-02-22,2025-02-22T12:30:00+00:00,bn,"লাইন স্বাভাবিকভাবে চলছে, বড় কোনো সমস্যা নেই।",none,low,False,0,train,synthetic
NOTE-000350,FAC-001,LINE-03,ORD-03-005,2025-02-23,2025-02-23T12:30:00+00:00,bn,উৎপাদন পরিকল্পনা অনুযায়ী চলছে।,none,low,False,0,train,synthetic
NOTE-000351,FAC-001,LINE-03,ORD-03-006,2025-02-24,2025-02-24T12:30:00+00:00,mixed,"Style changeover late হয়েছে, morning output কম।",method,medium,False,0,train,synthetic
NOTE-000352,FAC-001,LINE-03,ORD-03-006,2025-02-25,2025-02-25T12:30:00+00:00,en,The line is operating normally with no major issue.,none,low,False,0,train,synthetic
NOTE-000353,FAC-001,LINE-03,ORD-03-006,2025-02-26,2025-02-26T12:30:00+00:00,en,Production is progressing according to plan.,none,low,False,0,train,synthetic
NOTE-000354,FAC-001,LINE-03,ORD-03-006,2025-02-27,2025-02-27T12:30:00+00:00,bn,উৎপাদন পরিকল্পনা অনুযায়ী চলছে।,none,low,False,0,train,synthetic
NOTE-000355,FAC-001,LINE-03,ORD-03-006,2025-03-01,2025-03-01T12:30:00+00:00,en,Production is progressing according to plan.,none,low,False,0,train,synthetic
NOTE-000356,FAC-001,LINE-03,ORD-03-006,2025-03-02,2025-03-02T12:30:00+00:00,en,The line is operating normally with no major issue.,none,low,False,0,train,synthetic
NOTE-000357,FAC-001,LINE-03,ORD-03-006,2025-03-03,2025-03-03T12:30:00+00:00,bn,"লাইন স্বাভাবিকভাবে চলছে, বড় কোনো সমস্যা নেই।",none,low,False,0,train,synthetic
NOTE-000358,FAC-001,LINE-03,ORD-03-006,2025-03-04,2025-03-04T12:30:00+00:00,mixed,"Line স্বাভাবিক চলছে, major issue নেই।",none,low,False,0,train,synthetic
NOTE-000359,FAC-001,LINE-03,ORD-03-006,2025-03-05,2025-03-05T12:30:00+00:00,bn,"লাইন স্বাভাবিকভাবে চলছে, বড় কোনো সমস্যা নেই।",none,low,False,0,train,synthetic
NOTE-000360,FAC-001,LINE-03,ORD-03-007,2025-03-06,2025-03-06T12:30:00+00:00,bn,"নতুন স্টাইলের অপারেশন ব্যালেন্স ঠিক হয়নি, বোতলনেক তৈরি হয়েছে।",method,medium,False,0,train,synthetic
NOTE-000361,FAC-001,LINE-03,ORD-03-007,2025-03-08,2025-03-08T12:30:00+00:00,bn,উৎপাদন পরিকল্পনা অনুযায়ী চলছে।,none,low,False,0,train,synthetic
NOTE-000362,FAC-001,LINE-03,ORD-03-007,2025-03-09,2025-03-09T12:30:00+00:00,mixed,"Required trims সময়মতো আসেনি, line output কমেছে।",material,high,True,0,train,synthetic
NOTE-000363,FAC-001,LINE-03,ORD-03-007,2025-03-10,2025-03-10T12:30:00+00:00,mixed,Production plan অনুযায়ী চলছে।,none,low,False,0,train,synthetic
NOTE-000364,FAC-001,LINE-03,ORD-03-007,2025-03-11,2025-03-11T12:30:00+00:00,mixed,Production plan অনুযায়ী চলছে।,none,low,False,0,train,synthetic
NOTE-000365,FAC-001,LINE-03,ORD-03-007,2025-03-12,2025-03-12T12:30:00+00:00,mixed,"Line স্বাভাবিক চলছে, major issue নেই।",none,low,False,0,train,synthetic
NOTE-000366,FAC-001,LINE-03,ORD-03-007,2025-03-13,2025-03-13T12:30:00+00:00,mixed,Production plan অনুযায়ী চলছে।,none,low,False,0,train,synthetic
NOTE-000367,FAC-001,LINE-03,ORD-03-007,2025-03-15,2025-03-15T12:30:00+00:00,mixed,"Line স্বাভাবিক চলছে, major issue নেই।",none,low,False,0,train,synthetic
NOTE-000368,FAC-001,LINE-03,ORD-03-008,2025-03-16,2025-03-16T12:30:00+00:00,mixed,Skilled operator কম থাকায় কিছু operation bottleneck হয়েছে।,manpower,medium,False,0,train,synthetic
NOTE-000369,FAC-001,LINE-03,ORD-03-008,2025-03-17,2025-03-17T12:30:00+00:00,bn,"লাইনে button attach মেশিনে সমস্যা হয়েছে, 55 মিনিট আউটপুট বন্ধ ছিল।",machine,medium,True,55,train,synthetic
NOTE-000370,FAC-001,LINE-03,ORD-03-008,2025-03-18,2025-03-18T12:30:00+00:00,mixed,"আজ 7 জন operator absent, তাই output target-এর নিচে।",manpower,medium,False,0,train,synthetic
NOTE-000371,FAC-001,LINE-03,ORD-03-008,2025-03-19,2025-03-19T12:30:00+00:00,en,The line is operating normally with no major issue.,none,low,False,0,train,synthetic
NOTE-000372,FAC-001,LINE-03,ORD-03-008,2025-03-20,2025-03-20T12:30:00+00:00,mixed,"Line স্বাভাবিক চলছে, major issue নেই।",none,low,False,0,train,synthetic
NOTE-000373,FAC-001,LINE-03,ORD-03-008,2025-03-22,2025-03-22T12:30:00+00:00,en,Production is progressing according to plan.,none,low,False,0,train,synthetic
NOTE-000374,FAC-001,LINE-03,ORD-03-008,2025-03-23,2025-03-23T12:30:00+00:00,mixed,"Line স্বাভাবিক চলছে, major issue নেই।",none,low,False,0,train,synthetic
NOTE-000375,FAC-001,LINE-03,ORD-03-008,2025-03-24,2025-03-24T12:30:00+00:00,mixed,"Line স্বাভাবিক চলছে, major issue নেই।",none,low,False,0,train,synthetic
NOTE-000376,FAC-001,LINE-03,ORD-03-008,2025-03-25,2025-03-25T12:30:00+00:00,en,The line is operating normally with no major issue.,none,low,False,0,train,synthetic
NOTE-000377,FAC-001,LINE-03,ORD-03-008,2025-03-26,2025-03-26T12:30:00+00:00,mixed,"Line স্বাভাবিক চলছে, major issue নেই।",none,low,False,0,train,synthetic
NOTE-000378,FAC-001,LINE-03,ORD-03-008,2025-03-27,2025-03-27T12:30:00+00:00,en,Production is progressing according to plan.,none,low,False,0,train,synthetic
NOTE-000379,FAC-001,LINE-03,ORD-03-009,2025-03-29,2025-03-29T12:30:00+00:00,en,"Style changeover finished late, reducing first-half production.",method,medium,False,0,train,synthetic
NOTE-000380,FAC-001,LINE-03,ORD-03-009,2025-03-30,2025-03-30T12:30:00+00:00,mixed,Production plan অনুযায়ী চলছে।,none,low,False,0,train,synthetic
NOTE-000381,FAC-001,LINE-03,ORD-03-009,2025-03-31,2025-03-31T12:30:00+00:00,bn,উৎপাদন পরিকল্পনা অনুযায়ী চলছে।,none,low,False,0,train,synthetic
NOTE-000382,FAC-001,LINE-03,ORD-03-009,2025-04-01,2025-04-01T12:30:00+00:00,bn,"লাইন স্বাভাবিকভাবে চলছে, বড় কোনো সমস্যা নেই।",none,low,False,0,train,synthetic
NOTE-000383,FAC-001,LINE-03,ORD-03-009,2025-04-02,2025-04-02T12:30:00+00:00,mixed,Production plan অনুযায়ী চলছে।,none,low,False,0,train,synthetic
NOTE-000384,FAC-001,LINE-03,ORD-03-009,2025-04-03,2025-04-03T12:30:00+00:00,en,Production is progressing according to plan.,none,low,False,0,train,synthetic
NOTE-000385,FAC-001,LINE-03,ORD-03-010,2025-04-05,2025-04-05T12:30:00+00:00,bn,"স্টাইল চেঞ্জওভার দেরিতে শেষ হয়েছে, প্রথম ভাগের উৎপাদন কম।",method,medium,False,0,train,synthetic
NOTE-000386,FAC-001,LINE-03,ORD-03-010,2025-04-06,2025-04-06T12:30:00+00:00,mixed,Production plan অনুযায়ী চলছে।,none,low,False,0,train,synthetic
NOTE-000387,FAC-001,LINE-03,ORD-03-010,2025-04-07,2025-04-07T12:30:00+00:00,mixed,Line output কমেছে because iron machine had 55 minutes downtime.,machine,medium,True,55,train,synthetic
NOTE-000388,FAC-001,LINE-03,ORD-03-010,2025-04-08,2025-04-08T12:30:00+00:00,bn,উৎপাদন পরিকল্পনা অনুযায়ী চলছে।,none,low,False,0,train,synthetic
NOTE-000389,FAC-001,LINE-03,ORD-03-010,2025-04-09,2025-04-09T12:30:00+00:00,mixed,Production plan অনুযায়ী চলছে।,none,low,False,0,train,synthetic
NOTE-000390,FAC-001,LINE-03,ORD-03-010,2025-04-10,2025-04-10T12:30:00+00:00,bn,"আজ 9 জন অপারেটর অনুপস্থিত, আউটপুট লক্ষ্যের নিচে।",manpower,medium,False,0,train,synthetic
NOTE-000391,FAC-001,LINE-03,ORD-03-010,2025-04-12,2025-04-12T12:30:00+00:00,bn,"uneven stitch সমস্যা বেড়েছে, রিওয়ার্কের কারণে আউটপুট কমছে।",quality,medium,False,0,train,synthetic
NOTE-000392,FAC-001,LINE-03,ORD-03-010,2025-04-13,2025-04-13T12:30:00+00:00,bn,"ট্রিমস সময়মতো আসেনি, লাইনের কাজ ধীর হয়েছে।",material,high,True,0,train,synthetic
NOTE-000393,FAC-001,LINE-03,ORD-03-010,2025-04-14,2025-04-14T12:30:00+00:00,en,Production is progressing according to plan.,none,low,False,0,train,synthetic
NOTE-000394,FAC-001,LINE-03,ORD-03-011,2025-04-15,2025-04-15T12:30:00+00:00,bn,লাইনের লক্ষ্য বর্তমান জনবল ও স্টাইল জটিলতার তুলনায় বেশি নির্ধারণ করা হয়েছে।,planning,medium,False,0,train,synthetic
NOTE-000395,FAC-001,LINE-03,ORD-03-011,2025-04-16,2025-04-16T12:30:00+00:00,en,Production is progressing according to plan.,none,low,False,0,train,synthetic
NOTE-000396,FAC-001,LINE-03,ORD-03-011,2025-04-17,2025-04-17T12:30:00+00:00,en,The line is operating normally with no major issue.,none,low,False,0,train,synthetic
NOTE-000397,FAC-001,LINE-03,ORD-03-011,2025-04-19,2025-04-19T12:30:00+00:00,bn,উৎপাদন পরিকল্পনা অনুযায়ী চলছে।,none,low,False,0,train,synthetic
NOTE-000398,FAC-001,LINE-03,ORD-03-011,2025-04-20,2025-04-20T12:30:00+00:00,mixed,"Required trims সময়মতো আসেনি, line output কমেছে।",material,high,True,0,train,synthetic
NOTE-000399,FAC-001,LINE-03,ORD-03-011,2025-04-21,2025-04-21T12:30:00+00:00,bn,"লাইনে overlock মেশিনে সমস্যা হয়েছে, 49 মিনিট আউটপুট বন্ধ ছিল।",machine,medium,True,49,train,synthetic
NOTE-000400,FAC-001,LINE-03,ORD-03-011,2025-04-22,2025-04-22T12:30:00+00:00,mixed,"Inline QC-তে defect rate বেশি, correction চলছে।",quality,medium,False,0,train,synthetic
NOTE-000401,FAC-001,LINE-03,ORD-03-012,2025-04-23,2025-04-23T12:30:00+00:00,mixed,"Style changeover late হয়েছে, morning output কম।",method,medium,False,0,train,synthetic
NOTE-000402,FAC-001,LINE-03,ORD-03-012,2025-04-24,2025-04-24T12:30:00+00:00,bn,অর্ডার অগ্রাধিকার পরিবর্তনের কারণে পরিকল্পনায় বিলম্ব হয়েছে।,planning,medium,False,0,train,synthetic
NOTE-000403,FAC-001,LINE-03,ORD-03-012,2025-04-26,2025-04-26T12:30:00+00:00,bn,"লাইন স্বাভাবিকভাবে চলছে, বড় কোনো সমস্যা নেই।",none,low,False,0,train,synthetic
NOTE-000404,FAC-001,LINE-03,ORD-03-012,2025-04-27,2025-04-27T12:30:00+00:00,en,The line is operating normally with no major issue.,none,low,False,0,train,synthetic
NOTE-000405,FAC-001,LINE-03,ORD-03-012,2025-04-28,2025-04-28T12:30:00+00:00,bn,উৎপাদন পরিকল্পনা অনুযায়ী চলছে।,none,low,False,0,train,synthetic
NOTE-000406,FAC-001,LINE-03,ORD-03-012,2025-04-29,2025-04-29T12:30:00+00:00,bn,উৎপাদন পরিকল্পনা অনুযায়ী চলছে।,none,low,False,0,train,synthetic
NOTE-000407,FAC-001,LINE-03,ORD-03-012,2025-04-30,2025-04-30T12:30:00+00:00,mixed,"Line স্বাভাবিক চলছে, major issue নেই।",none,low,False,0,train,synthetic
NOTE-000408,FAC-001,LINE-03,ORD-03-012,2025-05-01,2025-05-01T12:30:00+00:00,bn,উৎপাদন পরিকল্পনা অনুযায়ী চলছে।,none,low,False,0,validation,synthetic
NOTE-000409,FAC-001,LINE-03,ORD-03-012,2025-05-03,2025-05-03T12:30:00+00:00,bn,"লাইন স্বাভাবিকভাবে চলছে, বড় কোনো সমস্যা নেই।",none,low,False,0,validation,synthetic
NOTE-000410,FAC-001,LINE-03,ORD-03-012,2025-05-04,2025-05-04T12:30:00+00:00,bn,"লাইন স্বাভাবিকভাবে চলছে, বড় কোনো সমস্যা নেই।",none,low,False,0,validation,synthetic
NOTE-000411,FAC-001,LINE-03,ORD-03-012,2025-05-05,2025-05-05T12:30:00+00:00,en,Production is progressing according to plan.,none,low,False,0,validation,synthetic
NOTE-000412,FAC-001,LINE-03,ORD-03-012,2025-05-06,2025-05-06T12:30:00+00:00,mixed,Production plan অনুযায়ী চলছে।,none,low,False,0,validation,synthetic
NOTE-000413,FAC-001,LINE-03,ORD-03-013,2025-05-07,2025-05-07T12:30:00+00:00,bn,"স্টাইল চেঞ্জওভার দেরিতে শেষ হয়েছে, প্রথম ভাগের উৎপাদন কম।",method,medium,False,0,validation,synthetic
NOTE-000414,FAC-001,LINE-03,ORD-03-013,2025-05-08,2025-05-08T12:30:00+00:00,bn,উৎপাদন পরিকল্পনা অনুযায়ী চলছে।,none,low,False,0,validation,synthetic
NOTE-000415,FAC-001,LINE-03,ORD-03-013,2025-05-10,2025-05-10T12:30:00+00:00,mixed,Production plan অনুযায়ী চলছে।,none,low,False,0,validation,synthetic
NOTE-000416,FAC-001,LINE-03,ORD-03-013,2025-05-11,2025-05-11T12:30:00+00:00,en,Production is progressing according to plan.,none,low,False,0,validation,synthetic
NOTE-000417,FAC-001,LINE-03,ORD-03-013,2025-05-12,2025-05-12T12:30:00+00:00,bn,উৎপাদন পরিকল্পনা অনুযায়ী চলছে।,none,low,False,0,validation,synthetic
NOTE-000418,FAC-001,LINE-03,ORD-03-013,2025-05-13,2025-05-13T12:30:00+00:00,bn,উৎপাদন পরিকল্পনা অনুযায়ী চলছে।,none,low,False,0,validation,synthetic
NOTE-000419,FAC-001,LINE-03,ORD-03-013,2025-05-14,2025-05-14T12:30:00+00:00,bn,"লাইন স্বাভাবিকভাবে চলছে, বড় কোনো সমস্যা নেই।",none,low,False,0,validation,synthetic
NOTE-000420,FAC-001,LINE-03,ORD-03-013,2025-05-15,2025-05-15T12:30:00+00:00,en,The cutting machine machine was down for 55 minutes; maintenance is checking it.,machine,medium,True,55,validation,synthetic
NOTE-000421,FAC-001,LINE-03,ORD-03-013,2025-05-17,2025-05-17T12:30:00+00:00,mixed,Production plan অনুযায়ী চলছে।,none,low,False,0,validation,synthetic
NOTE-000422,FAC-001,LINE-03,ORD-03-013,2025-05-18,2025-05-18T12:30:00+00:00,bn,উৎপাদন পরিকল্পনা অনুযায়ী চলছে।,none,low,False,0,validation,synthetic
NOTE-000423,FAC-001,LINE-03,ORD-03-013,2025-05-19,2025-05-19T12:30:00+00:00,mixed,"Line স্বাভাবিক চলছে, major issue নেই।",none,low,False,0,validation,synthetic
NOTE-000424,FAC-001,LINE-03,ORD-03-013,2025-05-20,2025-05-20T12:30:00+00:00,bn,"কোয়ালিটি চেকে বেশি ত্রুটি পাওয়া গেছে, ইনলাইন সংশোধন চলছে।",quality,medium,False,0,validation,synthetic
NOTE-000425,FAC-001,LINE-03,ORD-03-014,2025-05-21,2025-05-21T12:30:00+00:00,en,The new style is not balanced yet and a bottleneck has formed.,method,medium,False,0,validation,synthetic
NOTE-000426,FAC-001,LINE-03,ORD-03-014,2025-05-22,2025-05-22T12:30:00+00:00,bn,"লাইন স্বাভাবিকভাবে চলছে, বড় কোনো সমস্যা নেই।",none,low,False,0,validation,synthetic
NOTE-000427,FAC-001,LINE-03,ORD-03-014,2025-05-24,2025-05-24T12:30:00+00:00,bn,"লাইন স্বাভাবিকভাবে চলছে, বড় কোনো সমস্যা নেই।",none,low,False,0,validation,synthetic
NOTE-000428,FAC-001,LINE-03,ORD-03-014,2025-05-25,2025-05-25T12:30:00+00:00,bn,উৎপাদন পরিকল্পনা অনুযায়ী চলছে।,none,low,False,0,validation,synthetic
NOTE-000429,FAC-001,LINE-03,ORD-03-014,2025-05-26,2025-05-26T12:30:00+00:00,en,Production is progressing according to plan.,none,low,False,0,validation,synthetic
NOTE-000430,FAC-001,LINE-03,ORD-03-014,2025-05-27,2025-05-27T12:30:00+00:00,bn,উৎপাদন পরিকল্পনা অনুযায়ী চলছে।,none,low,False,0,validation,synthetic
NOTE-000431,FAC-001,LINE-03,ORD-03-014,2025-05-28,2025-05-28T12:30:00+00:00,mixed,"Line স্বাভাবিক চলছে, major issue নেই।",none,low,False,0,validation,synthetic
NOTE-000432,FAC-001,LINE-03,ORD-03-014,2025-05-29,2025-05-29T12:30:00+00:00,en,Several operations are constrained because skilled operators are unavailable.,manpower,medium,False,0,validation,synthetic
NOTE-000433,FAC-001,LINE-03,ORD-03-014,2025-05-31,2025-05-31T12:30:00+00:00,mixed,"Line স্বাভাবিক চলছে, major issue নেই।",none,low,False,0,validation,synthetic
NOTE-000434,FAC-001,LINE-03,ORD-03-014,2025-06-01,2025-06-01T12:30:00+00:00,mixed,Production plan অনুযায়ী চলছে।,none,low,False,0,test,synthetic
NOTE-000435,FAC-001,LINE-03,ORD-03-015,2025-06-02,2025-06-02T12:30:00+00:00,bn,"স্টাইল চেঞ্জওভার দেরিতে শেষ হয়েছে, প্রথম ভাগের উৎপাদন কম।",method,medium,False,0,test,synthetic
NOTE-000436,FAC-001,LINE-03,ORD-03-015,2025-06-03,2025-06-03T12:30:00+00:00,en,Production is progressing according to plan.,none,low,False,0,test,synthetic
NOTE-000437,FAC-001,LINE-03,ORD-03-015,2025-06-04,2025-06-04T12:30:00+00:00,bn,দক্ষ অপারেটর কম থাকায় কয়েকটি অপারেশন আটকে আছে।,manpower,medium,False,0,test,synthetic
NOTE-000438,FAC-001,LINE-03,ORD-03-015,2025-06-05,2025-06-05T12:30:00+00:00,bn,"লাইনে overlock মেশিনে সমস্যা হয়েছে, 55 মিনিট আউটপুট বন্ধ ছিল।",machine,medium,True,55,test,synthetic
NOTE-000439,FAC-001,LINE-03,ORD-03-015,2025-06-07,2025-06-07T12:30:00+00:00,mixed,Line output কমেছে because flatlock machine had 42 minutes downtime.,machine,medium,False,42,test,synthetic
NOTE-000440,FAC-001,LINE-03,ORD-03-015,2025-06-08,2025-06-08T12:30:00+00:00,mixed,"Line স্বাভাবিক চলছে, major issue নেই।",none,low,False,0,test,synthetic
NOTE-000441,FAC-001,LINE-03,ORD-03-015,2025-06-09,2025-06-09T12:30:00+00:00,mixed,"Line স্বাভাবিক চলছে, major issue নেই।",none,low,False,0,test,synthetic
NOTE-000442,FAC-001,LINE-03,ORD-03-015,2025-06-10,2025-06-10T12:30:00+00:00,mixed,"Line স্বাভাবিক চলছে, major issue নেই।",none,low,False,0,test,synthetic
NOTE-000443,FAC-001,LINE-03,ORD-03-015,2025-06-11,2025-06-11T12:30:00+00:00,mixed,Production plan অনুযায়ী চলছে।,none,low,False,0,test,synthetic
NOTE-000444,FAC-001,LINE-03,ORD-03-015,2025-06-12,2025-06-12T12:30:00+00:00,en,"Required trims did not arrive on time, so the line is running slowly.",material,high,True,0,test,synthetic
NOTE-000445,FAC-001,LINE-03,ORD-03-015,2025-06-14,2025-06-14T12:30:00+00:00,bn,উৎপাদন পরিকল্পনা অনুযায়ী চলছে।,none,low,False,0,test,synthetic
NOTE-000446,FAC-001,LINE-03,ORD-03-016,2025-06-15,2025-06-15T12:30:00+00:00,mixed,Available manpower-এর তুলনায় line target বেশি set করা হয়েছে।,planning,medium,False,0,test,synthetic
NOTE-000447,FAC-001,LINE-03,ORD-03-016,2025-06-16,2025-06-16T12:30:00+00:00,bn,উৎপাদন পরিকল্পনা অনুযায়ী চলছে।,none,low,False,0,test,synthetic
NOTE-000448,FAC-001,LINE-03,ORD-03-016,2025-06-17,2025-06-17T12:30:00+00:00,en,The line is operating normally with no major issue.,none,low,False,0,test,synthetic
NOTE-000449,FAC-001,LINE-03,ORD-03-016,2025-06-18,2025-06-18T12:30:00+00:00,mixed,"Inline QC-তে defect rate বেশি, correction চলছে।",quality,medium,False,0,test,synthetic
NOTE-000450,FAC-001,LINE-03,ORD-03-016,2025-06-19,2025-06-19T12:30:00+00:00,bn,"লাইন স্বাভাবিকভাবে চলছে, বড় কোনো সমস্যা নেই।",none,low,False,0,test,synthetic
NOTE-000451,FAC-001,LINE-03,ORD-03-016,2025-06-21,2025-06-21T12:30:00+00:00,en,Production is progressing according to plan.,none,low,False,0,test,synthetic
NOTE-000452,FAC-001,LINE-03,ORD-03-016,2025-06-22,2025-06-22T12:30:00+00:00,en,The line is operating normally with no major issue.,none,low,False,0,test,synthetic
NOTE-000453,FAC-001,LINE-03,ORD-03-016,2025-06-23,2025-06-23T12:30:00+00:00,en,Production is progressing according to plan.,none,low,False,0,test,synthetic
NOTE-000454,FAC-001,LINE-03,ORD-03-016,2025-06-24,2025-06-24T12:30:00+00:00,en,Output stopped for 39 minutes because of a iron machine problem.,machine,medium,False,39,test,synthetic
NOTE-000455,FAC-001,LINE-03,ORD-03-016,2025-06-25,2025-06-25T12:30:00+00:00,bn,"iron মেশিন 104 মিনিট বন্ধ ছিল, মেকানিক কাজ করছে।",machine,high,True,104,test,synthetic
NOTE-000456,FAC-001,LINE-03,ORD-03-016,2025-06-26,2025-06-26T12:30:00+00:00,bn,"লাইন স্বাভাবিকভাবে চলছে, বড় কোনো সমস্যা নেই।",none,low,False,0,test,synthetic
NOTE-000457,FAC-001,LINE-03,ORD-03-016,2025-06-28,2025-06-28T12:30:00+00:00,en,Production is progressing according to plan.,none,low,False,0,test,synthetic
NOTE-000458,FAC-001,LINE-03,ORD-03-017,2025-06-29,2025-06-29T12:30:00+00:00,bn,"স্টাইল চেঞ্জওভার দেরিতে শেষ হয়েছে, প্রথম ভাগের উৎপাদন কম।",method,medium,False,0,test,synthetic
NOTE-000459,FAC-001,LINE-03,ORD-03-017,2025-06-30,2025-06-30T12:30:00+00:00,bn,উৎপাদন পরিকল্পনা অনুযায়ী চলছে।,none,low,False,0,test,synthetic
NOTE-000460,FAC-001,LINE-04,ORD-04-001,2025-01-04,2025-01-04T12:30:00+00:00,bn,"আজ 8 জন অপারেটর অনুপস্থিত, আউটপুট লক্ষ্যের নিচে।",manpower,medium,False,0,train,synthetic
NOTE-000461,FAC-001,LINE-04,ORD-04-001,2025-01-05,2025-01-05T12:30:00+00:00,en,The line is operating normally with no major issue.,none,low,False,0,train,synthetic
NOTE-000462,FAC-001,LINE-04,ORD-04-001,2025-01-06,2025-01-06T12:30:00+00:00,bn,"লাইন স্বাভাবিকভাবে চলছে, বড় কোনো সমস্যা নেই।",none,low,False,0,train,synthetic
NOTE-000463,FAC-001,LINE-04,ORD-04-001,2025-01-07,2025-01-07T12:30:00+00:00,bn,উৎপাদন পরিকল্পনা অনুযায়ী চলছে।,none,low,False,0,train,synthetic
NOTE-000464,FAC-001,LINE-04,ORD-04-001,2025-01-08,2025-01-08T12:30:00+00:00,mixed,"আজ 8 জন operator absent, তাই output target-এর নিচে।",manpower,medium,False,0,train,synthetic
NOTE-000465,FAC-001,LINE-04,ORD-04-001,2025-01-09,2025-01-09T12:30:00+00:00,bn,উৎপাদন পরিকল্পনা অনুযায়ী চলছে।,none,low,False,0,train,synthetic
NOTE-000466,FAC-001,LINE-04,ORD-04-001,2025-01-11,2025-01-11T12:30:00+00:00,en,The line is operating normally with no major issue.,none,low,False,0,train,synthetic
NOTE-000467,FAC-001,LINE-04,ORD-04-001,2025-01-12,2025-01-12T12:30:00+00:00,bn,"uneven stitch সমস্যা বেড়েছে, রিওয়ার্কের কারণে আউটপুট কমছে।",quality,medium,False,0,train,synthetic
NOTE-000468,FAC-001,LINE-04,ORD-04-001,2025-01-13,2025-01-13T12:30:00+00:00,bn,"লাইনে flatlock মেশিনে সমস্যা হয়েছে, 45 মিনিট আউটপুট বন্ধ ছিল।",machine,medium,False,45,train,synthetic
NOTE-000469,FAC-001,LINE-04,ORD-04-001,2025-01-14,2025-01-14T12:30:00+00:00,mixed,Production plan অনুযায়ী চলছে।,none,low,False,0,train,synthetic
NOTE-000470,FAC-001,LINE-04,ORD-04-002,2025-01-15,2025-01-15T12:30:00+00:00,bn,"ট্রিমস সময়মতো আসেনি, লাইনের কাজ ধীর হয়েছে।",material,high,True,0,train,synthetic
NOTE-000471,FAC-001,LINE-04,ORD-04-002,2025-01-16,2025-01-16T12:30:00+00:00,mixed,Production plan অনুযায়ী চলছে।,none,low,False,0,train,synthetic
NOTE-000472,FAC-001,LINE-04,ORD-04-002,2025-01-18,2025-01-18T12:30:00+00:00,bn,"লাইন স্বাভাবিকভাবে চলছে, বড় কোনো সমস্যা নেই।",none,low,False,0,train,synthetic
NOTE-000473,FAC-001,LINE-04,ORD-04-002,2025-01-19,2025-01-19T12:30:00+00:00,bn,"কোয়ালিটি চেকে বেশি ত্রুটি পাওয়া গেছে, ইনলাইন সংশোধন চলছে।",quality,medium,False,0,train,synthetic
NOTE-000474,FAC-001,LINE-04,ORD-04-002,2025-01-20,2025-01-20T12:30:00+00:00,mixed,"uneven stitch defect বেড়েছে, rework-এর কারণে output কম।",quality,medium,False,0,train,synthetic
NOTE-000475,FAC-001,LINE-04,ORD-04-002,2025-01-21,2025-01-21T12:30:00+00:00,bn,"লাইন স্বাভাবিকভাবে চলছে, বড় কোনো সমস্যা নেই।",none,low,False,0,train,synthetic
NOTE-000476,FAC-001,LINE-04,ORD-04-003,2025-01-22,2025-01-22T12:30:00+00:00,bn,"স্টাইল চেঞ্জওভার দেরিতে শেষ হয়েছে, প্রথম ভাগের উৎপাদন কম।",method,medium,False,0,train,synthetic
NOTE-000477,FAC-001,LINE-04,ORD-04-003,2025-01-23,2025-01-23T12:30:00+00:00,mixed,"shade variation defect বেড়েছে, rework-এর কারণে output কম।",quality,medium,False,0,train,synthetic
NOTE-000478,FAC-001,LINE-04,ORD-04-003,2025-01-25,2025-01-25T12:30:00+00:00,en,Production is progressing according to plan.,none,low,False,0,train,synthetic
NOTE-000479,FAC-001,LINE-04,ORD-04-003,2025-01-26,2025-01-26T12:30:00+00:00,en,8 operators are absent today and output is below plan.,manpower,medium,False,0,train,synthetic
NOTE-000480,FAC-001,LINE-04,ORD-04-003,2025-01-27,2025-01-27T12:30:00+00:00,bn,"লাইন স্বাভাবিকভাবে চলছে, বড় কোনো সমস্যা নেই।",none,low,False,0,train,synthetic
NOTE-000481,FAC-001,LINE-04,ORD-04-004,2025-01-28,2025-01-28T12:30:00+00:00,mixed,"shade variation defect বেড়েছে, rework-এর কারণে output কম।",quality,medium,False,0,train,synthetic
NOTE-000482,FAC-001,LINE-04,ORD-04-004,2025-01-29,2025-01-29T12:30:00+00:00,bn,"লাইন স্বাভাবিকভাবে চলছে, বড় কোনো সমস্যা নেই।",none,low,False,0,train,synthetic
NOTE-000483,FAC-001,LINE-04,ORD-04-004,2025-01-30,2025-01-30T12:30:00+00:00,en,Production is progressing according to plan.,none,low,False,0,train,synthetic
NOTE-000484,FAC-001,LINE-04,ORD-04-004,2025-02-01,2025-02-01T12:30:00+00:00,mixed,"measurement variance defect বেড়েছে, rework-এর কারণে output কম।",quality,medium,False,0,train,synthetic
NOTE-000485,FAC-001,LINE-04,ORD-04-004,2025-02-02,2025-02-02T12:30:00+00:00,en,open seam defects increased and rework is reducing output.,quality,medium,False,0,train,synthetic
NOTE-000486,FAC-001,LINE-04,ORD-04-004,2025-02-03,2025-02-03T12:30:00+00:00,bn,"কোয়ালিটি চেকে বেশি ত্রুটি পাওয়া গেছে, ইনলাইন সংশোধন চলছে।",quality,medium,False,0,train,synthetic
NOTE-000487,FAC-001,LINE-04,ORD-04-004,2025-02-04,2025-02-04T12:30:00+00:00,bn,উৎপাদন পরিকল্পনা অনুযায়ী চলছে।,none,low,False,0,train,synthetic
NOTE-000488,FAC-001,LINE-04,ORD-04-004,2025-02-05,2025-02-05T12:30:00+00:00,en,"Required trims did not arrive on time, so the line is running slowly.",material,high,True,0,train,synthetic
NOTE-000489,FAC-001,LINE-04,ORD-04-004,2025-02-06,2025-02-06T12:30:00+00:00,bn,"কোয়ালিটি চেকে বেশি ত্রুটি পাওয়া গেছে, ইনলাইন সংশোধন চলছে।",quality,medium,False,0,train,synthetic
NOTE-000490,FAC-001,LINE-04,ORD-04-005,2025-02-08,2025-02-08T12:30:00+00:00,bn,"কোয়ালিটি চেকে বেশি ত্রুটি পাওয়া গেছে, ইনলাইন সংশোধন চলছে।",quality,medium,False,0,train,synthetic
NOTE-000491,FAC-001,LINE-04,ORD-04-005,2025-02-09,2025-02-09T12:30:00+00:00,bn,"open seam সমস্যা বেড়েছে, রিওয়ার্কের কারণে আউটপুট কমছে।",quality,medium,False,0,train,synthetic
NOTE-000492,FAC-001,LINE-04,ORD-04-005,2025-02-10,2025-02-10T12:30:00+00:00,mixed,Production plan অনুযায়ী চলছে।,none,low,False,0,train,synthetic
NOTE-000493,FAC-001,LINE-04,ORD-04-005,2025-02-11,2025-02-11T12:30:00+00:00,bn,"লাইনে cutting machine মেশিনে সমস্যা হয়েছে, 55 মিনিট আউটপুট বন্ধ ছিল।",machine,medium,True,55,train,synthetic
NOTE-000494,FAC-001,LINE-04,ORD-04-005,2025-02-12,2025-02-12T12:30:00+00:00,bn,"লাইনে overlock মেশিনে সমস্যা হয়েছে, 40 মিনিট আউটপুট বন্ধ ছিল।",machine,medium,False,40,train,synthetic
NOTE-000495,FAC-001,LINE-04,ORD-04-005,2025-02-13,2025-02-13T12:30:00+00:00,bn,"লাইন স্বাভাবিকভাবে চলছে, বড় কোনো সমস্যা নেই।",none,low,False,0,train,synthetic
NOTE-000496,FAC-001,LINE-04,ORD-04-005,2025-02-15,2025-02-15T12:30:00+00:00,en,The single needle machine was down for 35 minutes; maintenance is checking it.,machine,medium,False,35,train,synthetic
NOTE-000497,FAC-001,LINE-04,ORD-04-005,2025-02-16,2025-02-16T12:30:00+00:00,bn,উৎপাদন পরিকল্পনা অনুযায়ী চলছে।,none,low,False,0,train,synthetic
NOTE-000498,FAC-001,LINE-04,ORD-04-005,2025-02-17,2025-02-17T12:30:00+00:00,bn,উৎপাদন পরিকল্পনা অনুযায়ী চলছে।,none,low,False,0,train,synthetic
NOTE-000499,FAC-001,LINE-04,ORD-04-005,2025-02-18,2025-02-18T12:30:00+00:00,bn,"লাইনে bartack মেশিনে সমস্যা হয়েছে, 35 মিনিট আউটপুট বন্ধ ছিল।",machine,medium,False,35,train,synthetic
NOTE-000500,FAC-001,LINE-04,ORD-04-005,2025-02-19,2025-02-19T12:30:00+00:00,en,Inline inspection found a higher defect rate; correction is in progress.,quality,medium,False,0,train,synthetic
NOTE-000501,FAC-001,LINE-04,ORD-04-006,2025-02-20,2025-02-20T12:30:00+00:00,bn,"cutting machine মেশিন 55 মিনিট বন্ধ ছিল, মেকানিক কাজ করছে।",machine,medium,True,55,train,synthetic
NOTE-000502,FAC-001,LINE-04,ORD-04-006,2025-02-22,2025-02-22T12:30:00+00:00,bn,"লাইন স্বাভাবিকভাবে চলছে, বড় কোনো সমস্যা নেই।",none,low,False,0,train,synthetic
NOTE-000503,FAC-001,LINE-04,ORD-04-006,2025-02-23,2025-02-23T12:30:00+00:00,bn,"কোয়ালিটি চেকে বেশি ত্রুটি পাওয়া গেছে, ইনলাইন সংশোধন চলছে।",quality,medium,False,0,train,synthetic
NOTE-000504,FAC-001,LINE-04,ORD-04-006,2025-02-24,2025-02-24T12:30:00+00:00,bn,"লাইন স্বাভাবিকভাবে চলছে, বড় কোনো সমস্যা নেই।",none,low,False,0,train,synthetic
NOTE-000505,FAC-001,LINE-04,ORD-04-006,2025-02-25,2025-02-25T12:30:00+00:00,mixed,Production plan অনুযায়ী চলছে।,none,low,False,0,train,synthetic
NOTE-000506,FAC-001,LINE-04,ORD-04-006,2025-02-26,2025-02-26T12:30:00+00:00,mixed,"open seam defect বেড়েছে, rework-এর কারণে output কম।",quality,medium,False,0,train,synthetic
NOTE-000507,FAC-001,LINE-04,ORD-04-006,2025-02-27,2025-02-27T12:30:00+00:00,mixed,Skilled operator কম থাকায় কিছু operation bottleneck হয়েছে।,manpower,medium,False,0,train,synthetic
NOTE-000508,FAC-001,LINE-04,ORD-04-006,2025-03-01,2025-03-01T12:30:00+00:00,mixed,Production plan অনুযায়ী চলছে।,none,low,False,0,train,synthetic
NOTE-000509,FAC-001,LINE-04,ORD-04-006,2025-03-02,2025-03-02T12:30:00+00:00,bn,"oil mark সমস্যা বেড়েছে, রিওয়ার্কের কারণে আউটপুট কমছে।",quality,medium,False,0,train,synthetic
NOTE-000510,FAC-001,LINE-04,ORD-04-007,2025-03-03,2025-03-03T12:30:00+00:00,bn,"লাইনে button attach মেশিনে সমস্যা হয়েছে, 55 মিনিট আউটপুট বন্ধ ছিল।",machine,medium,True,55,train,synthetic
NOTE-000511,FAC-001,LINE-04,ORD-04-007,2025-03-04,2025-03-04T12:30:00+00:00,en,Production is progressing according to plan.,none,low,False,0,train,synthetic
NOTE-000512,FAC-001,LINE-04,ORD-04-007,2025-03-05,2025-03-05T12:30:00+00:00,bn,"puckering সমস্যা বেড়েছে, রিওয়ার্কের কারণে আউটপুট কমছে।",quality,medium,False,0,train,synthetic
NOTE-000513,FAC-001,LINE-04,ORD-04-007,2025-03-06,2025-03-06T12:30:00+00:00,mixed,Production plan অনুযায়ী চলছে।,none,low,False,0,train,synthetic
NOTE-000514,FAC-001,LINE-04,ORD-04-007,2025-03-08,2025-03-08T12:30:00+00:00,mixed,Production plan অনুযায়ী চলছে।,none,low,False,0,train,synthetic
NOTE-000515,FAC-001,LINE-04,ORD-04-007,2025-03-09,2025-03-09T12:30:00+00:00,en,Production is progressing according to plan.,none,low,False,0,train,synthetic
NOTE-000516,FAC-001,LINE-04,ORD-04-008,2025-03-10,2025-03-10T12:30:00+00:00,bn,"open seam সমস্যা বেড়েছে, রিওয়ার্কের কারণে আউটপুট কমছে।",quality,medium,False,0,train,synthetic
NOTE-000517,FAC-001,LINE-04,ORD-04-008,2025-03-11,2025-03-11T12:30:00+00:00,mixed,"Line স্বাভাবিক চলছে, major issue নেই।",none,low,False,0,train,synthetic
NOTE-000518,FAC-001,LINE-04,ORD-04-008,2025-03-12,2025-03-12T12:30:00+00:00,en,Production is progressing according to plan.,none,low,False,0,train,synthetic
NOTE-000519,FAC-001,LINE-04,ORD-04-008,2025-03-13,2025-03-13T12:30:00+00:00,bn,"লাইন স্বাভাবিকভাবে চলছে, বড় কোনো সমস্যা নেই।",none,low,False,0,train,synthetic
NOTE-000520,FAC-001,LINE-04,ORD-04-008,2025-03-15,2025-03-15T12:30:00+00:00,bn,"লাইনে flatlock মেশিনে সমস্যা হয়েছে, 35 মিনিট আউটপুট বন্ধ ছিল।",machine,medium,False,35,train,synthetic
NOTE-000521,FAC-001,LINE-04,ORD-04-008,2025-03-16,2025-03-16T12:30:00+00:00,bn,"লাইন স্বাভাবিকভাবে চলছে, বড় কোনো সমস্যা নেই।",none,low,False,0,train,synthetic
NOTE-000522,FAC-001,LINE-04,ORD-04-008,2025-03-17,2025-03-17T12:30:00+00:00,mixed,Production plan অনুযায়ী চলছে।,none,low,False,0,train,synthetic
NOTE-000523,FAC-001,LINE-04,ORD-04-008,2025-03-18,2025-03-18T12:30:00+00:00,bn,"লাইন স্বাভাবিকভাবে চলছে, বড় কোনো সমস্যা নেই।",none,low,False,0,train,synthetic
NOTE-000524,FAC-001,LINE-04,ORD-04-009,2025-03-19,2025-03-19T12:30:00+00:00,bn,"স্টাইল চেঞ্জওভার দেরিতে শেষ হয়েছে, প্রথম ভাগের উৎপাদন কম।",method,medium,False,0,train,synthetic
NOTE-000525,FAC-001,LINE-04,ORD-04-009,2025-03-20,2025-03-20T12:30:00+00:00,en,open seam defects increased and rework is reducing output.,quality,medium,False,0,train,synthetic
NOTE-000526,FAC-001,LINE-04,ORD-04-009,2025-03-22,2025-03-22T12:30:00+00:00,en,Production is progressing according to plan.,none,low,False,0,train,synthetic
NOTE-000527,FAC-001,LINE-04,ORD-04-009,2025-03-23,2025-03-23T12:30:00+00:00,en,The line is operating normally with no major issue.,none,low,False,0,train,synthetic
NOTE-000528,FAC-001,LINE-04,ORD-04-009,2025-03-24,2025-03-24T12:30:00+00:00,bn,"কোয়ালিটি চেকে বেশি ত্রুটি পাওয়া গেছে, ইনলাইন সংশোধন চলছে।",quality,medium,False,0,train,synthetic
NOTE-000529,FAC-001,LINE-04,ORD-04-009,2025-03-25,2025-03-25T12:30:00+00:00,mixed,Production plan অনুযায়ী চলছে।,none,low,False,0,train,synthetic
NOTE-000530,FAC-001,LINE-04,ORD-04-010,2025-03-26,2025-03-26T12:30:00+00:00,en,puckering defects increased and rework is reducing output.,quality,medium,False,0,train,synthetic
NOTE-000531,FAC-001,LINE-04,ORD-04-010,2025-03-27,2025-03-27T12:30:00+00:00,mixed,"Inline QC-তে defect rate বেশি, correction চলছে।",quality,medium,False,0,train,synthetic
NOTE-000532,FAC-001,LINE-04,ORD-04-010,2025-03-29,2025-03-29T12:30:00+00:00,mixed,"Inline QC-তে defect rate বেশি, correction চলছে।",quality,medium,False,0,train,synthetic
NOTE-000533,FAC-001,LINE-04,ORD-04-010,2025-03-30,2025-03-30T12:30:00+00:00,mixed,"measurement variance defect বেড়েছে, rework-এর কারণে output কম।",quality,medium,False,0,train,synthetic
NOTE-000534,FAC-001,LINE-04,ORD-04-010,2025-03-31,2025-03-31T12:30:00+00:00,mixed,"Inline QC-তে defect rate বেশি, correction চলছে।",quality,medium,False,0,train,synthetic
NOTE-000535,FAC-001,LINE-04,ORD-04-010,2025-04-01,2025-04-01T12:30:00+00:00,bn,"আজ 7 জন অপারেটর অনুপস্থিত, আউটপুট লক্ষ্যের নিচে।",manpower,medium,False,0,train,synthetic
NOTE-000536,FAC-001,LINE-04,ORD-04-010,2025-04-02,2025-04-02T12:30:00+00:00,bn,"লাইন স্বাভাবিকভাবে চলছে, বড় কোনো সমস্যা নেই।",none,low,False,0,train,synthetic
NOTE-000537,FAC-001,LINE-04,ORD-04-010,2025-04-03,2025-04-03T12:30:00+00:00,mixed,"Line স্বাভাবিক চলছে, major issue নেই।",none,low,False,0,train,synthetic
NOTE-000538,FAC-001,LINE-04,ORD-04-011,2025-04-05,2025-04-05T12:30:00+00:00,en,The new style is not balanced yet and a bottleneck has formed.,method,medium,False,0,train,synthetic
NOTE-000539,FAC-001,LINE-04,ORD-04-011,2025-04-06,2025-04-06T12:30:00+00:00,en,Inline inspection found a higher defect rate; correction is in progress.,quality,medium,False,0,train,synthetic
NOTE-000540,FAC-001,LINE-04,ORD-04-011,2025-04-07,2025-04-07T12:30:00+00:00,mixed,"Line স্বাভাবিক চলছে, major issue নেই।",none,low,False,0,train,synthetic
NOTE-000541,FAC-001,LINE-04,ORD-04-011,2025-04-08,2025-04-08T12:30:00+00:00,en,The line is operating normally with no major issue.,none,low,False,0,train,synthetic
NOTE-000542,FAC-001,LINE-04,ORD-04-011,2025-04-09,2025-04-09T12:30:00+00:00,mixed,"Inline QC-তে defect rate বেশি, correction চলছে।",quality,medium,False,0,train,synthetic
NOTE-000543,FAC-001,LINE-04,ORD-04-011,2025-04-10,2025-04-10T12:30:00+00:00,en,The line is operating normally with no major issue.,none,low,False,0,train,synthetic
NOTE-000544,FAC-001,LINE-04,ORD-04-011,2025-04-12,2025-04-12T12:30:00+00:00,en,The line is operating normally with no major issue.,none,low,False,0,train,synthetic
NOTE-000545,FAC-001,LINE-04,ORD-04-011,2025-04-13,2025-04-13T12:30:00+00:00,mixed,Production plan অনুযায়ী চলছে।,none,low,False,0,train,synthetic
NOTE-000546,FAC-001,LINE-04,ORD-04-012,2025-04-14,2025-04-14T12:30:00+00:00,bn,লাইনের লক্ষ্য বর্তমান জনবল ও স্টাইল জটিলতার তুলনায় বেশি নির্ধারণ করা হয়েছে।,planning,medium,False,0,train,synthetic
NOTE-000547,FAC-001,LINE-04,ORD-04-012,2025-04-15,2025-04-15T12:30:00+00:00,bn,"কোয়ালিটি চেকে বেশি ত্রুটি পাওয়া গেছে, ইনলাইন সংশোধন চলছে।",quality,medium,False,0,train,synthetic
NOTE-000548,FAC-001,LINE-04,ORD-04-012,2025-04-16,2025-04-16T12:30:00+00:00,bn,"লাইন স্বাভাবিকভাবে চলছে, বড় কোনো সমস্যা নেই।",none,low,False,0,train,synthetic
NOTE-000549,FAC-001,LINE-04,ORD-04-012,2025-04-17,2025-04-17T12:30:00+00:00,mixed,Production plan অনুযায়ী চলছে।,none,low,False,0,train,synthetic
NOTE-000550,FAC-001,LINE-04,ORD-04-012,2025-04-19,2025-04-19T12:30:00+00:00,en,"Required trims did not arrive on time, so the line is running slowly.",material,high,True,0,train,synthetic
NOTE-000551,FAC-001,LINE-04,ORD-04-012,2025-04-20,2025-04-20T12:30:00+00:00,mixed,Production plan অনুযায়ী চলছে।,none,low,False,0,train,synthetic
NOTE-000552,FAC-001,LINE-04,ORD-04-012,2025-04-21,2025-04-21T12:30:00+00:00,en,Inline inspection found a higher defect rate; correction is in progress.,quality,medium,False,0,train,synthetic
NOTE-000553,FAC-001,LINE-04,ORD-04-012,2025-04-22,2025-04-22T12:30:00+00:00,bn,উৎপাদন পরিকল্পনা অনুযায়ী চলছে।,none,low,False,0,train,synthetic
NOTE-000554,FAC-001,LINE-04,ORD-04-013,2025-04-23,2025-04-23T12:30:00+00:00,bn,"আজ 6 জন অপারেটর অনুপস্থিত, আউটপুট লক্ষ্যের নিচে।",manpower,medium,False,0,train,synthetic
NOTE-000555,FAC-001,LINE-04,ORD-04-013,2025-04-24,2025-04-24T12:30:00+00:00,bn,"লাইন স্বাভাবিকভাবে চলছে, বড় কোনো সমস্যা নেই।",none,low,False,0,train,synthetic
NOTE-000556,FAC-001,LINE-04,ORD-04-013,2025-04-26,2025-04-26T12:30:00+00:00,bn,উৎপাদন পরিকল্পনা অনুযায়ী চলছে।,none,low,False,0,train,synthetic
NOTE-000557,FAC-001,LINE-04,ORD-04-013,2025-04-27,2025-04-27T12:30:00+00:00,en,Production is progressing according to plan.,none,low,False,0,train,synthetic
NOTE-000558,FAC-001,LINE-04,ORD-04-013,2025-04-28,2025-04-28T12:30:00+00:00,en,Several operations are constrained because skilled operators are unavailable.,manpower,medium,False,0,train,synthetic
NOTE-000559,FAC-001,LINE-04,ORD-04-013,2025-04-29,2025-04-29T12:30:00+00:00,bn,"লাইন স্বাভাবিকভাবে চলছে, বড় কোনো সমস্যা নেই।",none,low,False,0,train,synthetic
NOTE-000560,FAC-001,LINE-04,ORD-04-013,2025-04-30,2025-04-30T12:30:00+00:00,bn,"লাইন স্বাভাবিকভাবে চলছে, বড় কোনো সমস্যা নেই।",none,low,False,0,train,synthetic
NOTE-000561,FAC-001,LINE-04,ORD-04-013,2025-05-01,2025-05-01T12:30:00+00:00,bn,উৎপাদন পরিকল্পনা অনুযায়ী চলছে।,none,low,False,0,validation,synthetic
NOTE-000562,FAC-001,LINE-04,ORD-04-013,2025-05-03,2025-05-03T12:30:00+00:00,bn,"কোয়ালিটি চেকে বেশি ত্রুটি পাওয়া গেছে, ইনলাইন সংশোধন চলছে।",quality,medium,False,0,validation,synthetic
NOTE-000563,FAC-001,LINE-04,ORD-04-013,2025-05-04,2025-05-04T12:30:00+00:00,mixed,"Inline QC-তে defect rate বেশি, correction চলছে।",quality,medium,False,0,validation,synthetic
NOTE-000564,FAC-001,LINE-04,ORD-04-014,2025-05-05,2025-05-05T12:30:00+00:00,en,Inline inspection found a higher defect rate; correction is in progress.,quality,medium,False,0,validation,synthetic
NOTE-000565,FAC-001,LINE-04,ORD-04-014,2025-05-06,2025-05-06T12:30:00+00:00,bn,"আজ 9 জন অপারেটর অনুপস্থিত, আউটপুট লক্ষ্যের নিচে।",manpower,medium,False,0,validation,synthetic
NOTE-000566,FAC-001,LINE-04,ORD-04-014,2025-05-07,2025-05-07T12:30:00+00:00,mixed,"Inline QC-তে defect rate বেশি, correction চলছে।",quality,medium,False,0,validation,synthetic
NOTE-000567,FAC-001,LINE-04,ORD-04-014,2025-05-08,2025-05-08T12:30:00+00:00,en,The line is operating normally with no major issue.,none,low,False,0,validation,synthetic
NOTE-000568,FAC-001,LINE-04,ORD-04-014,2025-05-10,2025-05-10T12:30:00+00:00,bn,"লাইন স্বাভাবিকভাবে চলছে, বড় কোনো সমস্যা নেই।",none,low,False,0,validation,synthetic
NOTE-000569,FAC-001,LINE-04,ORD-04-014,2025-05-11,2025-05-11T12:30:00+00:00,en,Inline inspection found a higher defect rate; correction is in progress.,quality,medium,False,0,validation,synthetic
NOTE-000570,FAC-001,LINE-04,ORD-04-014,2025-05-12,2025-05-12T12:30:00+00:00,en,Inline inspection found a higher defect rate; correction is in progress.,quality,medium,False,0,validation,synthetic
NOTE-000571,FAC-001,LINE-04,ORD-04-014,2025-05-13,2025-05-13T12:30:00+00:00,bn,"লাইন স্বাভাবিকভাবে চলছে, বড় কোনো সমস্যা নেই।",none,low,False,0,validation,synthetic
NOTE-000572,FAC-001,LINE-04,ORD-04-015,2025-05-14,2025-05-14T12:30:00+00:00,bn,"নতুন স্টাইলের অপারেশন ব্যালেন্স ঠিক হয়নি, বোতলনেক তৈরি হয়েছে।",method,medium,False,0,validation,synthetic
NOTE-000573,FAC-001,LINE-04,ORD-04-015,2025-05-15,2025-05-15T12:30:00+00:00,mixed,"open seam defect বেড়েছে, rework-এর কারণে output কম।",quality,medium,False,0,validation,synthetic
NOTE-000574,FAC-001,LINE-04,ORD-04-015,2025-05-17,2025-05-17T12:30:00+00:00,bn,"লাইন স্বাভাবিকভাবে চলছে, বড় কোনো সমস্যা নেই।",none,low,False,0,validation,synthetic
NOTE-000575,FAC-001,LINE-04,ORD-04-015,2025-05-18,2025-05-18T12:30:00+00:00,bn,"লাইন স্বাভাবিকভাবে চলছে, বড় কোনো সমস্যা নেই।",none,low,False,0,validation,synthetic
NOTE-000576,FAC-001,LINE-04,ORD-04-015,2025-05-19,2025-05-19T12:30:00+00:00,mixed,Production plan অনুযায়ী চলছে।,none,low,False,0,validation,synthetic
NOTE-000577,FAC-001,LINE-04,ORD-04-015,2025-05-20,2025-05-20T12:30:00+00:00,bn,"লাইন স্বাভাবিকভাবে চলছে, বড় কোনো সমস্যা নেই।",none,low,False,0,validation,synthetic
NOTE-000578,FAC-001,LINE-04,ORD-04-015,2025-05-21,2025-05-21T12:30:00+00:00,bn,"লাইন স্বাভাবিকভাবে চলছে, বড় কোনো সমস্যা নেই।",none,low,False,0,validation,synthetic
NOTE-000579,FAC-001,LINE-04,ORD-04-016,2025-05-22,2025-05-22T12:30:00+00:00,mixed,"New style-এর operation balance ঠিক হয়নি, bottleneck হয়েছে।",method,medium,False,0,validation,synthetic
NOTE-000580,FAC-001,LINE-04,ORD-04-016,2025-05-24,2025-05-24T12:30:00+00:00,mixed,"Line স্বাভাবিক চলছে, major issue নেই।",none,low,False,0,validation,synthetic
NOTE-000581,FAC-001,LINE-04,ORD-04-016,2025-05-25,2025-05-25T12:30:00+00:00,bn,"লাইন স্বাভাবিকভাবে চলছে, বড় কোনো সমস্যা নেই।",none,low,False,0,validation,synthetic
NOTE-000582,FAC-001,LINE-04,ORD-04-016,2025-05-26,2025-05-26T12:30:00+00:00,en,Production is progressing according to plan.,none,low,False,0,validation,synthetic
NOTE-000583,FAC-001,LINE-04,ORD-04-016,2025-05-27,2025-05-27T12:30:00+00:00,bn,"লাইন স্বাভাবিকভাবে চলছে, বড় কোনো সমস্যা নেই।",none,low,False,0,validation,synthetic
NOTE-000584,FAC-001,LINE-04,ORD-04-016,2025-05-28,2025-05-28T12:30:00+00:00,bn,"লাইন স্বাভাবিকভাবে চলছে, বড় কোনো সমস্যা নেই।",none,low,False,0,validation,synthetic
NOTE-000585,FAC-001,LINE-04,ORD-04-016,2025-05-29,2025-05-29T12:30:00+00:00,mixed,"Line স্বাভাবিক চলছে, major issue নেই।",none,low,False,0,validation,synthetic
NOTE-000586,FAC-001,LINE-04,ORD-04-016,2025-05-31,2025-05-31T12:30:00+00:00,mixed,Production plan অনুযায়ী চলছে।,none,low,False,0,validation,synthetic
NOTE-000587,FAC-001,LINE-04,ORD-04-016,2025-06-01,2025-06-01T12:30:00+00:00,bn,উৎপাদন পরিকল্পনা অনুযায়ী চলছে।,none,low,False,0,test,synthetic
NOTE-000588,FAC-001,LINE-04,ORD-04-017,2025-06-02,2025-06-02T12:30:00+00:00,en,Inline inspection found a higher defect rate; correction is in progress.,quality,medium,False,0,test,synthetic
NOTE-000589,FAC-001,LINE-04,ORD-04-017,2025-06-03,2025-06-03T12:30:00+00:00,bn,"কোয়ালিটি চেকে বেশি ত্রুটি পাওয়া গেছে, ইনলাইন সংশোধন চলছে।",quality,medium,False,0,test,synthetic
NOTE-000590,FAC-001,LINE-04,ORD-04-017,2025-06-04,2025-06-04T12:30:00+00:00,bn,"লাইন স্বাভাবিকভাবে চলছে, বড় কোনো সমস্যা নেই।",none,low,False,0,test,synthetic
NOTE-000591,FAC-001,LINE-04,ORD-04-017,2025-06-05,2025-06-05T12:30:00+00:00,mixed,"Line স্বাভাবিক চলছে, major issue নেই।",none,low,False,0,test,synthetic
NOTE-000592,FAC-001,LINE-04,ORD-04-017,2025-06-07,2025-06-07T12:30:00+00:00,bn,উৎপাদন পরিকল্পনা অনুযায়ী চলছে।,none,low,False,0,test,synthetic
NOTE-000593,FAC-001,LINE-04,ORD-04-017,2025-06-08,2025-06-08T12:30:00+00:00,en,Inline inspection found a higher defect rate; correction is in progress.,quality,medium,False,0,test,synthetic
NOTE-000594,FAC-001,LINE-04,ORD-04-017,2025-06-09,2025-06-09T12:30:00+00:00,bn,"আজ 7 জন অপারেটর অনুপস্থিত, আউটপুট লক্ষ্যের নিচে।",manpower,medium,False,0,test,synthetic
NOTE-000595,FAC-001,LINE-04,ORD-04-017,2025-06-10,2025-06-10T12:30:00+00:00,en,Production is progressing according to plan.,none,low,False,0,test,synthetic
NOTE-000596,FAC-001,LINE-04,ORD-04-017,2025-06-11,2025-06-11T12:30:00+00:00,bn,উৎপাদন পরিকল্পনা অনুযায়ী চলছে।,none,low,False,0,test,synthetic
NOTE-000597,FAC-001,LINE-04,ORD-04-017,2025-06-12,2025-06-12T12:30:00+00:00,en,Production is progressing according to plan.,none,low,False,0,test,synthetic
NOTE-000598,FAC-001,LINE-04,ORD-04-018,2025-06-14,2025-06-14T12:30:00+00:00,mixed,Available manpower-এর তুলনায় line target বেশি set করা হয়েছে।,planning,medium,False,0,test,synthetic
NOTE-000599,FAC-001,LINE-04,ORD-04-018,2025-06-15,2025-06-15T12:30:00+00:00,mixed,Line output কমেছে because button attach machine had 46 minutes downtime.,machine,medium,True,46,test,synthetic
NOTE-000600,FAC-001,LINE-04,ORD-04-018,2025-06-16,2025-06-16T12:30:00+00:00,en,The button attach machine was down for 50 minutes; maintenance is checking it.,machine,medium,True,50,test,synthetic
NOTE-000601,FAC-001,LINE-04,ORD-04-018,2025-06-17,2025-06-17T12:30:00+00:00,bn,"puckering সমস্যা বেড়েছে, রিওয়ার্কের কারণে আউটপুট কমছে।",quality,medium,False,0,test,synthetic
NOTE-000602,FAC-001,LINE-04,ORD-04-018,2025-06-18,2025-06-18T12:30:00+00:00,bn,"skip stitch সমস্যা বেড়েছে, রিওয়ার্কের কারণে আউটপুট কমছে।",quality,medium,False,0,test,synthetic
NOTE-000603,FAC-001,LINE-04,ORD-04-018,2025-06-19,2025-06-19T12:30:00+00:00,mixed,"Required trims সময়মতো আসেনি, line output কমেছে।",material,high,True,0,test,synthetic
NOTE-000604,FAC-001,LINE-04,ORD-04-018,2025-06-21,2025-06-21T12:30:00+00:00,bn,"লাইন স্বাভাবিকভাবে চলছে, বড় কোনো সমস্যা নেই।",none,low,False,0,test,synthetic
NOTE-000605,FAC-001,LINE-04,ORD-04-018,2025-06-22,2025-06-22T12:30:00+00:00,mixed,Production plan অনুযায়ী চলছে।,none,low,False,0,test,synthetic
NOTE-000606,FAC-001,LINE-04,ORD-04-019,2025-06-23,2025-06-23T12:30:00+00:00,en,"Style changeover finished late, reducing first-half production.",method,medium,False,0,test,synthetic
NOTE-000607,FAC-001,LINE-04,ORD-04-019,2025-06-24,2025-06-24T12:30:00+00:00,mixed,"Line স্বাভাবিক চলছে, major issue নেই।",none,low,False,0,test,synthetic
NOTE-000608,FAC-001,LINE-04,ORD-04-019,2025-06-25,2025-06-25T12:30:00+00:00,en,6 operators are absent today and output is below plan.,manpower,medium,False,0,test,synthetic
NOTE-000609,FAC-001,LINE-04,ORD-04-019,2025-06-26,2025-06-26T12:30:00+00:00,bn,উৎপাদন পরিকল্পনা অনুযায়ী চলছে।,none,low,False,0,test,synthetic
NOTE-000610,FAC-001,LINE-04,ORD-04-019,2025-06-28,2025-06-28T12:30:00+00:00,bn,দক্ষ অপারেটর কম থাকায় কয়েকটি অপারেশন আটকে আছে।,manpower,medium,False,0,test,synthetic
NOTE-000611,FAC-001,LINE-04,ORD-04-019,2025-06-29,2025-06-29T12:30:00+00:00,mixed,"Inline QC-তে defect rate বেশি, correction চলছে।",quality,medium,False,0,test,synthetic
NOTE-000612,FAC-001,LINE-04,ORD-04-019,2025-06-30,2025-06-30T12:30:00+00:00,bn,"কোয়ালিটি চেকে বেশি ত্রুটি পাওয়া গেছে, ইনলাইন সংশোধন চলছে।",quality,medium,False,0,test,synthetic
NOTE-000613,FAC-001,LINE-05,ORD-05-001,2025-01-04,2025-01-04T12:30:00+00:00,en,"Style changeover finished late, reducing first-half production.",method,medium,False,0,train,synthetic
NOTE-000614,FAC-001,LINE-05,ORD-05-001,2025-01-05,2025-01-05T12:30:00+00:00,en,Several operations are constrained because skilled operators are unavailable.,manpower,medium,False,0,train,synthetic
NOTE-000615,FAC-001,LINE-05,ORD-05-001,2025-01-06,2025-01-06T12:30:00+00:00,en,Material availability is below requirement and production is partially blocked.,material,high,True,0,train,synthetic
NOTE-000616,FAC-001,LINE-05,ORD-05-001,2025-01-07,2025-01-07T12:30:00+00:00,en,The button hole machine was down for 45 minutes; maintenance is checking it.,machine,medium,False,45,train,synthetic
NOTE-000617,FAC-001,LINE-05,ORD-05-001,2025-01-08,2025-01-08T12:30:00+00:00,en,The line is operating normally with no major issue.,none,low,False,0,train,synthetic
NOTE-000618,FAC-001,LINE-05,ORD-05-001,2025-01-09,2025-01-09T12:30:00+00:00,en,Production is progressing according to plan.,none,low,False,0,train,synthetic
NOTE-000619,FAC-001,LINE-05,ORD-05-001,2025-01-11,2025-01-11T12:30:00+00:00,en,Several operations are constrained because skilled operators are unavailable.,manpower,medium,False,0,train,synthetic
NOTE-000620,FAC-001,LINE-05,ORD-05-001,2025-01-12,2025-01-12T12:30:00+00:00,mixed,Production plan অনুযায়ী চলছে।,none,low,False,0,train,synthetic
NOTE-000621,FAC-001,LINE-05,ORD-05-001,2025-01-13,2025-01-13T12:30:00+00:00,en,The iron machine was down for 86 minutes; maintenance is checking it.,machine,high,True,86,train,synthetic
NOTE-000622,FAC-001,LINE-05,ORD-05-001,2025-01-14,2025-01-14T12:30:00+00:00,en,Production is progressing according to plan.,none,low,False,0,train,synthetic
NOTE-000623,FAC-001,LINE-05,ORD-05-001,2025-01-15,2025-01-15T12:30:00+00:00,mixed,"Material shortage আছে, production partially blocked.",material,high,True,0,train,synthetic
NOTE-000624,FAC-001,LINE-05,ORD-05-001,2025-01-16,2025-01-16T12:30:00+00:00,bn,"লাইন স্বাভাবিকভাবে চলছে, বড় কোনো সমস্যা নেই।",none,low,False,0,train,synthetic
NOTE-000625,FAC-001,LINE-05,ORD-05-002,2025-01-18,2025-01-18T12:30:00+00:00,en,The new style is not balanced yet and a bottleneck has formed.,method,medium,False,0,train,synthetic
NOTE-000626,FAC-001,LINE-05,ORD-05-002,2025-01-19,2025-01-19T12:30:00+00:00,bn,"open seam সমস্যা বেড়েছে, রিওয়ার্কের কারণে আউটপুট কমছে।",quality,medium,False,0,train,synthetic
NOTE-000627,FAC-001,LINE-05,ORD-05-002,2025-01-20,2025-01-20T12:30:00+00:00,en,shade variation defects increased and rework is reducing output.,quality,medium,False,0,train,synthetic
NOTE-000628,FAC-001,LINE-05,ORD-05-002,2025-01-21,2025-01-21T12:30:00+00:00,mixed,Line output কমেছে because iron machine had 41 minutes downtime.,machine,medium,False,41,train,synthetic
NOTE-000629,FAC-001,LINE-05,ORD-05-002,2025-01-22,2025-01-22T12:30:00+00:00,en,Inline inspection found a higher defect rate; correction is in progress.,quality,medium,False,0,train,synthetic
NOTE-000630,FAC-001,LINE-05,ORD-05-002,2025-01-23,2025-01-23T12:30:00+00:00,bn,"লাইন স্বাভাবিকভাবে চলছে, বড় কোনো সমস্যা নেই।",none,low,False,0,train,synthetic
NOTE-000631,FAC-001,LINE-05,ORD-05-002,2025-01-25,2025-01-25T12:30:00+00:00,bn,উৎপাদন পরিকল্পনা অনুযায়ী চলছে।,none,low,False,0,train,synthetic
NOTE-000632,FAC-001,LINE-05,ORD-05-002,2025-01-26,2025-01-26T12:30:00+00:00,bn,"uneven stitch সমস্যা বেড়েছে, রিওয়ার্কের কারণে আউটপুট কমছে।",quality,medium,False,0,train,synthetic
NOTE-000633,FAC-001,LINE-05,ORD-05-002,2025-01-27,2025-01-27T12:30:00+00:00,mixed,Production plan অনুযায়ী চলছে।,none,low,False,0,train,synthetic
NOTE-000634,FAC-001,LINE-05,ORD-05-002,2025-01-28,2025-01-28T12:30:00+00:00,en,Production is progressing according to plan.,none,low,False,0,train,synthetic
NOTE-000635,FAC-001,LINE-05,ORD-05-003,2025-01-29,2025-01-29T12:30:00+00:00,mixed,Order priority change হওয়ায় production plan delay হয়েছে।,planning,medium,False,0,train,synthetic
NOTE-000636,FAC-001,LINE-05,ORD-05-003,2025-01-30,2025-01-30T12:30:00+00:00,bn,"লাইন স্বাভাবিকভাবে চলছে, বড় কোনো সমস্যা নেই।",none,low,False,0,train,synthetic
NOTE-000637,FAC-001,LINE-05,ORD-05-003,2025-02-01,2025-02-01T12:30:00+00:00,bn,"লাইন স্বাভাবিকভাবে চলছে, বড় কোনো সমস্যা নেই।",none,low,False,0,train,synthetic
NOTE-000638,FAC-001,LINE-05,ORD-05-003,2025-02-02,2025-02-02T12:30:00+00:00,en,uneven stitch defects increased and rework is reducing output.,quality,medium,False,0,train,synthetic
NOTE-000639,FAC-001,LINE-05,ORD-05-003,2025-02-03,2025-02-03T12:30:00+00:00,mixed,"Line স্বাভাবিক চলছে, major issue নেই।",none,low,False,0,train,synthetic
NOTE-000640,FAC-001,LINE-05,ORD-05-003,2025-02-04,2025-02-04T12:30:00+00:00,en,Production is progressing according to plan.,none,low,False,0,train,synthetic
NOTE-000641,FAC-001,LINE-05,ORD-05-003,2025-02-05,2025-02-05T12:30:00+00:00,bn,উৎপাদন পরিকল্পনা অনুযায়ী চলছে।,none,low,False,0,train,synthetic
NOTE-000642,FAC-001,LINE-05,ORD-05-003,2025-02-06,2025-02-06T12:30:00+00:00,bn,"লাইন স্বাভাবিকভাবে চলছে, বড় কোনো সমস্যা নেই।",none,low,False,0,train,synthetic
NOTE-000643,FAC-001,LINE-05,ORD-05-004,2025-02-08,2025-02-08T12:30:00+00:00,mixed,Available manpower-এর তুলনায় line target বেশি set করা হয়েছে।,planning,medium,False,0,train,synthetic
NOTE-000644,FAC-001,LINE-05,ORD-05-004,2025-02-09,2025-02-09T12:30:00+00:00,en,The line is operating normally with no major issue.,none,low,False,0,train,synthetic
NOTE-000645,FAC-001,LINE-05,ORD-05-004,2025-02-10,2025-02-10T12:30:00+00:00,en,The flatlock machine was down for 55 minutes; maintenance is checking it.,machine,medium,True,55,train,synthetic
NOTE-000646,FAC-001,LINE-05,ORD-05-004,2025-02-11,2025-02-11T12:30:00+00:00,mixed,Production plan অনুযায়ী চলছে।,none,low,False,0,train,synthetic
NOTE-000647,FAC-001,LINE-05,ORD-05-004,2025-02-12,2025-02-12T12:30:00+00:00,bn,উৎপাদন পরিকল্পনা অনুযায়ী চলছে।,none,low,False,0,train,synthetic
NOTE-000648,FAC-001,LINE-05,ORD-05-004,2025-02-13,2025-02-13T12:30:00+00:00,bn,"কোয়ালিটি চেকে বেশি ত্রুটি পাওয়া গেছে, ইনলাইন সংশোধন চলছে।",quality,medium,False,0,train,synthetic
NOTE-000649,FAC-001,LINE-05,ORD-05-004,2025-02-15,2025-02-15T12:30:00+00:00,en,Output stopped for 55 minutes because of a button attach machine problem.,machine,medium,True,55,train,synthetic
NOTE-000650,FAC-001,LINE-05,ORD-05-004,2025-02-16,2025-02-16T12:30:00+00:00,en,The line is operating normally with no major issue.,none,low,False,0,train,synthetic
NOTE-000651,FAC-001,LINE-05,ORD-05-004,2025-02-17,2025-02-17T12:30:00+00:00,bn,উৎপাদন পরিকল্পনা অনুযায়ী চলছে।,none,low,False,0,train,synthetic
NOTE-000652,FAC-001,LINE-05,ORD-05-005,2025-02-18,2025-02-18T12:30:00+00:00,mixed,"Style changeover late হয়েছে, morning output কম।",method,medium,False,0,train,synthetic
NOTE-000653,FAC-001,LINE-05,ORD-05-005,2025-02-19,2025-02-19T12:30:00+00:00,en,Production is progressing according to plan.,none,low,False,0,train,synthetic
NOTE-000654,FAC-001,LINE-05,ORD-05-005,2025-02-20,2025-02-20T12:30:00+00:00,en,"Required trims did not arrive on time, so the line is running slowly.",material,high,True,0,train,synthetic
NOTE-000655,FAC-001,LINE-05,ORD-05-005,2025-02-22,2025-02-22T12:30:00+00:00,en,The line is operating normally with no major issue.,none,low,False,0,train,synthetic
NOTE-000656,FAC-001,LINE-05,ORD-05-005,2025-02-23,2025-02-23T12:30:00+00:00,bn,উৎপাদন পরিকল্পনা অনুযায়ী চলছে।,none,low,False,0,train,synthetic
NOTE-000657,FAC-001,LINE-05,ORD-05-005,2025-02-24,2025-02-24T12:30:00+00:00,bn,"open seam সমস্যা বেড়েছে, রিওয়ার্কের কারণে আউটপুট কমছে।",quality,medium,False,0,train,synthetic
NOTE-000658,FAC-001,LINE-05,ORD-05-005,2025-02-25,2025-02-25T12:30:00+00:00,mixed,Production plan অনুযায়ী চলছে।,none,low,False,0,train,synthetic
NOTE-000659,FAC-001,LINE-05,ORD-05-005,2025-02-26,2025-02-26T12:30:00+00:00,bn,উৎপাদন পরিকল্পনা অনুযায়ী চলছে।,none,low,False,0,train,synthetic
NOTE-000660,FAC-001,LINE-05,ORD-05-005,2025-02-27,2025-02-27T12:30:00+00:00,mixed,Production plan অনুযায়ী চলছে।,none,low,False,0,train,synthetic
NOTE-000661,FAC-001,LINE-05,ORD-05-006,2025-03-01,2025-03-01T12:30:00+00:00,bn,"কোয়ালিটি চেকে বেশি ত্রুটি পাওয়া গেছে, ইনলাইন সংশোধন চলছে।",quality,medium,False,0,train,synthetic
NOTE-000662,FAC-001,LINE-05,ORD-05-006,2025-03-02,2025-03-02T12:30:00+00:00,en,Production is progressing according to plan.,none,low,False,0,train,synthetic
NOTE-000663,FAC-001,LINE-05,ORD-05-006,2025-03-03,2025-03-03T12:30:00+00:00,bn,"কোয়ালিটি চেকে বেশি ত্রুটি পাওয়া গেছে, ইনলাইন সংশোধন চলছে।",quality,medium,False,0,train,synthetic
NOTE-000664,FAC-001,LINE-05,ORD-05-006,2025-03-04,2025-03-04T12:30:00+00:00,mixed,"single needle machine 53 মিনিট বন্ধ ছিল, mechanic check করছে।",machine,medium,True,53,train,synthetic
NOTE-000665,FAC-001,LINE-05,ORD-05-006,2025-03-05,2025-03-05T12:30:00+00:00,mixed,Production plan অনুযায়ী চলছে।,none,low,False,0,train,synthetic
NOTE-000666,FAC-001,LINE-05,ORD-05-006,2025-03-06,2025-03-06T12:30:00+00:00,bn,"কোয়ালিটি চেকে বেশি ত্রুটি পাওয়া গেছে, ইনলাইন সংশোধন চলছে।",quality,medium,False,0,train,synthetic
NOTE-000667,FAC-001,LINE-05,ORD-05-006,2025-03-08,2025-03-08T12:30:00+00:00,bn,"ট্রিমস সময়মতো আসেনি, লাইনের কাজ ধীর হয়েছে।",material,high,True,0,train,synthetic
NOTE-000668,FAC-001,LINE-05,ORD-05-006,2025-03-09,2025-03-09T12:30:00+00:00,bn,উৎপাদন পরিকল্পনা অনুযায়ী চলছে।,none,low,False,0,train,synthetic
NOTE-000669,FAC-001,LINE-05,ORD-05-007,2025-03-10,2025-03-10T12:30:00+00:00,en,"Style changeover finished late, reducing first-half production.",method,medium,False,0,train,synthetic
NOTE-000670,FAC-001,LINE-05,ORD-05-007,2025-03-11,2025-03-11T12:30:00+00:00,en,Production is progressing according to plan.,none,low,False,0,train,synthetic
NOTE-000671,FAC-001,LINE-05,ORD-05-007,2025-03-12,2025-03-12T12:30:00+00:00,bn,উৎপাদন পরিকল্পনা অনুযায়ী চলছে।,none,low,False,0,train,synthetic
NOTE-000672,FAC-001,LINE-05,ORD-05-007,2025-03-13,2025-03-13T12:30:00+00:00,bn,উৎপাদন পরিকল্পনা অনুযায়ী চলছে।,none,low,False,0,train,synthetic
NOTE-000673,FAC-001,LINE-05,ORD-05-007,2025-03-15,2025-03-15T12:30:00+00:00,bn,উৎপাদন পরিকল্পনা অনুযায়ী চলছে।,none,low,False,0,train,synthetic
NOTE-000674,FAC-001,LINE-05,ORD-05-007,2025-03-16,2025-03-16T12:30:00+00:00,mixed,"iron machine 38 মিনিট বন্ধ ছিল, mechanic check করছে।",machine,medium,False,38,train,synthetic
NOTE-000675,FAC-001,LINE-05,ORD-05-007,2025-03-17,2025-03-17T12:30:00+00:00,en,The line is operating normally with no major issue.,none,low,False,0,train,synthetic
NOTE-000676,FAC-001,LINE-05,ORD-05-008,2025-03-18,2025-03-18T12:30:00+00:00,bn,"নতুন স্টাইলের অপারেশন ব্যালেন্স ঠিক হয়নি, বোতলনেক তৈরি হয়েছে।",method,medium,False,0,train,synthetic
NOTE-000677,FAC-001,LINE-05,ORD-05-008,2025-03-19,2025-03-19T12:30:00+00:00,bn,"আজ 9 জন অপারেটর অনুপস্থিত, আউটপুট লক্ষ্যের নিচে।",manpower,medium,False,0,train,synthetic
NOTE-000678,FAC-001,LINE-05,ORD-05-008,2025-03-20,2025-03-20T12:30:00+00:00,bn,উৎপাদন পরিকল্পনা অনুযায়ী চলছে।,none,low,False,0,train,synthetic
NOTE-000679,FAC-001,LINE-05,ORD-05-008,2025-03-22,2025-03-22T12:30:00+00:00,bn,"কোয়ালিটি চেকে বেশি ত্রুটি পাওয়া গেছে, ইনলাইন সংশোধন চলছে।",quality,medium,False,0,train,synthetic
NOTE-000680,FAC-001,LINE-05,ORD-05-008,2025-03-23,2025-03-23T12:30:00+00:00,mixed,"Line স্বাভাবিক চলছে, major issue নেই।",none,low,False,0,train,synthetic
NOTE-000681,FAC-001,LINE-05,ORD-05-008,2025-03-24,2025-03-24T12:30:00+00:00,mixed,"Inline QC-তে defect rate বেশি, correction চলছে।",quality,medium,False,0,train,synthetic
NOTE-000682,FAC-001,LINE-05,ORD-05-008,2025-03-25,2025-03-25T12:30:00+00:00,bn,"কোয়ালিটি চেকে বেশি ত্রুটি পাওয়া গেছে, ইনলাইন সংশোধন চলছে।",quality,medium,False,0,train,synthetic
NOTE-000683,FAC-001,LINE-05,ORD-05-008,2025-03-26,2025-03-26T12:30:00+00:00,mixed,Production plan অনুযায়ী চলছে।,none,low,False,0,train,synthetic
NOTE-000684,FAC-001,LINE-05,ORD-05-008,2025-03-27,2025-03-27T12:30:00+00:00,bn,"লাইন স্বাভাবিকভাবে চলছে, বড় কোনো সমস্যা নেই।",none,low,False,0,train,synthetic
NOTE-000685,FAC-001,LINE-05,ORD-05-008,2025-03-29,2025-03-29T12:30:00+00:00,bn,দক্ষ অপারেটর কম থাকায় কয়েকটি অপারেশন আটকে আছে।,manpower,medium,False,0,train,synthetic
NOTE-000686,FAC-001,LINE-05,ORD-05-009,2025-03-30,2025-03-30T12:30:00+00:00,bn,"নতুন স্টাইলের অপারেশন ব্যালেন্স ঠিক হয়নি, বোতলনেক তৈরি হয়েছে।",method,medium,False,0,train,synthetic
NOTE-000687,FAC-001,LINE-05,ORD-05-009,2025-03-31,2025-03-31T12:30:00+00:00,bn,"overlock মেশিন 55 মিনিট বন্ধ ছিল, মেকানিক কাজ করছে।",machine,medium,True,55,train,synthetic
NOTE-000688,FAC-001,LINE-05,ORD-05-009,2025-04-01,2025-04-01T12:30:00+00:00,bn,দক্ষ অপারেটর কম থাকায় কয়েকটি অপারেশন আটকে আছে।,manpower,medium,False,0,train,synthetic
NOTE-000689,FAC-001,LINE-05,ORD-05-009,2025-04-02,2025-04-02T12:30:00+00:00,mixed,"Line স্বাভাবিক চলছে, major issue নেই।",none,low,False,0,train,synthetic
NOTE-000690,FAC-001,LINE-05,ORD-05-009,2025-04-03,2025-04-03T12:30:00+00:00,bn,উৎপাদন পরিকল্পনা অনুযায়ী চলছে।,none,low,False,0,train,synthetic
NOTE-000691,FAC-001,LINE-05,ORD-05-009,2025-04-05,2025-04-05T12:30:00+00:00,mixed,"Line স্বাভাবিক চলছে, major issue নেই।",none,low,False,0,train,synthetic
NOTE-000692,FAC-001,LINE-05,ORD-05-009,2025-04-06,2025-04-06T12:30:00+00:00,bn,"লাইন স্বাভাবিকভাবে চলছে, বড় কোনো সমস্যা নেই।",none,low,False,0,train,synthetic
NOTE-000693,FAC-001,LINE-05,ORD-05-010,2025-04-07,2025-04-07T12:30:00+00:00,mixed,Available manpower-এর তুলনায় line target বেশি set করা হয়েছে।,planning,medium,False,0,train,synthetic
NOTE-000694,FAC-001,LINE-05,ORD-05-010,2025-04-08,2025-04-08T12:30:00+00:00,en,Production is progressing according to plan.,none,low,False,0,train,synthetic
NOTE-000695,FAC-001,LINE-05,ORD-05-010,2025-04-09,2025-04-09T12:30:00+00:00,bn,"oil mark সমস্যা বেড়েছে, রিওয়ার্কের কারণে আউটপুট কমছে।",quality,medium,False,0,train,synthetic
NOTE-000696,FAC-001,LINE-05,ORD-05-010,2025-04-10,2025-04-10T12:30:00+00:00,bn,"আজ 7 জন অপারেটর অনুপস্থিত, আউটপুট লক্ষ্যের নিচে।",manpower,medium,False,0,train,synthetic
NOTE-000697,FAC-001,LINE-05,ORD-05-010,2025-04-12,2025-04-12T12:30:00+00:00,mixed,Production plan অনুযায়ী চলছে।,none,low,False,0,train,synthetic
NOTE-000698,FAC-001,LINE-05,ORD-05-010,2025-04-13,2025-04-13T12:30:00+00:00,bn,"লাইন স্বাভাবিকভাবে চলছে, বড় কোনো সমস্যা নেই।",none,low,False,0,train,synthetic
NOTE-000699,FAC-001,LINE-05,ORD-05-010,2025-04-14,2025-04-14T12:30:00+00:00,bn,"লাইন স্বাভাবিকভাবে চলছে, বড় কোনো সমস্যা নেই।",none,low,False,0,train,synthetic
NOTE-000700,FAC-001,LINE-05,ORD-05-010,2025-04-15,2025-04-15T12:30:00+00:00,mixed,Production plan অনুযায়ী চলছে।,none,low,False,0,train,synthetic
NOTE-000701,FAC-001,LINE-05,ORD-05-010,2025-04-16,2025-04-16T12:30:00+00:00,mixed,Production plan অনুযায়ী চলছে।,none,low,False,0,train,synthetic
NOTE-000702,FAC-001,LINE-05,ORD-05-011,2025-04-17,2025-04-17T12:30:00+00:00,bn,"আজ 9 জন অপারেটর অনুপস্থিত, আউটপুট লক্ষ্যের নিচে।",manpower,medium,False,0,train,synthetic
NOTE-000703,FAC-001,LINE-05,ORD-05-011,2025-04-19,2025-04-19T12:30:00+00:00,bn,"লাইন স্বাভাবিকভাবে চলছে, বড় কোনো সমস্যা নেই।",none,low,False,0,train,synthetic
NOTE-000704,FAC-001,LINE-05,ORD-05-011,2025-04-20,2025-04-20T12:30:00+00:00,bn,উৎপাদন পরিকল্পনা অনুযায়ী চলছে।,none,low,False,0,train,synthetic
NOTE-000705,FAC-001,LINE-05,ORD-05-011,2025-04-21,2025-04-21T12:30:00+00:00,en,Output stopped for 35 minutes because of a cutting machine machine problem.,machine,medium,False,35,train,synthetic
NOTE-000706,FAC-001,LINE-05,ORD-05-011,2025-04-22,2025-04-22T12:30:00+00:00,en,The line is operating normally with no major issue.,none,low,False,0,train,synthetic
NOTE-000707,FAC-001,LINE-05,ORD-05-011,2025-04-23,2025-04-23T12:30:00+00:00,bn,"কোয়ালিটি চেকে বেশি ত্রুটি পাওয়া গেছে, ইনলাইন সংশোধন চলছে।",quality,medium,False,0,train,synthetic
NOTE-000708,FAC-001,LINE-05,ORD-05-011,2025-04-24,2025-04-24T12:30:00+00:00,bn,"লাইনে bartack মেশিনে সমস্যা হয়েছে, 49 মিনিট আউটপুট বন্ধ ছিল।",machine,medium,True,49,train,synthetic
NOTE-000709,FAC-001,LINE-05,ORD-05-011,2025-04-26,2025-04-26T12:30:00+00:00,bn,উৎপাদন পরিকল্পনা অনুযায়ী চলছে।,none,low,False,0,train,synthetic
NOTE-000710,FAC-001,LINE-05,ORD-05-012,2025-04-27,2025-04-27T12:30:00+00:00,mixed,"New style-এর operation balance ঠিক হয়নি, bottleneck হয়েছে।",method,medium,False,0,train,synthetic
NOTE-000711,FAC-001,LINE-05,ORD-05-012,2025-04-28,2025-04-28T12:30:00+00:00,en,The iron machine was down for 55 minutes; maintenance is checking it.,machine,medium,True,55,train,synthetic
NOTE-000712,FAC-001,LINE-05,ORD-05-012,2025-04-29,2025-04-29T12:30:00+00:00,en,The line is operating normally with no major issue.,none,low,False,0,train,synthetic
NOTE-000713,FAC-001,LINE-05,ORD-05-012,2025-04-30,2025-04-30T12:30:00+00:00,en,measurement variance defects increased and rework is reducing output.,quality,medium,False,0,train,synthetic
NOTE-000714,FAC-001,LINE-05,ORD-05-012,2025-05-01,2025-05-01T12:30:00+00:00,bn,"প্রয়োজনীয় ম্যাটেরিয়াল কম আছে, উৎপাদন আংশিকভাবে বন্ধ।",material,high,True,0,validation,synthetic
NOTE-000715,FAC-001,LINE-05,ORD-05-012,2025-05-03,2025-05-03T12:30:00+00:00,bn,"লাইন স্বাভাবিকভাবে চলছে, বড় কোনো সমস্যা নেই।",none,low,False,0,validation,synthetic
NOTE-000716,FAC-001,LINE-05,ORD-05-012,2025-05-04,2025-05-04T12:30:00+00:00,en,puckering defects increased and rework is reducing output.,quality,medium,False,0,validation,synthetic
NOTE-000717,FAC-001,LINE-05,ORD-05-012,2025-05-05,2025-05-05T12:30:00+00:00,mixed,"oil mark defect বেড়েছে, rework-এর কারণে output কম।",quality,medium,False,0,validation,synthetic
NOTE-000718,FAC-001,LINE-05,ORD-05-013,2025-05-06,2025-05-06T12:30:00+00:00,mixed,Skilled operator কম থাকায় কিছু operation bottleneck হয়েছে।,manpower,medium,False,0,validation,synthetic
NOTE-000719,FAC-001,LINE-05,ORD-05-013,2025-05-07,2025-05-07T12:30:00+00:00,bn,"লাইন স্বাভাবিকভাবে চলছে, বড় কোনো সমস্যা নেই।",none,low,False,0,validation,synthetic
NOTE-000720,FAC-001,LINE-05,ORD-05-013,2025-05-08,2025-05-08T12:30:00+00:00,mixed,"Line স্বাভাবিক চলছে, major issue নেই।",none,low,False,0,validation,synthetic
NOTE-000721,FAC-001,LINE-05,ORD-05-013,2025-05-10,2025-05-10T12:30:00+00:00,bn,"কোয়ালিটি চেকে বেশি ত্রুটি পাওয়া গেছে, ইনলাইন সংশোধন চলছে।",quality,medium,False,0,validation,synthetic
NOTE-000722,FAC-001,LINE-05,ORD-05-013,2025-05-11,2025-05-11T12:30:00+00:00,en,The line is operating normally with no major issue.,none,low,False,0,validation,synthetic
NOTE-000723,FAC-001,LINE-05,ORD-05-013,2025-05-12,2025-05-12T12:30:00+00:00,mixed,Production plan অনুযায়ী চলছে।,none,low,False,0,validation,synthetic
NOTE-000724,FAC-001,LINE-05,ORD-05-013,2025-05-13,2025-05-13T12:30:00+00:00,en,The line is operating normally with no major issue.,none,low,False,0,validation,synthetic
NOTE-000725,FAC-001,LINE-05,ORD-05-013,2025-05-14,2025-05-14T12:30:00+00:00,bn,"কোয়ালিটি চেকে বেশি ত্রুটি পাওয়া গেছে, ইনলাইন সংশোধন চলছে।",quality,medium,False,0,validation,synthetic
NOTE-000726,FAC-001,LINE-05,ORD-05-013,2025-05-15,2025-05-15T12:30:00+00:00,en,measurement variance defects increased and rework is reducing output.,quality,medium,False,0,validation,synthetic
NOTE-000727,FAC-001,LINE-05,ORD-05-013,2025-05-17,2025-05-17T12:30:00+00:00,mixed,"Line স্বাভাবিক চলছে, major issue নেই।",none,low,False,0,validation,synthetic
NOTE-000728,FAC-001,LINE-05,ORD-05-013,2025-05-18,2025-05-18T12:30:00+00:00,mixed,"আজ 7 জন operator absent, তাই output target-এর নিচে।",manpower,medium,False,0,validation,synthetic
NOTE-000729,FAC-001,LINE-05,ORD-05-013,2025-05-19,2025-05-19T12:30:00+00:00,mixed,Production plan অনুযায়ী চলছে।,none,low,False,0,validation,synthetic
NOTE-000730,FAC-001,LINE-05,ORD-05-013,2025-05-20,2025-05-20T12:30:00+00:00,en,Production is progressing according to plan.,none,low,False,0,validation,synthetic
NOTE-000731,FAC-001,LINE-05,ORD-05-014,2025-05-21,2025-05-21T12:30:00+00:00,mixed,"Style changeover late হয়েছে, morning output কম।",method,medium,False,0,validation,synthetic
NOTE-000732,FAC-001,LINE-05,ORD-05-014,2025-05-22,2025-05-22T12:30:00+00:00,en,Material availability is below requirement and production is partially blocked.,material,high,True,0,validation,synthetic
NOTE-000733,FAC-001,LINE-05,ORD-05-014,2025-05-24,2025-05-24T12:30:00+00:00,bn,"লাইন স্বাভাবিকভাবে চলছে, বড় কোনো সমস্যা নেই।",none,low,False,0,validation,synthetic
NOTE-000734,FAC-001,LINE-05,ORD-05-014,2025-05-25,2025-05-25T12:30:00+00:00,bn,"লাইন স্বাভাবিকভাবে চলছে, বড় কোনো সমস্যা নেই।",none,low,False,0,validation,synthetic
NOTE-000735,FAC-001,LINE-05,ORD-05-014,2025-05-26,2025-05-26T12:30:00+00:00,mixed,"Line স্বাভাবিক চলছে, major issue নেই।",none,low,False,0,validation,synthetic
NOTE-000736,FAC-001,LINE-05,ORD-05-014,2025-05-27,2025-05-27T12:30:00+00:00,bn,"লাইন স্বাভাবিকভাবে চলছে, বড় কোনো সমস্যা নেই।",none,low,False,0,validation,synthetic
NOTE-000737,FAC-001,LINE-05,ORD-05-014,2025-05-28,2025-05-28T12:30:00+00:00,bn,"আজ 7 জন অপারেটর অনুপস্থিত, আউটপুট লক্ষ্যের নিচে।",manpower,medium,False,0,validation,synthetic
NOTE-000738,FAC-001,LINE-05,ORD-05-014,2025-05-29,2025-05-29T12:30:00+00:00,bn,উৎপাদন পরিকল্পনা অনুযায়ী চলছে।,none,low,False,0,validation,synthetic
NOTE-000739,FAC-001,LINE-05,ORD-05-015,2025-05-31,2025-05-31T12:30:00+00:00,bn,"uneven stitch সমস্যা বেড়েছে, রিওয়ার্কের কারণে আউটপুট কমছে।",quality,medium,False,0,validation,synthetic
NOTE-000740,FAC-001,LINE-05,ORD-05-015,2025-06-01,2025-06-01T12:30:00+00:00,bn,"লাইন স্বাভাবিকভাবে চলছে, বড় কোনো সমস্যা নেই।",none,low,False,0,test,synthetic
NOTE-000741,FAC-001,LINE-05,ORD-05-015,2025-06-02,2025-06-02T12:30:00+00:00,bn,দক্ষ অপারেটর কম থাকায় কয়েকটি অপারেশন আটকে আছে।,manpower,medium,False,0,test,synthetic
NOTE-000742,FAC-001,LINE-05,ORD-05-015,2025-06-03,2025-06-03T12:30:00+00:00,mixed,"আজ 9 জন operator absent, তাই output target-এর নিচে।",manpower,medium,False,0,test,synthetic
NOTE-000743,FAC-001,LINE-05,ORD-05-015,2025-06-04,2025-06-04T12:30:00+00:00,bn,উৎপাদন পরিকল্পনা অনুযায়ী চলছে।,none,low,False,0,test,synthetic
NOTE-000744,FAC-001,LINE-05,ORD-05-015,2025-06-05,2025-06-05T12:30:00+00:00,mixed,Production plan অনুযায়ী চলছে।,none,low,False,0,test,synthetic
NOTE-000745,FAC-001,LINE-05,ORD-05-015,2025-06-07,2025-06-07T12:30:00+00:00,bn,উৎপাদন পরিকল্পনা অনুযায়ী চলছে।,none,low,False,0,test,synthetic
NOTE-000746,FAC-001,LINE-05,ORD-05-015,2025-06-08,2025-06-08T12:30:00+00:00,en,The line is operating normally with no major issue.,none,low,False,0,test,synthetic
NOTE-000747,FAC-001,LINE-05,ORD-05-015,2025-06-09,2025-06-09T12:30:00+00:00,bn,"লাইন স্বাভাবিকভাবে চলছে, বড় কোনো সমস্যা নেই।",none,low,False,0,test,synthetic
NOTE-000748,FAC-001,LINE-05,ORD-05-015,2025-06-10,2025-06-10T12:30:00+00:00,bn,"লাইন স্বাভাবিকভাবে চলছে, বড় কোনো সমস্যা নেই।",none,low,False,0,test,synthetic
NOTE-000749,FAC-001,LINE-05,ORD-05-015,2025-06-11,2025-06-11T12:30:00+00:00,mixed,"overlock machine 40 মিনিট বন্ধ ছিল, mechanic check করছে।",machine,medium,False,40,test,synthetic
NOTE-000750,FAC-001,LINE-05,ORD-05-015,2025-06-12,2025-06-12T12:30:00+00:00,mixed,"Line স্বাভাবিক চলছে, major issue নেই।",none,low,False,0,test,synthetic
NOTE-000751,FAC-001,LINE-05,ORD-05-016,2025-06-14,2025-06-14T12:30:00+00:00,en,"Style changeover finished late, reducing first-half production.",method,medium,False,0,test,synthetic
NOTE-000752,FAC-001,LINE-05,ORD-05-016,2025-06-15,2025-06-15T12:30:00+00:00,bn,দক্ষ অপারেটর কম থাকায় কয়েকটি অপারেশন আটকে আছে।,manpower,medium,False,0,test,synthetic
NOTE-000753,FAC-001,LINE-05,ORD-05-016,2025-06-16,2025-06-16T12:30:00+00:00,bn,"লাইন স্বাভাবিকভাবে চলছে, বড় কোনো সমস্যা নেই।",none,low,False,0,test,synthetic
NOTE-000754,FAC-001,LINE-05,ORD-05-016,2025-06-17,2025-06-17T12:30:00+00:00,bn,"লাইন স্বাভাবিকভাবে চলছে, বড় কোনো সমস্যা নেই।",none,low,False,0,test,synthetic
NOTE-000755,FAC-001,LINE-05,ORD-05-016,2025-06-18,2025-06-18T12:30:00+00:00,bn,উৎপাদন পরিকল্পনা অনুযায়ী চলছে।,none,low,False,0,test,synthetic
NOTE-000756,FAC-001,LINE-05,ORD-05-017,2025-06-19,2025-06-19T12:30:00+00:00,bn,"নতুন স্টাইলের অপারেশন ব্যালেন্স ঠিক হয়নি, বোতলনেক তৈরি হয়েছে।",method,medium,False,0,test,synthetic
NOTE-000757,FAC-001,LINE-05,ORD-05-017,2025-06-21,2025-06-21T12:30:00+00:00,mixed,Line output কমেছে because single needle machine had 37 minutes downtime.,machine,medium,False,37,test,synthetic
NOTE-000758,FAC-001,LINE-05,ORD-05-017,2025-06-22,2025-06-22T12:30:00+00:00,en,Inline inspection found a higher defect rate; correction is in progress.,quality,medium,False,0,test,synthetic
NOTE-000759,FAC-001,LINE-05,ORD-05-017,2025-06-23,2025-06-23T12:30:00+00:00,bn,"কোয়ালিটি চেকে বেশি ত্রুটি পাওয়া গেছে, ইনলাইন সংশোধন চলছে।",quality,medium,False,0,test,synthetic
NOTE-000760,FAC-001,LINE-05,ORD-05-017,2025-06-24,2025-06-24T12:30:00+00:00,mixed,Production plan অনুযায়ী চলছে।,none,low,False,0,test,synthetic
NOTE-000761,FAC-001,LINE-05,ORD-05-017,2025-06-25,2025-06-25T12:30:00+00:00,bn,"লাইন স্বাভাবিকভাবে চলছে, বড় কোনো সমস্যা নেই।",none,low,False,0,test,synthetic
NOTE-000762,FAC-001,LINE-05,ORD-05-017,2025-06-26,2025-06-26T12:30:00+00:00,en,The line is operating normally with no major issue.,none,low,False,0,test,synthetic
NOTE-000763,FAC-001,LINE-05,ORD-05-017,2025-06-28,2025-06-28T12:30:00+00:00,en,The line is operating normally with no major issue.,none,low,False,0,test,synthetic
NOTE-000764,FAC-001,LINE-05,ORD-05-018,2025-06-29,2025-06-29T12:30:00+00:00,bn,"স্টাইল চেঞ্জওভার দেরিতে শেষ হয়েছে, প্রথম ভাগের উৎপাদন কম।",method,medium,False,0,test,synthetic
NOTE-000765,FAC-001,LINE-05,ORD-05-018,2025-06-30,2025-06-30T12:30:00+00:00,en,Production is progressing according to plan.,none,low,False,0,test,synthetic
NOTE-000766,FAC-001,LINE-06,ORD-06-001,2025-01-04,2025-01-04T12:30:00+00:00,mixed,"New style-এর operation balance ঠিক হয়নি, bottleneck হয়েছে।",method,medium,False,0,train,synthetic
NOTE-000767,FAC-001,LINE-06,ORD-06-001,2025-01-05,2025-01-05T12:30:00+00:00,mixed,Skilled operator কম থাকায় কিছু operation bottleneck হয়েছে।,manpower,medium,False,0,train,synthetic
NOTE-000768,FAC-001,LINE-06,ORD-06-001,2025-01-06,2025-01-06T12:30:00+00:00,en,Several operations are constrained because skilled operators are unavailable.,manpower,medium,False,0,train,synthetic
NOTE-000769,FAC-001,LINE-06,ORD-06-001,2025-01-07,2025-01-07T12:30:00+00:00,en,A priority change delayed the planned production sequence.,planning,medium,False,0,train,synthetic
NOTE-000770,FAC-001,LINE-06,ORD-06-001,2025-01-08,2025-01-08T12:30:00+00:00,mixed,"Inline QC-তে defect rate বেশি, correction চলছে।",quality,medium,False,0,train,synthetic
NOTE-000771,FAC-001,LINE-06,ORD-06-001,2025-01-09,2025-01-09T12:30:00+00:00,en,The line is operating normally with no major issue.,none,low,False,0,train,synthetic
NOTE-000772,FAC-001,LINE-06,ORD-06-001,2025-01-11,2025-01-11T12:30:00+00:00,mixed,"Line স্বাভাবিক চলছে, major issue নেই।",none,low,False,0,train,synthetic
NOTE-000773,FAC-001,LINE-06,ORD-06-001,2025-01-12,2025-01-12T12:30:00+00:00,bn,"লাইন স্বাভাবিকভাবে চলছে, বড় কোনো সমস্যা নেই।",none,low,False,0,train,synthetic
NOTE-000774,FAC-001,LINE-06,ORD-06-002,2025-01-13,2025-01-13T12:30:00+00:00,bn,দক্ষ অপারেটর কম থাকায় কয়েকটি অপারেশন আটকে আছে।,manpower,medium,False,0,train,synthetic
NOTE-000775,FAC-001,LINE-06,ORD-06-002,2025-01-14,2025-01-14T12:30:00+00:00,mixed,"Line স্বাভাবিক চলছে, major issue নেই।",none,low,False,0,train,synthetic
NOTE-000776,FAC-001,LINE-06,ORD-06-002,2025-01-15,2025-01-15T12:30:00+00:00,en,The iron machine was down for 83 minutes; maintenance is checking it.,machine,high,True,83,train,synthetic
NOTE-000777,FAC-001,LINE-06,ORD-06-002,2025-01-16,2025-01-16T12:30:00+00:00,mixed,Production plan অনুযায়ী চলছে।,none,low,False,0,train,synthetic
NOTE-000778,FAC-001,LINE-06,ORD-06-002,2025-01-18,2025-01-18T12:30:00+00:00,bn,"লাইন স্বাভাবিকভাবে চলছে, বড় কোনো সমস্যা নেই।",none,low,False,0,train,synthetic
NOTE-000779,FAC-001,LINE-06,ORD-06-002,2025-01-19,2025-01-19T12:30:00+00:00,bn,উৎপাদন পরিকল্পনা অনুযায়ী চলছে।,none,low,False,0,train,synthetic
NOTE-000780,FAC-001,LINE-06,ORD-06-002,2025-01-20,2025-01-20T12:30:00+00:00,en,Production is progressing according to plan.,none,low,False,0,train,synthetic
NOTE-000781,FAC-001,LINE-06,ORD-06-002,2025-01-21,2025-01-21T12:30:00+00:00,en,The line is operating normally with no major issue.,none,low,False,0,train,synthetic
NOTE-000782,FAC-001,LINE-06,ORD-06-002,2025-01-22,2025-01-22T12:30:00+00:00,en,The line is operating normally with no major issue.,none,low,False,0,train,synthetic
NOTE-000783,FAC-001,LINE-06,ORD-06-003,2025-01-23,2025-01-23T12:30:00+00:00,bn,"নতুন স্টাইলের অপারেশন ব্যালেন্স ঠিক হয়নি, বোতলনেক তৈরি হয়েছে।",method,medium,False,0,train,synthetic
NOTE-000784,FAC-001,LINE-06,ORD-06-003,2025-01-25,2025-01-25T12:30:00+00:00,bn,"লাইন স্বাভাবিকভাবে চলছে, বড় কোনো সমস্যা নেই।",none,low,False,0,train,synthetic
NOTE-000785,FAC-001,LINE-06,ORD-06-003,2025-01-26,2025-01-26T12:30:00+00:00,mixed,Production plan অনুযায়ী চলছে।,none,low,False,0,train,synthetic
NOTE-000786,FAC-001,LINE-06,ORD-06-003,2025-01-27,2025-01-27T12:30:00+00:00,en,Output stopped for 39 minutes because of a single needle machine problem.,machine,medium,False,39,train,synthetic
NOTE-000787,FAC-001,LINE-06,ORD-06-003,2025-01-28,2025-01-28T12:30:00+00:00,bn,"লাইন স্বাভাবিকভাবে চলছে, বড় কোনো সমস্যা নেই।",none,low,False,0,train,synthetic
NOTE-000788,FAC-001,LINE-06,ORD-06-003,2025-01-29,2025-01-29T12:30:00+00:00,en,The line is operating normally with no major issue.,none,low,False,0,train,synthetic
NOTE-000789,FAC-001,LINE-06,ORD-06-004,2025-01-30,2025-01-30T12:30:00+00:00,bn,"লাইনে flatlock মেশিনে সমস্যা হয়েছে, 55 মিনিট আউটপুট বন্ধ ছিল।",machine,medium,True,55,train,synthetic
NOTE-000790,FAC-001,LINE-06,ORD-06-004,2025-02-01,2025-02-01T12:30:00+00:00,mixed,"open seam defect বেড়েছে, rework-এর কারণে output কম।",quality,medium,False,0,train,synthetic
NOTE-000791,FAC-001,LINE-06,ORD-06-004,2025-02-02,2025-02-02T12:30:00+00:00,bn,"কোয়ালিটি চেকে বেশি ত্রুটি পাওয়া গেছে, ইনলাইন সংশোধন চলছে।",quality,medium,False,0,train,synthetic
NOTE-000792,FAC-001,LINE-06,ORD-06-004,2025-02-03,2025-02-03T12:30:00+00:00,bn,উৎপাদন পরিকল্পনা অনুযায়ী চলছে।,none,low,False,0,train,synthetic
NOTE-000793,FAC-001,LINE-06,ORD-06-004,2025-02-04,2025-02-04T12:30:00+00:00,bn,দক্ষ অপারেটর কম থাকায় কয়েকটি অপারেশন আটকে আছে।,manpower,medium,False,0,train,synthetic
NOTE-000794,FAC-001,LINE-06,ORD-06-004,2025-02-05,2025-02-05T12:30:00+00:00,en,The line is operating normally with no major issue.,none,low,False,0,train,synthetic
NOTE-000795,FAC-001,LINE-06,ORD-06-005,2025-02-06,2025-02-06T12:30:00+00:00,bn,"স্টাইল চেঞ্জওভার দেরিতে শেষ হয়েছে, প্রথম ভাগের উৎপাদন কম।",method,medium,False,0,train,synthetic
NOTE-000796,FAC-001,LINE-06,ORD-06-005,2025-02-08,2025-02-08T12:30:00+00:00,mixed,"Required trims সময়মতো আসেনি, line output কমেছে।",material,high,True,0,train,synthetic
NOTE-000797,FAC-001,LINE-06,ORD-06-005,2025-02-09,2025-02-09T12:30:00+00:00,en,The line is operating normally with no major issue.,none,low,False,0,train,synthetic
NOTE-000798,FAC-001,LINE-06,ORD-06-005,2025-02-10,2025-02-10T12:30:00+00:00,bn,উৎপাদন পরিকল্পনা অনুযায়ী চলছে।,none,low,False,0,train,synthetic
NOTE-000799,FAC-001,LINE-06,ORD-06-005,2025-02-11,2025-02-11T12:30:00+00:00,mixed,Production plan অনুযায়ী চলছে।,none,low,False,0,train,synthetic
NOTE-000800,FAC-001,LINE-06,ORD-06-005,2025-02-12,2025-02-12T12:30:00+00:00,mixed,"Line স্বাভাবিক চলছে, major issue নেই।",none,low,False,0,train,synthetic
NOTE-000801,FAC-001,LINE-06,ORD-06-005,2025-02-13,2025-02-13T12:30:00+00:00,bn,"লাইন স্বাভাবিকভাবে চলছে, বড় কোনো সমস্যা নেই।",none,low,False,0,train,synthetic
NOTE-000802,FAC-001,LINE-06,ORD-06-005,2025-02-15,2025-02-15T12:30:00+00:00,bn,"button hole মেশিন 55 মিনিট বন্ধ ছিল, মেকানিক কাজ করছে।",machine,medium,True,55,train,synthetic
NOTE-000803,FAC-001,LINE-06,ORD-06-005,2025-02-16,2025-02-16T12:30:00+00:00,mixed,"Line স্বাভাবিক চলছে, major issue নেই।",none,low,False,0,train,synthetic
NOTE-000804,FAC-001,LINE-06,ORD-06-005,2025-02-17,2025-02-17T12:30:00+00:00,bn,"প্রয়োজনীয় ম্যাটেরিয়াল কম আছে, উৎপাদন আংশিকভাবে বন্ধ।",material,high,True,0,train,synthetic
NOTE-000805,FAC-001,LINE-06,ORD-06-005,2025-02-18,2025-02-18T12:30:00+00:00,mixed,"Line স্বাভাবিক চলছে, major issue নেই।",none,low,False,0,train,synthetic
NOTE-000806,FAC-001,LINE-06,ORD-06-006,2025-02-19,2025-02-19T12:30:00+00:00,bn,"নতুন স্টাইলের অপারেশন ব্যালেন্স ঠিক হয়নি, বোতলনেক তৈরি হয়েছে।",method,medium,False,0,train,synthetic
NOTE-000807,FAC-001,LINE-06,ORD-06-006,2025-02-20,2025-02-20T12:30:00+00:00,bn,উৎপাদন পরিকল্পনা অনুযায়ী চলছে।,none,low,False,0,train,synthetic
NOTE-000808,FAC-001,LINE-06,ORD-06-006,2025-02-22,2025-02-22T12:30:00+00:00,bn,উৎপাদন পরিকল্পনা অনুযায়ী চলছে।,none,low,False,0,train,synthetic
NOTE-000809,FAC-001,LINE-06,ORD-06-006,2025-02-23,2025-02-23T12:30:00+00:00,en,The overlock machine was down for 53 minutes; maintenance is checking it.,machine,medium,True,53,train,synthetic
NOTE-000810,FAC-001,LINE-06,ORD-06-006,2025-02-24,2025-02-24T12:30:00+00:00,bn,"লাইন স্বাভাবিকভাবে চলছে, বড় কোনো সমস্যা নেই।",none,low,False,0,train,synthetic
NOTE-000811,FAC-001,LINE-06,ORD-06-006,2025-02-25,2025-02-25T12:30:00+00:00,bn,"লাইন স্বাভাবিকভাবে চলছে, বড় কোনো সমস্যা নেই।",none,low,False,0,train,synthetic
NOTE-000812,FAC-001,LINE-06,ORD-06-006,2025-02-26,2025-02-26T12:30:00+00:00,bn,"uneven stitch সমস্যা বেড়েছে, রিওয়ার্কের কারণে আউটপুট কমছে।",quality,medium,False,0,train,synthetic
NOTE-000813,FAC-001,LINE-06,ORD-06-006,2025-02-27,2025-02-27T12:30:00+00:00,en,oil mark defects increased and rework is reducing output.,quality,medium,False,0,train,synthetic
NOTE-000814,FAC-001,LINE-06,ORD-06-006,2025-03-01,2025-03-01T12:30:00+00:00,mixed,"measurement variance defect বেড়েছে, rework-এর কারণে output কম।",quality,medium,False,0,train,synthetic
NOTE-000815,FAC-001,LINE-06,ORD-06-006,2025-03-02,2025-03-02T12:30:00+00:00,mixed,Production plan অনুযায়ী চলছে।,none,low,False,0,train,synthetic
NOTE-000816,FAC-001,LINE-06,ORD-06-007,2025-03-03,2025-03-03T12:30:00+00:00,bn,"ট্রিমস সময়মতো আসেনি, লাইনের কাজ ধীর হয়েছে।",material,high,True,0,train,synthetic
NOTE-000817,FAC-001,LINE-06,ORD-06-007,2025-03-04,2025-03-04T12:30:00+00:00,bn,"open seam সমস্যা বেড়েছে, রিওয়ার্কের কারণে আউটপুট কমছে।",quality,medium,False,0,train,synthetic
NOTE-000818,FAC-001,LINE-06,ORD-06-007,2025-03-05,2025-03-05T12:30:00+00:00,bn,"লাইন স্বাভাবিকভাবে চলছে, বড় কোনো সমস্যা নেই।",none,low,False,0,train,synthetic
NOTE-000819,FAC-001,LINE-06,ORD-06-007,2025-03-06,2025-03-06T12:30:00+00:00,mixed,Production plan অনুযায়ী চলছে।,none,low,False,0,train,synthetic
NOTE-000820,FAC-001,LINE-06,ORD-06-007,2025-03-08,2025-03-08T12:30:00+00:00,bn,"লাইন স্বাভাবিকভাবে চলছে, বড় কোনো সমস্যা নেই।",none,low,False,0,train,synthetic
NOTE-000821,FAC-001,LINE-06,ORD-06-008,2025-03-09,2025-03-09T12:30:00+00:00,bn,"স্টাইল চেঞ্জওভার দেরিতে শেষ হয়েছে, প্রথম ভাগের উৎপাদন কম।",method,medium,False,0,train,synthetic
NOTE-000822,FAC-001,LINE-06,ORD-06-008,2025-03-10,2025-03-10T12:30:00+00:00,mixed,Production plan অনুযায়ী চলছে।,none,low,False,0,train,synthetic
NOTE-000823,FAC-001,LINE-06,ORD-06-008,2025-03-11,2025-03-11T12:30:00+00:00,mixed,"Line স্বাভাবিক চলছে, major issue নেই।",none,low,False,0,train,synthetic
NOTE-000824,FAC-001,LINE-06,ORD-06-008,2025-03-12,2025-03-12T12:30:00+00:00,bn,উৎপাদন পরিকল্পনা অনুযায়ী চলছে।,none,low,False,0,train,synthetic
NOTE-000825,FAC-001,LINE-06,ORD-06-008,2025-03-13,2025-03-13T12:30:00+00:00,en,Production is progressing according to plan.,none,low,False,0,train,synthetic
NOTE-000826,FAC-001,LINE-06,ORD-06-008,2025-03-15,2025-03-15T12:30:00+00:00,bn,"skip stitch সমস্যা বেড়েছে, রিওয়ার্কের কারণে আউটপুট কমছে।",quality,medium,False,0,train,synthetic
NOTE-000827,FAC-001,LINE-06,ORD-06-008,2025-03-16,2025-03-16T12:30:00+00:00,mixed,Production plan অনুযায়ী চলছে।,none,low,False,0,train,synthetic
NOTE-000828,FAC-001,LINE-06,ORD-06-008,2025-03-17,2025-03-17T12:30:00+00:00,bn,"লাইন স্বাভাবিকভাবে চলছে, বড় কোনো সমস্যা নেই।",none,low,False,0,train,synthetic
NOTE-000829,FAC-001,LINE-06,ORD-06-009,2025-03-18,2025-03-18T12:30:00+00:00,en,5 operators are absent today and output is below plan.,manpower,medium,False,0,train,synthetic
NOTE-000830,FAC-001,LINE-06,ORD-06-009,2025-03-19,2025-03-19T12:30:00+00:00,en,measurement variance defects increased and rework is reducing output.,quality,medium,False,0,train,synthetic
NOTE-000831,FAC-001,LINE-06,ORD-06-009,2025-03-20,2025-03-20T12:30:00+00:00,mixed,Production plan অনুযায়ী চলছে।,none,low,False,0,train,synthetic
NOTE-000832,FAC-001,LINE-06,ORD-06-009,2025-03-22,2025-03-22T12:30:00+00:00,bn,"কোয়ালিটি চেকে বেশি ত্রুটি পাওয়া গেছে, ইনলাইন সংশোধন চলছে।",quality,medium,False,0,train,synthetic
NOTE-000833,FAC-001,LINE-06,ORD-06-009,2025-03-23,2025-03-23T12:30:00+00:00,en,Production is progressing according to plan.,none,low,False,0,train,synthetic
NOTE-000834,FAC-001,LINE-06,ORD-06-009,2025-03-24,2025-03-24T12:30:00+00:00,en,Inline inspection found a higher defect rate; correction is in progress.,quality,medium,False,0,train,synthetic
NOTE-000835,FAC-001,LINE-06,ORD-06-010,2025-03-25,2025-03-25T12:30:00+00:00,mixed,Order priority change হওয়ায় production plan delay হয়েছে।,planning,medium,False,0,train,synthetic
NOTE-000836,FAC-001,LINE-06,ORD-06-010,2025-03-26,2025-03-26T12:30:00+00:00,bn,"লাইন স্বাভাবিকভাবে চলছে, বড় কোনো সমস্যা নেই।",none,low,False,0,train,synthetic
NOTE-000837,FAC-001,LINE-06,ORD-06-010,2025-03-27,2025-03-27T12:30:00+00:00,bn,"লাইন স্বাভাবিকভাবে চলছে, বড় কোনো সমস্যা নেই।",none,low,False,0,train,synthetic
NOTE-000838,FAC-001,LINE-06,ORD-06-010,2025-03-29,2025-03-29T12:30:00+00:00,bn,"লাইন স্বাভাবিকভাবে চলছে, বড় কোনো সমস্যা নেই।",none,low,False,0,train,synthetic
NOTE-000839,FAC-001,LINE-06,ORD-06-010,2025-03-30,2025-03-30T12:30:00+00:00,mixed,"Material shortage আছে, production partially blocked.",material,high,True,0,train,synthetic
NOTE-000840,FAC-001,LINE-06,ORD-06-010,2025-03-31,2025-03-31T12:30:00+00:00,mixed,Production plan অনুযায়ী চলছে।,none,low,False,0,train,synthetic
NOTE-000841,FAC-001,LINE-06,ORD-06-010,2025-04-01,2025-04-01T12:30:00+00:00,en,Several operations are constrained because skilled operators are unavailable.,manpower,medium,False,0,train,synthetic
NOTE-000842,FAC-001,LINE-06,ORD-06-010,2025-04-02,2025-04-02T12:30:00+00:00,bn,উৎপাদন পরিকল্পনা অনুযায়ী চলছে।,none,low,False,0,train,synthetic
NOTE-000843,FAC-001,LINE-06,ORD-06-010,2025-04-03,2025-04-03T12:30:00+00:00,en,Production is progressing according to plan.,none,low,False,0,train,synthetic
NOTE-000844,FAC-001,LINE-06,ORD-06-011,2025-04-05,2025-04-05T12:30:00+00:00,mixed,"New style-এর operation balance ঠিক হয়নি, bottleneck হয়েছে।",method,medium,False,0,train,synthetic
NOTE-000845,FAC-001,LINE-06,ORD-06-011,2025-04-06,2025-04-06T12:30:00+00:00,en,Production is progressing according to plan.,none,low,False,0,train,synthetic
NOTE-000846,FAC-001,LINE-06,ORD-06-011,2025-04-07,2025-04-07T12:30:00+00:00,en,Inline inspection found a higher defect rate; correction is in progress.,quality,medium,False,0,train,synthetic
NOTE-000847,FAC-001,LINE-06,ORD-06-011,2025-04-08,2025-04-08T12:30:00+00:00,bn,"shade variation সমস্যা বেড়েছে, রিওয়ার্কের কারণে আউটপুট কমছে।",quality,medium,False,0,train,synthetic
NOTE-000848,FAC-001,LINE-06,ORD-06-011,2025-04-09,2025-04-09T12:30:00+00:00,mixed,"Line স্বাভাবিক চলছে, major issue নেই।",none,low,False,0,train,synthetic
NOTE-000849,FAC-001,LINE-06,ORD-06-011,2025-04-10,2025-04-10T12:30:00+00:00,en,Production is progressing according to plan.,none,low,False,0,train,synthetic
NOTE-000850,FAC-001,LINE-06,ORD-06-011,2025-04-12,2025-04-12T12:30:00+00:00,bn,"লাইন স্বাভাবিকভাবে চলছে, বড় কোনো সমস্যা নেই।",none,low,False,0,train,synthetic
NOTE-000851,FAC-001,LINE-06,ORD-06-011,2025-04-13,2025-04-13T12:30:00+00:00,en,"Required trims did not arrive on time, so the line is running slowly.",material,high,True,0,train,synthetic
NOTE-000852,FAC-001,LINE-06,ORD-06-011,2025-04-14,2025-04-14T12:30:00+00:00,mixed,Production plan অনুযায়ী চলছে।,none,low,False,0,train,synthetic
NOTE-000853,FAC-001,LINE-06,ORD-06-011,2025-04-15,2025-04-15T12:30:00+00:00,mixed,Production plan অনুযায়ী চলছে।,none,low,False,0,train,synthetic
NOTE-000854,FAC-001,LINE-06,ORD-06-011,2025-04-16,2025-04-16T12:30:00+00:00,bn,"লাইন স্বাভাবিকভাবে চলছে, বড় কোনো সমস্যা নেই।",none,low,False,0,train,synthetic
NOTE-000855,FAC-001,LINE-06,ORD-06-012,2025-04-17,2025-04-17T12:30:00+00:00,bn,লাইনের লক্ষ্য বর্তমান জনবল ও স্টাইল জটিলতার তুলনায় বেশি নির্ধারণ করা হয়েছে।,planning,medium,False,0,train,synthetic
NOTE-000856,FAC-001,LINE-06,ORD-06-012,2025-04-19,2025-04-19T12:30:00+00:00,bn,"uneven stitch সমস্যা বেড়েছে, রিওয়ার্কের কারণে আউটপুট কমছে।",quality,medium,False,0,train,synthetic
NOTE-000857,FAC-001,LINE-06,ORD-06-012,2025-04-20,2025-04-20T12:30:00+00:00,en,The button hole machine was down for 44 minutes; maintenance is checking it.,machine,medium,False,44,train,synthetic
NOTE-000858,FAC-001,LINE-06,ORD-06-012,2025-04-21,2025-04-21T12:30:00+00:00,en,Production is progressing according to plan.,none,low,False,0,train,synthetic
NOTE-000859,FAC-001,LINE-06,ORD-06-012,2025-04-22,2025-04-22T12:30:00+00:00,bn,"লাইন স্বাভাবিকভাবে চলছে, বড় কোনো সমস্যা নেই।",none,low,False,0,train,synthetic
NOTE-000860,FAC-001,LINE-06,ORD-06-012,2025-04-23,2025-04-23T12:30:00+00:00,mixed,Production plan অনুযায়ী চলছে।,none,low,False,0,train,synthetic
NOTE-000861,FAC-001,LINE-06,ORD-06-012,2025-04-24,2025-04-24T12:30:00+00:00,bn,"লাইন স্বাভাবিকভাবে চলছে, বড় কোনো সমস্যা নেই।",none,low,False,0,train,synthetic
NOTE-000862,FAC-001,LINE-06,ORD-06-012,2025-04-26,2025-04-26T12:30:00+00:00,bn,"লাইন স্বাভাবিকভাবে চলছে, বড় কোনো সমস্যা নেই।",none,low,False,0,train,synthetic
NOTE-000863,FAC-001,LINE-06,ORD-06-012,2025-04-27,2025-04-27T12:30:00+00:00,en,The line is operating normally with no major issue.,none,low,False,0,train,synthetic
NOTE-000864,FAC-001,LINE-06,ORD-06-012,2025-04-28,2025-04-28T12:30:00+00:00,bn,"লাইন স্বাভাবিকভাবে চলছে, বড় কোনো সমস্যা নেই।",none,low,False,0,train,synthetic
NOTE-000865,FAC-001,LINE-06,ORD-06-013,2025-04-29,2025-04-29T12:30:00+00:00,en,Inline inspection found a higher defect rate; correction is in progress.,quality,medium,False,0,train,synthetic
NOTE-000866,FAC-001,LINE-06,ORD-06-013,2025-04-30,2025-04-30T12:30:00+00:00,en,Production is progressing according to plan.,none,low,False,0,train,synthetic
NOTE-000867,FAC-001,LINE-06,ORD-06-013,2025-05-01,2025-05-01T12:30:00+00:00,en,Production is progressing according to plan.,none,low,False,0,validation,synthetic
NOTE-000868,FAC-001,LINE-06,ORD-06-013,2025-05-03,2025-05-03T12:30:00+00:00,mixed,"oil mark defect বেড়েছে, rework-এর কারণে output কম।",quality,medium,False,0,validation,synthetic
NOTE-000869,FAC-001,LINE-06,ORD-06-013,2025-05-04,2025-05-04T12:30:00+00:00,mixed,Line output কমেছে because single needle machine had 55 minutes downtime.,machine,medium,True,55,validation,synthetic
NOTE-000870,FAC-001,LINE-06,ORD-06-013,2025-05-05,2025-05-05T12:30:00+00:00,bn,উৎপাদন পরিকল্পনা অনুযায়ী চলছে।,none,low,False,0,validation,synthetic
NOTE-000871,FAC-001,LINE-06,ORD-06-014,2025-05-06,2025-05-06T12:30:00+00:00,bn,"নতুন স্টাইলের অপারেশন ব্যালেন্স ঠিক হয়নি, বোতলনেক তৈরি হয়েছে।",method,medium,False,0,validation,synthetic
NOTE-000872,FAC-001,LINE-06,ORD-06-014,2025-05-07,2025-05-07T12:30:00+00:00,en,Production is progressing according to plan.,none,low,False,0,validation,synthetic
NOTE-000873,FAC-001,LINE-06,ORD-06-014,2025-05-08,2025-05-08T12:30:00+00:00,bn,উৎপাদন পরিকল্পনা অনুযায়ী চলছে।,none,low,False,0,validation,synthetic
NOTE-000874,FAC-001,LINE-06,ORD-06-014,2025-05-10,2025-05-10T12:30:00+00:00,bn,উৎপাদন পরিকল্পনা অনুযায়ী চলছে।,none,low,False,0,validation,synthetic
NOTE-000875,FAC-001,LINE-06,ORD-06-014,2025-05-11,2025-05-11T12:30:00+00:00,bn,"লাইন স্বাভাবিকভাবে চলছে, বড় কোনো সমস্যা নেই।",none,low,False,0,validation,synthetic
NOTE-000876,FAC-001,LINE-06,ORD-06-014,2025-05-12,2025-05-12T12:30:00+00:00,en,Inline inspection found a higher defect rate; correction is in progress.,quality,medium,False,0,validation,synthetic
NOTE-000877,FAC-001,LINE-06,ORD-06-014,2025-05-13,2025-05-13T12:30:00+00:00,en,Production is progressing according to plan.,none,low,False,0,validation,synthetic
NOTE-000878,FAC-001,LINE-06,ORD-06-014,2025-05-14,2025-05-14T12:30:00+00:00,bn,"লাইন স্বাভাবিকভাবে চলছে, বড় কোনো সমস্যা নেই।",none,low,False,0,validation,synthetic
NOTE-000879,FAC-001,LINE-06,ORD-06-014,2025-05-15,2025-05-15T12:30:00+00:00,mixed,"Required trims সময়মতো আসেনি, line output কমেছে।",material,high,True,0,validation,synthetic
NOTE-000880,FAC-001,LINE-06,ORD-06-015,2025-05-17,2025-05-17T12:30:00+00:00,bn,"স্টাইল চেঞ্জওভার দেরিতে শেষ হয়েছে, প্রথম ভাগের উৎপাদন কম।",method,medium,False,0,validation,synthetic
NOTE-000881,FAC-001,LINE-06,ORD-06-015,2025-05-18,2025-05-18T12:30:00+00:00,bn,"লাইন স্বাভাবিকভাবে চলছে, বড় কোনো সমস্যা নেই।",none,low,False,0,validation,synthetic
NOTE-000882,FAC-001,LINE-06,ORD-06-015,2025-05-19,2025-05-19T12:30:00+00:00,en,Production is progressing according to plan.,none,low,False,0,validation,synthetic
NOTE-000883,FAC-001,LINE-06,ORD-06-015,2025-05-20,2025-05-20T12:30:00+00:00,en,Production is progressing according to plan.,none,low,False,0,validation,synthetic
NOTE-000884,FAC-001,LINE-06,ORD-06-015,2025-05-21,2025-05-21T12:30:00+00:00,en,The line is operating normally with no major issue.,none,low,False,0,validation,synthetic
NOTE-000885,FAC-001,LINE-06,ORD-06-015,2025-05-22,2025-05-22T12:30:00+00:00,bn,"লাইন স্বাভাবিকভাবে চলছে, বড় কোনো সমস্যা নেই।",none,low,False,0,validation,synthetic
NOTE-000886,FAC-001,LINE-06,ORD-06-015,2025-05-24,2025-05-24T12:30:00+00:00,mixed,"button hole machine 55 মিনিট বন্ধ ছিল, mechanic check করছে।",machine,medium,True,55,validation,synthetic
NOTE-000887,FAC-001,LINE-06,ORD-06-015,2025-05-25,2025-05-25T12:30:00+00:00,mixed,Line output কমেছে because single needle machine had 46 minutes downtime.,machine,medium,True,46,validation,synthetic
NOTE-000888,FAC-001,LINE-06,ORD-06-015,2025-05-26,2025-05-26T12:30:00+00:00,bn,উৎপাদন পরিকল্পনা অনুযায়ী চলছে।,none,low,False,0,validation,synthetic
NOTE-000889,FAC-001,LINE-06,ORD-06-016,2025-05-27,2025-05-27T12:30:00+00:00,bn,"স্টাইল চেঞ্জওভার দেরিতে শেষ হয়েছে, প্রথম ভাগের উৎপাদন কম।",method,medium,False,0,validation,synthetic
NOTE-000890,FAC-001,LINE-06,ORD-06-016,2025-05-28,2025-05-28T12:30:00+00:00,bn,উৎপাদন পরিকল্পনা অনুযায়ী চলছে।,none,low,False,0,validation,synthetic
NOTE-000891,FAC-001,LINE-06,ORD-06-016,2025-05-29,2025-05-29T12:30:00+00:00,en,The line is operating normally with no major issue.,none,low,False,0,validation,synthetic
NOTE-000892,FAC-001,LINE-06,ORD-06-016,2025-05-31,2025-05-31T12:30:00+00:00,mixed,"Material shortage আছে, production partially blocked.",material,high,True,0,validation,synthetic
NOTE-000893,FAC-001,LINE-06,ORD-06-016,2025-06-01,2025-06-01T12:30:00+00:00,mixed,"Line স্বাভাবিক চলছে, major issue নেই।",none,low,False,0,test,synthetic
NOTE-000894,FAC-001,LINE-06,ORD-06-016,2025-06-02,2025-06-02T12:30:00+00:00,en,Inline inspection found a higher defect rate; correction is in progress.,quality,medium,False,0,test,synthetic
NOTE-000895,FAC-001,LINE-06,ORD-06-016,2025-06-03,2025-06-03T12:30:00+00:00,mixed,"open seam defect বেড়েছে, rework-এর কারণে output কম।",quality,medium,False,0,test,synthetic
NOTE-000896,FAC-001,LINE-06,ORD-06-016,2025-06-04,2025-06-04T12:30:00+00:00,bn,"লাইন স্বাভাবিকভাবে চলছে, বড় কোনো সমস্যা নেই।",none,low,False,0,test,synthetic
NOTE-000897,FAC-001,LINE-06,ORD-06-016,2025-06-05,2025-06-05T12:30:00+00:00,bn,"লাইন স্বাভাবিকভাবে চলছে, বড় কোনো সমস্যা নেই।",none,low,False,0,test,synthetic
NOTE-000898,FAC-001,LINE-06,ORD-06-016,2025-06-07,2025-06-07T12:30:00+00:00,bn,"আজ 5 জন অপারেটর অনুপস্থিত, আউটপুট লক্ষ্যের নিচে।",manpower,medium,False,0,test,synthetic
NOTE-000899,FAC-001,LINE-06,ORD-06-016,2025-06-08,2025-06-08T12:30:00+00:00,en,Production is progressing according to plan.,none,low,False,0,test,synthetic
NOTE-000900,FAC-001,LINE-06,ORD-06-017,2025-06-09,2025-06-09T12:30:00+00:00,bn,অর্ডার অগ্রাধিকার পরিবর্তনের কারণে পরিকল্পনায় বিলম্ব হয়েছে।,planning,medium,False,0,test,synthetic
NOTE-000901,FAC-001,LINE-06,ORD-06-017,2025-06-10,2025-06-10T12:30:00+00:00,bn,"লাইন স্বাভাবিকভাবে চলছে, বড় কোনো সমস্যা নেই।",none,low,False,0,test,synthetic
NOTE-000902,FAC-001,LINE-06,ORD-06-017,2025-06-11,2025-06-11T12:30:00+00:00,en,The line is operating normally with no major issue.,none,low,False,0,test,synthetic
NOTE-000903,FAC-001,LINE-06,ORD-06-017,2025-06-12,2025-06-12T12:30:00+00:00,mixed,"আজ 5 জন operator absent, তাই output target-এর নিচে।",manpower,medium,False,0,test,synthetic
NOTE-000904,FAC-001,LINE-06,ORD-06-017,2025-06-14,2025-06-14T12:30:00+00:00,en,The line is operating normally with no major issue.,none,low,False,0,test,synthetic
NOTE-000905,FAC-001,LINE-06,ORD-06-017,2025-06-15,2025-06-15T12:30:00+00:00,bn,উৎপাদন পরিকল্পনা অনুযায়ী চলছে।,none,low,False,0,test,synthetic
NOTE-000906,FAC-001,LINE-06,ORD-06-017,2025-06-16,2025-06-16T12:30:00+00:00,mixed,"Line স্বাভাবিক চলছে, major issue নেই।",none,low,False,0,test,synthetic
NOTE-000907,FAC-001,LINE-06,ORD-06-018,2025-06-17,2025-06-17T12:30:00+00:00,bn,"লাইনে overlock মেশিনে সমস্যা হয়েছে, 35 মিনিট আউটপুট বন্ধ ছিল।",machine,medium,False,35,test,synthetic
NOTE-000908,FAC-001,LINE-06,ORD-06-018,2025-06-18,2025-06-18T12:30:00+00:00,en,Production is progressing according to plan.,none,low,False,0,test,synthetic
NOTE-000909,FAC-001,LINE-06,ORD-06-018,2025-06-19,2025-06-19T12:30:00+00:00,bn,"লাইন স্বাভাবিকভাবে চলছে, বড় কোনো সমস্যা নেই।",none,low,False,0,test,synthetic
NOTE-000910,FAC-001,LINE-06,ORD-06-018,2025-06-21,2025-06-21T12:30:00+00:00,en,The line is operating normally with no major issue.,none,low,False,0,test,synthetic
NOTE-000911,FAC-001,LINE-06,ORD-06-018,2025-06-22,2025-06-22T12:30:00+00:00,mixed,"Line স্বাভাবিক চলছে, major issue নেই।",none,low,False,0,test,synthetic
NOTE-000912,FAC-001,LINE-06,ORD-06-018,2025-06-23,2025-06-23T12:30:00+00:00,bn,উৎপাদন পরিকল্পনা অনুযায়ী চলছে।,none,low,False,0,test,synthetic
NOTE-000913,FAC-001,LINE-06,ORD-06-018,2025-06-24,2025-06-24T12:30:00+00:00,bn,"লাইন স্বাভাবিকভাবে চলছে, বড় কোনো সমস্যা নেই।",none,low,False,0,test,synthetic
NOTE-000914,FAC-001,LINE-06,ORD-06-019,2025-06-25,2025-06-25T12:30:00+00:00,bn,অর্ডার অগ্রাধিকার পরিবর্তনের কারণে পরিকল্পনায় বিলম্ব হয়েছে।,planning,medium,False,0,test,synthetic
NOTE-000915,FAC-001,LINE-06,ORD-06-019,2025-06-26,2025-06-26T12:30:00+00:00,bn,"কোয়ালিটি চেকে বেশি ত্রুটি পাওয়া গেছে, ইনলাইন সংশোধন চলছে।",quality,medium,False,0,test,synthetic
NOTE-000916,FAC-001,LINE-06,ORD-06-019,2025-06-28,2025-06-28T12:30:00+00:00,bn,"লাইন স্বাভাবিকভাবে চলছে, বড় কোনো সমস্যা নেই।",none,low,False,0,test,synthetic
NOTE-000917,FAC-001,LINE-06,ORD-06-019,2025-06-29,2025-06-29T12:30:00+00:00,mixed,Production plan অনুযায়ী চলছে।,none,low,False,0,test,synthetic
NOTE-000918,FAC-001,LINE-06,ORD-06-019,2025-06-30,2025-06-30T12:30:00+00:00,bn,উৎপাদন পরিকল্পনা অনুযায়ী চলছে।,none,low,False,0,test,synthetic
NOTE-000919,FAC-001,LINE-07,ORD-07-001,2025-01-04,2025-01-04T12:30:00+00:00,en,"Style changeover finished late, reducing first-half production.",method,medium,False,0,train,synthetic
NOTE-000920,FAC-001,LINE-07,ORD-07-001,2025-01-05,2025-01-05T12:30:00+00:00,mixed,"আজ 7 জন operator absent, তাই output target-এর নিচে।",manpower,medium,False,0,train,synthetic
NOTE-000921,FAC-001,LINE-07,ORD-07-001,2025-01-06,2025-01-06T12:30:00+00:00,en,The line is operating normally with no major issue.,none,low,False,0,train,synthetic
NOTE-000922,FAC-001,LINE-07,ORD-07-001,2025-01-07,2025-01-07T12:30:00+00:00,en,Production is progressing according to plan.,none,low,False,0,train,synthetic
NOTE-000923,FAC-001,LINE-07,ORD-07-001,2025-01-08,2025-01-08T12:30:00+00:00,bn,"লাইন স্বাভাবিকভাবে চলছে, বড় কোনো সমস্যা নেই।",none,low,False,0,train,synthetic
NOTE-000924,FAC-001,LINE-07,ORD-07-001,2025-01-09,2025-01-09T12:30:00+00:00,bn,"কোয়ালিটি চেকে বেশি ত্রুটি পাওয়া গেছে, ইনলাইন সংশোধন চলছে।",quality,medium,False,0,train,synthetic
NOTE-000925,FAC-001,LINE-07,ORD-07-001,2025-01-11,2025-01-11T12:30:00+00:00,en,The line is operating normally with no major issue.,none,low,False,0,train,synthetic
NOTE-000926,FAC-001,LINE-07,ORD-07-001,2025-01-12,2025-01-12T12:30:00+00:00,bn,উৎপাদন পরিকল্পনা অনুযায়ী চলছে।,none,low,False,0,train,synthetic
NOTE-000927,FAC-001,LINE-07,ORD-07-001,2025-01-13,2025-01-13T12:30:00+00:00,mixed,Production plan অনুযায়ী চলছে।,none,low,False,0,train,synthetic
NOTE-000928,FAC-001,LINE-07,ORD-07-001,2025-01-14,2025-01-14T12:30:00+00:00,mixed,"Line স্বাভাবিক চলছে, major issue নেই।",none,low,False,0,train,synthetic
NOTE-000929,FAC-001,LINE-07,ORD-07-001,2025-01-15,2025-01-15T12:30:00+00:00,bn,দক্ষ অপারেটর কম থাকায় কয়েকটি অপারেশন আটকে আছে।,manpower,medium,False,0,train,synthetic
NOTE-000930,FAC-001,LINE-07,ORD-07-002,2025-01-16,2025-01-16T12:30:00+00:00,en,7 operators are absent today and output is below plan.,manpower,medium,False,0,train,synthetic
NOTE-000931,FAC-001,LINE-07,ORD-07-002,2025-01-18,2025-01-18T12:30:00+00:00,en,Production is progressing according to plan.,none,low,False,0,train,synthetic
NOTE-000932,FAC-001,LINE-07,ORD-07-002,2025-01-19,2025-01-19T12:30:00+00:00,bn,"লাইন স্বাভাবিকভাবে চলছে, বড় কোনো সমস্যা নেই।",none,low,False,0,train,synthetic
NOTE-000933,FAC-001,LINE-07,ORD-07-002,2025-01-20,2025-01-20T12:30:00+00:00,en,Production is progressing according to plan.,none,low,False,0,train,synthetic
NOTE-000934,FAC-001,LINE-07,ORD-07-002,2025-01-21,2025-01-21T12:30:00+00:00,mixed,"Line স্বাভাবিক চলছে, major issue নেই।",none,low,False,0,train,synthetic
NOTE-000935,FAC-001,LINE-07,ORD-07-002,2025-01-22,2025-01-22T12:30:00+00:00,en,Production is progressing according to plan.,none,low,False,0,train,synthetic
NOTE-000936,FAC-001,LINE-07,ORD-07-002,2025-01-23,2025-01-23T12:30:00+00:00,bn,উৎপাদন পরিকল্পনা অনুযায়ী চলছে।,none,low,False,0,train,synthetic
NOTE-000937,FAC-001,LINE-07,ORD-07-002,2025-01-25,2025-01-25T12:30:00+00:00,mixed,Production plan অনুযায়ী চলছে।,none,low,False,0,train,synthetic
NOTE-000938,FAC-001,LINE-07,ORD-07-002,2025-01-26,2025-01-26T12:30:00+00:00,bn,"button attach মেশিন 47 মিনিট বন্ধ ছিল, মেকানিক কাজ করছে।",machine,medium,True,47,train,synthetic
NOTE-000939,FAC-001,LINE-07,ORD-07-002,2025-01-27,2025-01-27T12:30:00+00:00,bn,"আজ 10 জন অপারেটর অনুপস্থিত, আউটপুট লক্ষ্যের নিচে।",manpower,medium,False,0,train,synthetic
NOTE-000940,FAC-001,LINE-07,ORD-07-002,2025-01-28,2025-01-28T12:30:00+00:00,en,open seam defects increased and rework is reducing output.,quality,medium,False,0,train,synthetic
NOTE-000941,FAC-001,LINE-07,ORD-07-002,2025-01-29,2025-01-29T12:30:00+00:00,mixed,"Line স্বাভাবিক চলছে, major issue নেই।",none,low,False,0,train,synthetic
NOTE-000942,FAC-001,LINE-07,ORD-07-003,2025-01-30,2025-01-30T12:30:00+00:00,mixed,"Style changeover late হয়েছে, morning output কম।",method,medium,False,0,train,synthetic
NOTE-000943,FAC-001,LINE-07,ORD-07-003,2025-02-01,2025-02-01T12:30:00+00:00,en,Production is progressing according to plan.,none,low,False,0,train,synthetic
NOTE-000944,FAC-001,LINE-07,ORD-07-003,2025-02-02,2025-02-02T12:30:00+00:00,mixed,"Line স্বাভাবিক চলছে, major issue নেই।",none,low,False,0,train,synthetic
NOTE-000945,FAC-001,LINE-07,ORD-07-003,2025-02-03,2025-02-03T12:30:00+00:00,mixed,"Line স্বাভাবিক চলছে, major issue নেই।",none,low,False,0,train,synthetic
NOTE-000946,FAC-001,LINE-07,ORD-07-003,2025-02-04,2025-02-04T12:30:00+00:00,bn,"লাইনে flatlock মেশিনে সমস্যা হয়েছে, 55 মিনিট আউটপুট বন্ধ ছিল।",machine,medium,True,55,train,synthetic
NOTE-000947,FAC-001,LINE-07,ORD-07-003,2025-02-05,2025-02-05T12:30:00+00:00,mixed,"Line স্বাভাবিক চলছে, major issue নেই।",none,low,False,0,train,synthetic
NOTE-000948,FAC-001,LINE-07,ORD-07-003,2025-02-06,2025-02-06T12:30:00+00:00,en,Production is progressing according to plan.,none,low,False,0,train,synthetic
NOTE-000949,FAC-001,LINE-07,ORD-07-003,2025-02-08,2025-02-08T12:30:00+00:00,bn,"uneven stitch সমস্যা বেড়েছে, রিওয়ার্কের কারণে আউটপুট কমছে।",quality,medium,False,0,train,synthetic
NOTE-000950,FAC-001,LINE-07,ORD-07-003,2025-02-09,2025-02-09T12:30:00+00:00,bn,"কোয়ালিটি চেকে বেশি ত্রুটি পাওয়া গেছে, ইনলাইন সংশোধন চলছে।",quality,medium,False,0,train,synthetic
NOTE-000951,FAC-001,LINE-07,ORD-07-003,2025-02-10,2025-02-10T12:30:00+00:00,bn,"button attach মেশিন 55 মিনিট বন্ধ ছিল, মেকানিক কাজ করছে।",machine,medium,True,55,train,synthetic
NOTE-000952,FAC-001,LINE-07,ORD-07-003,2025-02-11,2025-02-11T12:30:00+00:00,bn,"লাইন স্বাভাবিকভাবে চলছে, বড় কোনো সমস্যা নেই।",none,low,False,0,train,synthetic
NOTE-000953,FAC-001,LINE-07,ORD-07-004,2025-02-12,2025-02-12T12:30:00+00:00,mixed,Available manpower-এর তুলনায় line target বেশি set করা হয়েছে।,planning,medium,False,0,train,synthetic
NOTE-000954,FAC-001,LINE-07,ORD-07-004,2025-02-13,2025-02-13T12:30:00+00:00,bn,উৎপাদন পরিকল্পনা অনুযায়ী চলছে।,none,low,False,0,train,synthetic
NOTE-000955,FAC-001,LINE-07,ORD-07-004,2025-02-15,2025-02-15T12:30:00+00:00,mixed,Production plan অনুযায়ী চলছে।,none,low,False,0,train,synthetic
NOTE-000956,FAC-001,LINE-07,ORD-07-004,2025-02-16,2025-02-16T12:30:00+00:00,bn,উৎপাদন পরিকল্পনা অনুযায়ী চলছে।,none,low,False,0,train,synthetic
NOTE-000957,FAC-001,LINE-07,ORD-07-004,2025-02-17,2025-02-17T12:30:00+00:00,bn,"button hole মেশিন 55 মিনিট বন্ধ ছিল, মেকানিক কাজ করছে।",machine,medium,True,55,train,synthetic
NOTE-000958,FAC-001,LINE-07,ORD-07-004,2025-02-18,2025-02-18T12:30:00+00:00,mixed,"Line স্বাভাবিক চলছে, major issue নেই।",none,low,False,0,train,synthetic
NOTE-000959,FAC-001,LINE-07,ORD-07-004,2025-02-19,2025-02-19T12:30:00+00:00,mixed,"measurement variance defect বেড়েছে, rework-এর কারণে output কম।",quality,medium,False,0,train,synthetic
NOTE-000960,FAC-001,LINE-07,ORD-07-004,2025-02-20,2025-02-20T12:30:00+00:00,bn,উৎপাদন পরিকল্পনা অনুযায়ী চলছে।,none,low,False,0,train,synthetic
NOTE-000961,FAC-001,LINE-07,ORD-07-004,2025-02-22,2025-02-22T12:30:00+00:00,en,Production is progressing according to plan.,none,low,False,0,train,synthetic
NOTE-000962,FAC-001,LINE-07,ORD-07-004,2025-02-23,2025-02-23T12:30:00+00:00,bn,"আজ 8 জন অপারেটর অনুপস্থিত, আউটপুট লক্ষ্যের নিচে।",manpower,medium,False,0,train,synthetic
NOTE-000963,FAC-001,LINE-07,ORD-07-004,2025-02-24,2025-02-24T12:30:00+00:00,mixed,Production plan অনুযায়ী চলছে।,none,low,False,0,train,synthetic
NOTE-000964,FAC-001,LINE-07,ORD-07-005,2025-02-25,2025-02-25T12:30:00+00:00,bn,"ট্রিমস সময়মতো আসেনি, লাইনের কাজ ধীর হয়েছে।",material,high,True,0,train,synthetic
NOTE-000965,FAC-001,LINE-07,ORD-07-005,2025-02-26,2025-02-26T12:30:00+00:00,bn,"open seam সমস্যা বেড়েছে, রিওয়ার্কের কারণে আউটপুট কমছে।",quality,medium,False,0,train,synthetic
NOTE-000966,FAC-001,LINE-07,ORD-07-005,2025-02-27,2025-02-27T12:30:00+00:00,en,Production is progressing according to plan.,none,low,False,0,train,synthetic
NOTE-000967,FAC-001,LINE-07,ORD-07-005,2025-03-01,2025-03-01T12:30:00+00:00,en,Production is progressing according to plan.,none,low,False,0,train,synthetic
NOTE-000968,FAC-001,LINE-07,ORD-07-005,2025-03-02,2025-03-02T12:30:00+00:00,mixed,"Line স্বাভাবিক চলছে, major issue নেই।",none,low,False,0,train,synthetic
NOTE-000969,FAC-001,LINE-07,ORD-07-005,2025-03-03,2025-03-03T12:30:00+00:00,mixed,Production plan অনুযায়ী চলছে।,none,low,False,0,train,synthetic
NOTE-000970,FAC-001,LINE-07,ORD-07-005,2025-03-04,2025-03-04T12:30:00+00:00,mixed,Production plan অনুযায়ী চলছে।,none,low,False,0,train,synthetic
NOTE-000971,FAC-001,LINE-07,ORD-07-005,2025-03-05,2025-03-05T12:30:00+00:00,en,Inline inspection found a higher defect rate; correction is in progress.,quality,medium,False,0,train,synthetic
NOTE-000972,FAC-001,LINE-07,ORD-07-005,2025-03-06,2025-03-06T12:30:00+00:00,mixed,Production plan অনুযায়ী চলছে।,none,low,False,0,train,synthetic
NOTE-000973,FAC-001,LINE-07,ORD-07-006,2025-03-08,2025-03-08T12:30:00+00:00,bn,"লাইনে iron মেশিনে সমস্যা হয়েছে, 46 মিনিট আউটপুট বন্ধ ছিল।",machine,medium,True,46,train,synthetic
NOTE-000974,FAC-001,LINE-07,ORD-07-006,2025-03-09,2025-03-09T12:30:00+00:00,bn,"লাইন স্বাভাবিকভাবে চলছে, বড় কোনো সমস্যা নেই।",none,low,False,0,train,synthetic
NOTE-000975,FAC-001,LINE-07,ORD-07-006,2025-03-10,2025-03-10T12:30:00+00:00,bn,"আজ 9 জন অপারেটর অনুপস্থিত, আউটপুট লক্ষ্যের নিচে।",manpower,medium,False,0,train,synthetic
NOTE-000976,FAC-001,LINE-07,ORD-07-006,2025-03-11,2025-03-11T12:30:00+00:00,mixed,Production plan অনুযায়ী চলছে।,none,low,False,0,train,synthetic
NOTE-000977,FAC-001,LINE-07,ORD-07-006,2025-03-12,2025-03-12T12:30:00+00:00,bn,উৎপাদন পরিকল্পনা অনুযায়ী চলছে।,none,low,False,0,train,synthetic
NOTE-000978,FAC-001,LINE-07,ORD-07-006,2025-03-13,2025-03-13T12:30:00+00:00,mixed,"Line স্বাভাবিক চলছে, major issue নেই।",none,low,False,0,train,synthetic
NOTE-000979,FAC-001,LINE-07,ORD-07-006,2025-03-15,2025-03-15T12:30:00+00:00,bn,উৎপাদন পরিকল্পনা অনুযায়ী চলছে।,none,low,False,0,train,synthetic
NOTE-000980,FAC-001,LINE-07,ORD-07-006,2025-03-16,2025-03-16T12:30:00+00:00,bn,"কোয়ালিটি চেকে বেশি ত্রুটি পাওয়া গেছে, ইনলাইন সংশোধন চলছে।",quality,medium,False,0,train,synthetic
NOTE-000981,FAC-001,LINE-07,ORD-07-006,2025-03-17,2025-03-17T12:30:00+00:00,bn,"কোয়ালিটি চেকে বেশি ত্রুটি পাওয়া গেছে, ইনলাইন সংশোধন চলছে।",quality,medium,False,0,train,synthetic
NOTE-000982,FAC-001,LINE-07,ORD-07-007,2025-03-18,2025-03-18T12:30:00+00:00,bn,"নতুন স্টাইলের অপারেশন ব্যালেন্স ঠিক হয়নি, বোতলনেক তৈরি হয়েছে।",method,medium,False,0,train,synthetic
NOTE-000983,FAC-001,LINE-07,ORD-07-007,2025-03-19,2025-03-19T12:30:00+00:00,mixed,"Inline QC-তে defect rate বেশি, correction চলছে।",quality,medium,False,0,train,synthetic
NOTE-000984,FAC-001,LINE-07,ORD-07-007,2025-03-20,2025-03-20T12:30:00+00:00,bn,উৎপাদন পরিকল্পনা অনুযায়ী চলছে।,none,low,False,0,train,synthetic
NOTE-000985,FAC-001,LINE-07,ORD-07-007,2025-03-22,2025-03-22T12:30:00+00:00,en,The line is operating normally with no major issue.,none,low,False,0,train,synthetic
NOTE-000986,FAC-001,LINE-07,ORD-07-007,2025-03-23,2025-03-23T12:30:00+00:00,en,Production is progressing according to plan.,none,low,False,0,train,synthetic
NOTE-000987,FAC-001,LINE-07,ORD-07-007,2025-03-24,2025-03-24T12:30:00+00:00,en,Production is progressing according to plan.,none,low,False,0,train,synthetic
NOTE-000988,FAC-001,LINE-07,ORD-07-007,2025-03-25,2025-03-25T12:30:00+00:00,en,skip stitch defects increased and rework is reducing output.,quality,medium,False,0,train,synthetic
NOTE-000989,FAC-001,LINE-07,ORD-07-008,2025-03-26,2025-03-26T12:30:00+00:00,en,"Style changeover finished late, reducing first-half production.",method,medium,False,0,train,synthetic
NOTE-000990,FAC-001,LINE-07,ORD-07-008,2025-03-27,2025-03-27T12:30:00+00:00,en,oil mark defects increased and rework is reducing output.,quality,medium,False,0,train,synthetic
NOTE-000991,FAC-001,LINE-07,ORD-07-008,2025-03-29,2025-03-29T12:30:00+00:00,bn,"open seam সমস্যা বেড়েছে, রিওয়ার্কের কারণে আউটপুট কমছে।",quality,medium,False,0,train,synthetic
NOTE-000992,FAC-001,LINE-07,ORD-07-008,2025-03-30,2025-03-30T12:30:00+00:00,bn,"কোয়ালিটি চেকে বেশি ত্রুটি পাওয়া গেছে, ইনলাইন সংশোধন চলছে।",quality,medium,False,0,train,synthetic
NOTE-000993,FAC-001,LINE-07,ORD-07-008,2025-03-31,2025-03-31T12:30:00+00:00,bn,"লাইন স্বাভাবিকভাবে চলছে, বড় কোনো সমস্যা নেই।",none,low,False,0,train,synthetic
NOTE-000994,FAC-001,LINE-07,ORD-07-008,2025-04-01,2025-04-01T12:30:00+00:00,mixed,"Inline QC-তে defect rate বেশি, correction চলছে।",quality,medium,False,0,train,synthetic
NOTE-000995,FAC-001,LINE-07,ORD-07-008,2025-04-02,2025-04-02T12:30:00+00:00,en,measurement variance defects increased and rework is reducing output.,quality,medium,False,0,train,synthetic
NOTE-000996,FAC-001,LINE-07,ORD-07-008,2025-04-03,2025-04-03T12:30:00+00:00,bn,দক্ষ অপারেটর কম থাকায় কয়েকটি অপারেশন আটকে আছে।,manpower,medium,False,0,train,synthetic
NOTE-000997,FAC-001,LINE-07,ORD-07-008,2025-04-05,2025-04-05T12:30:00+00:00,bn,"কোয়ালিটি চেকে বেশি ত্রুটি পাওয়া গেছে, ইনলাইন সংশোধন চলছে।",quality,medium,False,0,train,synthetic
NOTE-000998,FAC-001,LINE-07,ORD-07-008,2025-04-06,2025-04-06T12:30:00+00:00,mixed,Production plan অনুযায়ী চলছে।,none,low,False,0,train,synthetic
NOTE-000999,FAC-001,LINE-07,ORD-07-009,2025-04-07,2025-04-07T12:30:00+00:00,bn,"স্টাইল চেঞ্জওভার দেরিতে শেষ হয়েছে, প্রথম ভাগের উৎপাদন কম।",method,medium,False,0,train,synthetic
NOTE-001000,FAC-001,LINE-07,ORD-07-009,2025-04-08,2025-04-08T12:30:00+00:00,bn,"প্রয়োজনীয় ম্যাটেরিয়াল কম আছে, উৎপাদন আংশিকভাবে বন্ধ।",material,high,True,0,train,synthetic
NOTE-001001,FAC-001,LINE-07,ORD-07-009,2025-04-09,2025-04-09T12:30:00+00:00,en,Production is progressing according to plan.,none,low,False,0,train,synthetic
NOTE-001002,FAC-001,LINE-07,ORD-07-009,2025-04-10,2025-04-10T12:30:00+00:00,bn,"লাইন স্বাভাবিকভাবে চলছে, বড় কোনো সমস্যা নেই।",none,low,False,0,train,synthetic
NOTE-001003,FAC-001,LINE-07,ORD-07-009,2025-04-12,2025-04-12T12:30:00+00:00,en,The line is operating normally with no major issue.,none,low,False,0,train,synthetic
NOTE-001004,FAC-001,LINE-07,ORD-07-009,2025-04-13,2025-04-13T12:30:00+00:00,en,The line is operating normally with no major issue.,none,low,False,0,train,synthetic
NOTE-001005,FAC-001,LINE-07,ORD-07-009,2025-04-14,2025-04-14T12:30:00+00:00,bn,উৎপাদন পরিকল্পনা অনুযায়ী চলছে।,none,low,False,0,train,synthetic
NOTE-001006,FAC-001,LINE-07,ORD-07-009,2025-04-15,2025-04-15T12:30:00+00:00,bn,"আজ 8 জন অপারেটর অনুপস্থিত, আউটপুট লক্ষ্যের নিচে।",manpower,medium,False,0,train,synthetic
NOTE-001007,FAC-001,LINE-07,ORD-07-009,2025-04-16,2025-04-16T12:30:00+00:00,mixed,"Line স্বাভাবিক চলছে, major issue নেই।",none,low,False,0,train,synthetic
NOTE-001008,FAC-001,LINE-07,ORD-07-009,2025-04-17,2025-04-17T12:30:00+00:00,en,puckering defects increased and rework is reducing output.,quality,medium,False,0,train,synthetic
NOTE-001009,FAC-001,LINE-07,ORD-07-009,2025-04-19,2025-04-19T12:30:00+00:00,en,Production is progressing according to plan.,none,low,False,0,train,synthetic
NOTE-001010,FAC-001,LINE-07,ORD-07-010,2025-04-20,2025-04-20T12:30:00+00:00,bn,"কোয়ালিটি চেকে বেশি ত্রুটি পাওয়া গেছে, ইনলাইন সংশোধন চলছে।",quality,medium,False,0,train,synthetic
NOTE-001011,FAC-001,LINE-07,ORD-07-010,2025-04-21,2025-04-21T12:30:00+00:00,bn,"puckering সমস্যা বেড়েছে, রিওয়ার্কের কারণে আউটপুট কমছে।",quality,medium,False,0,train,synthetic
NOTE-001012,FAC-001,LINE-07,ORD-07-010,2025-04-22,2025-04-22T12:30:00+00:00,bn,"লাইন স্বাভাবিকভাবে চলছে, বড় কোনো সমস্যা নেই।",none,low,False,0,train,synthetic
NOTE-001013,FAC-001,LINE-07,ORD-07-010,2025-04-23,2025-04-23T12:30:00+00:00,mixed,"Line স্বাভাবিক চলছে, major issue নেই।",none,low,False,0,train,synthetic
NOTE-001014,FAC-001,LINE-07,ORD-07-010,2025-04-24,2025-04-24T12:30:00+00:00,bn,"লাইন স্বাভাবিকভাবে চলছে, বড় কোনো সমস্যা নেই।",none,low,False,0,train,synthetic
NOTE-001015,FAC-001,LINE-07,ORD-07-010,2025-04-26,2025-04-26T12:30:00+00:00,bn,উৎপাদন পরিকল্পনা অনুযায়ী চলছে।,none,low,False,0,train,synthetic
NOTE-001016,FAC-001,LINE-07,ORD-07-010,2025-04-27,2025-04-27T12:30:00+00:00,bn,"লাইন স্বাভাবিকভাবে চলছে, বড় কোনো সমস্যা নেই।",none,low,False,0,train,synthetic
NOTE-001017,FAC-001,LINE-07,ORD-07-011,2025-04-28,2025-04-28T12:30:00+00:00,en,"Style changeover finished late, reducing first-half production.",method,medium,False,0,train,synthetic
NOTE-001018,FAC-001,LINE-07,ORD-07-011,2025-04-29,2025-04-29T12:30:00+00:00,bn,উৎপাদন পরিকল্পনা অনুযায়ী চলছে।,none,low,False,0,train,synthetic
NOTE-001019,FAC-001,LINE-07,ORD-07-011,2025-04-30,2025-04-30T12:30:00+00:00,en,The line is operating normally with no major issue.,none,low,False,0,train,synthetic
NOTE-001020,FAC-001,LINE-07,ORD-07-011,2025-05-01,2025-05-01T12:30:00+00:00,en,Several operations are constrained because skilled operators are unavailable.,manpower,medium,False,0,validation,synthetic
NOTE-001021,FAC-001,LINE-07,ORD-07-011,2025-05-03,2025-05-03T12:30:00+00:00,mixed,Production plan অনুযায়ী চলছে।,none,low,False,0,validation,synthetic
NOTE-001022,FAC-001,LINE-07,ORD-07-011,2025-05-04,2025-05-04T12:30:00+00:00,bn,উৎপাদন পরিকল্পনা অনুযায়ী চলছে।,none,low,False,0,validation,synthetic
NOTE-001023,FAC-001,LINE-07,ORD-07-011,2025-05-05,2025-05-05T12:30:00+00:00,bn,"লাইন স্বাভাবিকভাবে চলছে, বড় কোনো সমস্যা নেই।",none,low,False,0,validation,synthetic
NOTE-001024,FAC-001,LINE-07,ORD-07-011,2025-05-06,2025-05-06T12:30:00+00:00,bn,"লাইন স্বাভাবিকভাবে চলছে, বড় কোনো সমস্যা নেই।",none,low,False,0,validation,synthetic
NOTE-001025,FAC-001,LINE-07,ORD-07-012,2025-05-07,2025-05-07T12:30:00+00:00,en,A priority change delayed the planned production sequence.,planning,medium,False,0,validation,synthetic
NOTE-001026,FAC-001,LINE-07,ORD-07-012,2025-05-08,2025-05-08T12:30:00+00:00,en,8 operators are absent today and output is below plan.,manpower,medium,False,0,validation,synthetic
NOTE-001027,FAC-001,LINE-07,ORD-07-012,2025-05-10,2025-05-10T12:30:00+00:00,mixed,Production plan অনুযায়ী চলছে।,none,low,False,0,validation,synthetic
NOTE-001028,FAC-001,LINE-07,ORD-07-012,2025-05-11,2025-05-11T12:30:00+00:00,bn,"bartack মেশিন 55 মিনিট বন্ধ ছিল, মেকানিক কাজ করছে।",machine,medium,True,55,validation,synthetic
NOTE-001029,FAC-001,LINE-07,ORD-07-012,2025-05-12,2025-05-12T12:30:00+00:00,mixed,"Inline QC-তে defect rate বেশি, correction চলছে।",quality,medium,False,0,validation,synthetic
NOTE-001030,FAC-001,LINE-07,ORD-07-012,2025-05-13,2025-05-13T12:30:00+00:00,mixed,Production plan অনুযায়ী চলছে।,none,low,False,0,validation,synthetic
NOTE-001031,FAC-001,LINE-07,ORD-07-012,2025-05-14,2025-05-14T12:30:00+00:00,mixed,"Line স্বাভাবিক চলছে, major issue নেই।",none,low,False,0,validation,synthetic
NOTE-001032,FAC-001,LINE-07,ORD-07-012,2025-05-15,2025-05-15T12:30:00+00:00,bn,"লাইনে cutting machine মেশিনে সমস্যা হয়েছে, 50 মিনিট আউটপুট বন্ধ ছিল।",machine,medium,True,50,validation,synthetic
NOTE-001033,FAC-001,LINE-07,ORD-07-012,2025-05-17,2025-05-17T12:30:00+00:00,bn,উৎপাদন পরিকল্পনা অনুযায়ী চলছে।,none,low,False,0,validation,synthetic
NOTE-001034,FAC-001,LINE-07,ORD-07-012,2025-05-18,2025-05-18T12:30:00+00:00,mixed,"Line স্বাভাবিক চলছে, major issue নেই।",none,low,False,0,validation,synthetic
NOTE-001035,FAC-001,LINE-07,ORD-07-013,2025-05-19,2025-05-19T12:30:00+00:00,en,The line target is high relative to available operators and style complexity.,planning,medium,False,0,validation,synthetic
NOTE-001036,FAC-001,LINE-07,ORD-07-013,2025-05-20,2025-05-20T12:30:00+00:00,bn,"লাইন স্বাভাবিকভাবে চলছে, বড় কোনো সমস্যা নেই।",none,low,False,0,validation,synthetic
NOTE-001037,FAC-001,LINE-07,ORD-07-013,2025-05-21,2025-05-21T12:30:00+00:00,en,Production is progressing according to plan.,none,low,False,0,validation,synthetic
NOTE-001038,FAC-001,LINE-07,ORD-07-013,2025-05-22,2025-05-22T12:30:00+00:00,bn,"লাইন স্বাভাবিকভাবে চলছে, বড় কোনো সমস্যা নেই।",none,low,False,0,validation,synthetic
NOTE-001039,FAC-001,LINE-07,ORD-07-013,2025-05-24,2025-05-24T12:30:00+00:00,bn,উৎপাদন পরিকল্পনা অনুযায়ী চলছে।,none,low,False,0,validation,synthetic
NOTE-001040,FAC-001,LINE-07,ORD-07-013,2025-05-25,2025-05-25T12:30:00+00:00,en,The line is operating normally with no major issue.,none,low,False,0,validation,synthetic
NOTE-001041,FAC-001,LINE-07,ORD-07-013,2025-05-26,2025-05-26T12:30:00+00:00,mixed,"Line স্বাভাবিক চলছে, major issue নেই।",none,low,False,0,validation,synthetic
NOTE-001042,FAC-001,LINE-07,ORD-07-013,2025-05-27,2025-05-27T12:30:00+00:00,mixed,Production plan অনুযায়ী চলছে।,none,low,False,0,validation,synthetic
NOTE-001043,FAC-001,LINE-07,ORD-07-013,2025-05-28,2025-05-28T12:30:00+00:00,mixed,"Line স্বাভাবিক চলছে, major issue নেই।",none,low,False,0,validation,synthetic
NOTE-001044,FAC-001,LINE-07,ORD-07-013,2025-05-29,2025-05-29T12:30:00+00:00,bn,"লাইন স্বাভাবিকভাবে চলছে, বড় কোনো সমস্যা নেই।",none,low,False,0,validation,synthetic
NOTE-001045,FAC-001,LINE-07,ORD-07-014,2025-05-31,2025-05-31T12:30:00+00:00,mixed,"New style-এর operation balance ঠিক হয়নি, bottleneck হয়েছে।",method,medium,False,0,validation,synthetic
NOTE-001046,FAC-001,LINE-07,ORD-07-014,2025-06-01,2025-06-01T12:30:00+00:00,en,The line is operating normally with no major issue.,none,low,False,0,test,synthetic
NOTE-001047,FAC-001,LINE-07,ORD-07-014,2025-06-02,2025-06-02T12:30:00+00:00,mixed,"uneven stitch defect বেড়েছে, rework-এর কারণে output কম।",quality,medium,False,0,test,synthetic
NOTE-001048,FAC-001,LINE-07,ORD-07-014,2025-06-03,2025-06-03T12:30:00+00:00,mixed,"Inline QC-তে defect rate বেশি, correction চলছে।",quality,medium,False,0,test,synthetic
NOTE-001049,FAC-001,LINE-07,ORD-07-014,2025-06-04,2025-06-04T12:30:00+00:00,en,measurement variance defects increased and rework is reducing output.,quality,medium,False,0,test,synthetic
NOTE-001050,FAC-001,LINE-07,ORD-07-015,2025-06-05,2025-06-05T12:30:00+00:00,mixed,"shade variation defect বেড়েছে, rework-এর কারণে output কম।",quality,medium,False,0,test,synthetic
NOTE-001051,FAC-001,LINE-07,ORD-07-015,2025-06-07,2025-06-07T12:30:00+00:00,bn,উৎপাদন পরিকল্পনা অনুযায়ী চলছে।,none,low,False,0,test,synthetic
NOTE-001052,FAC-001,LINE-07,ORD-07-015,2025-06-08,2025-06-08T12:30:00+00:00,en,The line is operating normally with no major issue.,none,low,False,0,test,synthetic
NOTE-001053,FAC-001,LINE-07,ORD-07-015,2025-06-09,2025-06-09T12:30:00+00:00,en,Production is progressing according to plan.,none,low,False,0,test,synthetic
NOTE-001054,FAC-001,LINE-07,ORD-07-015,2025-06-10,2025-06-10T12:30:00+00:00,bn,"লাইন স্বাভাবিকভাবে চলছে, বড় কোনো সমস্যা নেই।",none,low,False,0,test,synthetic
NOTE-001055,FAC-001,LINE-07,ORD-07-015,2025-06-11,2025-06-11T12:30:00+00:00,bn,উৎপাদন পরিকল্পনা অনুযায়ী চলছে।,none,low,False,0,test,synthetic
NOTE-001056,FAC-001,LINE-07,ORD-07-015,2025-06-12,2025-06-12T12:30:00+00:00,bn,দক্ষ অপারেটর কম থাকায় কয়েকটি অপারেশন আটকে আছে।,manpower,medium,False,0,test,synthetic
NOTE-001057,FAC-001,LINE-07,ORD-07-015,2025-06-14,2025-06-14T12:30:00+00:00,bn,উৎপাদন পরিকল্পনা অনুযায়ী চলছে।,none,low,False,0,test,synthetic
NOTE-001058,FAC-001,LINE-07,ORD-07-016,2025-06-15,2025-06-15T12:30:00+00:00,mixed,Available manpower-এর তুলনায় line target বেশি set করা হয়েছে।,planning,medium,False,0,test,synthetic
NOTE-001059,FAC-001,LINE-07,ORD-07-016,2025-06-16,2025-06-16T12:30:00+00:00,mixed,Production plan অনুযায়ী চলছে।,none,low,False,0,test,synthetic
NOTE-001060,FAC-001,LINE-07,ORD-07-016,2025-06-17,2025-06-17T12:30:00+00:00,mixed,Line output কমেছে because flatlock machine had 44 minutes downtime.,machine,medium,False,44,test,synthetic
NOTE-001061,FAC-001,LINE-07,ORD-07-016,2025-06-18,2025-06-18T12:30:00+00:00,bn,"লাইন স্বাভাবিকভাবে চলছে, বড় কোনো সমস্যা নেই।",none,low,False,0,test,synthetic
NOTE-001062,FAC-001,LINE-07,ORD-07-016,2025-06-19,2025-06-19T12:30:00+00:00,en,Production is progressing according to plan.,none,low,False,0,test,synthetic
NOTE-001063,FAC-001,LINE-07,ORD-07-016,2025-06-21,2025-06-21T12:30:00+00:00,bn,"লাইন স্বাভাবিকভাবে চলছে, বড় কোনো সমস্যা নেই।",none,low,False,0,test,synthetic
NOTE-001064,FAC-001,LINE-07,ORD-07-016,2025-06-22,2025-06-22T12:30:00+00:00,mixed,Line output কমেছে because single needle machine had 39 minutes downtime.,machine,medium,False,39,test,synthetic
NOTE-001065,FAC-001,LINE-07,ORD-07-016,2025-06-23,2025-06-23T12:30:00+00:00,mixed,"Line স্বাভাবিক চলছে, major issue নেই।",none,low,False,0,test,synthetic
NOTE-001066,FAC-001,LINE-07,ORD-07-016,2025-06-24,2025-06-24T12:30:00+00:00,bn,"লাইন স্বাভাবিকভাবে চলছে, বড় কোনো সমস্যা নেই।",none,low,False,0,test,synthetic
NOTE-001067,FAC-001,LINE-07,ORD-07-016,2025-06-25,2025-06-25T12:30:00+00:00,bn,"লাইন স্বাভাবিকভাবে চলছে, বড় কোনো সমস্যা নেই।",none,low,False,0,test,synthetic
NOTE-001068,FAC-001,LINE-07,ORD-07-017,2025-06-26,2025-06-26T12:30:00+00:00,bn,অর্ডার অগ্রাধিকার পরিবর্তনের কারণে পরিকল্পনায় বিলম্ব হয়েছে।,planning,medium,False,0,test,synthetic
NOTE-001069,FAC-001,LINE-07,ORD-07-017,2025-06-28,2025-06-28T12:30:00+00:00,en,Inline inspection found a higher defect rate; correction is in progress.,quality,medium,False,0,test,synthetic
NOTE-001070,FAC-001,LINE-07,ORD-07-017,2025-06-29,2025-06-29T12:30:00+00:00,bn,"shade variation সমস্যা বেড়েছে, রিওয়ার্কের কারণে আউটপুট কমছে।",quality,medium,False,0,test,synthetic
NOTE-001071,FAC-001,LINE-07,ORD-07-017,2025-06-30,2025-06-30T12:30:00+00:00,mixed,Production plan অনুযায়ী চলছে।,none,low,False,0,test,synthetic
NOTE-001072,FAC-001,LINE-08,ORD-08-001,2025-01-04,2025-01-04T12:30:00+00:00,bn,"স্টাইল চেঞ্জওভার দেরিতে শেষ হয়েছে, প্রথম ভাগের উৎপাদন কম।",method,medium,False,0,train,synthetic
NOTE-001073,FAC-001,LINE-08,ORD-08-001,2025-01-05,2025-01-05T12:30:00+00:00,mixed,Production plan অনুযায়ী চলছে।,none,low,False,0,train,synthetic
NOTE-001074,FAC-001,LINE-08,ORD-08-001,2025-01-06,2025-01-06T12:30:00+00:00,bn,"লাইন স্বাভাবিকভাবে চলছে, বড় কোনো সমস্যা নেই।",none,low,False,0,train,synthetic
NOTE-001075,FAC-001,LINE-08,ORD-08-001,2025-01-07,2025-01-07T12:30:00+00:00,bn,"লাইন স্বাভাবিকভাবে চলছে, বড় কোনো সমস্যা নেই।",none,low,False,0,train,synthetic
NOTE-001076,FAC-001,LINE-08,ORD-08-001,2025-01-08,2025-01-08T12:30:00+00:00,bn,উৎপাদন পরিকল্পনা অনুযায়ী চলছে।,none,low,False,0,train,synthetic
NOTE-001077,FAC-001,LINE-08,ORD-08-002,2025-01-09,2025-01-09T12:30:00+00:00,bn,"uneven stitch সমস্যা বেড়েছে, রিওয়ার্কের কারণে আউটপুট কমছে।",quality,medium,False,0,train,synthetic
NOTE-001078,FAC-001,LINE-08,ORD-08-002,2025-01-11,2025-01-11T12:30:00+00:00,en,The line is operating normally with no major issue.,none,low,False,0,train,synthetic
NOTE-001079,FAC-001,LINE-08,ORD-08-002,2025-01-12,2025-01-12T12:30:00+00:00,bn,"প্রয়োজনীয় ম্যাটেরিয়াল কম আছে, উৎপাদন আংশিকভাবে বন্ধ।",material,high,True,0,train,synthetic
NOTE-001080,FAC-001,LINE-08,ORD-08-002,2025-01-13,2025-01-13T12:30:00+00:00,bn,"লাইন স্বাভাবিকভাবে চলছে, বড় কোনো সমস্যা নেই।",none,low,False,0,train,synthetic
NOTE-001081,FAC-001,LINE-08,ORD-08-002,2025-01-14,2025-01-14T12:30:00+00:00,mixed,"Line স্বাভাবিক চলছে, major issue নেই।",none,low,False,0,train,synthetic
NOTE-001082,FAC-001,LINE-08,ORD-08-002,2025-01-15,2025-01-15T12:30:00+00:00,bn,"লাইন স্বাভাবিকভাবে চলছে, বড় কোনো সমস্যা নেই।",none,low,False,0,train,synthetic
NOTE-001083,FAC-001,LINE-08,ORD-08-002,2025-01-16,2025-01-16T12:30:00+00:00,bn,"লাইনে overlock মেশিনে সমস্যা হয়েছে, 38 মিনিট আউটপুট বন্ধ ছিল।",machine,medium,False,38,train,synthetic
NOTE-001084,FAC-001,LINE-08,ORD-08-002,2025-01-18,2025-01-18T12:30:00+00:00,bn,উৎপাদন পরিকল্পনা অনুযায়ী চলছে।,none,low,False,0,train,synthetic
NOTE-001085,FAC-001,LINE-08,ORD-08-002,2025-01-19,2025-01-19T12:30:00+00:00,mixed,"Line স্বাভাবিক চলছে, major issue নেই।",none,low,False,0,train,synthetic
NOTE-001086,FAC-001,LINE-08,ORD-08-003,2025-01-20,2025-01-20T12:30:00+00:00,mixed,"Style changeover late হয়েছে, morning output কম।",method,medium,False,0,train,synthetic
NOTE-001087,FAC-001,LINE-08,ORD-08-003,2025-01-21,2025-01-21T12:30:00+00:00,bn,উৎপাদন পরিকল্পনা অনুযায়ী চলছে।,none,low,False,0,train,synthetic
NOTE-001088,FAC-001,LINE-08,ORD-08-003,2025-01-22,2025-01-22T12:30:00+00:00,en,The line is operating normally with no major issue.,none,low,False,0,train,synthetic
NOTE-001089,FAC-001,LINE-08,ORD-08-003,2025-01-23,2025-01-23T12:30:00+00:00,bn,উৎপাদন পরিকল্পনা অনুযায়ী চলছে।,none,low,False,0,train,synthetic
NOTE-001090,FAC-001,LINE-08,ORD-08-003,2025-01-25,2025-01-25T12:30:00+00:00,bn,দক্ষ অপারেটর কম থাকায় কয়েকটি অপারেশন আটকে আছে।,manpower,medium,False,0,train,synthetic
NOTE-001091,FAC-001,LINE-08,ORD-08-003,2025-01-26,2025-01-26T12:30:00+00:00,bn,"লাইন স্বাভাবিকভাবে চলছে, বড় কোনো সমস্যা নেই।",none,low,False,0,train,synthetic
NOTE-001092,FAC-001,LINE-08,ORD-08-003,2025-01-27,2025-01-27T12:30:00+00:00,mixed,"puckering defect বেড়েছে, rework-এর কারণে output কম।",quality,medium,False,0,train,synthetic
NOTE-001093,FAC-001,LINE-08,ORD-08-003,2025-01-28,2025-01-28T12:30:00+00:00,mixed,"Line স্বাভাবিক চলছে, major issue নেই।",none,low,False,0,train,synthetic
NOTE-001094,FAC-001,LINE-08,ORD-08-004,2025-01-29,2025-01-29T12:30:00+00:00,bn,"স্টাইল চেঞ্জওভার দেরিতে শেষ হয়েছে, প্রথম ভাগের উৎপাদন কম।",method,medium,False,0,train,synthetic
NOTE-001095,FAC-001,LINE-08,ORD-08-004,2025-01-30,2025-01-30T12:30:00+00:00,mixed,Production plan অনুযায়ী চলছে।,none,low,False,0,train,synthetic
NOTE-001096,FAC-001,LINE-08,ORD-08-004,2025-02-01,2025-02-01T12:30:00+00:00,mixed,"Required trims সময়মতো আসেনি, line output কমেছে।",material,high,True,0,train,synthetic
NOTE-001097,FAC-001,LINE-08,ORD-08-004,2025-02-02,2025-02-02T12:30:00+00:00,bn,"লাইন স্বাভাবিকভাবে চলছে, বড় কোনো সমস্যা নেই।",none,low,False,0,train,synthetic
NOTE-001098,FAC-001,LINE-08,ORD-08-004,2025-02-03,2025-02-03T12:30:00+00:00,bn,উৎপাদন পরিকল্পনা অনুযায়ী চলছে।,none,low,False,0,train,synthetic
NOTE-001099,FAC-001,LINE-08,ORD-08-004,2025-02-04,2025-02-04T12:30:00+00:00,mixed,Production plan অনুযায়ী চলছে।,none,low,False,0,train,synthetic
NOTE-001100,FAC-001,LINE-08,ORD-08-004,2025-02-05,2025-02-05T12:30:00+00:00,bn,"লাইনে single needle মেশিনে সমস্যা হয়েছে, 60 মিনিট আউটপুট বন্ধ ছিল।",machine,high,True,60,train,synthetic
NOTE-001101,FAC-001,LINE-08,ORD-08-004,2025-02-06,2025-02-06T12:30:00+00:00,bn,দক্ষ অপারেটর কম থাকায় কয়েকটি অপারেশন আটকে আছে।,manpower,medium,False,0,train,synthetic
NOTE-001102,FAC-001,LINE-08,ORD-08-004,2025-02-08,2025-02-08T12:30:00+00:00,mixed,Production plan অনুযায়ী চলছে।,none,low,False,0,train,synthetic
NOTE-001103,FAC-001,LINE-08,ORD-08-005,2025-02-09,2025-02-09T12:30:00+00:00,mixed,"Inline QC-তে defect rate বেশি, correction চলছে।",quality,medium,False,0,train,synthetic
NOTE-001104,FAC-001,LINE-08,ORD-08-005,2025-02-10,2025-02-10T12:30:00+00:00,en,Production is progressing according to plan.,none,low,False,0,train,synthetic
NOTE-001105,FAC-001,LINE-08,ORD-08-005,2025-02-11,2025-02-11T12:30:00+00:00,en,Inline inspection found a higher defect rate; correction is in progress.,quality,medium,False,0,train,synthetic
NOTE-001106,FAC-001,LINE-08,ORD-08-005,2025-02-12,2025-02-12T12:30:00+00:00,en,The button attach machine was down for 35 minutes; maintenance is checking it.,machine,medium,False,35,train,synthetic
NOTE-001107,FAC-001,LINE-08,ORD-08-005,2025-02-13,2025-02-13T12:30:00+00:00,bn,উৎপাদন পরিকল্পনা অনুযায়ী চলছে।,none,low,False,0,train,synthetic
NOTE-001108,FAC-001,LINE-08,ORD-08-005,2025-02-15,2025-02-15T12:30:00+00:00,en,The line is operating normally with no major issue.,none,low,False,0,train,synthetic
NOTE-001109,FAC-001,LINE-08,ORD-08-005,2025-02-16,2025-02-16T12:30:00+00:00,en,oil mark defects increased and rework is reducing output.,quality,medium,False,0,train,synthetic
NOTE-001110,FAC-001,LINE-08,ORD-08-005,2025-02-17,2025-02-17T12:30:00+00:00,bn,"কোয়ালিটি চেকে বেশি ত্রুটি পাওয়া গেছে, ইনলাইন সংশোধন চলছে।",quality,medium,False,0,train,synthetic
NOTE-001111,FAC-001,LINE-08,ORD-08-005,2025-02-18,2025-02-18T12:30:00+00:00,en,4 operators are absent today and output is below plan.,manpower,medium,False,0,train,synthetic
NOTE-001112,FAC-001,LINE-08,ORD-08-006,2025-02-19,2025-02-19T12:30:00+00:00,mixed,Available manpower-এর তুলনায় line target বেশি set করা হয়েছে।,planning,medium,False,0,train,synthetic
NOTE-001113,FAC-001,LINE-08,ORD-08-006,2025-02-20,2025-02-20T12:30:00+00:00,en,The line is operating normally with no major issue.,none,low,False,0,train,synthetic
NOTE-001114,FAC-001,LINE-08,ORD-08-006,2025-02-22,2025-02-22T12:30:00+00:00,mixed,Production plan অনুযায়ী চলছে।,none,low,False,0,train,synthetic
NOTE-001115,FAC-001,LINE-08,ORD-08-006,2025-02-23,2025-02-23T12:30:00+00:00,bn,উৎপাদন পরিকল্পনা অনুযায়ী চলছে।,none,low,False,0,train,synthetic
NOTE-001116,FAC-001,LINE-08,ORD-08-006,2025-02-24,2025-02-24T12:30:00+00:00,bn,"লাইন স্বাভাবিকভাবে চলছে, বড় কোনো সমস্যা নেই।",none,low,False,0,train,synthetic
NOTE-001117,FAC-001,LINE-08,ORD-08-006,2025-02-25,2025-02-25T12:30:00+00:00,bn,উৎপাদন পরিকল্পনা অনুযায়ী চলছে।,none,low,False,0,train,synthetic
NOTE-001118,FAC-001,LINE-08,ORD-08-006,2025-02-26,2025-02-26T12:30:00+00:00,en,The line is operating normally with no major issue.,none,low,False,0,train,synthetic
NOTE-001119,FAC-001,LINE-08,ORD-08-006,2025-02-27,2025-02-27T12:30:00+00:00,bn,"লাইন স্বাভাবিকভাবে চলছে, বড় কোনো সমস্যা নেই।",none,low,False,0,train,synthetic
NOTE-001120,FAC-001,LINE-08,ORD-08-006,2025-03-01,2025-03-01T12:30:00+00:00,en,Several operations are constrained because skilled operators are unavailable.,manpower,medium,False,0,train,synthetic
NOTE-001121,FAC-001,LINE-08,ORD-08-006,2025-03-02,2025-03-02T12:30:00+00:00,mixed,Production plan অনুযায়ী চলছে।,none,low,False,0,train,synthetic
NOTE-001122,FAC-001,LINE-08,ORD-08-006,2025-03-03,2025-03-03T12:30:00+00:00,bn,"লাইন স্বাভাবিকভাবে চলছে, বড় কোনো সমস্যা নেই।",none,low,False,0,train,synthetic
NOTE-001123,FAC-001,LINE-08,ORD-08-007,2025-03-04,2025-03-04T12:30:00+00:00,bn,"স্টাইল চেঞ্জওভার দেরিতে শেষ হয়েছে, প্রথম ভাগের উৎপাদন কম।",method,medium,False,0,train,synthetic
NOTE-001124,FAC-001,LINE-08,ORD-08-007,2025-03-05,2025-03-05T12:30:00+00:00,mixed,"Line স্বাভাবিক চলছে, major issue নেই।",none,low,False,0,train,synthetic
NOTE-001125,FAC-001,LINE-08,ORD-08-007,2025-03-06,2025-03-06T12:30:00+00:00,bn,উৎপাদন পরিকল্পনা অনুযায়ী চলছে।,none,low,False,0,train,synthetic
NOTE-001126,FAC-001,LINE-08,ORD-08-007,2025-03-08,2025-03-08T12:30:00+00:00,mixed,Production plan অনুযায়ী চলছে।,none,low,False,0,train,synthetic
NOTE-001127,FAC-001,LINE-08,ORD-08-007,2025-03-09,2025-03-09T12:30:00+00:00,en,The line is operating normally with no major issue.,none,low,False,0,train,synthetic
NOTE-001128,FAC-001,LINE-08,ORD-08-007,2025-03-10,2025-03-10T12:30:00+00:00,bn,উৎপাদন পরিকল্পনা অনুযায়ী চলছে।,none,low,False,0,train,synthetic
NOTE-001129,FAC-001,LINE-08,ORD-08-008,2025-03-11,2025-03-11T12:30:00+00:00,mixed,Available manpower-এর তুলনায় line target বেশি set করা হয়েছে।,planning,medium,False,0,train,synthetic
NOTE-001130,FAC-001,LINE-08,ORD-08-008,2025-03-12,2025-03-12T12:30:00+00:00,en,Production is progressing according to plan.,none,low,False,0,train,synthetic
NOTE-001131,FAC-001,LINE-08,ORD-08-008,2025-03-13,2025-03-13T12:30:00+00:00,bn,উৎপাদন পরিকল্পনা অনুযায়ী চলছে।,none,low,False,0,train,synthetic
NOTE-001132,FAC-001,LINE-08,ORD-08-008,2025-03-15,2025-03-15T12:30:00+00:00,mixed,"Line স্বাভাবিক চলছে, major issue নেই।",none,low,False,0,train,synthetic
NOTE-001133,FAC-001,LINE-08,ORD-08-008,2025-03-16,2025-03-16T12:30:00+00:00,en,The overlock machine was down for 55 minutes; maintenance is checking it.,machine,medium,True,55,train,synthetic
NOTE-001134,FAC-001,LINE-08,ORD-08-008,2025-03-17,2025-03-17T12:30:00+00:00,bn,"লাইন স্বাভাবিকভাবে চলছে, বড় কোনো সমস্যা নেই।",none,low,False,0,train,synthetic
NOTE-001135,FAC-001,LINE-08,ORD-08-008,2025-03-18,2025-03-18T12:30:00+00:00,bn,উৎপাদন পরিকল্পনা অনুযায়ী চলছে।,none,low,False,0,train,synthetic
NOTE-001136,FAC-001,LINE-08,ORD-08-008,2025-03-19,2025-03-19T12:30:00+00:00,en,Several operations are constrained because skilled operators are unavailable.,manpower,medium,False,0,train,synthetic
NOTE-001137,FAC-001,LINE-08,ORD-08-008,2025-03-20,2025-03-20T12:30:00+00:00,en,Production is progressing according to plan.,none,low,False,0,train,synthetic
NOTE-001138,FAC-001,LINE-08,ORD-08-008,2025-03-22,2025-03-22T12:30:00+00:00,mixed,Production plan অনুযায়ী চলছে।,none,low,False,0,train,synthetic
NOTE-001139,FAC-001,LINE-08,ORD-08-009,2025-03-23,2025-03-23T12:30:00+00:00,bn,"shade variation সমস্যা বেড়েছে, রিওয়ার্কের কারণে আউটপুট কমছে।",quality,medium,False,0,train,synthetic
NOTE-001140,FAC-001,LINE-08,ORD-08-009,2025-03-24,2025-03-24T12:30:00+00:00,mixed,"Line স্বাভাবিক চলছে, major issue নেই।",none,low,False,0,train,synthetic
NOTE-001141,FAC-001,LINE-08,ORD-08-009,2025-03-25,2025-03-25T12:30:00+00:00,bn,উৎপাদন পরিকল্পনা অনুযায়ী চলছে।,none,low,False,0,train,synthetic
NOTE-001142,FAC-001,LINE-08,ORD-08-009,2025-03-26,2025-03-26T12:30:00+00:00,bn,"লাইন স্বাভাবিকভাবে চলছে, বড় কোনো সমস্যা নেই।",none,low,False,0,train,synthetic
NOTE-001143,FAC-001,LINE-08,ORD-08-009,2025-03-27,2025-03-27T12:30:00+00:00,bn,"আজ 5 জন অপারেটর অনুপস্থিত, আউটপুট লক্ষ্যের নিচে।",manpower,medium,False,0,train,synthetic
NOTE-001144,FAC-001,LINE-08,ORD-08-009,2025-03-29,2025-03-29T12:30:00+00:00,bn,উৎপাদন পরিকল্পনা অনুযায়ী চলছে।,none,low,False,0,train,synthetic
NOTE-001145,FAC-001,LINE-08,ORD-08-010,2025-03-30,2025-03-30T12:30:00+00:00,bn,লাইনের লক্ষ্য বর্তমান জনবল ও স্টাইল জটিলতার তুলনায় বেশি নির্ধারণ করা হয়েছে।,planning,medium,False,0,train,synthetic
NOTE-001146,FAC-001,LINE-08,ORD-08-010,2025-03-31,2025-03-31T12:30:00+00:00,en,Production is progressing according to plan.,none,low,False,0,train,synthetic
NOTE-001147,FAC-001,LINE-08,ORD-08-010,2025-04-01,2025-04-01T12:30:00+00:00,bn,"লাইন স্বাভাবিকভাবে চলছে, বড় কোনো সমস্যা নেই।",none,low,False,0,train,synthetic
NOTE-001148,FAC-001,LINE-08,ORD-08-010,2025-04-02,2025-04-02T12:30:00+00:00,bn,"লাইন স্বাভাবিকভাবে চলছে, বড় কোনো সমস্যা নেই।",none,low,False,0,train,synthetic
NOTE-001149,FAC-001,LINE-08,ORD-08-010,2025-04-03,2025-04-03T12:30:00+00:00,en,The line is operating normally with no major issue.,none,low,False,0,train,synthetic
NOTE-001150,FAC-001,LINE-08,ORD-08-010,2025-04-05,2025-04-05T12:30:00+00:00,bn,"লাইন স্বাভাবিকভাবে চলছে, বড় কোনো সমস্যা নেই।",none,low,False,0,train,synthetic
NOTE-001151,FAC-001,LINE-08,ORD-08-010,2025-04-06,2025-04-06T12:30:00+00:00,mixed,Production plan অনুযায়ী চলছে।,none,low,False,0,train,synthetic
NOTE-001152,FAC-001,LINE-08,ORD-08-010,2025-04-07,2025-04-07T12:30:00+00:00,mixed,Production plan অনুযায়ী চলছে।,none,low,False,0,train,synthetic
NOTE-001153,FAC-001,LINE-08,ORD-08-010,2025-04-08,2025-04-08T12:30:00+00:00,en,oil mark defects increased and rework is reducing output.,quality,medium,False,0,train,synthetic
NOTE-001154,FAC-001,LINE-08,ORD-08-010,2025-04-09,2025-04-09T12:30:00+00:00,mixed,Production plan অনুযায়ী চলছে।,none,low,False,0,train,synthetic
NOTE-001155,FAC-001,LINE-08,ORD-08-011,2025-04-10,2025-04-10T12:30:00+00:00,mixed,"Inline QC-তে defect rate বেশি, correction চলছে।",quality,medium,False,0,train,synthetic
NOTE-001156,FAC-001,LINE-08,ORD-08-011,2025-04-12,2025-04-12T12:30:00+00:00,mixed,"puckering defect বেড়েছে, rework-এর কারণে output কম।",quality,medium,False,0,train,synthetic
NOTE-001157,FAC-001,LINE-08,ORD-08-011,2025-04-13,2025-04-13T12:30:00+00:00,bn,"oil mark সমস্যা বেড়েছে, রিওয়ার্কের কারণে আউটপুট কমছে।",quality,medium,False,0,train,synthetic
NOTE-001158,FAC-001,LINE-08,ORD-08-011,2025-04-14,2025-04-14T12:30:00+00:00,en,oil mark defects increased and rework is reducing output.,quality,medium,False,0,train,synthetic
NOTE-001159,FAC-001,LINE-08,ORD-08-011,2025-04-15,2025-04-15T12:30:00+00:00,mixed,"Line স্বাভাবিক চলছে, major issue নেই।",none,low,False,0,train,synthetic
NOTE-001160,FAC-001,LINE-08,ORD-08-011,2025-04-16,2025-04-16T12:30:00+00:00,en,Production is progressing according to plan.,none,low,False,0,train,synthetic
NOTE-001161,FAC-001,LINE-08,ORD-08-011,2025-04-17,2025-04-17T12:30:00+00:00,bn,"uneven stitch সমস্যা বেড়েছে, রিওয়ার্কের কারণে আউটপুট কমছে।",quality,medium,False,0,train,synthetic
NOTE-001162,FAC-001,LINE-08,ORD-08-011,2025-04-19,2025-04-19T12:30:00+00:00,bn,"লাইন স্বাভাবিকভাবে চলছে, বড় কোনো সমস্যা নেই।",none,low,False,0,train,synthetic
NOTE-001163,FAC-001,LINE-08,ORD-08-011,2025-04-20,2025-04-20T12:30:00+00:00,en,6 operators are absent today and output is below plan.,manpower,medium,False,0,train,synthetic
NOTE-001164,FAC-001,LINE-08,ORD-08-011,2025-04-21,2025-04-21T12:30:00+00:00,en,The line is operating normally with no major issue.,none,low,False,0,train,synthetic
NOTE-001165,FAC-001,LINE-08,ORD-08-012,2025-04-22,2025-04-22T12:30:00+00:00,mixed,"Line স্বাভাবিক চলছে, major issue নেই।",none,low,False,0,train,synthetic
NOTE-001166,FAC-001,LINE-08,ORD-08-012,2025-04-23,2025-04-23T12:30:00+00:00,en,Production is progressing according to plan.,none,low,False,0,train,synthetic
NOTE-001167,FAC-001,LINE-08,ORD-08-012,2025-04-24,2025-04-24T12:30:00+00:00,en,The line is operating normally with no major issue.,none,low,False,0,train,synthetic
NOTE-001168,FAC-001,LINE-08,ORD-08-012,2025-04-26,2025-04-26T12:30:00+00:00,bn,"লাইনে bartack মেশিনে সমস্যা হয়েছে, 55 মিনিট আউটপুট বন্ধ ছিল।",machine,medium,True,55,train,synthetic
NOTE-001169,FAC-001,LINE-08,ORD-08-012,2025-04-27,2025-04-27T12:30:00+00:00,bn,উৎপাদন পরিকল্পনা অনুযায়ী চলছে।,none,low,False,0,train,synthetic
NOTE-001170,FAC-001,LINE-08,ORD-08-012,2025-04-28,2025-04-28T12:30:00+00:00,bn,"লাইন স্বাভাবিকভাবে চলছে, বড় কোনো সমস্যা নেই।",none,low,False,0,train,synthetic
NOTE-001171,FAC-001,LINE-08,ORD-08-013,2025-04-29,2025-04-29T12:30:00+00:00,mixed,"flatlock machine 55 মিনিট বন্ধ ছিল, mechanic check করছে।",machine,medium,True,55,train,synthetic
NOTE-001172,FAC-001,LINE-08,ORD-08-013,2025-04-30,2025-04-30T12:30:00+00:00,bn,"bartack মেশিন 66 মিনিট বন্ধ ছিল, মেকানিক কাজ করছে।",machine,high,True,66,train,synthetic
NOTE-001173,FAC-001,LINE-08,ORD-08-013,2025-05-01,2025-05-01T12:30:00+00:00,bn,"লাইন স্বাভাবিকভাবে চলছে, বড় কোনো সমস্যা নেই।",none,low,False,0,validation,synthetic
NOTE-001174,FAC-001,LINE-08,ORD-08-013,2025-05-03,2025-05-03T12:30:00+00:00,en,Production is progressing according to plan.,none,low,False,0,validation,synthetic
NOTE-001175,FAC-001,LINE-08,ORD-08-013,2025-05-04,2025-05-04T12:30:00+00:00,bn,"oil mark সমস্যা বেড়েছে, রিওয়ার্কের কারণে আউটপুট কমছে।",quality,medium,False,0,validation,synthetic
NOTE-001176,FAC-001,LINE-08,ORD-08-013,2025-05-05,2025-05-05T12:30:00+00:00,bn,"কোয়ালিটি চেকে বেশি ত্রুটি পাওয়া গেছে, ইনলাইন সংশোধন চলছে।",quality,medium,False,0,validation,synthetic
NOTE-001177,FAC-001,LINE-08,ORD-08-013,2025-05-06,2025-05-06T12:30:00+00:00,bn,"লাইন স্বাভাবিকভাবে চলছে, বড় কোনো সমস্যা নেই।",none,low,False,0,validation,synthetic
NOTE-001178,FAC-001,LINE-08,ORD-08-013,2025-05-07,2025-05-07T12:30:00+00:00,en,Production is progressing according to plan.,none,low,False,0,validation,synthetic
NOTE-001179,FAC-001,LINE-08,ORD-08-013,2025-05-08,2025-05-08T12:30:00+00:00,bn,উৎপাদন পরিকল্পনা অনুযায়ী চলছে।,none,low,False,0,validation,synthetic
NOTE-001180,FAC-001,LINE-08,ORD-08-014,2025-05-10,2025-05-10T12:30:00+00:00,en,The line target is high relative to available operators and style complexity.,planning,medium,False,0,validation,synthetic
NOTE-001181,FAC-001,LINE-08,ORD-08-014,2025-05-11,2025-05-11T12:30:00+00:00,en,Inline inspection found a higher defect rate; correction is in progress.,quality,medium,False,0,validation,synthetic
NOTE-001182,FAC-001,LINE-08,ORD-08-014,2025-05-12,2025-05-12T12:30:00+00:00,mixed,"Line স্বাভাবিক চলছে, major issue নেই।",none,low,False,0,validation,synthetic
NOTE-001183,FAC-001,LINE-08,ORD-08-014,2025-05-13,2025-05-13T12:30:00+00:00,en,Inline inspection found a higher defect rate; correction is in progress.,quality,medium,False,0,validation,synthetic
NOTE-001184,FAC-001,LINE-08,ORD-08-014,2025-05-14,2025-05-14T12:30:00+00:00,mixed,"oil mark defect বেড়েছে, rework-এর কারণে output কম।",quality,medium,False,0,validation,synthetic
NOTE-001185,FAC-001,LINE-08,ORD-08-014,2025-05-15,2025-05-15T12:30:00+00:00,bn,"কোয়ালিটি চেকে বেশি ত্রুটি পাওয়া গেছে, ইনলাইন সংশোধন চলছে।",quality,medium,False,0,validation,synthetic
NOTE-001186,FAC-001,LINE-08,ORD-08-014,2025-05-17,2025-05-17T12:30:00+00:00,en,The line is operating normally with no major issue.,none,low,False,0,validation,synthetic
NOTE-001187,FAC-001,LINE-08,ORD-08-014,2025-05-18,2025-05-18T12:30:00+00:00,bn,উৎপাদন পরিকল্পনা অনুযায়ী চলছে।,none,low,False,0,validation,synthetic
NOTE-001188,FAC-001,LINE-08,ORD-08-015,2025-05-19,2025-05-19T12:30:00+00:00,bn,"নতুন স্টাইলের অপারেশন ব্যালেন্স ঠিক হয়নি, বোতলনেক তৈরি হয়েছে।",method,medium,False,0,validation,synthetic
NOTE-001189,FAC-001,LINE-08,ORD-08-015,2025-05-20,2025-05-20T12:30:00+00:00,bn,"লাইনে single needle মেশিনে সমস্যা হয়েছে, 55 মিনিট আউটপুট বন্ধ ছিল।",machine,medium,True,55,validation,synthetic
NOTE-001190,FAC-001,LINE-08,ORD-08-015,2025-05-21,2025-05-21T12:30:00+00:00,bn,"লাইনে iron মেশিনে সমস্যা হয়েছে, 43 মিনিট আউটপুট বন্ধ ছিল।",machine,medium,False,43,validation,synthetic
NOTE-001191,FAC-001,LINE-08,ORD-08-015,2025-05-22,2025-05-22T12:30:00+00:00,bn,"লাইন স্বাভাবিকভাবে চলছে, বড় কোনো সমস্যা নেই।",none,low,False,0,validation,synthetic
NOTE-001192,FAC-001,LINE-08,ORD-08-015,2025-05-24,2025-05-24T12:30:00+00:00,bn,"single needle মেশিন 59 মিনিট বন্ধ ছিল, মেকানিক কাজ করছে।",machine,high,True,59,validation,synthetic
NOTE-001193,FAC-001,LINE-08,ORD-08-015,2025-05-25,2025-05-25T12:30:00+00:00,mixed,"open seam defect বেড়েছে, rework-এর কারণে output কম।",quality,medium,False,0,validation,synthetic
NOTE-001194,FAC-001,LINE-08,ORD-08-015,2025-05-26,2025-05-26T12:30:00+00:00,mixed,Production plan অনুযায়ী চলছে।,none,low,False,0,validation,synthetic
NOTE-001195,FAC-001,LINE-08,ORD-08-015,2025-05-27,2025-05-27T12:30:00+00:00,en,Several operations are constrained because skilled operators are unavailable.,manpower,medium,False,0,validation,synthetic
NOTE-001196,FAC-001,LINE-08,ORD-08-015,2025-05-28,2025-05-28T12:30:00+00:00,en,The line is operating normally with no major issue.,none,low,False,0,validation,synthetic
NOTE-001197,FAC-001,LINE-08,ORD-08-016,2025-05-29,2025-05-29T12:30:00+00:00,bn,"আজ 5 জন অপারেটর অনুপস্থিত, আউটপুট লক্ষ্যের নিচে।",manpower,medium,False,0,validation,synthetic
NOTE-001198,FAC-001,LINE-08,ORD-08-016,2025-05-31,2025-05-31T12:30:00+00:00,bn,উৎপাদন পরিকল্পনা অনুযায়ী চলছে।,none,low,False,0,validation,synthetic
NOTE-001199,FAC-001,LINE-08,ORD-08-016,2025-06-01,2025-06-01T12:30:00+00:00,en,The line is operating normally with no major issue.,none,low,False,0,test,synthetic
NOTE-001200,FAC-001,LINE-08,ORD-08-016,2025-06-02,2025-06-02T12:30:00+00:00,bn,"লাইন স্বাভাবিকভাবে চলছে, বড় কোনো সমস্যা নেই।",none,low,False,0,test,synthetic
NOTE-001201,FAC-001,LINE-08,ORD-08-016,2025-06-03,2025-06-03T12:30:00+00:00,en,The line is operating normally with no major issue.,none,low,False,0,test,synthetic
NOTE-001202,FAC-001,LINE-08,ORD-08-016,2025-06-04,2025-06-04T12:30:00+00:00,bn,"লাইন স্বাভাবিকভাবে চলছে, বড় কোনো সমস্যা নেই।",none,low,False,0,test,synthetic
NOTE-001203,FAC-001,LINE-08,ORD-08-016,2025-06-05,2025-06-05T12:30:00+00:00,mixed,Line output কমেছে because flatlock machine had 46 minutes downtime.,machine,medium,True,46,test,synthetic
NOTE-001204,FAC-001,LINE-08,ORD-08-016,2025-06-07,2025-06-07T12:30:00+00:00,bn,উৎপাদন পরিকল্পনা অনুযায়ী চলছে।,none,low,False,0,test,synthetic
NOTE-001205,FAC-001,LINE-08,ORD-08-016,2025-06-08,2025-06-08T12:30:00+00:00,en,Several operations are constrained because skilled operators are unavailable.,manpower,medium,False,0,test,synthetic
NOTE-001206,FAC-001,LINE-08,ORD-08-016,2025-06-09,2025-06-09T12:30:00+00:00,en,Inline inspection found a higher defect rate; correction is in progress.,quality,medium,False,0,test,synthetic
NOTE-001207,FAC-001,LINE-08,ORD-08-016,2025-06-10,2025-06-10T12:30:00+00:00,bn,"কোয়ালিটি চেকে বেশি ত্রুটি পাওয়া গেছে, ইনলাইন সংশোধন চলছে।",quality,medium,False,0,test,synthetic
NOTE-001208,FAC-001,LINE-08,ORD-08-016,2025-06-11,2025-06-11T12:30:00+00:00,en,"Required trims did not arrive on time, so the line is running slowly.",material,high,True,0,test,synthetic
NOTE-001209,FAC-001,LINE-08,ORD-08-016,2025-06-12,2025-06-12T12:30:00+00:00,bn,"লাইন স্বাভাবিকভাবে চলছে, বড় কোনো সমস্যা নেই।",none,low,False,0,test,synthetic
NOTE-001210,FAC-001,LINE-08,ORD-08-017,2025-06-14,2025-06-14T12:30:00+00:00,bn,"স্টাইল চেঞ্জওভার দেরিতে শেষ হয়েছে, প্রথম ভাগের উৎপাদন কম।",method,medium,False,0,test,synthetic
NOTE-001211,FAC-001,LINE-08,ORD-08-017,2025-06-15,2025-06-15T12:30:00+00:00,mixed,Production plan অনুযায়ী চলছে।,none,low,False,0,test,synthetic
NOTE-001212,FAC-001,LINE-08,ORD-08-017,2025-06-16,2025-06-16T12:30:00+00:00,en,The line is operating normally with no major issue.,none,low,False,0,test,synthetic
NOTE-001213,FAC-001,LINE-08,ORD-08-017,2025-06-17,2025-06-17T12:30:00+00:00,bn,"লাইন স্বাভাবিকভাবে চলছে, বড় কোনো সমস্যা নেই।",none,low,False,0,test,synthetic
NOTE-001214,FAC-001,LINE-08,ORD-08-017,2025-06-18,2025-06-18T12:30:00+00:00,en,Production is progressing according to plan.,none,low,False,0,test,synthetic
NOTE-001215,FAC-001,LINE-08,ORD-08-017,2025-06-19,2025-06-19T12:30:00+00:00,bn,উৎপাদন পরিকল্পনা অনুযায়ী চলছে।,none,low,False,0,test,synthetic
NOTE-001216,FAC-001,LINE-08,ORD-08-017,2025-06-21,2025-06-21T12:30:00+00:00,bn,"cutting machine মেশিন 44 মিনিট বন্ধ ছিল, মেকানিক কাজ করছে।",machine,medium,False,44,test,synthetic
NOTE-001217,FAC-001,LINE-08,ORD-08-017,2025-06-22,2025-06-22T12:30:00+00:00,mixed,Production plan অনুযায়ী চলছে।,none,low,False,0,test,synthetic
NOTE-001218,FAC-001,LINE-08,ORD-08-018,2025-06-23,2025-06-23T12:30:00+00:00,bn,লাইনের লক্ষ্য বর্তমান জনবল ও স্টাইল জটিলতার তুলনায় বেশি নির্ধারণ করা হয়েছে।,planning,medium,False,0,test,synthetic
NOTE-001219,FAC-001,LINE-08,ORD-08-018,2025-06-24,2025-06-24T12:30:00+00:00,mixed,"Inline QC-তে defect rate বেশি, correction চলছে।",quality,medium,False,0,test,synthetic
NOTE-001220,FAC-001,LINE-08,ORD-08-018,2025-06-25,2025-06-25T12:30:00+00:00,mixed,"Line স্বাভাবিক চলছে, major issue নেই।",none,low,False,0,test,synthetic
NOTE-001221,FAC-001,LINE-08,ORD-08-018,2025-06-26,2025-06-26T12:30:00+00:00,en,The line is operating normally with no major issue.,none,low,False,0,test,synthetic
NOTE-001222,FAC-001,LINE-08,ORD-08-018,2025-06-28,2025-06-28T12:30:00+00:00,bn,"কোয়ালিটি চেকে বেশি ত্রুটি পাওয়া গেছে, ইনলাইন সংশোধন চলছে।",quality,medium,False,0,test,synthetic
NOTE-001223,FAC-001,LINE-08,ORD-08-018,2025-06-29,2025-06-29T12:30:00+00:00,bn,উৎপাদন পরিকল্পনা অনুযায়ী চলছে।,none,low,False,0,test,synthetic
NOTE-001224,FAC-001,LINE-08,ORD-08-018,2025-06-30,2025-06-30T12:30:00+00:00,en,"Required trims did not arrive on time, so the line is running slowly.",material,high,True,0,test,synthetic
